enode,busnum,lat,lon,zone
N1,1,32.3359,-100.9156,1
N2,2,33.7522,-100.9674,1
N3,3,33.8251,-101.0997,1
N4,4,29.9418,-95.5306,1
N5,5,30.5924,-95.9178,1
N6,6,29.9418,-95.5306,1
N7,7,31.3603,-99.5514,1
N8,8,26.3489,-97.6668,1
N9,9,29.8222,-95.2194,1
N10,10,32.4694,-100.6664,1
N11,11,32.1982,-100.2686,1
N12,12,31.0855,-100.6788,1
N13,13,32.9698,-100.5242,1
N14,14,27.5667,-99.5089,1
N15,15,33.9153,-99.7403,1
N16,16,31.5839,-102.9633,1
N17,17,32.1246,-96.1013,1
N18,18,33.4982,-96.3789,1
N19,19,29.7189,-95.2319,1
N20,20,31.255,-102.272,1
N21,21,31.8414,-102.315,1
N22,22,32.3182,-100.177,1
N23,23,31.8908,-96.1131,1
N24,24,30.2934,-97.7844,1
N25,25,33.7039,-97.372,1
N26,26,32.4601,-102.6728,1
N27,27,33.646,-99.5329,1
N28,28,33.4982,-96.3789,1
N29,29,33.7039,-97.372,1
N30,30,32.1246,-96.1013,1
N31,31,28.1093,-97.7505,1
N32,32,26.4656,-98.4111,1
N33,33,30.9514,-102.4141,1
N34,34,32.5145,-99.6564,1
N35,35,32.1982,-100.2686,1
N36,36,32.1408,-101.3986,1
N37,37,32.2732,-101.4224,1
N38,38,31.0486,-100.6231,1
N39,39,31.7433,-101.4934,1
N40,40,31.3603,-99.5514,1
N41,41,26.5223,-97.6911,1
N42,42,26.4512,-98.1775,1
N43,43,26.4754,-97.6911,1
N44,44,31.8414,-102.315,1
N45,45,32.2353,-101.8367,1
N46,46,29.4829,-95.6311,1
N47,47,29.7029,-95.0718,1
N48,48,29.6226,-95.0458,1
N49,49,31.4745,-96.9571,1
N50,50,26.6491,-99.0387,1
N51,51,32.4601,-102.6728,1
N52,52,31.995,-102.8283,1
N53,53,33.6968,-95.5577,1
N54,54,33.1509,-101.6792,1
N55,55,32.9264,-101.6478,1
N56,56,31.952,-100.7914,1
N57,57,27.9959,-97.2967,1
N58,58,33.6968,-95.5577,1
N59,59,33.1662,-96.1726,1
N60,60,33.1612,-96.2397,1
N61,61,28.1093,-97.7505,1
N62,62,28.1093,-97.7505,1
N64,64,28.7128,-97.2142,1
N65,65,30.9514,-102.4141,1
N66,66,33.1662,-96.1726,1
N67,67,29.2559,-95.2103,1
N68,68,30.96,-103.35,1
N69,69,30.9602,-103.3067,1
N70,70,31.9362,-101.2983,1
N71,71,31.9925,-101.1167,1
N72,72,31.1125,-100.0281,1
N73,73,31.952,-101.0189,1
N74,74,31.8403,-102.3264,1
N75,75,26.126,-97.3776,1
N76,76,25.9131,-97.5214,1
N77,77,32.7181,-100.7933,1
N78,78,32.7283,-97.2192,1
N79,79,26.3806,-98.8183,1
N80,80,32.4302,-97.0537,1
N81,81,32.32,-96.675,1
N82,82,31.8908,-96.1131,1
N83,83,28.795,-96.0481,1
N84,84,32.7563,-96.4916,1
N85,85,33.3454,-99.6243,1
N86,86,29.4924,-94.9848,1
N87,87,33.6308,-95.59,1
N88,88,33.6308,-95.59,1
N89,89,33.1708,-96.1264,1
N90,90,32.3359,-100.9156,1
N91,91,32.3359,-100.9156,1
N92,92,32.3359,-100.9156,1
N93,93,33.7522,-100.9674,1
N94,94,33.7522,-100.9674,1
N95,95,33.7522,-100.9674,1
N96,96,33.7522,-100.9674,1
N97,97,33.7522,-100.9674,1
N98,98,33.8251,-101.0997,1
N99,99,33.8251,-101.0997,1
N100,100,33.8251,-101.0997,1
N101,101,33.8251,-101.0997,1
N102,102,33.8251,-101.0997,1
N103,103,29.9418,-95.5306,1
N104,104,29.9418,-95.5306,1
N105,105,29.9418,-95.5306,1
N106,106,30.5924,-95.9178,1
N107,107,30.5924,-95.9178,1
N108,108,30.5924,-95.9178,1
N109,109,29.9418,-95.5306,1
N110,110,29.9418,-95.5306,1
N111,111,29.9418,-95.5306,1
N112,112,31.3603,-99.5514,1
N113,113,31.3603,-99.5514,1
N114,114,31.3603,-99.5514,1
N115,115,31.3603,-99.5514,1
N116,116,31.3603,-99.5514,1
N117,117,26.3489,-97.6668,1
N118,118,26.3489,-97.6668,1
N119,119,26.3489,-97.6668,1
N120,120,26.3489,-97.6668,1
N121,121,26.3489,-97.6668,1
N122,122,29.8222,-95.2194,1
N123,123,29.8222,-95.2194,1
N124,124,29.8222,-95.2194,1
N125,125,32.4694,-100.6664,1
N126,126,32.4694,-100.6664,1
N127,127,32.4694,-100.6664,1
N128,128,32.1982,-100.2686,1
N129,129,32.1982,-100.2686,1
N130,130,32.1982,-100.2686,1
N131,131,31.0855,-100.6788,1
N132,132,31.0855,-100.6788,1
N133,133,31.0855,-100.6788,1
N134,134,32.9698,-100.5242,1
N135,135,32.9698,-100.5242,1
N136,136,32.9698,-100.5242,1
N137,137,32.9698,-100.5242,1
N138,138,32.9698,-100.5242,1
N139,139,27.5667,-99.5089,1
N140,140,27.5667,-99.5089,1
N141,141,27.5667,-99.5089,1
N142,142,27.5667,-99.5089,1
N143,143,27.5667,-99.5089,1
N144,144,33.9153,-99.7403,1
N145,145,33.9153,-99.7403,1
N146,146,33.9153,-99.7403,1
N147,147,33.9153,-99.7403,1
N148,148,33.9153,-99.7403,1
N149,149,31.5839,-102.9633,1
N150,150,31.5839,-102.9633,1
N151,151,31.5839,-102.9633,1
N152,152,32.1246,-96.1013,1
N153,153,32.1246,-96.1013,1
N154,154,32.1246,-96.1013,1
N155,155,33.4982,-96.3789,1
N156,156,33.4982,-96.3789,1
N157,157,33.4982,-96.3789,1
N158,158,29.7189,-95.2319,1
N159,159,29.7189,-95.2319,1
N160,160,29.7189,-95.2319,1
N161,161,31.255,-102.272,1
N162,162,31.255,-102.272,1
N163,163,31.255,-102.272,1
N164,164,31.8414,-102.315,1
N165,165,31.8414,-102.315,1
N166,166,31.8414,-102.315,1
N167,167,31.8414,-102.315,1
N168,168,31.8414,-102.315,1
N169,169,32.3182,-100.177,1
N170,170,32.3182,-100.177,1
N171,171,32.3182,-100.177,1
N172,172,32.3182,-100.177,1
N173,173,32.3182,-100.177,1
N174,174,31.8908,-96.1131,1
N175,175,31.8908,-96.1131,1
N176,176,31.8908,-96.1131,1
N177,177,30.2934,-97.7844,1
N178,178,30.2934,-97.7844,1
N179,179,30.2934,-97.7844,1
N180,180,33.7039,-97.372,1
N181,181,33.7039,-97.372,1
N182,182,33.7039,-97.372,1
N183,183,33.7039,-97.372,1
N184,184,33.7039,-97.372,1
N185,185,32.4601,-102.6728,1
N186,186,32.4601,-102.6728,1
N187,187,32.4601,-102.6728,1
N188,188,33.646,-99.5329,1
N189,189,33.646,-99.5329,1
N190,190,33.646,-99.5329,1
N191,191,33.646,-99.5329,1
N192,192,33.646,-99.5329,1
N193,193,33.4982,-96.3789,1
N194,194,33.4982,-96.3789,1
N195,195,33.4982,-96.3789,1
N196,196,33.7039,-97.372,1
N197,197,33.7039,-97.372,1
N198,198,33.7039,-97.372,1
N199,199,32.1246,-96.1013,1
N200,200,32.1246,-96.1013,1
N201,201,32.1246,-96.1013,1
N202,202,28.1093,-97.7505,1
N203,203,28.1093,-97.7505,1
N204,204,28.1093,-97.7505,1
N205,205,28.1093,-97.7505,1
N206,206,28.1093,-97.7505,1
N207,207,26.4656,-98.4111,1
N208,208,26.4656,-98.4111,1
N209,209,26.4656,-98.4111,1
N210,210,26.4656,-98.4111,1
N211,211,26.4656,-98.4111,1
N212,212,30.9514,-102.4141,1
N213,213,30.9514,-102.4141,1
N214,214,30.9514,-102.4141,1
N215,215,32.5145,-99.6564,1
N216,216,32.5145,-99.6564,1
N217,217,32.5145,-99.6564,1
N218,218,32.5145,-99.6564,1
N219,219,32.5145,-99.6564,1
N220,220,32.1982,-100.2686,1
N221,221,32.1982,-100.2686,1
N222,222,32.1982,-100.2686,1
N223,223,32.1982,-100.2686,1
N224,224,32.1982,-100.2686,1
N225,225,32.1408,-101.3986,1
N226,226,32.1408,-101.3986,1
N227,227,32.1408,-101.3986,1
N228,228,32.2732,-101.4224,1
N229,229,32.2732,-101.4224,1
N230,230,32.2732,-101.4224,1
N231,231,32.2732,-101.4224,1
N232,232,31.0486,-100.6231,1
N233,233,31.0486,-100.6231,1
N234,234,31.0486,-100.6231,1
N235,235,31.0486,-100.6231,1
N236,236,31.0486,-100.6231,1
N237,237,31.7433,-101.4934,1
N238,238,31.7433,-101.4934,1
N239,239,31.7433,-101.4934,1
N240,240,31.3603,-99.5514,1
N241,241,31.3603,-99.5514,1
N242,242,31.3603,-99.5514,1
N243,243,31.3603,-99.5514,1
N244,244,31.3603,-99.5514,1
N245,245,26.5223,-97.6911,1
N246,246,26.5223,-97.6911,1
N247,247,26.5223,-97.6911,1
N248,248,26.5223,-97.6911,1
N249,249,26.5223,-97.6911,1
N250,250,26.4512,-98.1775,1
N251,251,26.4512,-98.1775,1
N252,252,26.4512,-98.1775,1
N253,253,26.4512,-98.1775,1
N254,254,26.4512,-98.1775,1
N255,255,26.4754,-97.6911,1
N256,256,26.4754,-97.6911,1
N257,257,26.4754,-97.6911,1
N258,258,26.4754,-97.6911,1
N259,259,26.4754,-97.6911,1
N260,260,31.8414,-102.315,1
N261,261,31.8414,-102.315,1
N262,262,31.8414,-102.315,1
N263,263,32.2353,-101.8367,1
N264,264,32.2353,-101.8367,1
N265,265,32.2353,-101.8367,1
N266,266,29.4829,-95.6311,1
N267,267,29.4829,-95.6311,1
N268,268,29.4829,-95.6311,1
N269,269,29.7029,-95.0718,1
N270,270,29.7029,-95.0718,1
N271,271,29.7029,-95.0718,1
N272,272,29.6226,-95.0458,1
N273,273,29.6226,-95.0458,1
N274,274,29.6226,-95.0458,1
N275,275,31.4745,-96.9571,1
N276,276,31.4745,-96.9571,1
N277,277,31.4745,-96.9571,1
N278,278,31.4745,-96.9571,1
N279,279,31.4745,-96.9571,1
N280,280,26.6491,-99.0387,1
N281,281,26.6491,-99.0387,1
N282,282,26.6491,-99.0387,1
N283,283,26.6491,-99.0387,1
N284,284,26.6491,-99.0387,1
N285,285,32.4601,-102.6728,1
N286,286,32.4601,-102.6728,1
N287,287,32.4601,-102.6728,1
N288,288,31.995,-102.8283,1
N289,289,31.995,-102.8283,1
N290,290,31.995,-102.8283,1
N291,291,31.995,-102.8283,1
N292,292,31.995,-102.8283,1
N293,293,33.6968,-95.5577,1
N294,294,33.6968,-95.5577,1
N295,295,33.6968,-95.5577,1
N296,296,33.1509,-101.6792,1
N297,297,33.1509,-101.6792,1
N298,298,33.1509,-101.6792,1
N299,299,33.1509,-101.6792,1
N300,300,33.1509,-101.6792,1
N301,301,32.9264,-101.6478,1
N302,302,32.9264,-101.6478,1
N303,303,32.9264,-101.6478,1
N304,304,32.9264,-101.6478,1
N305,305,32.9264,-101.6478,1
N306,306,31.952,-100.7914,1
N307,307,31.952,-100.7914,1
N308,308,31.952,-100.7914,1
N309,309,31.952,-100.7914,1
N310,310,31.952,-100.7914,1
N311,311,27.9959,-97.2967,1
N312,312,27.9959,-97.2967,1
N313,313,27.9959,-97.2967,1
N314,314,33.6968,-95.5577,1
N315,315,33.6968,-95.5577,1
N316,316,33.6968,-95.5577,1
N317,317,33.1662,-96.1726,1
N318,318,33.1662,-96.1726,1
N319,319,33.1662,-96.1726,1
N320,320,33.1612,-96.2397,1
N321,321,33.1612,-96.2397,1
N322,322,33.1612,-96.2397,1
N323,323,28.1093,-97.7505,1
N324,324,28.1093,-97.7505,1
N325,325,28.1093,-97.7505,1
N326,326,28.1093,-97.7505,1
N327,327,28.1093,-97.7505,1
N328,328,28.1093,-97.7505,1
N329,329,28.1093,-97.7505,1
N330,330,28.1093,-97.7505,1
N331,331,28.7128,-97.2142,1
N332,332,28.7128,-97.2142,1
N333,333,28.7128,-97.2142,1
N334,334,30.9514,-102.4141,1
N335,335,30.9514,-102.4141,1
N336,336,30.9514,-102.4141,1
N337,337,33.1662,-96.1726,1
N338,338,33.1662,-96.1726,1
N339,339,33.1662,-96.1726,1
N340,340,29.2559,-95.2103,1
N341,341,29.2559,-95.2103,1
N342,342,29.2559,-95.2103,1
N343,343,30.96,-103.35,1
N344,344,30.96,-103.35,1
N345,345,30.96,-103.35,1
N346,346,30.9602,-103.3067,1
N347,347,30.9602,-103.3067,1
N348,348,30.9602,-103.3067,1
N349,349,31.9362,-101.2983,1
N350,350,31.9362,-101.2983,1
N351,351,31.9362,-101.2983,1
N352,352,31.9362,-101.2983,1
N353,353,31.9362,-101.2983,1
N354,354,31.9925,-101.1167,1
N355,355,31.9925,-101.1167,1
N356,356,31.9925,-101.1167,1
N357,357,31.9925,-101.1167,1
N358,358,31.9925,-101.1167,1
N359,359,31.1125,-100.0281,1
N360,360,31.1125,-100.0281,1
N361,361,31.1125,-100.0281,1
N362,362,31.952,-101.0189,1
N363,363,31.952,-101.0189,1
N364,364,31.952,-101.0189,1
N365,365,31.8403,-102.3264,1
N366,366,31.8403,-102.3264,1
N367,367,31.8403,-102.3264,1
N368,368,26.126,-97.3776,1
N369,369,26.126,-97.3776,1
N370,370,26.126,-97.3776,1
N371,371,26.126,-97.3776,1
N372,372,26.126,-97.3776,1
N373,373,25.9131,-97.5214,1
N374,374,25.9131,-97.5214,1
N375,375,32.7181,-100.7933,1
N376,376,32.7181,-100.7933,1
N377,377,32.7181,-100.7933,1
N378,378,32.7181,-100.7933,1
N379,379,32.7181,-100.7933,1
N380,380,32.7283,-97.2192,1
N381,381,32.7283,-97.2192,1
N382,382,26.3806,-98.8183,1
N383,383,26.3806,-98.8183,1
N384,384,32.4302,-97.0537,1
N385,385,32.4302,-97.0537,1
N386,386,32.4302,-97.0537,1
N387,387,32.32,-96.675,1
N388,388,32.32,-96.675,1
N389,389,32.32,-96.675,1
N390,390,31.8908,-96.1131,1
N391,391,31.8908,-96.1131,1
N392,392,31.8908,-96.1131,1
N393,393,28.795,-96.0481,1
N394,394,28.795,-96.0481,1
N395,395,32.7563,-96.4916,1
N396,396,32.7563,-96.4916,1
N397,397,32.7563,-96.4916,1
N398,398,32.7563,-96.4916,1
N399,399,32.7563,-96.4916,1
N400,400,33.3454,-99.6243,1
N401,401,33.3454,-99.6243,1
N402,402,33.3454,-99.6243,1
N403,403,33.3454,-99.6243,1
N404,404,33.3454,-99.6243,1
N405,405,29.4924,-94.9848,1
N406,406,29.4924,-94.9848,1
N407,407,29.4924,-94.9848,1
N408,408,33.6308,-95.59,1
N409,409,33.6308,-95.59,1
N410,410,33.6308,-95.59,1
N411,411,33.6308,-95.59,1
N412,412,33.6308,-95.59,1
N413,413,33.6308,-95.59,1
N414,414,33.1708,-96.1264,1
N415,415,33.1708,-96.1264,1
N416,416,33.1708,-96.1264,1
N110001,110001,29.198,-96.6616,1
N110002,110002,29.198,-96.6616,1
N110003,110003,29.198,-96.6616,1
N110004,110004,29.198,-96.6616,1
N110005,110005,29.2786,-95.9966,1
N110006,110006,29.2786,-95.9966,1
N110007,110007,29.2786,-95.9966,1
N110008,110008,29.2786,-95.9966,1
N110009,110009,28.7913,-95.95,1
N110010,110010,28.7913,-95.95,1
N110011,110011,28.7913,-95.95,1
N110012,110012,28.7913,-95.95,1
N110013,110013,29.3807,-96.1052,1
N110014,110014,29.3807,-96.1052,1
N110015,110015,29.3807,-96.1052,1
N110016,110016,29.3807,-96.1052,1
N110017,110017,29.5208,-96.0832,1
N110018,110018,29.5208,-96.0832,1
N110019,110019,29.5208,-96.0832,1
N110020,110020,29.5208,-96.0832,1
N110021,110021,29.1414,-96.3216,1
N110022,110022,29.1414,-96.3216,1
N110023,110023,29.1414,-96.3216,1
N110024,110024,29.1414,-96.3216,1
N110025,110025,29.2599,-96.2944,1
N110026,110026,29.2599,-96.2944,1
N110027,110027,29.2599,-96.2944,1
N110028,110028,29.2599,-96.2944,1
N110029,110029,29.2996,-96.1336,1
N110030,110030,29.2996,-96.1336,1
N110031,110031,29.2996,-96.1336,1
N110032,110032,29.2996,-96.1336,1
N110033,110033,28.8052,-95.6462,1
N110034,110034,28.8052,-95.6462,1
N110035,110035,28.8052,-95.6462,1
N110036,110036,28.8052,-95.6462,1
N110037,110037,29.437,-96.4084,1
N110038,110038,29.437,-96.4084,1
N110039,110039,29.437,-96.4084,1
N110040,110040,29.437,-96.4084,1
N110041,110041,29.449,-96.296,1
N110042,110042,29.449,-96.296,1
N110043,110043,29.449,-96.296,1
N110044,110044,29.449,-96.296,1
N110045,110045,29.2453,-96.4161,1
N110046,110046,29.2453,-96.4161,1
N110047,110047,29.2453,-96.4161,1
N110048,110048,29.2453,-96.4161,1
N110049,110049,29.0384,-96.493,1
N110050,110050,29.0384,-96.493,1
N110051,110051,29.0384,-96.493,1
N110052,110052,29.0384,-96.493,1
N110053,110053,29.1308,-96.455,1
N110054,110054,29.1308,-96.455,1
N110055,110055,29.1308,-96.455,1
N110056,110056,29.1308,-96.455,1
N110057,110057,29.0306,-96.3557,1
N110058,110058,29.0306,-96.3557,1
N110059,110059,29.0306,-96.3557,1
N110060,110060,29.0306,-96.3557,1
N110061,110061,29.3383,-96.315,1
N110062,110062,29.3383,-96.315,1
N110063,110063,29.3383,-96.315,1
N110064,110064,29.3383,-96.315,1
N110065,110065,29.3429,-95.9799,1
N110066,110066,29.3429,-95.9799,1
N110067,110067,29.3429,-95.9799,1
N110068,110068,29.3429,-95.9799,1
N110069,110069,29.1101,-95.9264,1
N110070,110070,29.1101,-95.9264,1
N110071,110071,29.1101,-95.9264,1
N110072,110072,29.1101,-95.9264,1
N110073,110073,29.145,-96.1938,1
N110074,110074,29.145,-96.1938,1
N110075,110075,29.145,-96.1938,1
N110076,110076,29.145,-96.1938,1
N110077,110077,29.0511,-96.1936,1
N110078,110078,29.0511,-96.1936,1
N110079,110079,29.0511,-96.1936,1
N110080,110080,29.0511,-96.1936,1
N110081,110081,28.9073,-96.1453,1
N110082,110082,28.9073,-96.1453,1
N110083,110083,28.9073,-96.1453,1
N110084,110084,28.9073,-96.1453,1
N110085,110085,28.9922,-95.8483,1
N110086,110086,28.9922,-95.8483,1
N110087,110087,28.9922,-95.8483,1
N110088,110088,28.9922,-95.8483,1
N110089,110089,28.7692,-96.2525,1
N110090,110090,28.7692,-96.2525,1
N110091,110091,28.7692,-96.2525,1
N110092,110092,28.7692,-96.2525,1
N110093,110093,28.931,-96.2976,1
N110094,110094,28.931,-96.2976,1
N110095,110095,28.931,-96.2976,1
N110096,110096,28.931,-96.2976,1
N110097,110097,28.8694,-96.1149,1
N110098,110098,28.8694,-96.1149,1
N110099,110099,28.8694,-96.1149,1
N110100,110100,28.8694,-96.1149,1
N110101,110101,28.7222,-96.1372,1
N110102,110102,28.7222,-96.1372,1
N110103,110103,28.7222,-96.1372,1
N110104,110104,28.7222,-96.1372,1
N110105,110105,28.6712,-95.9678,1
N110106,110106,28.6712,-95.9678,1
N110107,110107,28.6712,-95.9678,1
N110108,110108,28.6712,-95.9678,1
N110109,110109,29.0912,-95.815,1
N110110,110110,29.0912,-95.815,1
N110111,110111,29.0912,-95.815,1
N110112,110112,29.0912,-95.815,1
N110113,110113,29.1481,-96.6273,1
N110114,110114,29.1481,-96.6273,1
N110115,110115,29.1481,-96.6273,1
N110116,110116,29.1481,-96.6273,1
N110117,110117,29.029,-96.0895,1
N110118,110118,29.4893,-96.3969,1
N110119,110119,28.9498,-95.7616,1
N110120,110120,28.9155,-95.9502,1
N110121,110121,28.8077,-95.8324,1
N110122,110122,28.9,-96.4378,1
N110123,110123,29.4375,-96.1569,1
N110124,110124,29.4023,-96.4856,1
N110125,110125,29.1976,-96.0197,1
N110126,110126,28.9119,-95.9883,1
N110127,110127,28.9119,-95.9883,1
N110128,110128,29.1978,-96.2768,1
N110129,110129,29.787,-95.928,1
N110130,110130,29.5876,-96.3318,1
N110131,110131,29.7747,-96.1596,1
N110132,110132,29.3173,-96.0917,1
N110133,110133,29.0388,-96.5128,1
N110134,110134,29.1914,-96.2944,1
N110135,110135,28.9816,-95.9635,1
N110136,110136,28.7094,-96.2184,1
N110137,110137,29.7783,-95.9684,1
N110138,110138,28.9708,-95.9589,1
N110139,110139,29.1419,-96.6782,1
N110140,110140,29.8888,-95.9792,1
N110141,110141,29.7787,-96.1026,1
N110142,110142,29.8062,-95.9065,1
N110143,110143,29.7056,-96.1545,1
N110144,110144,29.8191,-96.0787,1
N110145,110145,30.0043,-96.008,1
N110146,110146,29.6016,-96.1754,1
N110147,110147,29.8518,-95.8853,1
N110148,110148,29.9359,-96.003,1
N110149,110149,29.8338,-96.0009,1
N110150,110150,30.1601,-95.8343,1
N110151,110151,29.5695,-96.3166,1
N110152,110152,29.9155,-96.0561,1
N110153,110153,30.1228,-95.816,1
N110154,110154,30.0384,-95.9381,1
N110155,110155,29.9893,-95.9296,1
N110156,110156,29.7444,-96.0428,1
N110157,110157,29.6168,-96.0683,1
N110158,110158,29.7928,-95.8293,1
N110159,110159,29.7843,-96.144,1
N110160,110160,29.7629,-96.2186,1
N110161,110161,29.7629,-96.2186,1
N110162,110162,29.8442,-95.2724,1
N110163,110163,29.8442,-95.2724,1
N110164,110164,29.9075,-95.3677,1
N110165,110165,29.9407,-95.2604,1
N110166,110166,29.9407,-95.2604,1
N110167,110167,29.8873,-95.2812,1
N110168,110168,29.8642,-95.3097,1
N110169,110169,29.8915,-95.3343,1
N110170,110170,29.8915,-95.3343,1
N110171,110171,29.9289,-95.2827,1
N110172,110172,29.9162,-95.3585,1
N110173,110173,29.9162,-95.3585,1
N110174,110174,29.8543,-95.3327,1
N110175,110175,29.8543,-95.3327,1
N110176,110176,29.9389,-95.3024,1
N110177,110177,29.9389,-95.3024,1
N110178,110178,29.8931,-95.314,1
N110179,110179,29.8228,-95.2937,1
N110180,110180,29.8668,-95.5796,1
N110181,110181,29.9182,-95.6527,1
N110182,110182,29.8587,-95.5893,1
N110183,110183,29.8658,-95.6098,1
N110184,110184,29.8694,-95.6006,1
N110185,110185,29.8991,-95.6793,1
N110186,110186,29.8625,-95.7007,1
N110187,110187,29.867,-95.5896,1
N110188,110188,29.8568,-95.6639,1
N110189,110189,29.8568,-95.6639,1
N110190,110190,29.8568,-95.6639,1
N110191,110191,29.8568,-95.6639,1
N110192,110192,29.8757,-95.5803,1
N110193,110193,29.8577,-95.6009,1
N110194,110194,29.8958,-95.623,1
N110195,110195,29.8805,-95.6148,1
N110196,110196,29.8644,-95.6148,1
N110197,110197,29.864,-95.6304,1
N110198,110198,29.8778,-95.5847,1
N110199,110199,29.8437,-95.6781,1
N110200,110200,29.88,-95.6012,1
N110201,110201,29.8474,-95.5992,1
N110202,110202,29.8704,-95.5941,1
N110203,110203,29.8158,-95.6671,1
N110204,110204,29.8891,-95.5936,1
N110205,110205,29.8813,-95.5784,1
N110206,110206,29.8997,-95.689,1
N110207,110207,29.8907,-95.6216,1
N110208,110208,29.8996,-95.6368,1
N110209,110209,29.8483,-95.6355,1
N110210,110210,29.8446,-95.6624,1
N110211,110211,29.9005,-95.6273,1
N110212,110212,29.9015,-95.6735,1
N110213,110213,29.9015,-95.6735,1
N110214,110214,29.8436,-95.7073,1
N110215,110215,29.8501,-95.7207,1
N110216,110216,29.9221,-95.6459,1
N110217,110217,29.9066,-95.6465,1
N110218,110218,29.883,-95.7141,1
N110219,110219,29.8898,-95.7132,1
N110220,110220,29.8579,-95.712,1
N110221,110221,29.9134,-95.7028,1
N110222,110222,29.8886,-95.6108,1
N110223,110223,29.8744,-95.6765,1
N110224,110224,29.8814,-95.6207,1
N110225,110225,29.8614,-95.6566,1
N110226,110226,29.8676,-95.7142,1
N110227,110227,29.8704,-95.7312,1
N110228,110228,29.9001,-95.7211,1
N110229,110229,29.8587,-95.6174,1
N110230,110230,29.8499,-95.6123,1
N110231,110231,29.9376,-95.6697,1
N110232,110232,29.9304,-95.6792,1
N110233,110233,29.934,-95.7059,1
N110234,110234,29.9195,-95.6786,1
N110235,110235,29.9288,-95.6703,1
N110236,110236,29.9169,-95.6613,1
N110237,110237,29.9168,-95.6367,1
N110238,110238,29.9086,-95.6619,1
N110239,110239,29.8909,-95.701,1
N110240,110240,29.8838,-95.7002,1
N110241,110241,29.8856,-95.6852,1
N110242,110242,29.8859,-95.671,1
N110243,110243,29.8969,-95.6632,1
N110244,110244,29.8947,-95.6508,1
N110245,110245,29.8824,-95.6549,1
N110246,110246,29.8823,-95.6423,1
N110247,110247,29.87,-95.689,1
N110248,110248,29.866,-95.676,1
N110249,110249,29.8548,-95.6777,1
N110250,110250,29.8386,-95.7009,1
N110251,110251,29.8724,-95.6644,1
N110252,110252,29.8681,-95.64,1
N110253,110253,29.851,-95.6441,1
N110254,110254,29.8554,-95.6526,1
N110255,110255,29.8411,-95.6507,1
N110256,110256,29.8401,-95.6387,1
N110257,110257,29.8312,-95.683,1
N110258,110258,29.838,-95.6685,1
N110259,110259,29.8198,-95.681,1
N110260,110260,29.8267,-95.6455,1
N110261,110261,29.8746,-95.5929,1
N110262,110262,29.8747,-95.5929,1
N110263,110263,29.8747,-95.5929,1
N110264,110264,29.8853,-95.5944,1
N110265,110265,29.8789,-95.6331,1
N110266,110266,29.8873,-95.6586,1
N110267,110267,29.889,-95.6834,1
N110268,110268,29.8726,-95.6182,1
N110269,110269,29.8905,-95.6114,1
N110270,110270,29.9357,-95.6838,1
N110271,110271,29.8853,-95.7257,1
N110272,110272,29.8662,-95.725,1
N110273,110273,29.8745,-95.711,1
N110274,110274,29.8745,-95.711,1
N110275,110275,29.911,-95.6344,1
N110276,110276,29.8573,-95.6904,1
N110277,110277,29.867,-95.6158,1
N110278,110278,29.9203,-95.6475,1
N110279,110279,29.907,-95.677,1
N110280,110280,29.9015,-95.6086,1
N110281,110281,29.8841,-95.5879,1
N110282,110282,29.9038,-95.6889,1
N110283,110283,29.854,-95.7085,1
N110284,110284,29.892,-95.7185,1
N110285,110285,29.9085,-95.7034,1
N110286,110286,29.9065,-95.6214,1
N110287,110287,29.8618,-95.7323,1
N110288,110288,29.1349,-95.0878,1
N110289,110289,29.1963,-94.9629,1
N110290,110290,29.1963,-94.9629,1
N110291,110291,29.1356,-95.0514,1
N110292,110292,29.1356,-95.0514,1
N110293,110293,30.1909,-95.2628,1
N110294,110294,30.1909,-95.2628,1
N110295,110295,30.2259,-95.1541,1
N110296,110296,30.2259,-95.1541,1
N110297,110297,30.2259,-95.1541,1
N110298,110298,30.2259,-95.1541,1
N110299,110299,30.2369,-95.2675,1
N110300,110300,30.2082,-95.3093,1
N110301,110301,30.1368,-95.2702,1
N110302,110302,30.2891,-95.1777,1
N110303,110303,30.2203,-95.1599,1
N110304,110304,30.1804,-95.2042,1
N110305,110305,30.1616,-95.1497,1
N110306,110306,30.1099,-95.2828,1
N110307,110307,30.1407,-95.0934,1
N110308,110308,30.3289,-95.1671,1
N110309,110309,30.1386,-95.2213,1
N110310,110310,30.1386,-95.2213,1
N110311,110311,30.1137,-95.2381,1
N110312,110312,30.174,-95.2764,1
N110313,110313,29.7154,-95.414,1
N110314,110314,29.6833,-95.4301,1
N110315,110315,29.7408,-95.4139,1
N110316,110316,29.6853,-95.4373,1
N110317,110317,29.744,-95.4347,1
N110318,110318,29.744,-95.4347,1
N110319,110319,29.6835,-95.5023,1
N110320,110320,29.7357,-95.5124,1
N110321,110321,29.6924,-95.4736,1
N110322,110322,29.7517,-95.4719,1
N110323,110323,29.7244,-95.4588,1
N110324,110324,29.7234,-95.5072,1
N110325,110325,29.6986,-95.5149,1
N110326,110326,29.6986,-95.5149,1
N110327,110327,29.669,-95.4713,1
N110328,110328,29.7135,-95.5271,1
N110329,110329,29.7343,-95.4829,1
N110330,110330,29.7343,-95.4829,1
N110331,110331,29.7131,-95.4398,1
N110332,110332,29.7131,-95.4398,1
N110333,110333,29.7666,-95.4635,1
N110334,110334,29.7147,-95.4105,1
N110335,110335,29.7147,-95.4105,1
N110336,110336,29.6856,-95.4011,1
N110337,110337,29.6856,-95.4011,1
N110338,110338,29.7068,-95.4854,1
N110339,110339,29.7068,-95.4854,1
N110340,110340,29.4152,-95.2575,1
N110341,110341,29.4152,-95.2575,1
N110342,110342,29.4152,-95.2575,1
N110343,110343,29.4152,-95.2575,1
N110344,110344,29.3875,-95.2158,1
N110345,110345,29.458,-95.2976,1
N110346,110346,29.4373,-95.3548,1
N110347,110347,29.3693,-95.3351,1
N110348,110348,29.3108,-95.2699,1
N110349,110349,29.3783,-95.2631,1
N110350,110350,29.4555,-95.2307,1
N110351,110351,29.2503,-95.2225,1
N110352,110352,29.3218,-95.3587,1
N110353,110353,30.3207,-95.4001,1
N110354,110354,30.3207,-95.4001,1
N110355,110355,30.3495,-95.428,1
N110356,110356,30.3176,-95.4891,1
N110357,110357,30.3351,-95.2915,1
N110358,110358,30.3351,-95.2915,1
N110359,110359,30.2751,-95.4458,1
N110360,110360,30.392,-95.3619,1
N110361,110361,30.4008,-95.3009,1
N110362,110362,30.2694,-95.3591,1
N110363,110363,30.3066,-95.27,1
N110364,110364,30.3178,-95.4587,1
N110365,110365,30.3177,-95.4587,1
N110366,110366,30.3177,-95.4587,1
N110367,110367,30.1305,-95.5286,1
N110368,110368,30.1459,-95.5465,1
N110369,110369,30.1459,-95.5465,1
N110370,110370,30.1916,-95.5825,1
N110371,110371,30.1788,-95.6111,1
N110372,110372,30.1198,-95.5735,1
N110373,110373,30.2484,-95.5748,1
N110374,110374,30.2254,-95.5293,1
N110375,110375,30.222,-95.5877,1
N110376,110376,30.222,-95.5877,1
N110377,110377,30.2374,-95.4965,1
N110378,110378,30.2042,-95.4868,1
N110379,110379,30.183,-95.5433,1
N110380,110380,30.1572,-95.5028,1
N110381,110381,30.1751,-95.4954,1
N110382,110382,30.1751,-95.4954,1
N110383,110383,30.2056,-95.5375,1
N110384,110384,30.2056,-95.5375,1
N110385,110385,30.5615,-95.4099,1
N110386,110386,30.5277,-95.5311,1
N110387,110387,29.7942,-95.0333,1
N110388,110388,29.7942,-95.0333,1
N110389,110389,29.7737,-94.9777,1
N110390,110390,29.7346,-95.0069,1
N110391,110391,29.7517,-95.0003,1
N110392,110392,29.7375,-94.9593,1
N110393,110393,29.7375,-94.9593,1
N110394,110394,29.8452,-94.8782,1
N110395,110395,29.8251,-94.8372,1
N110396,110396,29.8251,-94.8372,1
N110397,110397,29.8251,-94.8372,1
N110398,110398,29.8251,-94.8372,1
N110399,110399,29.7845,-94.9174,1
N110400,110400,29.8206,-94.9885,1
N110401,110401,29.7297,-94.8619,1
N110402,110402,29.8838,-94.8041,1
N110403,110403,29.7932,-94.7495,1
N110404,110404,29.781,-94.9402,1
N110405,110405,29.781,-94.9402,1
N110406,110406,29.7303,-94.9458,1
N110407,110407,29.7694,-95.2303,1
N110408,110408,29.7936,-95.1364,1
N110409,110409,29.7664,-95.1107,1
N110410,110410,29.7542,-95.2127,1
N110411,110411,29.7542,-95.2127,1
N110412,110412,29.7542,-95.2127,1
N110413,110413,29.7542,-95.2127,1
N110414,110414,29.7858,-95.1775,1
N110415,110415,29.7858,-95.1775,1
N110416,110416,29.772,-95.1631,1
N110417,110417,29.8047,-95.1217,1
N110418,110418,29.8047,-95.1217,1
N110419,110419,29.8047,-95.1217,1
N110420,110420,29.8543,-95.1977,1
N110421,110421,29.842,-95.1801,1
N110422,110422,29.842,-95.1801,1
N110423,110423,29.8154,-95.17,1
N110424,110424,29.7963,-95.2648,1
N110425,110425,29.745,-95.1721,1
N110426,110426,29.8024,-95.2252,1
N110427,110427,29.8061,-95.1953,1
N110428,110428,29.7569,-95.124,1
N110429,110429,29.7637,-95.1026,1
N110430,110430,29.7637,-95.1026,1
N110431,110431,29.7753,-95.2607,1
N110432,110432,29.5703,-95.1227,1
N110433,110433,29.5703,-95.1227,1
N110434,110434,29.5703,-95.1227,1
N110435,110435,29.5703,-95.1227,1
N110436,110436,29.5476,-95.0948,1
N110437,110437,29.5688,-95.1124,1
N110438,110438,29.5306,-95.0307,1
N110439,110439,29.5306,-95.0307,1
N110440,110440,29.577,-95.0423,1
N110441,110441,29.577,-95.0423,1
N110442,110442,29.577,-95.0423,1
N110443,110443,29.577,-95.0423,1
N110444,110444,29.577,-95.0423,1
N110445,110445,29.5364,-95.1231,1
N110446,110446,29.5364,-95.1231,1
N110447,110447,29.508,-95.0208,1
N110448,110448,29.5664,-95.1382,1
N110449,110449,29.4972,-95.1242,1
N110450,110450,29.4972,-95.1242,1
N110451,110451,29.5748,-95.0184,1
N110452,110452,29.4937,-95.1565,1
N110453,110453,29.479,-95.1268,1
N110454,110454,29.4711,-95.0763,1
N110455,110455,29.5385,-95.0653,1
N110456,110456,29.5224,-95.0496,1
N110457,110457,29.4991,-94.9946,1
N110458,110458,29.507,-95.0854,1
N110459,110459,29.507,-95.0854,1
N110460,110460,29.4754,-95.041,1
N110461,110461,29.5811,-95.0574,1
N110462,110462,29.5318,-95.1718,1
N110463,110463,29.5318,-95.1718,1
N110464,110464,29.6108,-95.2581,1
N110465,110465,29.5911,-95.2809,1
N110466,110466,29.5911,-95.2809,1
N110467,110467,29.5948,-95.2348,1
N110468,110468,29.5999,-95.2147,1
N110469,110469,29.5204,-95.2841,1
N110470,110470,29.5447,-95.2473,1
N110471,110471,29.5471,-95.2959,1
N110472,110472,29.5412,-95.1873,1
N110473,110473,29.5948,-95.1815,1
N110474,110474,29.5664,-95.2724,1
N110475,110475,29.5745,-95.1484,1
N110476,110476,29.5711,-95.2311,1
N110477,110477,29.5285,-95.2204,1
N110478,110478,29.4913,-95.2179,1
N110479,110479,29.5078,-95.1924,1
N110480,110480,29.5461,-95.2163,1
N110481,110481,29.5461,-95.2163,1
N110482,110482,29.5849,-95.2102,1
N110483,110483,29.5849,-95.2102,1
N110484,110484,28.9711,-95.3739,1
N110485,110485,28.9711,-95.3739,1
N110486,110486,28.9651,-95.3203,1
N110487,110487,29.0568,-95.4294,1
N110488,110488,29.0514,-95.3897,1
N110489,110489,29.0333,-95.467,1
N110490,110490,29.0255,-95.4443,1
N110491,110491,28.7928,-95.5733,1
N110492,110492,29.025,-95.4167,1
N110493,110493,29.025,-95.4167,1
N110494,110494,28.9497,-95.5128,1
N110495,110495,28.9497,-95.5128,1
N110496,110496,29.528,-95.9789,1
N110497,110497,29.6854,-95.9903,1
N110498,110498,29.6107,-95.9766,1
N110499,110499,29.472,-96.0105,1
N110500,110500,29.6786,-95.9274,1
N110501,110501,29.6786,-95.9274,1
N110502,110502,29.5524,-95.9003,1
N110503,110503,29.5524,-95.9003,1
N110504,110504,29.6727,-95.9129,1
N110505,110505,30.0217,-95.581,1
N110506,110506,30.0893,-95.6008,1
N110507,110507,30.0982,-95.513,1
N110508,110508,30.0982,-95.513,1
N110509,110509,30.0122,-95.5522,1
N110510,110510,30.0194,-95.5306,1
N110511,110511,30.055,-95.524,1
N110512,110512,30.0404,-95.5877,1
N110513,110513,29.9989,-95.4873,1
N110514,110514,29.9989,-95.4873,1
N110515,110515,30.016,-95.4687,1
N110516,110516,30.0401,-95.4757,1
N110517,110517,30.0899,-95.5393,1
N110518,110518,30.0793,-95.4703,1
N110519,110519,30.0793,-95.4703,1
N110520,110520,30.0581,-95.4637,1
N110521,110521,29.9889,-95.5153,1
N110522,110522,30.1015,-95.5666,1
N110523,110523,30.0592,-95.5669,1
N110524,110524,30.031,-95.5275,1
N110525,110525,30.031,-95.5275,1
N110526,110526,30.0575,-95.4999,1
N110527,110527,30.0575,-95.4999,1
N110528,110528,30.061,-95.6072,1
N110529,110529,30.061,-95.6072,1
N110530,110530,30.0273,-95.4983,1
N110531,110531,29.6579,-95.0867,1
N110532,110532,29.7212,-95.1283,1
N110533,110533,29.7333,-95.0908,1
N110534,110534,29.6455,-95.0581,1
N110535,110535,29.6455,-95.0581,1
N110536,110536,29.6967,-95.0959,1
N110537,110537,29.7016,-95.121,1
N110538,110538,29.6803,-95.0669,1
N110539,110539,29.6617,-95.02,1
N110540,110540,29.6183,-95.0167,1
N110541,110541,29.6768,-95.1204,1
N110542,110542,29.6768,-95.1204,1
N110543,110543,29.6879,-95.1346,1
N110544,110544,29.6,-95.1157,1
N110545,110545,29.7139,-95.0648,1
N110546,110546,29.6174,-95.0551,1
N110547,110547,29.6264,-95.0833,1
N110548,110548,29.6957,-95.0397,1
N110549,110549,29.6652,-95.0725,1
N110550,110550,29.6659,-95.1464,1
N110551,110551,29.7257,-95.1099,1
N110552,110552,29.6773,-95.0016,1
N110553,110553,29.5913,-95.1374,1
N110554,110554,29.5913,-95.1374,1
N110555,110555,29.75,-95.0791,1
N110556,110556,29.7001,-95.0723,1
N110557,110557,29.6612,-95.1097,1
N110558,110558,29.712,-95.1392,1
N110559,110559,29.6249,-95.0449,1
N110560,110560,29.645,-95.1434,1
N110561,110561,29.1307,-95.6308,1
N110562,110562,29.1307,-95.6308,1
N110563,110563,29.1307,-95.6308,1
N110564,110564,29.1307,-95.6308,1
N110565,110565,29.0064,-95.6099,1
N110566,110566,29.0442,-95.5734,1
N110567,110567,29.0442,-95.5734,1
N110568,110568,29.024,-95.6685,1
N110569,110569,29.024,-95.6685,1
N110570,110570,29.1865,-95.6976,1
N110571,110571,29.0991,-95.7241,1
N110572,110572,29.0374,-95.7314,1
N110573,110573,29.1279,-95.7983,1
N110574,110574,29.7999,-95.729,1
N110575,110575,29.8188,-95.7466,1
N110576,110576,29.8188,-95.7466,1
N110577,110577,29.7746,-95.7837,1
N110578,110578,29.7734,-95.7156,1
N110579,110579,29.8368,-95.802,1
N110580,110580,29.8368,-95.802,1
N110581,110581,29.7854,-95.6878,1
N110582,110582,29.7854,-95.6878,1
N110583,110583,29.7529,-95.7382,1
N110584,110584,29.8032,-95.8122,1
N110585,110585,29.7688,-95.7527,1
N110586,110586,29.7688,-95.7527,1
N110587,110587,29.7688,-95.7527,1
N110588,110588,29.8231,-95.7076,1
N110589,110589,29.8231,-95.7076,1
N110590,110590,30.0479,-95.8814,1
N110591,110591,30.0112,-95.7448,1
N110592,110592,30.0112,-95.7448,1
N110593,110593,29.985,-95.6994,1
N110594,110594,29.9522,-95.7209,1
N110595,110595,30.0488,-95.7917,1
N110596,110596,30.0757,-95.8817,1
N110597,110597,29.9942,-95.6795,1
N110598,110598,29.9942,-95.6795,1
N110599,110599,30.0306,-95.6777,1
N110600,110600,29.9969,-95.7378,1
N110601,110601,29.9847,-95.8736,1
N110602,110602,30.0568,-95.7201,1
N110603,110603,29.5867,-95.667,1
N110604,110604,29.6352,-95.6046,1
N110605,110605,29.5786,-95.5858,1
N110606,110606,29.622,-95.5831,1
N110607,110607,29.622,-95.5831,1
N110608,110608,29.6348,-95.6213,1
N110609,110609,29.5986,-95.6668,1
N110610,110610,29.6338,-95.5797,1
N110611,110611,29.6424,-95.6058,1
N110612,110612,29.6303,-95.6789,1
N110613,110613,29.6424,-95.5902,1
N110614,110614,29.6293,-95.623,1
N110615,110615,29.5568,-95.6194,1
N110616,110616,29.5527,-95.6647,1
N110617,110617,29.6328,-95.6335,1
N110618,110618,29.5795,-95.6325,1
N110619,110619,29.5064,-95.6215,1
N110620,110620,29.6463,-95.6723,1
N110621,110621,29.5835,-95.6584,1
N110622,110622,29.5572,-95.6343,1
N110623,110623,29.5949,-95.6924,1
N110624,110624,29.5863,-95.6127,1
N110625,110625,29.6386,-95.6722,1
N110626,110626,29.5699,-95.6017,1
N110627,110627,29.6233,-95.6844,1
N110628,110628,29.6445,-95.6531,1
N110629,110629,29.6218,-95.6264,1
N110630,110630,29.6077,-95.6327,1
N110631,110631,29.6129,-95.6208,1
N110632,110632,29.5989,-95.6802,1
N110633,110633,29.5856,-95.6862,1
N110634,110634,29.602,-95.6585,1
N110635,110635,29.5969,-95.6457,1
N110636,110636,29.5969,-95.6457,1
N110637,110637,29.5951,-95.6351,1
N110638,110638,29.5951,-95.6192,1
N110639,110639,29.5849,-95.6533,1
N110640,110640,29.5591,-95.6767,1
N110641,110641,29.5471,-95.6783,1
N110642,110642,29.57,-95.6399,1
N110643,110643,29.5662,-95.6275,1
N110644,110644,29.5252,-95.6672,1
N110645,110645,29.6407,-95.5918,1
N110646,110646,29.6182,-95.5876,1
N110647,110647,29.6127,-95.5757,1
N110648,110648,29.6103,-95.603,1
N110649,110649,29.5992,-95.5854,1
N110650,110650,29.5735,-95.6176,1
N110651,110651,29.5854,-95.5957,1
N110652,110652,29.5769,-95.5814,1
N110653,110653,29.5873,-95.5693,1
N110654,110654,29.5749,-95.5608,1
N110655,110655,29.5612,-95.6023,1
N110656,110656,29.5612,-95.6023,1
N110657,110657,29.5522,-95.5865,1
N110658,110658,29.5499,-95.565,1
N110659,110659,29.5582,-95.5556,1
N110660,110660,29.539,-95.578,1
N110661,110661,29.6139,-95.684,1
N110662,110662,29.5997,-95.5677,1
N110663,110663,29.6375,-95.693,1
N110664,110664,29.6197,-95.6505,1
N110665,110665,29.477,-95.6349,1
N110666,110666,29.477,-95.6349,1
N110667,110667,29.6199,-95.6402,1
N110668,110668,29.5783,-95.5993,1
N110669,110669,29.5827,-95.625,1
N110670,110670,29.6434,-95.6279,1
N110671,110671,29.5713,-95.6821,1
N110672,110672,29.5516,-95.6609,1
N110673,110673,29.6239,-95.6025,1
N110674,110674,29.5988,-95.5988,1
N110675,110675,29.5974,-95.6089,1
N110676,110676,29.5866,-95.6087,1
N110677,110677,29.5848,-95.5776,1
N110678,110678,29.6052,-95.5709,1
N110679,110679,29.565,-95.5767,1
N110680,110680,29.5632,-95.5701,1
N110681,110681,29.6351,-95.6802,1
N110682,110682,29.6415,-95.5764,1
N110683,110683,29.6415,-95.6135,1
N110684,110684,29.5573,-95.63,1
N110685,110685,29.5907,-95.629,1
N110686,110686,29.5809,-95.6109,1
N110687,110687,29.5744,-95.6052,1
N110688,110688,29.6254,-95.6119,1
N110689,110689,29.5758,-95.5811,1
N110690,110690,29.7534,-95.3885,1
N110691,110691,29.7717,-95.4135,1
N110692,110692,29.7891,-95.3326,1
N110693,110693,29.8285,-95.4196,1
N110694,110694,29.8211,-95.3396,1
N110695,110695,29.801,-95.3895,1
N110696,110696,29.801,-95.3895,1
N110697,110697,29.8413,-95.3735,1
N110698,110698,29.8413,-95.3735,1
N110699,110699,29.8413,-95.3735,1
N110700,110700,29.8413,-95.3735,1
N110701,110701,29.8231,-95.4258,1
N110702,110702,29.8231,-95.4258,1
N110703,110703,29.8024,-95.3188,1
N110704,110704,29.8024,-95.3188,1
N110705,110705,29.8578,-95.3733,1
N110706,110706,29.8009,-95.3609,1
N110707,110707,29.7558,-95.404,1
N110708,110708,29.8514,-95.4178,1
N110709,110709,29.7949,-95.41,1
N110710,110710,29.775,-95.3806,1
N110711,110711,29.775,-95.3806,1
N110712,110712,29.8019,-95.4401,1
N110713,110713,29.8019,-95.4401,1
N110714,110714,29.8326,-95.3845,1
N110715,110715,29.1479,-95.3732,1
N110716,110716,29.247,-95.3912,1
N110717,110717,29.1914,-95.4397,1
N110718,110718,29.2086,-95.5213,1
N110719,110719,29.3119,-95.4605,1
N110720,110720,29.3119,-95.4605,1
N110721,110721,29.2466,-95.3363,1
N110722,110722,29.1455,-95.4243,1
N110723,110723,29.1418,-95.5274,1
N110724,110724,29.1388,-95.2289,1
N110725,110725,29.1676,-95.431,1
N110726,110726,29.1676,-95.431,1
N110727,110727,29.1676,-95.431,1
N110728,110728,29.1676,-95.431,1
N110729,110729,29.3509,-95.7312,1
N110730,110730,29.3509,-95.7312,1
N110731,110731,29.3891,-95.6483,1
N110732,110732,29.4109,-95.8517,1
N110733,110733,29.4614,-95.8679,1
N110734,110734,29.3746,-95.9015,1
N110735,110735,29.4258,-95.7807,1
N110736,110736,29.4258,-95.7807,1
N110737,110737,29.3112,-95.7915,1
N110738,110738,29.3112,-95.7915,1
N110739,110739,29.2799,-95.7287,1
N110740,110740,29.4234,-95.8399,1
N110741,110741,29.3683,-95.7821,1
N110742,110742,29.995,-95.2578,1
N110743,110743,29.995,-95.2578,1
N110744,110744,29.995,-95.2578,1
N110745,110745,30.0572,-95.1638,1
N110746,110746,30.0572,-95.1638,1
N110747,110747,30.0572,-95.1638,1
N110748,110748,30.0572,-95.1638,1
N110749,110749,30.0874,-95.2287,1
N110750,110750,30.0008,-95.1518,1
N110751,110751,30.0008,-95.1518,1
N110752,110752,30.0483,-95.0998,1
N110753,110753,30.05,-95.2261,1
N110754,110754,30.05,-95.2261,1
N110755,110755,29.9754,-95.1997,1
N110756,110756,29.9617,-95.1728,1
N110757,110757,29.9965,-95.1917,1
N110758,110758,29.9965,-95.1917,1
N110759,110759,30.0375,-95.199,1
N110760,110760,29.9914,-95.2679,1
N110761,110761,30.0807,-95.1224,1
N110762,110762,30.0695,-95.1937,1
N110763,110763,30.0695,-95.1937,1
N110764,110764,30.0617,-95.2461,1
N110765,110765,29.9956,-95.0998,1
N110766,110766,29.5997,-94.715,1
N110767,110767,29.4507,-94.6446,1
N110768,110768,29.4507,-94.6446,1
N110769,110769,29.7452,-95.3729,1
N110770,110770,29.7422,-95.3501,1
N110771,110771,29.7082,-95.3824,1
N110772,110772,29.6956,-95.377,1
N110773,110773,29.6956,-95.377,1
N110774,110774,29.6956,-95.377,1
N110775,110775,29.6956,-95.377,1
N110776,110776,29.7155,-95.3601,1
N110777,110777,29.7261,-95.3855,1
N110778,110778,29.7784,-95.3029,1
N110779,110779,29.7444,-95.2712,1
N110780,110780,29.7379,-95.2975,1
N110781,110781,29.6828,-95.297,1
N110782,110782,29.6828,-95.297,1
N110783,110783,29.6594,-95.3158,1
N110784,110784,29.6872,-95.3354,1
N110785,110785,29.6996,-95.3102,1
N110786,110786,29.7308,-95.2715,1
N110787,110787,29.762,-95.2759,1
N110788,110788,29.7549,-95.3328,1
N110789,110789,29.7549,-95.3328,1
N110790,110790,29.7349,-95.3477,1
N110791,110791,29.7349,-95.3477,1
N110792,110792,29.7494,-95.3689,1
N110793,110793,29.7494,-95.3689,1
N110794,110794,29.7494,-95.3689,1
N110795,110795,29.7459,-95.383,1
N110796,110796,29.7123,-95.2876,1
N110797,110797,29.7123,-95.2876,1
N110798,110798,29.7647,-95.3128,1
N110799,110799,29.781,-95.2829,1
N110800,110800,29.781,-95.2829,1
N110801,110801,29.7238,-95.319,1
N110802,110802,29.7238,-95.319,1
N110803,110803,29.67,-95.3546,1
N110804,110804,29.67,-95.3546,1
N110805,110805,29.6938,-95.7289,1
N110806,110806,29.7552,-95.8379,1
N110807,110807,29.71,-95.8365,1
N110808,110808,29.71,-95.8365,1
N110809,110809,29.7062,-95.8094,1
N110810,110810,29.6971,-95.7837,1
N110811,110811,29.7247,-95.8111,1
N110812,110812,29.7403,-95.7592,1
N110813,110813,29.7481,-95.7946,1
N110814,110814,29.677,-95.8572,1
N110815,110815,29.7328,-95.839,1
N110816,110816,29.6667,-95.8074,1
N110817,110817,29.724,-95.7772,1
N110818,110818,29.714,-95.7538,1
N110819,110819,29.714,-95.7538,1
N110820,110820,29.6564,-95.7434,1
N110821,110821,29.67,-95.7301,1
N110822,110822,29.694,-95.751,1
N110823,110823,29.8689,-95.4878,1
N110824,110824,29.9194,-95.4008,1
N110825,110825,29.9194,-95.4008,1
N110826,110826,29.9194,-95.4008,1
N110827,110827,29.9194,-95.4008,1
N110828,110828,29.9553,-95.4614,1
N110829,110829,29.9553,-95.4614,1
N110830,110830,29.8922,-95.5387,1
N110831,110831,29.8922,-95.5387,1
N110832,110832,29.8948,-95.4822,1
N110833,110833,29.8817,-95.5123,1
N110834,110834,29.8893,-95.4272,1
N110835,110835,29.8649,-95.4538,1
N110836,110836,29.968,-95.4976,1
N110837,110837,29.9491,-95.4053,1
N110838,110838,29.916,-95.5201,1
N110839,110839,29.9262,-95.4794,1
N110840,110840,29.9459,-95.5093,1
N110841,110841,29.9459,-95.5093,1
N110842,110842,29.9013,-95.5115,1
N110843,110843,29.9435,-95.4672,1
N110844,110844,29.9717,-95.4548,1
N110845,110845,29.9207,-95.4403,1
N110846,110846,29.8946,-95.4018,1
N110847,110847,29.9537,-95.4901,1
N110848,110848,29.8776,-95.4767,1
N110849,110849,29.8695,-95.4297,1
N110850,110850,29.9323,-95.3913,1
N110851,110851,29.9508,-95.4389,1
N110852,110852,29.8548,-95.4794,1
N110853,110853,29.8548,-95.4794,1
N110854,110854,29.8947,-95.4609,1
N110855,110855,29.8947,-95.4609,1
N110856,110856,29.9225,-95.5054,1
N110857,110857,29.9225,-95.5054,1
N110858,110858,30.4142,-95.6285,1
N110859,110859,30.4142,-95.6285,1
N110860,110860,30.3539,-95.6035,1
N110861,110861,30.3539,-95.6035,1
N110862,110862,30.3092,-95.6203,1
N110863,110863,30.3471,-95.624,1
N110864,110864,30.2963,-95.6061,1
N110865,110865,29.8287,-95.0554,1
N110866,110866,29.9279,-95.1603,1
N110867,110867,29.9279,-95.1603,1
N110868,110868,29.8533,-95.1033,1
N110869,110869,29.8533,-95.1033,1
N110870,110870,29.8853,-95.0409,1
N110871,110871,29.9381,-95.0808,1
N110872,110872,29.9606,-95.0225,1
N110873,110873,29.9057,-95.049,1
N110874,110874,29.9057,-95.049,1
N110875,110875,29.5675,-95.3959,1
N110876,110876,29.6278,-95.3525,1
N110877,110877,29.6241,-95.3708,1
N110878,110878,29.6241,-95.3708,1
N110879,110879,29.5757,-95.3245,1
N110880,110880,29.5757,-95.3245,1
N110881,110881,29.5387,-95.3391,1
N110882,110882,29.5387,-95.3391,1
N110883,110883,29.5546,-95.4006,1
N110884,110884,29.5546,-95.4006,1
N110885,110885,29.5546,-95.4006,1
N110886,110886,29.5401,-95.3536,1
N110887,110887,29.6141,-95.4155,1
N110888,110888,29.6141,-95.4155,1
N110889,110889,29.6201,-95.3119,1
N110890,110890,29.6201,-95.3119,1
N110891,110891,29.6201,-95.3119,1
N110892,110892,29.6201,-95.3119,1
N110893,110893,29.3364,-94.7721,1
N110894,110894,29.293,-94.8831,1
N110895,110895,29.2878,-94.8076,1
N110896,110896,29.2487,-94.8834,1
N110897,110897,29.2723,-94.8332,1
N110898,110898,29.2723,-94.8332,1
N110899,110899,29.2934,-94.8147,1
N110900,110900,29.2934,-94.8147,1
N110901,110901,29.2934,-94.8147,1
N110902,110902,29.2934,-94.8147,1
N110903,110903,29.3032,-94.786,1
N110904,110904,29.6455,-95.4999,1
N110905,110905,29.6455,-95.4999,1
N110906,110906,29.6329,-95.5504,1
N110907,110907,29.6334,-95.4368,1
N110908,110908,29.6272,-95.5035,1
N110909,110909,29.61,-95.5466,1
N110910,110910,29.634,-95.465,1
N110911,110911,29.665,-95.5012,1
N110912,110912,29.6607,-95.5012,1
N110913,110913,29.6146,-95.4497,1
N110914,110914,29.6655,-95.5351,1
N110915,110915,29.6655,-95.5351,1
N110916,110916,29.5737,-95.5396,1
N110917,110917,29.5737,-95.5396,1
N110918,110918,29.6457,-95.5414,1
N110919,110919,29.5941,-95.5221,1
N110920,110920,29.5941,-95.5221,1
N110921,110921,29.5977,-95.4783,1
N110922,110922,29.5977,-95.4783,1
N110923,110923,29.5893,-95.464,1
N110924,110924,30.3906,-95.5338,1
N110925,110925,30.3962,-95.4587,1
N110926,110926,30.4186,-95.5137,1
N110927,110927,30.4186,-95.5137,1
N110928,110928,30.4667,-95.5408,1
N110929,110929,30.4667,-95.5408,1
N110930,110930,30.4667,-95.5408,1
N110931,110931,30.4718,-95.4371,1
N110932,110932,30.345,-95.5251,1
N110933,110933,30.4443,-95.3817,1
N110934,110934,30.5015,-95.4859,1
N110935,110935,30.435,-95.5606,1
N110936,110936,29.5597,-95.8078,1
N110937,110937,29.5412,-95.7103,1
N110938,110938,29.5412,-95.7103,1
N110939,110939,29.5412,-95.7103,1
N110940,110940,29.5412,-95.7103,1
N110941,110941,29.5802,-95.7621,1
N110942,110942,29.5802,-95.7621,1
N110943,110943,29.5508,-95.7996,1
N110944,110944,29.5508,-95.7996,1
N110945,110945,29.5508,-95.7996,1
N110946,110946,29.5502,-95.7228,1
N110947,110947,29.51,-95.7946,1
N110948,110948,29.51,-95.7946,1
N110949,110949,29.5828,-95.6974,1
N110950,110950,29.498,-95.8373,1
N110951,110951,29.623,-95.7488,1
N110952,110952,29.623,-95.7488,1
N110953,110953,30.191,-95.6463,1
N110954,110954,30.191,-95.6463,1
N110955,110955,30.191,-95.6463,1
N110956,110956,30.191,-95.6463,1
N110957,110957,30.1922,-95.7127,1
N110958,110958,30.2027,-95.7683,1
N110959,110959,30.2027,-95.7683,1
N110960,110960,30.2027,-95.7683,1
N110961,110961,30.0996,-95.6438,1
N110962,110962,30.0996,-95.6438,1
N110963,110963,30.0996,-95.6438,1
N110964,110964,30.0996,-95.6438,1
N110965,110965,30.13,-95.709,1
N110966,110966,30.1134,-95.7682,1
N110967,110967,30.1134,-95.7682,1
N110968,110968,30.1134,-95.7682,1
N110969,110969,30.1134,-95.7682,1
N110970,110970,30.1301,-95.6851,1
N110971,110971,30.1301,-95.6851,1
N110972,110972,30.159,-95.4475,1
N110973,110973,30.159,-95.4475,1
N110974,110974,30.159,-95.4475,1
N110975,110975,30.2087,-95.4341,1
N110976,110976,30.2087,-95.4341,1
N110977,110977,30.2087,-95.4341,1
N110978,110978,30.2087,-95.4341,1
N110979,110979,30.1086,-95.3947,1
N110980,110980,30.15,-95.4635,1
N110981,110981,30.1764,-95.383,1
N110982,110982,30.1293,-95.4063,1
N110983,110983,30.1293,-95.4063,1
N110984,110984,30.1293,-95.4063,1
N110985,110985,30.1293,-95.4063,1
N110986,110986,30.1553,-95.3317,1
N110987,110987,30.1322,-95.4673,1
N110988,110988,30.1322,-95.4673,1
N110989,110989,30.1322,-95.4673,1
N110990,110990,30.1322,-95.4673,1
N110991,110991,30.1405,-95.3949,1
N110992,110992,29.8155,-95.5285,1
N110993,110993,29.8155,-95.5285,1
N110994,110994,29.7719,-95.5678,1
N110995,110995,29.8515,-95.5531,1
N110996,110996,29.8522,-95.5199,1
N110997,110997,29.821,-95.5512,1
N110998,110998,29.7696,-95.5059,1
N110999,110999,29.7696,-95.5059,1
N111000,111000,29.7867,-95.5715,1
N111001,111001,29.7867,-95.5715,1
N111002,111002,29.7893,-95.4727,1
N111003,111003,29.7893,-95.4727,1
N111004,111004,29.8497,-95.523,1
N111005,111005,29.8497,-95.523,1
N111006,111006,29.8321,-95.4766,1
N111007,111007,29.8321,-95.4766,1
N111008,111008,29.7473,-95.5537,1
N111009,111009,29.7617,-95.535,1
N111010,111010,29.8011,-95.4872,1
N111011,111011,29.7951,-95.5127,1
N111012,111012,29.8428,-95.4671,1
N111013,111013,29.84,-95.5935,1
N111014,111014,29.8558,-95.5727,1
N111015,111015,29.8558,-95.5727,1
N111016,111016,29.8259,-95.4995,1
N111017,111017,29.8006,-95.5653,1
N111018,111018,29.7419,-95.5555,1
N111019,111019,29.7701,-94.6678,1
N111020,111020,29.7701,-94.6678,1
N111022,111022,29.8168,-94.3841,1
N111023,111023,29.8168,-94.3841,1
N111024,111024,29.8488,-94.7052,1
N111025,111025,29.856,-94.5953,1
N111026,111026,29.697,-94.6307,1
N111027,111027,29.697,-94.6307,1
N111028,111028,29.7885,-94.5219,1
N111029,111029,29.7655,-94.4211,1
N111030,111030,29.8659,-94.4042,1
N111031,111031,29.8866,-94.5351,1
N111032,111032,30.006,-95.5991,1
N111033,111033,29.9929,-95.6028,1
N111034,111034,29.9929,-95.6028,1
N111035,111035,29.9641,-95.5694,1
N111036,111036,29.9641,-95.5694,1
N111037,111037,29.9641,-95.5694,1
N111038,111038,29.9188,-95.5682,1
N111039,111039,29.9673,-95.6561,1
N111040,111040,29.9256,-95.6183,1
N111041,111041,29.9738,-95.5397,1
N111042,111042,29.9039,-95.5828,1
N111043,111043,29.9039,-95.5828,1
N111044,111044,30.014,-95.6326,1
N111045,111045,29.9317,-95.5574,1
N111046,111046,29.9317,-95.5574,1
N111047,111047,29.9632,-95.5909,1
N111048,111048,29.9415,-95.6174,1
N111049,111049,29.9415,-95.6174,1
N111050,111050,29.9811,-95.3672,1
N111051,111051,29.9578,-95.3827,1
N111052,111052,29.9578,-95.3827,1
N111053,111053,29.9859,-95.4194,1
N111054,111054,29.9859,-95.4194,1
N111055,111055,30.0638,-95.4164,1
N111056,111056,30.0638,-95.4164,1
N111057,111057,30.0203,-95.4398,1
N111058,111058,30.0203,-95.4398,1
N111059,111059,30.0491,-95.4097,1
N111060,111060,30.0089,-95.4139,1
N111061,111061,30.0438,-95.3535,1
N111062,111062,30.0438,-95.3535,1
N111063,111063,30.0438,-95.3535,1
N111064,111064,30.0438,-95.3535,1
N111065,111065,30.0779,-95.3443,1
N111066,111066,30.0098,-95.29,1
N111067,111067,30.023,-95.3839,1
N111068,111068,30.023,-95.3839,1
N111069,111069,30.023,-95.3839,1
N111070,111070,30.023,-95.3839,1
N111071,111071,30.023,-95.3839,1
N111072,111072,30.0134,-95.3067,1
N111073,111073,30.0134,-95.3067,1
N111074,111074,30.0767,-95.4464,1
N111075,111075,29.3946,-95.1525,1
N111076,111076,29.422,-95.1123,1
N111077,111077,29.4271,-95.0565,1
N111078,111078,29.3563,-95.0852,1
N111079,111079,29.3563,-95.0852,1
N111080,111080,29.3733,-95.0453,1
N111081,111081,29.3395,-95.0432,1
N111082,111082,29.4401,-95.0868,1
N111083,111083,29.4401,-95.0868,1
N111084,111084,29.3642,-95.1118,1
N111085,111085,29.39,-94.9041,1
N111086,111086,29.3737,-94.9501,1
N111087,111087,29.4778,-94.9523,1
N111088,111088,29.3658,-95.0065,1
N111089,111089,29.3658,-95.0065,1
N111090,111090,29.4081,-94.9323,1
N111091,111091,29.3725,-94.9718,1
N111092,111092,29.3306,-94.9439,1
N111093,111093,29.429,-94.9051,1
N111094,111094,29.4426,-95.0177,1
N111095,111095,29.3913,-94.9264,1
N111096,111096,29.6848,-95.2062,1
N111097,111097,29.6848,-95.2062,1
N111098,111098,29.6487,-95.223,1
N111099,111099,29.6487,-95.223,1
N111100,111100,29.6489,-95.1775,1
N111101,111101,29.6489,-95.1775,1
N111102,111102,29.6489,-95.1775,1
N111103,111103,29.6489,-95.1775,1
N111104,111104,29.6325,-95.2634,1
N111105,111105,29.6971,-95.1736,1
N111106,111106,29.6971,-95.1736,1
N111107,111107,29.6679,-95.2676,1
N111108,111108,29.6682,-95.2231,1
N111109,111109,29.7031,-95.1861,1
N111110,111110,29.7181,-95.2069,1
N111111,111111,29.6893,-95.2367,1
N111112,111112,29.6267,-95.219,1
N111113,111113,29.6969,-95.261,1
N111114,111114,29.6969,-95.261,1
N111115,111115,29.6296,-95.2908,1
N111116,111116,29.6745,-95.1717,1
N111117,111117,29.736,-95.238,1
N111118,111118,29.736,-95.238,1
N111119,111119,29.736,-95.238,1
N111120,111120,29.736,-95.238,1
N111121,111121,29.7131,-95.232,1
N111122,111122,29.6506,-95.2537,1
N111123,111123,29.6506,-95.2537,1
N111124,111124,29.6349,-95.1928,1
N111125,111125,29.6761,-94.437,1
N111126,111126,29.5461,-94.4288,1
N111127,111127,29.6358,-94.5697,1
N111128,111128,29.3549,-95.5137,1
N111129,111129,29.5176,-95.5268,1
N111130,111130,29.4945,-95.527,1
N111131,111131,29.4945,-95.527,1
N111132,111132,29.4451,-95.4629,1
N111133,111133,29.5049,-95.4294,1
N111134,111134,29.5101,-95.462,1
N111135,111135,29.5349,-95.4744,1
N111136,111136,29.5349,-95.4744,1
N111137,111137,29.4836,-95.3921,1
N111138,111138,29.4836,-95.3921,1
N111139,111139,29.3425,-95.5678,1
N111140,111140,29.3885,-95.6026,1
N111141,111141,29.3885,-95.6026,1
N111142,111142,29.5413,-95.5309,1
N111143,111143,29.4157,-95.4457,1
N111144,111144,29.4157,-95.4457,1
N111145,111145,29.4157,-95.4457,1
N111146,111146,29.4157,-95.4457,1
N111147,111147,29.7608,-95.6209,1
N111148,111148,29.7608,-95.6209,1
N111149,111149,29.6804,-95.6159,1
N111150,111150,29.6934,-95.5502,1
N111151,111151,29.6934,-95.5502,1
N111152,111152,29.7419,-95.6312,1
N111153,111153,29.7065,-95.6638,1
N111154,111154,29.7402,-95.5762,1
N111155,111155,29.7402,-95.5762,1
N111156,111156,29.7062,-95.5817,1
N111157,111157,29.7062,-95.5817,1
N111158,111158,29.7062,-95.5817,1
N111159,111159,29.7062,-95.5817,1
N111160,111160,29.6717,-95.5889,1
N111161,111161,29.6717,-95.5889,1
N111162,111162,29.7355,-95.5761,1
N111163,111163,29.6874,-95.5713,1
N111164,111164,29.7174,-95.6115,1
N111165,111165,29.6551,-95.5929,1
N111166,111166,29.7638,-95.6104,1
N111167,111167,29.6944,-95.6847,1
N111168,111168,29.6944,-95.6847,1
N111169,111169,29.6616,-95.6709,1
N111170,111170,29.6616,-95.6709,1
N111171,111171,29.703,-95.6407,1
N111172,111172,29.703,-95.6407,1
N111173,111173,29.703,-95.6407,1
N111174,111174,29.7181,-95.614,1
N111175,111175,29.7181,-95.614,1
N111176,111176,29.6734,-95.641,1
N111177,111177,29.6734,-95.641,1
N111178,111178,30.5293,-95.4764,1
N111179,111179,29.7501,-94.9256,1
N111180,111180,29.7501,-94.9256,1
N111181,111181,29.7501,-94.9256,1
N111182,111182,29.8222,-95.2194,1
N111183,111183,29.8222,-95.2194,1
N111184,111184,29.8222,-95.2194,1
N111185,111185,29.8222,-95.2194,1
N111186,111186,29.8222,-95.2194,1
N111187,111187,29.8222,-95.2194,1
N111188,111188,29.8222,-95.2194,1
N111189,111189,29.9418,-95.5306,1
N111190,111190,29.9418,-95.5306,1
N111191,111191,29.9418,-95.5306,1
N111192,111192,29.9418,-95.5306,1
N111193,111193,29.9418,-95.5306,1
N111194,111194,29.9418,-95.5306,1
N111195,111195,29.9418,-95.5306,1
N111196,111196,29.9418,-95.5306,1
N111197,111197,29.9418,-95.5306,1
N111198,111198,29.9418,-95.5306,1
N111199,111199,29.9418,-95.5306,1
N111200,111200,29.9418,-95.5306,1
N111201,111201,29.9418,-95.5306,1
N111202,111202,29.9418,-95.5306,1
N111203,111203,29.9418,-95.5306,1
N111204,111204,29.9418,-95.5306,1
N111205,111205,29.9418,-95.5306,1
N111206,111206,29.9418,-95.5306,1
N111207,111207,29.4829,-95.6311,1
N111208,111208,29.4829,-95.6311,1
N111209,111209,29.4829,-95.6311,1
N111210,111210,29.4829,-95.6311,1
N111211,111211,29.4829,-95.6311,1
N111212,111212,29.4829,-95.6311,1
N111213,111213,29.4829,-95.6311,1
N111214,111214,29.4829,-95.6311,1
N111215,111215,29.4829,-95.6311,1
N111216,111216,28.795,-96.0481,1
N111217,111217,28.795,-96.0481,1
N111218,111218,28.795,-96.0481,1
N111219,111219,29.6949,-95.0406,1
N111220,111220,29.6949,-95.0406,1
N111221,111221,29.6949,-95.0406,1
N111222,111222,29.2294,-95.1952,1
N111223,111223,29.2294,-95.1952,1
N111224,111224,29.8247,-94.9197,1
N111225,111225,29.8247,-94.9197,1
N111226,111226,29.8247,-94.9197,1
N111227,111227,29.8247,-94.9197,1
N111228,111228,29.8247,-94.9197,1
N111229,111229,29.8247,-94.9197,1
N111230,111230,29.6226,-95.0458,1
N111231,111231,29.6226,-95.0458,1
N111232,111232,29.6226,-95.0458,1
N111233,111233,29.6226,-95.0458,1
N111234,111234,29.6226,-95.0458,1
N111235,111235,29.2559,-95.2103,1
N111236,111236,29.2559,-95.2103,1
N111237,111237,29.2559,-95.2103,1
N111238,111238,29.2559,-95.2103,1
N111239,111239,29.2559,-95.2103,1
N111240,111240,29.7535,-94.9973,1
N111241,111241,29.7535,-94.9973,1
N111242,111242,29.7535,-94.9973,1
N111243,111243,29.7535,-94.9973,1
N111244,111244,29.7535,-94.9973,1
N111245,111245,29.7592,-95.0096,1
N111246,111246,29.7592,-95.0096,1
N111247,111247,29.7592,-95.0096,1
N111248,111248,29.7592,-95.0096,1
N111249,111249,29.7592,-95.0096,1
N111250,111250,29.7314,-95.0839,1
N111251,111251,29.7314,-95.0839,1
N111252,111252,29.7314,-95.0839,1
N111253,111253,29.7314,-95.0839,1
N111254,111254,29.7314,-95.0839,1
N111255,111255,29.7211,-95.3954,1
N111256,111256,29.7211,-95.3954,1
N111257,111257,29.7211,-95.3954,1
N111258,111258,29.7211,-95.3954,1
N111259,111259,29.2639,-95.8997,1
N111260,111260,29.2639,-95.8997,1
N111261,111261,29.3762,-94.9465,1
N111262,111262,29.3762,-94.9465,1
N111263,111263,29.6981,-95.2547,1
N111264,111264,29.6981,-95.2547,1
N111265,111265,29.7232,-95.1289,1
N111266,111266,29.7232,-95.1289,1
N111267,111267,29.7232,-95.1289,1
N111268,111268,29.7232,-95.1289,1
N111269,111269,29.8162,-95.1077,1
N111270,111270,29.8162,-95.1077,1
N111271,111271,29.8162,-95.1077,1
N111272,111272,29.8162,-95.1077,1
N111273,111273,29.8162,-95.1077,1
N111274,111274,29.8162,-95.1077,1
N111275,111275,29.8162,-95.1077,1
N111276,111276,29.8162,-95.1077,1
N111277,111277,29.7198,-95.2706,1
N111278,111278,29.7198,-95.2706,1
N111279,111279,29.3787,-94.9438,1
N111280,111280,29.3787,-94.9438,1
N111281,111281,29.3787,-94.9438,1
N111282,111282,29.3787,-94.9438,1
N111283,111283,29.3787,-94.9438,1
N111284,111284,28.9914,-95.4075,1
N111285,111285,28.9914,-95.4075,1
N111286,111286,28.9914,-95.4075,1
N111287,111287,28.9914,-95.4075,1
N111288,111288,28.9914,-95.4075,1
N111289,111289,28.9914,-95.4075,1
N111290,111290,28.9914,-95.4075,1
N111291,111291,28.9914,-95.4075,1
N111292,111292,28.9914,-95.4075,1
N111293,111293,29.3782,-94.922,1
N111294,111294,29.3782,-94.922,1
N111295,111295,29.3782,-94.922,1
N111296,111296,29.3782,-94.922,1
N111297,111297,29.3782,-94.922,1
N111298,111298,29.7261,-95.6382,1
N111299,111299,29.7261,-95.6382,1
N111300,111300,28.9802,-95.342,1
N111301,111301,28.9802,-95.342,1
N111302,111302,28.9802,-95.342,1
N111303,111303,28.9802,-95.342,1
N111304,111304,28.9802,-95.342,1
N111305,111305,29.0728,-95.745,1
N111306,111306,29.0728,-95.745,1
N111307,111307,29.0728,-95.745,1
N111308,111308,29.0728,-95.745,1
N111309,111309,29.0728,-95.745,1
N111310,111310,29.7248,-95.1765,1
N111311,111311,29.7248,-95.1765,1
N111312,111312,29.7248,-95.1765,1
N111313,111313,29.7248,-95.1765,1
N111314,111314,29.7248,-95.1765,1
N111315,111315,29.7248,-95.1765,1
N111316,111316,29.7248,-95.1765,1
N111317,111317,29.837,-95.1217,1
N111318,111318,29.837,-95.1217,1
N111319,111319,29.837,-95.1217,1
N111320,111320,29.837,-95.1217,1
N111321,111321,29.837,-95.1217,1
N111322,111322,29.837,-95.1217,1
N111323,111323,29.7189,-95.2319,1
N111324,111324,29.7189,-95.2319,1
N111325,111325,29.7189,-95.2319,1
N111326,111326,29.7189,-95.2319,1
N111327,111327,29.7189,-95.2319,1
N111328,111328,29.002,-95.394,1
N111329,111329,29.002,-95.394,1
N111330,111330,29.002,-95.394,1
N111331,111331,29.002,-95.394,1
N111332,111332,29.7732,-94.9019,1
N111333,111333,29.7732,-94.9019,1
N111334,111334,29.7732,-94.9019,1
N111335,111335,29.7732,-94.9019,1
N111336,111336,29.7732,-94.9019,1
N111337,111337,29.4731,-95.6244,1
N111338,111338,29.4731,-95.6244,1
N111339,111339,29.4731,-95.6244,1
N111340,111340,29.4731,-95.6244,1
N111341,111341,29.4731,-95.6244,1
N111342,111342,29.7029,-95.0718,1
N111343,111343,29.7029,-95.0718,1
N111344,111344,29.7029,-95.0718,1
N111345,111345,29.7029,-95.0718,1
N111346,111346,29.7134,-95.1345,1
N111347,111347,29.7134,-95.1345,1
N111348,111348,29.7134,-95.1345,1
N111349,111349,29.7134,-95.1345,1
N111350,111350,29.7134,-95.1345,1
N111351,111351,29.7134,-95.1345,1
N111352,111352,29.7134,-95.1345,1
N111353,111353,29.3781,-94.9328,1
N111354,111354,29.3781,-94.9328,1
N111355,111355,29.3781,-94.9328,1
N111356,111356,29.3781,-94.9328,1
N111357,111357,29.3781,-94.9328,1
N111358,111358,29.3781,-94.9328,1
N111359,111359,28.9888,-95.3954,1
N111360,111360,28.9888,-95.3954,1
N111361,111361,28.9888,-95.3954,1
N111362,111362,29.2878,-96.0683,1
N111363,111363,29.2878,-96.0683,1
N111364,111364,29.2878,-96.0683,1
N111365,111365,29.2878,-96.0683,1
N111366,111366,29.2878,-96.0683,1
N111367,111367,29.2878,-96.0683,1
N111368,111368,29.2878,-96.0683,1
N111369,111369,29.2878,-96.0683,1
N111370,111370,29.7516,-94.9231,1
N111371,111371,29.7516,-94.9231,1
N111372,111372,29.7516,-94.9231,1
N111373,111373,29.7516,-94.9231,1
N111374,111374,29.7516,-94.9231,1
N111375,111375,29.8382,-94.9007,1
N111376,111376,29.8382,-94.9007,1
N111377,111377,29.7035,-95.3983,1
N111378,111378,29.7035,-95.3983,1
N111379,111379,29.7233,-95.2103,1
N111380,111380,29.7233,-95.2103,1
N111381,111381,29.4753,-95.6342,1
N111382,111382,29.4753,-95.6342,1
N111383,111383,29.7395,-95.1947,1
N111384,111384,29.7395,-95.1947,1
N111385,111385,28.9792,-95.3069,1
N111386,111386,28.9792,-95.3069,1
N111387,111387,29.7095,-95.4003,1
N111388,111388,29.7095,-95.4003,1
N111389,111389,29.2894,-96.0654,1
N111390,111390,29.2894,-96.0654,1
N111391,111391,29.2894,-96.0654,1
N111392,111392,29.2894,-96.0654,1
N111393,111393,29.4924,-94.9848,1
N111394,111394,29.4924,-94.9848,1
N111395,111395,29.4924,-94.9848,1
N111396,111396,29.4924,-94.9848,1
N111397,111397,29.4924,-94.9848,1
N111398,111398,29.4924,-94.9848,1
N111399,111399,29.4924,-94.9848,1
N111400,111400,29.4924,-94.9848,1
N111401,111401,29.8833,-95.1113,1
N111402,111402,29.8833,-95.1113,1
N111403,111403,29.6473,-95.4515,1
N111404,111404,29.6473,-95.4515,1
N111405,111405,29.7408,-96.1599,1
N111406,111406,29.7408,-96.1599,1
N111407,111407,29.6314,-96.0769,1
N111408,111408,29.6314,-96.0769,1
N111409,111409,29.5376,-95.9695,1
N111410,111410,29.5376,-95.9695,1
N111411,111411,29.2054,-96.0234,1
N111412,111412,29.2054,-96.0234,1
N111413,111413,29.5624,-95.0893,1
N111414,111414,29.5624,-95.0893,1
N111415,111415,29.5624,-95.0893,1
N111416,111416,29.5624,-95.0893,1
N120001,120001,29.253,-99.7543,1
N120002,120002,29.4332,-99.4944,1
N120003,120003,29.2708,-100.236,1
N120004,120004,29.4109,-100.519,1
N120005,120005,29.5432,-100.306,1
N120006,120006,29.5501,-99.9883,1
N120007,120007,29.2943,-99.7595,1
N120008,120008,29.7304,-99.7704,1
N120009,120009,29.8323,-99.749,1
N120010,120010,29.2263,-99.5357,1
N120011,120011,29.1637,-99.8407,1
N120012,120012,30.4018,-99.4552,1
N120013,120013,28.4325,-98.4239,1
N120014,120014,28.6568,-98.1172,1
N120015,120015,28.8906,-99.7061,1
N120016,120016,29.0251,-99.9343,1
N120017,120017,29.2606,-98.8449,1
N120018,120018,29.0591,-98.5152,1
N120019,120019,28.9869,-98.4317,1
N120020,120020,28.862,-98.2766,1
N120021,120021,28.8268,-98.5543,1
N120022,120022,29.477,-98.8794,1
N120023,120023,29.3994,-99.1746,1
N120024,120024,29.2393,-99.3373,1
N120025,120025,29.3113,-99.1927,1
N120026,120026,29.3594,-99.0868,1
N120027,120027,29.1651,-99.1477,1
N120028,120028,28.9842,-99.1397,1
N120029,120029,29.0747,-99.2574,1
N120030,120030,29.3555,-98.9743,1
N120031,120031,29.448,-98.8307,1
N120032,120032,29.448,-98.8307,1
N120033,120033,29.199,-98.9404,1
N120034,120034,29.2147,-98.9248,1
N120035,120035,29.1626,-99.0439,1
N120036,120036,29.1815,-98.7045,1
N120037,120037,29.1076,-98.806,1
N120038,120038,29.0784,-98.9193,1
N120039,120039,29.0684,-99.1485,1
N120040,120040,28.9643,-98.9497,1
N120041,120041,28.9959,-98.7,1
N120042,120042,29.1288,-98.6324,1
N120043,120043,29.1246,-98.5075,1
N120044,120044,28.9561,-98.6787,1
N120045,120045,28.9709,-98.559,1
N120046,120046,28.8318,-99.3822,1
N120047,120047,28.8305,-99.0804,1
N120048,120048,28.8653,-99.2475,1
N120049,120049,28.7111,-99.2439,1
N120050,120050,28.752,-99.0602,1
N120051,120051,28.6671,-99.1384,1
N120052,120052,28.7909,-98.783,1
N120053,120053,28.8342,-98.4782,1
N120054,120054,28.7795,-98.653,1
N120055,120055,28.6914,-98.5763,1
N120056,120056,29.0161,-98.3873,1
N120057,120057,28.7566,-98.1958,1
N120058,120058,29.0278,-98.7997,1
N120059,120059,29.126,-98.7495,1
N120060,120060,28.7228,-98.9239,1
N120061,120061,28.9018,-98.3866,1
N120062,120062,28.6657,-98.738,1
N120063,120063,28.6712,-98.3753,1
N120064,120064,29.3686,-99.3556,1
N120065,120065,28.7109,-98.4711,1
N120066,120066,29.239,-98.7739,1
N120067,120067,28.8926,-99.1237,1
N120068,120068,28.9472,-99.3762,1
N120069,120069,29.4095,-99.0782,1
N120070,120070,29.4274,-99.2166,1
N120071,120071,28.7422,-99.3192,1
N120072,120072,29.1668,-99.2507,1
N120073,120073,28.8795,-98.9065,1
N120074,120074,29.9802,-98.4781,1
N120075,120075,30.3555,-99.0642,1
N120076,120076,30.3745,-98.792,1
N120077,120077,30.2696,-98.9267,1
N120078,120078,30.3457,-98.8874,1
N120079,120079,30.2053,-98.9475,1
N120080,120080,30.1954,-98.8003,1
N120081,120081,30.1689,-98.6915,1
N120082,120082,30.0708,-98.8683,1
N120083,120083,29.89,-98.7097,1
N120084,120084,29.9783,-98.7069,1
N120085,120085,29.8733,-98.5538,1
N120086,120086,29.7899,-98.659,1
N120087,120087,30.4601,-98.9503,1
N120088,120088,30.4379,-99.108,1
N120089,120089,30.2285,-98.843,1
N120090,120090,30.3351,-98.9919,1
N120091,120091,29.9913,-99.1325,1
N120092,120092,29.8827,-98.846,1
N120093,120093,30.1347,-99.3331,1
N120094,120094,30.2779,-99.1695,1
N120095,120095,30.2453,-99.3282,1
N120096,120096,30.1953,-99.1871,1
N120097,120097,30.1135,-99.0859,1
N120098,120098,30.0791,-99.5427,1
N120099,120099,30.179,-99.48,1
N120100,120100,30.0343,-99.3835,1
N120101,120101,29.9629,-99.3158,1
N120103,120103,29.8435,-99.3063,1
N120104,120104,29.7836,-99.1099,1
N120105,120105,29.699,-99.5276,1
N120106,120106,29.761,-99.1679,1
N120107,120107,29.5482,-99.1244,1
N120108,120108,29.6511,-99.2669,1
N120109,120109,29.9383,-98.9717,1
N120110,120110,29.8738,-98.8433,1
N120111,120111,29.7607,-98.9707,1
N120112,120112,29.6832,-98.9139,1
N120113,120113,29.7468,-98.8003,1
N120114,120114,29.6212,-99.053,1
N120115,120115,29.5768,-98.8778,1
N120116,120116,30.1136,-99.7228,1
N120117,120117,29.9903,-99.6612,1
N120118,120118,29.8982,-99.1269,1
N120119,120119,30.277,-99.5651,1
N120120,120120,30.0349,-99.1963,1
N120121,120121,29.6306,-99.4037,1
N120122,120122,29.492,-99.2979,1
N120123,120123,29.8709,-99.4239,1
N120124,120124,30.3545,-99.2017,1
N120125,120125,29.7508,-99.352,1
N120126,120126,29.4186,-99.4001,1
N120127,120127,29.9207,-98.8477,1
N120128,120128,30.1895,-99.3718,1
N120129,120129,29.5579,-99.1991,1
N120130,120130,29.3324,-98.1356,1
N120131,120131,29.2339,-98.2442,1
N120132,120132,29.2931,-98.2106,1
N120133,120133,29.2238,-98.1188,1
N120134,120134,29.2768,-97.9772,1
N120135,120135,29.1189,-98.3319,1
N120136,120136,29.077,-98.2283,1
N120137,120137,29.0775,-98.0518,1
N120138,120138,28.958,-98.0069,1
N120139,120139,28.9907,-98.0861,1
N120140,120140,29.146,-97.9394,1
N120141,120141,28.9995,-97.946,1
N120142,120142,28.8579,-98.033,1
N120143,120143,28.9043,-98.1785,1
N120144,120144,28.9818,-98.2596,1
N120145,120145,29.1321,-98.19,1
N120146,120146,29.414,-98.1436,1
N120147,120147,29.7949,-98.7087,1
N120148,120148,29.7988,-98.7376,1
N120149,120149,29.7988,-98.7376,1
N120150,120150,29.7649,-98.7066,1
N120151,120151,30.0573,-99.1454,1
N120152,120152,30.0573,-99.1454,1
N120153,120153,30.0242,-99.1361,1
N120154,120154,29.8247,-98.754,1
N120155,120155,30.3001,-99.2513,1
N120156,120156,30.0952,-99.1574,1
N120157,120157,30.2853,-98.8766,1
N120158,120158,30.2737,-98.8727,1
N120159,120159,30.2493,-98.8326,1
N120160,120160,30.0726,-99.29,1
N120161,120161,30.0791,-99.2095,1
N120162,120162,30.0352,-99.1491,1
N120163,120163,29.9742,-99.1197,1
N120164,120164,29.9509,-98.9741,1
N120165,120165,29.9748,-98.9056,1
N120166,120166,29.8716,-98.622,1
N120167,120167,29.8047,-98.6213,1
N120168,120168,29.732,-99.0534,1
N120169,120169,29.709,-99.0545,1
N120170,120170,29.7201,-98.9442,1
N120171,120171,29.6217,-98.9464,1
N120172,120172,29.5725,-98.9468,1
N120173,120173,29.7996,-99.2478,1
N120174,120174,29.22,-98.8188,1
N120175,120175,28.8968,-99.0937,1
N120176,120176,28.6704,-99.1702,1
N120177,120177,29.1459,-98.9037,1
N120178,120178,29.3258,-99.2847,1
N120179,120179,29.3462,-99.1568,1
N120180,120180,29.3959,-98.8568,1
N120181,120181,29.1963,-98.858,1
N120182,120182,29.0592,-99.0074,1
N120183,120183,29.0957,-98.5871,1
N120184,120184,29.0342,-98.5849,1
N120185,120185,29.0224,-98.5213,1
N120186,120186,28.9293,-98.5293,1
N120187,120187,28.9644,-98.4827,1
N120188,120188,28.8594,-98.7066,1
N120189,120189,29.3352,-98.877,1
N120190,120190,28.9513,-97.7606,1
N120191,120191,28.7856,-97.9005,1
N120192,120192,28.8423,-97.7616,1
N120193,120193,28.7391,-97.7482,1
N120194,120194,28.5996,-98.016,1
N120195,120195,28.6773,-97.9244,1
N120196,120196,28.8673,-97.6481,1
N120197,120197,29.1367,-98.1573,1
N120198,120198,28.8484,-97.8739,1
N120199,120199,28.8484,-97.8739,1
N120200,120200,29.6583,-98.5997,1
N120201,120201,29.6853,-98.6866,1
N120202,120202,29.7562,-98.6195,1
N120203,120203,29.6858,-98.6454,1
N120204,120204,29.6279,-98.7069,1
N120205,120205,29.6426,-98.6206,1
N120206,120206,29.6426,-98.6206,1
N120207,120207,29.6426,-98.6206,1
N120208,120208,29.6426,-98.6206,1
N120209,120209,29.6275,-98.6576,1
N120210,120210,29.6406,-98.7751,1
N120211,120211,29.7249,-98.6546,1
N120212,120212,29.7249,-98.6546,1
N120213,120213,29.2531,-98.4933,1
N120214,120214,29.2529,-98.4276,1
N120215,120215,29.2492,-98.3364,1
N120216,120216,29.1839,-98.4115,1
N120217,120217,29.1629,-98.4646,1
N120218,120218,29.2006,-98.4907,1
N120219,120219,29.2151,-98.6278,1
N120220,120220,29.2676,-98.4759,1
N120221,120221,29.2158,-98.5777,1
N120222,120222,29.2563,-98.5392,1
N120223,120223,29.2563,-98.5392,1
N120224,120224,29.2756,-98.5332,1
N120225,120225,29.5944,-98.3987,1
N120226,120226,29.5219,-98.4446,1
N120227,120227,29.5471,-98.4075,1
N120228,120228,29.5471,-98.4075,1
N120229,120229,29.5261,-98.4067,1
N120230,120230,29.5901,-98.4461,1
N120231,120231,29.559,-98.468,1
N120232,120232,29.5049,-98.4484,1
N120233,120233,29.5731,-98.4254,1
N120234,120234,29.5826,-98.3779,1
N120235,120235,29.5703,-98.3658,1
N120236,120236,29.5703,-98.3658,1
N120237,120237,29.5592,-98.4063,1
N120238,120238,29.5579,-98.3626,1
N120239,120239,29.5783,-98.4657,1
N120240,120240,29.5783,-98.4657,1
N120241,120241,29.5055,-98.4573,1
N120242,120242,29.5055,-98.4573,1
N120243,120243,29.5229,-98.4136,1
N120244,120244,29.3067,-98.7604,1
N120245,120245,29.4331,-98.6792,1
N120246,120246,29.4331,-98.6792,1
N120247,120247,29.4266,-98.6443,1
N120248,120248,29.4387,-98.7522,1
N120249,120249,29.4387,-98.7522,1
N120250,120250,29.2859,-98.7281,1
N120251,120251,29.4326,-98.6943,1
N120252,120252,29.4007,-98.7038,1
N120253,120253,29.4007,-98.7038,1
N120254,120254,29.3727,-98.6326,1
N120255,120255,29.2846,-98.6936,1
N120256,120256,29.2436,-98.6886,1
N120257,120257,29.4019,-98.7516,1
N120258,120258,29.4112,-98.6394,1
N120259,120259,29.4112,-98.6394,1
N120260,120260,29.3715,-98.6345,1
N120261,120261,29.3715,-98.6345,1
N120262,120262,29.4736,-98.5375,1
N120263,120263,29.4354,-98.4991,1
N120264,120264,29.4248,-98.5138,1
N120265,120265,29.4363,-98.5638,1
N120266,120266,29.4797,-98.5202,1
N120267,120267,29.4514,-98.4955,1
N120268,120268,29.4329,-98.5287,1
N120269,120269,29.4329,-98.5287,1
N120270,120270,29.4576,-98.4638,1
N120271,120271,29.4975,-98.572,1
N120272,120272,29.4764,-98.5828,1
N120273,120273,29.4276,-98.5813,1
N120274,120274,29.4572,-98.5314,1
N120275,120275,29.4695,-98.4974,1
N120276,120276,29.4695,-98.4974,1
N120277,120277,29.4978,-98.535,1
N120278,120278,29.4978,-98.535,1
N120279,120279,29.4563,-98.5971,1
N120280,120280,29.4563,-98.5971,1
N120281,120281,29.4641,-98.5639,1
N120282,120282,29.5052,-98.4889,1
N120283,120283,29.485,-98.4614,1
N120284,120284,29.445,-98.5472,1
N120285,120285,29.4991,-98.511,1
N120286,120286,29.4198,-98.5395,1
N120287,120287,29.4293,-98.4832,1
N120288,120288,29.4293,-98.4832,1
N120289,120289,29.8031,-98.415,1
N120290,120290,29.8031,-98.415,1
N120291,120291,29.8156,-98.3548,1
N120292,120292,29.8967,-98.4206,1
N120293,120293,29.8967,-98.4206,1
N120294,120294,29.8455,-98.4234,1
N120295,120295,29.7522,-98.3804,1
N120296,120296,29.747,-98.3065,1
N120297,120297,29.7819,-98.516,1
N120298,120298,29.7722,-98.4587,1
N120299,120299,29.8928,-98.4586,1
N120300,120300,29.5741,-98.6912,1
N120301,120301,29.4894,-98.7156,1
N120302,120302,29.5047,-98.7561,1
N120303,120303,29.5047,-98.7561,1
N120304,120304,29.5549,-98.6348,1
N120305,120305,29.5162,-98.602,1
N120306,120306,29.4946,-98.6436,1
N120307,120307,29.464,-98.6526,1
N120308,120308,29.5518,-98.779,1
N120309,120309,29.4871,-98.6709,1
N120310,120310,29.4871,-98.6709,1
N120311,120311,29.5098,-98.6151,1
N120312,120312,29.5098,-98.6151,1
N120313,120313,29.5098,-98.6151,1
N120314,120314,29.5098,-98.6151,1
N120315,120315,29.5336,-98.695,1
N120316,120316,29.5336,-98.695,1
N120317,120317,29.5631,-98.6502,1
N120318,120318,29.5631,-98.6502,1
N120319,120319,29.5257,-98.6532,1
N120320,120320,29.5257,-98.6532,1
N120321,120321,29.5049,-98.6863,1
N120322,120322,29.5049,-98.6863,1
N120323,120323,29.475,-98.6179,1
N120324,120324,29.4097,-98.4654,1
N120325,120325,29.4349,-98.4582,1
N120326,120326,29.3712,-98.4601,1
N120327,120327,29.3712,-98.4601,1
N120328,120328,29.4018,-98.405,1
N120329,120329,29.4018,-98.405,1
N120330,120330,29.3209,-98.4176,1
N120331,120331,29.3209,-98.4176,1
N120332,120332,29.3843,-98.3608,1
N120333,120333,29.3925,-98.4498,1
N120334,120334,29.3777,-98.4554,1
N120335,120335,29.2959,-98.357,1
N120336,120336,29.3631,-98.4249,1
N120337,120337,29.3631,-98.4249,1
N120338,120338,29.4341,-98.4027,1
N120339,120339,29.4341,-98.4027,1
N120340,120340,29.4308,-98.4535,1
N120341,120341,29.4308,-98.4535,1
N120342,120342,29.4182,-98.4888,1
N120343,120343,29.3769,-98.2836,1
N120344,120344,29.4745,-98.1998,1
N120345,120345,29.3837,-98.2494,1
N120346,120346,29.435,-98.0944,1
N120347,120347,29.4073,-98.195,1
N120348,120348,29.3129,-98.2904,1
N120349,120349,29.4639,-98.2413,1
N120350,120350,29.3798,-98.006,1
N120351,120351,29.6957,-98.4908,1
N120352,120352,29.6957,-98.4908,1
N120353,120353,29.6957,-98.4908,1
N120354,120354,29.6957,-98.4908,1
N120355,120355,29.6957,-98.4908,1
N120356,120356,29.6515,-98.4364,1
N120357,120357,29.6515,-98.4364,1
N120358,120358,29.6515,-98.4364,1
N120359,120359,29.6515,-98.4364,1
N120360,120360,29.6363,-98.4356,1
N120361,120361,29.6723,-98.4939,1
N120362,120362,29.6527,-98.4921,1
N120363,120363,29.6114,-98.4868,1
N120364,120364,29.6114,-98.4868,1
N120365,120365,29.69,-98.4443,1
N120366,120366,29.6298,-98.4976,1
N120367,120367,29.6585,-98.4543,1
N120368,120368,29.5274,-98.4995,1
N120369,120369,29.5444,-98.5058,1
N120370,120370,29.5444,-98.5058,1
N120371,120371,29.5211,-98.5767,1
N120372,120372,29.5211,-98.5767,1
N120373,120373,29.5416,-98.5899,1
N120374,120374,29.5608,-98.598,1
N120375,120375,29.5608,-98.598,1
N120376,120376,29.5821,-98.5639,1
N120377,120377,29.5889,-98.6121,1
N120378,120378,29.6079,-98.5336,1
N120379,120379,29.5898,-98.5212,1
N120380,120380,29.5758,-98.5246,1
N120381,120381,29.5758,-98.5246,1
N120382,120382,29.5623,-98.5472,1
N120383,120383,29.545,-98.564,1
N120384,120384,29.5446,-98.5275,1
N120385,120385,29.5816,-98.4988,1
N120386,120386,29.5226,-98.5412,1
N120387,120387,29.5091,-98.3768,1
N120388,120388,29.4685,-98.3691,1
N120389,120389,29.488,-98.3202,1
N120390,120390,29.5198,-98.3081,1
N120391,120391,29.5198,-98.3081,1
N120392,120392,29.4696,-98.3477,1
N120393,120393,29.4922,-98.4171,1
N120394,120394,29.5262,-98.3467,1
N120395,120395,29.4756,-98.2992,1
N120396,120396,29.4828,-98.3903,1
N120397,120397,29.4828,-98.3903,1
N120398,120398,29.5414,-98.3537,1
N120399,120399,29.5414,-98.3537,1
N120400,120400,29.3916,-98.5708,1
N120401,120401,29.4046,-98.5491,1
N120402,120402,29.4046,-98.5491,1
N120403,120403,29.3169,-98.5625,1
N120404,120404,29.3169,-98.5625,1
N120405,120405,29.3928,-98.5003,1
N120406,120406,29.3416,-98.5033,1
N120407,120407,29.3416,-98.5033,1
N120408,120408,29.3529,-98.5963,1
N120409,120409,29.3702,-98.5015,1
N120410,120410,29.3134,-98.475,1
N120411,120411,29.3833,-98.5255,1
N120412,120412,29.3833,-98.5255,1
N120413,120413,29.3576,-98.5519,1
N120414,120414,29.3325,-98.5221,1
N120415,120415,29.586,-98.2916,1
N120416,120416,29.586,-98.2916,1
N120417,120417,29.586,-98.2916,1
N120418,120418,29.6344,-98.3096,1
N120419,120419,29.6344,-98.3096,1
N120420,120420,29.5745,-98.2156,1
N120421,120421,29.6156,-98.2398,1
N120422,120422,29.5458,-98.2758,1
N120423,120423,29.5568,-98.3068,1
N120424,120424,29.5191,-98.2006,1
N120425,120425,29.6877,-98.2959,1
N120426,120426,29.582,-98.3301,1
N120427,120427,29.5837,-98.2549,1
N120428,120428,29.5837,-98.2549,1
N120429,120429,29.5666,-98.2712,1
N120430,120430,29.6084,-98.2246,1
N120431,120431,29.6094,-98.2709,1
N120432,120432,29.6132,-98.3282,1
N120433,120433,29.3525,-98.5761,1
N120434,120434,29.3525,-98.5761,1
N120435,120435,29.3525,-98.5761,1
N120436,120436,29.3525,-98.5761,1
N120437,120437,29.3081,-98.3242,1
N120438,120438,29.3081,-98.3242,1
N120439,120439,29.3081,-98.3242,1
N120440,120440,29.2567,-98.3825,1
N120441,120441,29.2567,-98.3825,1
N120442,120442,29.2567,-98.3825,1
N120443,120443,29.2567,-98.3825,1
N120444,120444,29.2567,-98.3825,1
N120445,120445,29.2567,-98.3825,1
N120446,120446,29.2567,-98.3825,1
N120447,120447,28.9276,-99.0919,1
N120448,120448,28.9276,-99.0919,1
N120449,120449,28.9276,-99.0919,1
N120450,120450,28.9276,-99.0919,1
N120451,120451,28.9276,-99.0919,1
N120452,120452,28.9276,-99.0919,1
N120453,120453,28.9276,-99.0919,1
N120454,120454,28.9276,-99.0919,1
N120455,120455,28.9276,-99.0919,1
N120456,120456,28.9276,-99.0919,1
N120457,120457,28.9276,-99.0919,1
N120458,120458,28.9276,-99.0919,1
N120459,120459,28.9276,-99.0919,1
N120460,120460,28.9276,-99.0919,1
N120461,120461,28.9276,-99.0919,1
N120462,120462,29.3081,-98.3228,1
N120463,120463,29.3081,-98.3228,1
N120464,120464,29.3081,-98.3228,1
N120466,120466,28.7045,-98.4775,1
N120467,120467,28.7045,-98.4775,1
N120468,120468,29.3098,-98.3203,1
N120469,120469,29.3098,-98.3203,1
N120470,120470,29.3098,-98.3203,1
N120471,120471,29.2571,-98.384,1
N120472,120472,29.2571,-98.384,1
N120473,120473,29.2571,-98.384,1
N120474,120474,29.2571,-98.384,1
N120475,120475,29.429,-98.3433,1
N120476,120476,29.429,-98.3433,1
N120477,120477,29.429,-98.3433,1
N120478,120478,29.429,-98.3433,1
N120479,120479,29.429,-98.3433,1
N120480,120480,29.429,-98.3433,1
N120481,120481,29.429,-98.3433,1
N120482,120482,29.3468,-98.6536,1
N120483,120483,29.3468,-98.6536,1
N120484,120484,29.3468,-98.6536,1
N120485,120485,29.3468,-98.6536,1
N120486,120486,29.3468,-98.6536,1
N120487,120487,29.3468,-98.6536,1
N120488,120488,29.3468,-98.6536,1
N120489,120489,29.3042,-98.4003,1
N120490,120490,29.3042,-98.4003,1
N120492,120492,29.2348,-100.2092,1
N120493,120493,29.2348,-100.2092,1
N120494,120494,29.222,-98.6692,1
N120495,120495,29.222,-98.6692,1
N120496,120496,29.222,-98.6692,1
N120497,120497,29.245,-98.4183,1
N120498,120498,29.245,-98.4183,1
N120499,120499,29.245,-98.4183,1
N120500,120500,29.245,-98.4183,1
N120501,120501,29.2717,-98.4447,1
N120502,120502,29.2717,-98.4447,1
N120503,120503,29.2717,-98.4447,1
N120504,120504,29.4695,-98.3319,1
N120505,120505,29.4695,-98.3319,1
N120506,120506,29.3289,-100.3839,1
N120507,120507,29.3289,-100.3839,1
N120508,120508,29.4792,-98.2972,1
N120509,120509,29.4792,-98.2972,1
N120511,120511,29.2167,-99.7161,1
N120512,120512,29.2167,-99.7161,1
N120513,120513,29.3301,-98.66,1
N120514,120514,29.3301,-98.66,1
N120515,120515,29.3301,-98.66,1
N120516,120516,29.3301,-98.66,1
N120517,120517,29.3781,-98.2692,1
N120518,120518,29.3781,-98.2692,1
N120519,120519,29.6811,-99.7622,1
N120520,120520,29.6811,-99.7622,1
N120521,120521,29.4801,-98.25,1
N120522,120522,29.4801,-98.25,1
N120523,120523,29.4345,-98.6177,1
N120524,120524,29.4345,-98.6177,1
N120525,120525,29.4345,-98.6177,1
N120526,120526,29.4345,-98.6177,1
N130001,130001,32.483,-96.0992,1
N130002,130002,32.6359,-96.315,1
N130003,130003,32.5717,-96.1977,1
N130004,130004,32.1818,-96.3815,1
N130005,130005,32.3458,-96.7603,1
N130006,130006,32.0154,-96.3156,1
N130007,130007,32.4358,-96.5865,1
N130008,130008,31.9777,-96.6983,1
N130009,130009,31.8643,-96.7043,1
N130010,130010,32.0371,-96.5547,1
N130011,130011,31.9488,-96.3799,1
N130012,130012,32.517,-96.3856,1
N130013,130013,32.5043,-96.2591,1
N130014,130014,32.5331,-96.712,1
N130015,130015,32.2303,-96.7032,1
N130016,130016,32.2808,-96.5755,1
N130017,130017,32.4166,-96.3999,1
N130018,130018,32.3486,-96.5338,1
N130019,130019,32.3416,-96.2815,1
N130020,130020,32.1293,-96.7823,1
N130021,130021,32.1862,-96.802,1
N130022,130022,32.0707,-96.7477,1
N130023,130023,32.177,-96.4879,1
N130024,130024,31.9355,-96.6168,1
N130025,130025,32.2036,-96.3599,1
N130026,130026,32.001,-96.5175,1
N130027,130027,32.2802,-96.461,1
N130028,130028,32.5161,-96.5797,1
N130029,130029,31.8484,-96.5217,1
N130030,130030,32.0299,-96.6277,1
N130031,130031,32.1005,-96.4226,1
N130032,130032,31.7211,-96.6626,1
N130033,130033,31.7472,-96.5312,1
N130034,130034,31.8226,-96.4179,1
N130035,130035,32.6938,-96.6457,1
N130036,130036,32.6938,-96.6457,1
N130037,130037,32.6973,-96.5881,1
N130038,130038,32.6973,-96.5881,1
N130039,130039,32.6116,-96.6815,1
N130040,130040,32.6116,-96.6815,1
N130041,130041,32.6488,-96.5542,1
N130042,130042,32.6488,-96.5542,1
N130043,130043,32.643,-96.6134,1
N130044,130044,32.6615,-96.5391,1
N130045,130045,32.6891,-96.618,1
N130046,130046,32.7837,-96.8934,1
N130047,130047,32.703,-96.8934,1
N130048,130048,32.7588,-96.8332,1
N130049,130049,32.8081,-96.8765,1
N130050,130050,32.7826,-96.85,1
N130051,130051,32.7468,-96.8185,1
N130052,130052,32.7468,-96.8185,1
N130053,130053,32.7735,-96.88,1
N130054,130054,32.7735,-96.88,1
N130055,130055,32.7421,-96.9146,1
N130056,130056,32.7486,-96.8727,1
N130057,130057,32.7952,-96.8586,1
N130058,130058,32.7206,-96.8915,1
N130059,130059,32.7522,-96.8903,1
N130060,130060,32.742,-96.8527,1
N130061,130061,32.6965,-96.8728,1
N130062,130062,32.7808,-96.8277,1
N130063,130063,32.769,-96.9251,1
N130064,130064,32.7646,-96.8031,1
N130065,130065,32.7224,-96.8472,1
N130066,130066,32.6959,-96.8987,1
N130067,130067,32.6959,-96.8987,1
N130068,130068,32.7324,-96.8815,1
N130069,130069,32.7324,-96.8815,1
N130070,130070,32.7142,-96.8708,1
N130071,130071,32.7483,-96.8568,1
N130072,130072,32.7371,-96.8284,1
N130073,130073,32.8,-96.5928,1
N130074,130074,32.7427,-96.6332,1
N130075,130075,32.7427,-96.6332,1
N130076,130076,32.7422,-96.5482,1
N130077,130077,32.7422,-96.5482,1
N130078,130078,32.7833,-96.5784,1
N130079,130079,32.7353,-96.596,1
N130080,130080,32.7604,-96.592,1
N130081,130081,32.7604,-96.592,1
N130082,130082,32.7831,-96.6364,1
N130083,130083,32.7831,-96.6364,1
N130084,130084,32.7628,-96.6766,1
N130085,130085,32.7205,-96.7061,1
N130086,130086,32.7757,-96.7012,1
N130087,130087,32.759,-96.7575,1
N130088,130088,32.797,-96.6601,1
N130089,130089,32.8074,-96.7021,1
N130090,130090,32.727,-96.6775,1
N130091,130091,32.727,-96.6775,1
N130092,130092,32.7409,-96.6588,1
N130093,130093,32.7025,-96.6831,1
N130094,130094,32.7873,-96.723,1
N130095,130095,32.7429,-96.6931,1
N130096,130096,32.7646,-96.6606,1
N130097,130097,32.7646,-96.6606,1
N130098,130098,32.7733,-96.753,1
N130099,130099,32.7712,-96.6793,1
N130100,130100,32.7509,-96.7648,1
N130101,130101,32.7509,-96.7648,1
N130102,130102,32.8077,-96.6902,1
N130103,130103,32.8077,-96.6902,1
N130104,130104,32.7059,-96.806,1
N130105,130105,32.7059,-96.806,1
N130106,130106,32.6666,-96.7633,1
N130107,130107,32.6666,-96.7633,1
N130108,130108,32.7279,-96.801,1
N130109,130109,32.6689,-96.8377,1
N130110,130110,32.6689,-96.8377,1
N130111,130111,32.662,-96.8491,1
N130112,130112,32.7028,-96.8402,1
N130113,130113,32.709,-96.7753,1
N130114,130114,32.709,-96.7753,1
N130115,130115,32.675,-96.7988,1
N130116,130116,32.8307,-96.915,1
N130117,130117,32.8509,-96.9526,1
N130118,130118,32.8132,-96.9341,1
N130119,130119,32.8132,-96.9341,1
N130120,130120,32.7969,-96.9517,1
N130121,130121,32.8232,-96.8877,1
N130122,130122,32.8232,-96.8877,1
N130123,130123,32.8759,-96.9745,1
N130124,130124,32.8759,-96.9745,1
N130125,130125,32.8671,-96.9295,1
N130126,130126,32.967,-96.9844,1
N130127,130127,32.967,-96.9844,1
N130128,130128,32.9148,-96.9587,1
N130129,130129,32.9441,-96.9554,1
N130130,130130,32.9694,-96.974,1
N130131,130131,32.9082,-96.9661,1
N130132,130132,32.9082,-96.9661,1
N130133,130133,32.9258,-96.9314,1
N130134,130134,32.9258,-96.9314,1
N130135,130135,32.938,-96.9428,1
N130136,130136,32.9977,-96.9833,1
N130137,130137,32.9576,-96.912,1
N130138,130138,32.9575,-96.912,1
N130139,130139,32.9575,-96.912,1
N130140,130140,32.6594,-96.9035,1
N130141,130141,32.6326,-96.9043,1
N130142,130142,32.6326,-96.9043,1
N130143,130143,32.6652,-96.9137,1
N130144,130144,32.6652,-96.9137,1
N130145,130145,32.6652,-96.9137,1
N130146,130146,32.6652,-96.9137,1
N130147,130147,32.6043,-96.8895,1
N130148,130148,32.9402,-96.8863,1
N130149,130149,32.9112,-96.854,1
N130150,130150,32.9244,-96.8636,1
N130151,130151,32.8734,-96.8524,1
N130152,130152,32.866,-96.8619,1
N130153,130153,32.866,-96.8619,1
N130154,130154,32.906,-96.8423,1
N130155,130155,32.906,-96.8423,1
N130156,130156,32.9043,-96.8828,1
N130157,130157,32.8924,-96.8125,1
N130158,130158,32.9086,-96.7992,1
N130159,130159,32.9086,-96.7992,1
N130160,130160,32.8885,-96.8815,1
N130161,130161,32.8885,-96.8815,1
N130162,130162,32.9425,-96.8964,1
N130163,130163,32.9425,-96.8964,1
N130164,130164,32.8714,-96.8986,1
N130165,130165,32.8714,-96.8986,1
N130166,130166,32.8714,-96.8986,1
N130167,130167,32.8714,-96.8986,1
N130168,130168,32.8403,-96.7028,1
N130169,130169,32.8568,-96.6841,1
N130170,130170,32.8181,-96.6217,1
N130171,130171,32.8143,-96.6382,1
N130172,130172,32.8395,-96.6693,1
N130173,130173,32.833,-96.6469,1
N130174,130174,32.8267,-96.6372,1
N130175,130175,32.8075,-96.6612,1
N130176,130176,32.8075,-96.6612,1
N130177,130177,32.8564,-96.7074,1
N130178,130178,32.8317,-96.6972,1
N130179,130179,32.8259,-96.6516,1
N130180,130180,32.8303,-96.6298,1
N130181,130181,32.8197,-96.6711,1
N130182,130182,32.8254,-96.6615,1
N130183,130183,32.824,-96.687,1
N130184,130184,32.8454,-96.6948,1
N130185,130185,32.8462,-96.6713,1
N130186,130186,32.8438,-96.6545,1
N130187,130187,32.8352,-96.6817,1
N130188,130188,32.8335,-96.6653,1
N130189,130189,32.8206,-96.6725,1
N130190,130190,32.8168,-96.612,1
N130191,130191,32.8168,-96.612,1
N130192,130192,32.8168,-96.612,1
N130193,130193,32.8168,-96.612,1
N130194,130194,32.8064,-96.6474,1
N130195,130195,32.8577,-96.6954,1
N130196,130196,32.8499,-96.6789,1
N130197,130197,32.8164,-96.6518,1
N130198,130198,32.8099,-96.6374,1
N130199,130199,32.8674,-96.7088,1
N130200,130200,32.8098,-96.6237,1
N130201,130201,32.6091,-96.7667,1
N130202,130202,32.599,-96.7688,1
N130203,130203,32.6359,-96.8324,1
N130204,130204,32.5934,-96.7659,1
N130205,130205,32.6181,-96.7673,1
N130206,130206,32.6071,-96.8361,1
N130207,130207,32.6331,-96.8576,1
N130208,130208,32.5624,-96.8601,1
N130209,130209,32.6222,-96.7774,1
N130210,130210,32.5892,-96.7614,1
N130211,130211,32.6051,-96.7417,1
N130212,130212,32.5776,-96.7239,1
N130213,130213,32.6174,-96.8467,1
N130214,130214,32.5722,-96.8681,1
N130215,130215,32.5835,-96.8397,1
N130216,130216,32.6012,-96.7557,1
N130217,130217,32.6054,-96.8174,1
N130218,130218,32.5728,-96.7463,1
N130219,130219,32.614,-96.8172,1
N130220,130220,32.6109,-96.7438,1
N130221,130221,32.6109,-96.7438,1
N130222,130222,32.6329,-96.7894,1
N130223,130223,32.5737,-96.8197,1
N130224,130224,32.6187,-96.8524,1
N130225,130225,32.6206,-96.7285,1
N130226,130226,32.5943,-96.8522,1
N130227,130227,32.6035,-96.8646,1
N130228,130228,32.6035,-96.8646,1
N130229,130229,32.6054,-96.8623,1
N130230,130230,32.5775,-96.8517,1
N130231,130231,32.6439,-96.829,1
N130232,130232,32.5991,-96.8116,1
N130233,130233,32.6146,-96.858,1
N130234,130234,32.5871,-96.8698,1
N130235,130235,32.5787,-96.8585,1
N130236,130236,32.5759,-96.8792,1
N130237,130237,32.5564,-96.8813,1
N130238,130238,32.5569,-96.8557,1
N130239,130239,32.615,-96.8305,1
N130240,130240,32.6084,-96.7798,1
N130241,130241,32.6043,-96.8487,1
N130242,130242,32.5952,-96.8404,1
N130243,130243,32.5919,-96.8298,1
N130244,130244,32.6133,-96.8008,1
N130245,130245,32.6063,-96.7896,1
N130246,130246,32.5955,-96.797,1
N130247,130247,32.5956,-96.7821,1
N130248,130248,32.5815,-96.7854,1
N130249,130249,32.5614,-96.8393,1
N130250,130250,32.5562,-96.8206,1
N130251,130251,32.5603,-96.765,1
N130252,130252,32.5767,-96.7026,1
N130253,130253,32.5528,-96.721,1
N130254,130254,32.6322,-96.8163,1
N130255,130255,32.6242,-96.8333,1
N130256,130256,32.6228,-96.7956,1
N130257,130257,32.6146,-96.8652,1
N130258,130258,32.6055,-96.8278,1
N130259,130259,32.6055,-96.8278,1
N130260,130260,32.6256,-96.846,1
N130261,130261,32.5859,-96.7537,1
N130262,130262,32.6226,-96.8504,1
N130263,130263,32.6131,-96.7404,1
N130264,130264,32.5858,-96.7614,1
N130265,130265,32.5805,-96.8686,1
N130266,130266,32.6043,-96.8201,1
N130267,130267,32.6105,-96.8209,1
N130268,130268,32.6135,-96.7613,1
N130269,130269,32.6126,-96.7438,1
N130270,130270,32.5985,-96.8218,1
N130271,130271,32.789,-96.8129,1
N130272,130272,32.789,-96.8129,1
N130273,130273,32.8026,-96.7805,1
N130274,130274,32.8276,-96.8126,1
N130275,130275,32.8164,-96.839,1
N130276,130276,32.8717,-96.7954,1
N130277,130277,32.7995,-96.8037,1
N130278,130278,32.8327,-96.8577,1
N130279,130279,32.7914,-96.7692,1
N130280,130280,32.856,-96.7911,1
N130281,130281,32.856,-96.7911,1
N130282,130282,32.8488,-96.8248,1
N130283,130283,32.84,-96.7482,1
N130284,130284,32.8652,-96.7499,1
N130285,130285,32.8329,-96.791,1
N130286,130286,32.8365,-96.7658,1
N130287,130287,32.8365,-96.7658,1
N130288,130288,32.7991,-96.7511,1
N130289,130289,32.8878,-96.778,1
N130290,130290,32.8745,-96.73,1
N130291,130291,32.8252,-96.7302,1
N130292,130292,32.8135,-96.7618,1
N130293,130293,32.783,-96.7791,1
N130294,130294,32.783,-96.7791,1
N130295,130295,32.783,-96.7791,1
N130296,130296,32.783,-96.7791,1
N130297,130297,32.8293,-96.8377,1
N130298,130298,32.8293,-96.8377,1
N130299,130299,32.8118,-96.8224,1
N130300,130300,32.865,-96.8069,1
N130301,130301,32.8192,-96.783,1
N130302,130302,32.8593,-96.765,1
N130303,130303,32.5143,-96.6798,1
N130304,130304,32.3154,-96.6034,1
N130305,130305,32.0977,-96.4629,1
N130306,130306,32.4072,-96.657,1
N130307,130307,32.3024,-96.6155,1
N130308,130308,32.4045,-96.8575,1
N130309,130309,32.3463,-96.6432,1
N130310,130310,32.0885,-96.4549,1
N130311,130311,32.0885,-96.4549,1
N130312,130312,32.4693,-96.82,1
N130313,130313,32.4481,-96.6218,1
N130314,130314,32.4484,-96.8412,1
N130315,130315,32.0851,-96.5003,1
N130316,130316,32.1344,-96.4802,1
N130317,130317,32.5246,-96.7888,1
N130318,130318,32.3662,-96.8322,1
N130319,130319,32.0824,-96.4749,1
N130320,130320,32.5334,-96.866,1
N130321,130321,32.4995,-96.882,1
N130322,130322,32.5298,-96.7536,1
N130323,130323,32.4769,-96.7792,1
N130324,130324,32.4169,-96.8186,1
N130325,130325,32.0919,-96.7151,1
N130326,130326,32.2435,-96.4999,1
N130327,130327,32.4058,-96.8474,1
N130328,130328,32.4058,-96.8474,1
N130329,130329,32.3282,-96.6324,1
N130330,130330,32.3282,-96.6324,1
N130331,130331,32.5232,-96.828,1
N130332,130332,32.3579,-96.6323,1
N130333,130333,32.4542,-96.8427,1
N130334,130334,31.7827,-96.4631,1
N130335,130335,31.8958,-96.7159,1
N130336,130336,31.9254,-96.4294,1
N130337,130337,31.7519,-96.6521,1
N130338,130338,32.727,-96.468,1
N130339,130339,32.5768,-96.2763,1
N130340,130340,32.5873,-96.2952,1
N130341,130341,32.6645,-96.455,1
N130342,130342,32.6997,-96.3954,1
N130343,130343,32.5872,-96.4831,1
N130344,130344,32.5225,-96.3504,1
N130345,130345,32.5767,-96.245,1
N130346,130346,32.4304,-96.2193,1
N130347,130347,32.3335,-96.2105,1
N130348,130348,32.3373,-96.1488,1
N130349,130349,32.2716,-96.1612,1
N130350,130350,32.7232,-96.9358,1
N130351,130351,32.7232,-96.9358,1
N130352,130352,32.7232,-96.9358,1
N130353,130353,32.7232,-96.9358,1
N130354,130354,32.32,-96.675,1
N130355,130355,32.32,-96.675,1
N130356,130356,32.32,-96.675,1
N130357,130357,32.7563,-96.4916,1
N130358,130358,32.7563,-96.4916,1
N130359,130359,32.7563,-96.4916,1
N130360,130360,32.7563,-96.4916,1
N130361,130361,32.7563,-96.4916,1
N130362,130362,32.7563,-96.4916,1
N130363,130363,32.7563,-96.4916,1
N130364,130364,32.7563,-96.4916,1
N130365,130365,32.7563,-96.4916,1
N130366,130366,32.7563,-96.4916,1
N130367,130367,32.5398,-96.6653,1
N130368,130368,32.5398,-96.6653,1
N130369,130369,32.5398,-96.6653,1
N130370,130370,32.5398,-96.6653,1
N130371,130371,32.6486,-96.6444,1
N130372,130372,32.6486,-96.6444,1
N130373,130373,32.6486,-96.6444,1
N130374,130374,32.6486,-96.6444,1
N130375,130375,32.6486,-96.6444,1
N140001,140001,30.3772,-98.3659,1
N140002,140002,30.4122,-98.3819,1
N140003,140003,30.4038,-98.1647,1
N140004,140004,30.2751,-98.2159,1
N140005,140005,30.4457,-98.5796,1
N140006,140006,29.7734,-97.0021,1
N140007,140007,30.0193,-97.1526,1
N140008,140008,30.2636,-97.3239,1
N140009,140009,30.3823,-97.3047,1
N140010,140010,30.3521,-97.1793,1
N140011,140011,30.2579,-97.4042,1
N140012,140012,30.2087,-97.4762,1
N140013,140013,30.2466,-97.1395,1
N140014,140014,30.1751,-97.2421,1
N140015,140015,30.1472,-97.3253,1
N140016,140016,30.0668,-97.5584,1
N140017,140017,30.0502,-97.6243,1
N140018,140018,29.9851,-97.4914,1
N140019,140019,30.0574,-97.4761,1
N140020,140020,29.9839,-97.3433,1
N140021,140021,30.0839,-97.2584,1
N140022,140022,29.9533,-97.2501,1
N140023,140023,29.8614,-97.188,1
N140024,140024,29.8845,-97.3841,1
N140025,140025,30.1345,-97.1506,1
N140026,140026,30.0072,-97.1245,1
N140027,140027,30.0407,-97.2303,1
N140028,140028,30.4385,-97.1607,1
N140029,140029,30.3213,-97.4279,1
N140030,140030,29.9222,-97.4709,1
N140031,140031,30.1231,-97.4441,1
N140032,140032,29.8781,-96.9564,1
N140033,140033,30.1921,-97.0234,1
N140034,140034,30.0437,-96.9984,1
N140035,140035,29.8764,-96.9888,1
N140036,140036,30.248,-97.0202,1
N140037,140037,30.1566,-97.0112,1
N140038,140038,30.3466,-97.368,1
N140039,140039,30.1148,-97.3208,1
N140040,140040,30.006,-97.1544,1
N140041,140041,29.6803,-96.9124,1
N140042,140042,30.6399,-98.3292,1
N140043,140043,30.6494,-98.1898,1
N140044,140044,30.4895,-98.2556,1
N140045,140045,30.588,-98.232,1
N140046,140046,30.4911,-98.1586,1
N140047,140047,30.5834,-98.1131,1
N140048,140048,30.5815,-97.1342,1
N140049,140049,30.4907,-97.1355,1
N140050,140050,30.6881,-98.7233,1
N140051,140051,30.6079,-98.4274,1
N140052,140052,30.6353,-98.6929,1
N140053,140053,30.0865,-97.8652,1
N140054,140054,30.0732,-97.7072,1
N140055,140055,30.088,-97.6451,1
N140056,140056,30.0809,-97.8373,1
N140057,140057,30.0809,-97.8373,1
N140058,140058,30.2788,-97.7197,1
N140059,140059,30.283,-97.7568,1
N140060,140060,30.2879,-97.7445,1
N140061,140061,30.2947,-97.7357,1
N140062,140062,30.2579,-97.7232,1
N140063,140063,30.2518,-97.7599,1
N140064,140064,30.267,-97.7006,1
N140065,140065,30.267,-97.7006,1
N140066,140066,30.3099,-97.7256,1
N140067,140067,30.326,-97.6912,1
N140068,140068,30.3314,-97.6587,1
N140069,140069,30.2293,-97.7209,1
N140070,140070,30.2793,-97.7991,1
N140071,140071,30.2793,-97.7991,1
N140072,140072,30.2793,-97.7991,1
N140073,140073,30.2793,-97.7991,1
N140074,140074,30.2985,-97.8326,1
N140075,140075,30.2985,-97.8326,1
N140076,140076,30.2754,-97.6862,1
N140077,140077,30.2279,-97.6992,1
N140078,140078,30.3091,-97.6914,1
N140079,140079,30.3091,-97.6914,1
N140080,140080,30.3012,-97.7697,1
N140081,140081,30.2365,-97.7538,1
N140082,140082,30.1868,-97.6921,1
N140083,140083,30.3169,-97.7465,1
N140084,140084,30.2183,-97.6688,1
N140085,140085,30.3098,-97.6657,1
N140086,140086,30.2532,-97.783,1
N140087,140087,30.3165,-97.7934,1
N140088,140088,30.266,-97.7501,1
N140089,140089,30.2681,-97.7387,1
N140090,140090,30.2681,-97.7387,1
N140091,140091,30.2283,-97.7353,1
N140092,140092,30.2283,-97.7353,1
N140093,140093,30.2157,-97.6922,1
N140094,140094,30.2157,-97.6922,1
N140095,140095,30.2815,-97.6683,1
N140096,140096,30.3299,-97.7241,1
N140097,140097,30.3299,-97.7241,1
N140098,140098,30.2958,-97.7103,1
N140099,140099,30.4013,-98.0786,1
N140100,140100,30.4993,-97.9199,1
N140101,140101,30.3606,-97.979,1
N140102,140102,30.3606,-97.979,1
N140103,140103,30.3931,-97.9332,1
N140104,140104,30.3158,-97.9519,1
N140105,140105,30.4986,-98.0565,1
N140106,140106,30.5665,-97.9559,1
N140107,140107,30.3777,-97.9045,1
N140108,140108,30.4112,-98.0441,1
N140109,140109,30.4529,-97.8645,1
N140110,140110,30.363,-98.0432,1
N140111,140111,30.3882,-97.9936,1
N140112,140112,30.4243,-97.9447,1
N140113,140113,30.3374,-97.8711,1
N140114,140114,30.3921,-97.8502,1
N140115,140115,30.4842,-98.1039,1
N140116,140116,30.581,-97.9329,1
N140117,140117,30.4482,-98.0625,1
N140118,140118,30.4354,-97.9981,1
N140119,140119,30.4354,-97.9981,1
N140120,140120,30.3522,-97.9697,1
N140121,140121,30.3014,-97.937,1
N140122,140122,30.3014,-97.937,1
N140123,140123,30.3746,-97.7055,1
N140124,140124,30.412,-97.7394,1
N140125,140125,30.3872,-97.6902,1
N140126,140126,30.3525,-97.7256,1
N140127,140127,30.4331,-97.7477,1
N140128,140128,30.3411,-97.7063,1
N140129,140129,30.3551,-97.6746,1
N140130,140130,30.4078,-97.6996,1
N140131,140131,30.4078,-97.6996,1
N140132,140132,30.3948,-97.7615,1
N140133,140133,30.3641,-97.7001,1
N140134,140134,30.3453,-97.7524,1
N140135,140135,30.3499,-97.7699,1
N140136,140136,30.3499,-97.7699,1
N140137,140137,30.3499,-97.7699,1
N140138,140138,30.3499,-97.7699,1
N140139,140139,30.3441,-97.8202,1
N140140,140140,30.3748,-97.756,1
N140141,140141,30.4247,-97.7173,1
N140142,140142,30.4317,-97.8289,1
N140143,140143,30.4317,-97.8289,1
N140144,140144,30.4369,-97.8039,1
N140145,140145,30.3739,-97.6692,1
N140146,140146,30.3819,-97.7217,1
N140147,140147,30.3819,-97.7217,1
N140148,140148,30.3928,-97.7281,1
N140149,140149,30.4208,-97.7713,1
N140150,140150,30.3728,-97.7971,1
N140151,140151,30.3499,-97.6959,1
N140152,140152,30.3499,-97.6959,1
N140153,140153,30.3649,-97.7354,1
N140154,140154,30.3357,-97.7313,1
N140155,140155,30.3,-97.6267,1
N140156,140156,30.3,-97.6267,1
N140157,140157,30.3,-97.6267,1
N140158,140158,30.3,-97.6267,1
N140159,140159,30.2936,-97.5105,1
N140160,140160,30.3488,-97.49,1
N140161,140161,30.1596,-97.623,1
N140162,140162,30.1596,-97.623,1
N140163,140163,30.249,-97.5908,1
N140164,140164,30.1939,-97.548,1
N140165,140165,30.2377,-97.4852,1
N140166,140166,30.1266,-97.6139,1
N140167,140167,30.3508,-97.491,1
N140168,140168,30.3508,-97.491,1
N140169,140169,30.2037,-98.0487,1
N140170,140170,30.2023,-98.1045,1
N140171,140171,30.2023,-98.1045,1
N140172,140172,30.2036,-97.9605,1
N140173,140173,30.1465,-97.9949,1
N140174,140174,30.2683,-98.1691,1
N140175,140175,30.233,-98.0085,1
N140176,140176,30.1832,-97.9955,1
N140177,140177,30.1832,-97.9955,1
N140178,140178,30.3189,-98.1315,1
N140179,140179,30.2996,-98.0044,1
N140180,140180,30.2774,-98.0668,1
N140181,140181,30.4464,-97.6217,1
N140182,140182,30.4688,-97.6602,1
N140183,140183,30.4693,-97.5735,1
N140184,140184,30.4693,-97.5735,1
N140185,140185,30.4578,-97.6451,1
N140186,140186,30.4578,-97.6451,1
N140187,140187,30.4578,-97.6451,1
N140188,140188,30.435,-97.6813,1
N140189,140189,30.4031,-97.645,1
N140190,140190,30.4031,-97.645,1
N140191,140191,30.3693,-97.6292,1
N140192,140192,30.4199,-97.5055,1
N140193,140193,30.4476,-97.456,1
N140194,140194,30.4287,-97.6788,1
N140195,140195,30.4287,-97.6788,1
N140196,140196,30.491,-97.6017,1
N140197,140197,30.4241,-97.6114,1
N140198,140198,30.2812,-97.8593,1
N140199,140199,30.1969,-97.8189,1
N140200,140200,30.1969,-97.8189,1
N140201,140201,30.1969,-97.8189,1
N140202,140202,30.1969,-97.8189,1
N140203,140203,30.2316,-97.8355,1
N140204,140204,30.1978,-97.7678,1
N140205,140205,30.2113,-97.851,1
N140206,140206,30.2113,-97.851,1
N140207,140207,30.1551,-97.8048,1
N140208,140208,30.2229,-97.8072,1
N140209,140209,30.1471,-97.8657,1
N140210,140210,30.1957,-97.7906,1
N140211,140211,30.2235,-97.7766,1
N140212,140212,30.2235,-97.7766,1
N140213,140213,30.1528,-97.8426,1
N140214,140214,30.1528,-97.8426,1
N140215,140215,30.1528,-97.8426,1
N140216,140216,30.2096,-97.8743,1
N140217,140217,30.1445,-97.7455,1
N140218,140218,30.1928,-97.9083,1
N140219,140219,30.1503,-97.69,1
N140220,140220,30.2366,-97.8981,1
N140221,140221,30.2366,-97.8981,1
N140222,140222,30.2366,-97.8981,1
N140223,140223,30.2366,-97.8981,1
N140224,140224,30.1891,-97.7509,1
N140225,140225,30.1891,-97.7509,1
N140226,140226,30.1578,-97.8599,1
N140227,140227,30.5084,-97.7356,1
N140228,140228,30.5084,-97.7356,1
N140229,140229,30.5084,-97.7356,1
N140230,140230,30.5084,-97.7356,1
N140231,140231,30.5248,-97.8491,1
N140232,140232,30.5248,-97.8491,1
N140233,140233,30.509,-97.7483,1
N140234,140234,30.4654,-97.8211,1
N140235,140235,30.5526,-97.8381,1
N140236,140236,30.5992,-97.8409,1
N140237,140237,30.572,-97.87,1
N140238,140238,30.572,-97.87,1
N140239,140239,30.4524,-97.8046,1
N140240,140240,30.4954,-97.7674,1
N140241,140241,30.5217,-97.7981,1
N140242,140242,30.5217,-97.7981,1
N140243,140243,30.4468,-97.7655,1
N140244,140244,30.4468,-97.7655,1
N140245,140245,30.5271,-97.8473,1
N140246,140246,30.5024,-97.811,1
N140247,140247,30.4908,-97.8362,1
N140248,140248,30.4908,-97.8362,1
N140249,140249,30.6462,-97.9803,1
N140250,140250,30.6274,-97.8899,1
N140251,140251,30.6281,-98.0101,1
N140252,140252,30.5437,-97.7503,1
N140253,140253,30.4607,-97.7797,1
N140254,140254,30.4829,-97.7768,1
N140255,140255,30.5922,-97.4144,1
N140256,140256,30.5372,-97.4502,1
N140257,140257,30.5372,-97.4502,1
N140258,140258,30.5372,-97.4502,1
N140259,140259,30.5372,-97.4502,1
N140260,140260,30.6007,-97.3313,1
N140261,140261,30.4516,-97.3312,1
N140262,140262,30.5938,-97.2383,1
N140263,140263,30.4904,-97.2483,1
N140264,140264,30.6684,-97.4569,1
N140265,140265,30.4769,-97.4553,1
N140266,140266,30.5772,-97.4202,1
N140267,140267,30.5772,-97.4202,1
N140268,140268,30.5772,-97.4202,1
N140269,140269,30.6419,-97.7728,1
N140270,140270,30.6466,-97.6798,1
N140271,140271,30.6775,-97.614,1
N140272,140272,30.6575,-97.7041,1
N140273,140273,30.6575,-97.7041,1
N140274,140274,30.6575,-97.7041,1
N140275,140275,30.5686,-97.6709,1
N140276,140276,30.527,-97.7071,1
N140277,140277,30.524,-97.5505,1
N140278,140278,30.524,-97.5505,1
N140279,140279,30.626,-97.6341,1
N140280,140280,30.5061,-97.6576,1
N140281,140281,30.5356,-97.6139,1
N140282,140282,30.5356,-97.6139,1
N140283,140283,30.4964,-97.6819,1
N140284,140284,30.4964,-97.6819,1
N140285,140285,30.4964,-97.6819,1
N140286,140286,30.4964,-97.6819,1
N140287,140287,30.6002,-97.5538,1
N140288,140288,30.5048,-97.6149,1
N140289,140289,30.4828,-97.5004,1
N140290,140290,30.4828,-97.5004,1
N140291,140291,30.5243,-97.6706,1
N140292,140292,30.5243,-97.6706,1
N140293,140293,30.6137,-97.6877,1
N140294,140294,30.6137,-97.6877,1
N140295,140295,30.5737,-98.2862,1
N140296,140296,30.6701,-98.4056,1
N140297,140297,30.6059,-98.3461,1
N140298,140298,30.5595,-98.3011,1
N140299,140299,30.4977,-98.1294,1
N140300,140300,30.5965,-98.2601,1
N140301,140301,30.59,-98.3905,1
N140302,140302,30.6141,-97.2059,1
N140303,140303,30.3034,-97.6128,1
N140304,140304,30.3034,-97.6128,1
N140305,140305,30.3034,-97.6128,1
N140306,140306,30.3034,-97.6128,1
N140307,140307,30.3034,-97.6128,1
N140308,140308,30.3034,-97.6128,1
N140309,140309,30.3034,-97.6128,1
N140310,140310,30.2934,-97.7844,1
N140311,140311,30.2934,-97.7844,1
N140312,140312,30.556,-98.3384,1
N140313,140313,30.556,-98.3384,1
N140314,140314,30.556,-98.3384,1
N140315,140315,30.556,-98.3384,1
N140316,140316,30.5553,-98.2576,1
N140317,140317,30.5553,-98.2576,1
N140318,140318,30.5553,-98.2576,1
N140319,140319,30.5553,-98.2576,1
N140320,140320,30.5553,-98.2576,1
N140321,140321,30.5553,-98.2576,1
N140322,140322,30.5553,-98.2576,1
N140323,140323,30.3899,-97.9073,1
N140324,140324,30.3899,-97.9073,1
N140325,140325,30.3899,-97.9073,1
N140326,140326,30.3899,-97.9073,1
N140327,140327,30.3899,-97.9073,1
N140328,140328,30.3899,-97.9073,1
N140329,140329,30.1457,-97.2708,1
N140330,140330,30.1457,-97.2708,1
N140331,140331,30.1457,-97.2708,1
N140332,140332,30.1457,-97.2708,1
N140333,140333,30.1457,-97.2708,1
N140334,140334,30.5581,-98.3705,1
N140335,140335,30.5581,-98.3705,1
N140336,140336,30.5581,-98.3705,1
N140337,140337,30.5581,-98.3705,1
N140338,140338,30.2099,-97.6129,1
N140339,140339,30.2099,-97.6129,1
N140340,140340,30.2099,-97.6129,1
N140341,140341,30.2099,-97.6129,1
N140342,140342,30.2099,-97.6129,1
N140343,140343,30.2099,-97.6129,1
N140344,140344,30.3974,-97.8426,1
N140345,140345,30.3974,-97.8426,1
N140346,140346,30.3974,-97.8426,1
N140347,140347,30.3974,-97.8426,1
N140348,140348,30.3974,-97.8426,1
N140349,140349,30.2867,-97.7356,1
N140350,140350,30.2867,-97.7356,1
N140351,140351,30.2867,-97.7356,1
N140352,140352,30.2867,-97.7356,1
N140353,140353,30.1479,-97.2714,1
N140354,140354,30.1479,-97.2714,1
N140355,140355,30.1479,-97.2714,1
N140356,140356,30.1479,-97.2714,1
N140357,140357,30.1479,-97.2714,1
N140358,140358,30.1479,-97.2714,1
N140359,140359,30.1479,-97.2714,1
N140360,140360,30.1458,-97.55,1
N140361,140361,30.1458,-97.55,1
N140362,140362,30.1458,-97.55,1
N140363,140363,30.1458,-97.55,1
N140364,140364,30.3051,-97.7077,1
N140365,140365,30.3051,-97.7077,1
N140366,140366,30.3051,-97.7077,1
N140367,140367,30.3051,-97.7077,1
N140368,140368,30.3345,-97.6217,1
N140369,140369,30.3345,-97.6217,1
N140370,140370,30.3345,-97.6217,1
N140371,140371,30.3345,-97.6217,1
N140372,140372,30.0382,-96.9875,1
N140373,140373,30.0382,-96.9875,1
N140374,140374,30.0382,-96.9875,1
N140375,140375,30.0382,-96.9875,1
N140376,140376,30.2385,-97.5088,1
N140377,140377,30.2385,-97.5088,1
N140378,140378,30.557,-97.6903,1
N140379,140379,30.557,-97.6903,1
N140380,140380,30.2659,-97.6849,1
N140381,140381,30.2659,-97.6849,1
N140382,140382,30.2661,-97.6861,1
N140383,140383,30.2661,-97.6861,1
N140384,140384,30.22,-97.7088,1
N140385,140385,30.22,-97.7088,1
N140386,140386,30.22,-97.7088,1
N140387,140387,30.22,-97.7088,1
N150001,150001,33.9659,-98.6778,1
N150002,150002,33.9947,-98.4724,1
N150003,150003,34.0776,-98.8881,1
N150004,150004,33.8668,-98.8367,1
N150005,150005,34.1049,-98.6498,1
N150006,150006,33.8373,-98.6055,1
N150007,150007,34.009,-98.7655,1
N150008,150008,32.099,-97.6191,1
N150009,150009,32.0001,-97.6399,1
N150010,150010,31.9289,-97.4047,1
N150011,150011,32.2444,-97.7111,1
N150012,150012,32.17,-97.8414,1
N150013,150013,32.035,-97.7988,1
N150014,150014,32.2699,-97.6165,1
N150015,150015,32.1631,-97.3268,1
N150016,150016,32.0261,-97.3944,1
N150017,150017,32.1293,-97.9825,1
N150018,150018,32.1715,-97.6991,1
N150019,150019,33.7135,-97.3541,1
N150020,150020,33.2899,-97.5255,1
N150021,150021,33.1919,-97.8416,1
N150022,150022,33.0522,-97.7232,1
N150023,150023,33.1769,-97.713,1
N150024,150024,33.1063,-97.7506,1
N150025,150025,33.0172,-97.6048,1
N150026,150026,33.1058,-97.5691,1
N150027,150027,33.1557,-97.4708,1
N150028,150028,33.0449,-97.4396,1
N150029,150029,33.3576,-97.8314,1
N150030,150030,33.374,-97.6872,1
N150031,150031,33.2888,-97.8938,1
N150032,150032,33.2262,-97.6678,1
N150033,150033,33.5387,-97.424,1
N150034,150034,33.3194,-97.561,1
N150035,150035,33.2535,-97.417,1
N150036,150036,33.8538,-97.4705,1
N150037,150037,33.4199,-97.4816,1
N150038,150038,33.3542,-97.3963,1
N150039,150039,32.9942,-97.6767,1
N150040,150040,33.6448,-97.3627,1
N150041,150041,33.717,-97.4346,1
N150042,150042,33.4019,-97.8909,1
N150043,150043,33.1359,-97.5251,1
N150044,150044,33.1538,-97.3876,1
N150045,150045,32.3054,-98.4606,1
N150046,150046,32.1902,-98.3241,1
N150047,150047,32.2291,-98.5577,1
N150048,150048,32.2454,-98.3132,1
N150049,150049,32.1388,-98.1164,1
N150050,150050,32.0991,-98.2281,1
N150051,150051,32.1934,-98.4366,1
N150052,150052,32.8124,-97.9861,1
N150053,150053,32.246,-98.0582,1
N150054,150054,32.587,-97.7515,1
N150055,150055,32.6608,-97.8949,1
N150056,150056,32.8789,-98.5081,1
N150057,150057,32.6775,-98.4304,1
N150058,150058,32.7208,-98.5371,1
N150059,150059,32.337,-98.2868,1
N150060,150060,32.9312,-98.057,1
N150061,150061,32.9313,-98.3496,1
N150062,150062,32.8782,-98.0886,1
N150063,150063,32.9988,-97.8019,1
N150064,150064,32.9453,-97.9101,1
N150065,150065,32.813,-97.8834,1
N150066,150066,32.8774,-97.7561,1
N150067,150067,32.6456,-98.2032,1
N150068,150068,32.754,-98.1531,1
N150069,150069,32.6139,-98.3155,1
N150070,150070,32.5789,-98.1977,1
N150071,150071,32.6776,-98.0134,1
N150072,150072,32.8795,-97.6411,1
N150073,150073,32.7875,-97.6466,1
N150074,150074,32.6634,-97.6363,1
N150075,150075,32.5168,-97.6467,1
N150076,150076,32.452,-98.2433,1
N150077,150077,32.3712,-98.0981,1
N150078,150078,32.3467,-98.3481,1
N150079,150079,32.502,-98.014,1
N150080,150080,32.4188,-97.8835,1
N150081,150081,32.379,-98.006,1
N150082,150082,32.3518,-97.813,1
N150083,150083,32.2768,-97.9509,1
N150084,150084,32.4247,-97.651,1
N150085,150085,32.9204,-97.7805,1
N150086,150086,32.7784,-98.3846,1
N150087,150087,32.2882,-98.2057,1
N150088,150088,32.5522,-98.4986,1
N150089,150089,32.4697,-98.4471,1
N150090,150090,32.2887,-98.0564,1
N150091,150091,32.6524,-97.8048,1
N150092,150092,32.7739,-98.0386,1
N150093,150093,32.624,-98.4325,1
N150094,150094,33.5557,-97.8131,1
N150095,150095,33.3201,-98.7788,1
N150096,150096,33.7808,-97.6689,1
N150097,150097,33.1022,-98.5794,1
N150098,150098,33.7932,-98.5887,1
N150099,150099,33.2124,-98.2834,1
N150100,150100,33.503,-98.8511,1
N150101,150101,33.5659,-98.4799,1
N150102,150102,33.0516,-98.9431,1
N150103,150103,33.3551,-98.515,1
N150104,150104,33.0789,-98.5494,1
N150105,150105,33.0326,-98.0583,1
N150106,150106,33.986,-98.2894,1
N150107,150107,33.7458,-98.2185,1
N150108,150108,33.7359,-97.902,1
N150109,150109,33.871,-97.6312,1
N150110,150110,33.5367,-98.0513,1
N150111,150111,33.5205,-97.6948,1
N150112,150112,33.8691,-98.3873,1
N150113,150113,33.3185,-98.9447,1
N150114,150114,33.2765,-98.1089,1
N150115,150115,34.1488,-99.3012,1
N150116,150116,34.1259,-99.1232,1
N150117,150117,33.6199,-99.2607,1
N150118,150118,33.1939,-99.1956,1
N150119,150119,33.5808,-99.1559,1
N150120,150120,32.4161,-98.8322,1
N150121,150121,32.4161,-98.8322,1
N150122,150122,32.4161,-98.8322,1
N150123,150123,32.4161,-98.8322,1
N150124,150124,32.7634,-98.9242,1
N150125,150125,32.6159,-98.9345,1
N150126,150126,32.8422,-98.6829,1
N150127,150127,32.2624,-98.7525,1
N150128,150128,32.6189,-98.6656,1
N150129,150129,32.3844,-98.6361,1
N150130,150130,33.2707,-97.2206,1
N150131,150131,33.3823,-97.2662,1
N150132,150132,33.3585,-97.2444,1
N150133,150133,33.289,-97.3281,1
N150134,150134,33.2809,-97.2509,1
N150135,150135,33.2758,-97.3682,1
N150136,150136,32.7055,-97.2509,1
N150137,150137,32.6678,-97.2489,1
N150138,150138,32.6678,-97.2489,1
N150139,150139,32.6678,-97.2489,1
N150140,150140,32.6678,-97.2489,1
N150141,150141,32.7246,-97.2549,1
N150142,150142,32.7246,-97.2549,1
N150143,150143,32.7554,-97.2309,1
N150144,150144,32.7554,-97.2309,1
N150145,150145,32.6762,-97.269,1
N150146,150146,32.7586,-97.2467,1
N150147,150147,32.6983,-97.2615,1
N150148,150148,32.9241,-97.4273,1
N150149,150149,32.9241,-97.4273,1
N150150,150150,32.9241,-97.4273,1
N150151,150151,32.9241,-97.4273,1
N150152,150152,32.87,-97.5218,1
N150153,150153,32.87,-97.5218,1
N150154,150154,32.87,-97.5218,1
N150155,150155,32.9409,-97.5093,1
N150156,150156,32.9612,-97.4451,1
N150157,150157,32.8276,-97.5057,1
N150158,150158,32.3221,-97.3882,1
N150159,150159,32.405,-97.4204,1
N150160,150160,32.3565,-97.3442,1
N150161,150161,32.3897,-97.332,1
N150162,150162,32.3897,-97.332,1
N150163,150163,32.3373,-97.4249,1
N150164,150164,32.2537,-97.3347,1
N150165,150165,32.3658,-97.5531,1
N150166,150166,32.2768,-97.4764,1
N150167,150167,32.1939,-97.5326,1
N150168,150168,32.2383,-97.3587,1
N150169,150169,32.2383,-97.3587,1
N150170,150170,32.2742,-97.5849,1
N150171,150171,32.353,-97.4613,1
N150172,150172,32.353,-97.4613,1
N150173,150173,32.3495,-97.3948,1
N150174,150174,32.3495,-97.3948,1
N150175,150175,32.3621,-97.4101,1
N150176,150176,32.438,-97.3474,1
N150177,150177,32.4759,-97.3362,1
N150178,150178,32.5444,-97.347,1
N150179,150179,32.5409,-97.3285,1
N150180,150180,32.5409,-97.3285,1
N150181,150181,32.555,-97.3221,1
N150182,150182,32.461,-97.5344,1
N150183,150183,32.461,-97.5344,1
N150184,150184,32.5081,-97.4047,1
N150185,150185,32.5213,-97.5654,1
N150186,150186,32.4644,-97.4348,1
N150187,150187,32.5362,-97.4784,1
N150188,150188,32.5561,-97.4007,1
N150189,150189,32.4648,-97.4859,1
N150190,150190,32.506,-97.3785,1
N150191,150191,32.506,-97.3785,1
N150192,150192,32.4877,-97.3094,1
N150193,150193,32.4713,-97.3858,1
N150194,150194,32.4713,-97.3858,1
N150195,150195,32.4713,-97.3858,1
N150196,150196,32.4713,-97.3858,1
N150197,150197,32.5557,-97.3566,1
N150198,150198,32.4997,-97.5681,1
N150199,150199,32.7481,-97.3602,1
N150200,150200,32.7497,-97.3699,1
N150201,150201,32.7497,-97.3699,1
N150202,150202,32.7181,-97.339,1
N150203,150203,32.7181,-97.339,1
N150204,150204,32.7377,-97.3319,1
N150205,150205,32.7275,-97.3669,1
N150206,150206,32.7053,-97.3653,1
N150207,150207,32.7069,-97.3877,1
N150208,150208,32.7684,-97.3559,1
N150209,150209,32.7192,-97.3168,1
N150210,150210,32.6892,-97.3539,1
N150211,150211,32.6938,-97.3342,1
N150212,150212,32.6938,-97.3342,1
N150213,150213,32.7801,-97.302,1
N150214,150214,32.7801,-97.302,1
N150215,150215,32.7604,-97.3003,1
N150216,150216,32.7325,-97.2873,1
N150217,150217,32.7468,-97.3898,1
N150218,150218,32.6884,-97.3078,1
N150219,150219,32.7545,-97.3332,1
N150220,150220,32.7545,-97.3332,1
N150221,150221,32.7252,-97.3021,1
N150222,150222,32.8186,-97.2731,1
N150223,150223,32.8186,-97.2731,1
N150224,150224,32.8479,-97.2116,1
N150225,150225,32.8659,-97.2362,1
N150226,150226,32.8007,-97.2283,1
N150227,150227,32.8007,-97.2283,1
N150228,150228,32.8769,-97.2506,1
N150229,150229,32.8514,-97.2544,1
N150230,150230,32.8514,-97.2544,1
N150231,150231,32.8557,-97.2862,1
N150232,150232,32.8228,-97.2261,1
N150233,150233,32.8943,-97.218,1
N150234,150234,32.8688,-97.1974,1
N150235,150235,32.8581,-97.2714,1
N150236,150236,32.795,-97.2814,1
N150237,150237,32.8652,-97.3019,1
N150238,150238,32.8758,-97.2734,1
N150239,150239,32.8741,-97.2172,1
N150240,150240,32.8741,-97.2172,1
N150241,150241,32.8291,-97.2447,1
N150242,150242,32.7982,-97.2574,1
N150243,150243,32.8231,-97.2999,1
N150244,150244,32.7944,-97.2855,1
N150245,150245,32.3725,-97.2825,1
N150246,150246,33.1954,-97.2952,1
N150247,150247,33.0452,-97.3087,1
N150248,150248,33.0452,-97.3087,1
N150249,150249,33.0816,-97.2256,1
N150250,150250,33.1475,-97.3183,1
N150251,150251,33.1084,-97.1903,1
N150252,150252,33.2305,-97.3601,1
N150253,150253,33.0737,-97.3125,1
N150254,150254,33.1397,-97.2386,1
N150255,150255,33.1397,-97.2386,1
N150256,150256,33.0311,-97.2625,1
N150257,150257,32.9425,-97.3345,1
N150258,150258,32.9744,-97.2687,1
N150259,150259,32.9744,-97.2687,1
N150260,150260,32.9744,-97.2687,1
N150261,150261,32.9744,-97.2687,1
N150262,150262,32.9435,-97.2628,1
N150263,150263,32.9572,-97.3827,1
N150264,150264,32.9572,-97.3827,1
N150265,150265,32.9422,-97.2935,1
N150266,150266,32.9422,-97.2935,1
N150267,150267,32.9422,-97.2935,1
N150268,150268,32.9131,-97.2838,1
N150269,150269,32.8876,-97.3161,1
N150270,150270,32.9154,-97.2428,1
N150271,150271,32.9154,-97.2428,1
N150272,150272,32.9063,-97.3005,1
N150273,150273,32.9063,-97.3005,1
N150274,150274,32.9581,-97.2377,1
N150275,150275,32.8957,-97.2672,1
N150276,150276,32.9088,-97.3724,1
N150277,150277,32.5362,-97.2802,1
N150278,150278,32.5362,-97.2802,1
N150279,150279,32.5854,-97.2421,1
N150280,150280,32.5665,-97.2793,1
N150281,150281,32.5013,-97.2559,1
N150282,150282,32.4759,-97.2763,1
N150283,150283,32.8614,-97.337,1
N150284,150284,32.8614,-97.337,1
N150285,150285,32.8023,-97.3482,1
N150286,150286,32.7963,-97.3893,1
N150287,150287,32.7963,-97.3893,1
N150288,150288,32.8658,-97.3965,1
N150289,150289,32.8208,-97.43,1
N150290,150290,32.8208,-97.43,1
N150291,150291,32.8208,-97.43,1
N150292,150292,32.8208,-97.43,1
N150293,150293,32.8722,-97.3699,1
N150294,150294,32.8722,-97.3699,1
N150295,150295,32.8722,-97.3699,1
N150296,150296,32.8722,-97.3699,1
N150297,150297,32.8282,-97.3448,1
N150298,150298,32.8282,-97.3448,1
N150299,150299,32.7927,-97.343,1
N150300,150300,32.7927,-97.343,1
N150301,150301,32.8441,-97.3838,1
N150302,150302,32.8715,-97.4249,1
N150303,150303,32.7773,-97.4021,1
N150304,150304,32.7214,-97.4606,1
N150305,150305,32.6919,-97.4219,1
N150306,150306,32.7474,-97.4163,1
N150307,150307,32.6726,-97.4684,1
N150308,150308,32.6726,-97.4684,1
N150309,150309,32.6726,-97.4684,1
N150310,150310,32.6726,-97.4684,1
N150311,150311,32.7598,-97.4668,1
N150312,150312,32.7598,-97.4668,1
N150313,150313,32.7382,-97.457,1
N150314,150314,32.7277,-97.5072,1
N150315,150315,32.6285,-97.5071,1
N150316,150316,32.7181,-97.4247,1
N150317,150317,32.7181,-97.4247,1
N150318,150318,32.7651,-97.4994,1
N150319,150319,32.7132,-97.4437,1
N150320,150320,32.9554,-97.1906,1
N150321,150321,32.9844,-97.2202,1
N150322,150322,33.0115,-97.1764,1
N150323,150323,32.9195,-97.2003,1
N150324,150324,32.9393,-97.2072,1
N150325,150325,32.9393,-97.2072,1
N150326,150326,32.9025,-97.1914,1
N150327,150327,33.0055,-97.2051,1
N150328,150328,33.0055,-97.2051,1
N150329,150329,32.6384,-97.3722,1
N150330,150330,32.633,-97.3406,1
N150331,150331,32.5861,-97.3413,1
N150332,150332,32.5861,-97.3413,1
N150333,150333,32.5861,-97.3413,1
N150334,150334,32.5861,-97.3413,1
N150335,150335,32.6701,-97.3693,1
N150336,150336,32.6436,-97.4276,1
N150337,150337,32.6601,-97.3336,1
N150338,150338,32.6601,-97.3336,1
N150339,150339,32.6157,-97.2927,1
N150340,150340,32.6535,-97.3642,1
N150341,150341,32.6293,-97.2993,1
N150342,150342,32.6293,-97.2993,1
N150343,150343,32.6293,-97.2993,1
N150344,150344,32.6714,-97.3907,1
N150345,150345,32.6714,-97.3907,1
N150346,150346,32.6322,-97.3895,1
N150347,150347,32.6322,-97.3895,1
N150348,150348,32.6093,-97.3843,1
N150349,150349,33.2302,-97.1786,1
N150350,150350,33.8756,-98.5049,1
N150351,150351,33.9347,-98.5259,1
N150352,150352,33.8878,-98.4909,1
N150353,150353,33.9681,-98.5124,1
N150354,150354,33.8613,-98.5479,1
N150355,150355,34.0822,-98.5674,1
N150356,150356,33.9407,-98.6585,1
N150357,150357,33.9249,-98.5866,1
N150358,150358,33.9267,-98.69,1
N150359,150359,33.9081,-98.4762,1
N150360,150360,33.8962,-98.5336,1
N150361,150361,33.8511,-98.5038,1
N150362,150362,33.8594,-98.5952,1
N150363,150363,34.0319,-98.9184,1
N150364,150364,33.8569,-98.8083,1
N150365,150365,31.9893,-97.3943,1
N150366,150366,31.9084,-97.3474,1
N150367,150367,32.8035,-98.0879,1
N150368,150368,32.8035,-98.0879,1
N150369,150369,32.7575,-97.8057,1
N150370,150370,32.7575,-97.8057,1
N150371,150371,32.7692,-98.0635,1
N150372,150372,32.6954,-97.6042,1
N150373,150373,32.3677,-97.6756,1
N150374,150374,32.8033,-97.8007,1
N150375,150375,32.2214,-98.2184,1
N150376,150376,32.2214,-98.2184,1
N150377,150377,32.8124,-98.1118,1
N150378,150378,32.2601,-97.7652,1
N150379,150379,32.4251,-97.6995,1
N150380,150380,32.8266,-98.0567,1
N150381,150381,32.2143,-98.2473,1
N150382,150382,32.437,-97.7945,1
N150383,150383,32.2125,-98.1966,1
N150384,150384,32.9729,-97.6842,1
N150385,150385,32.9033,-98.4425,1
N150386,150386,32.55,-98.4408,1
N150387,150387,32.9373,-98.2486,1
N150388,150388,32.8064,-98.149,1
N150389,150389,32.6997,-97.9504,1
N150390,150390,32.7476,-97.8705,1
N150391,150391,32.7624,-97.7554,1
N150392,150392,32.7216,-97.777,1
N150393,150393,32.6255,-97.8143,1
N150394,150394,32.5319,-97.8484,1
N150395,150395,32.945,-97.6295,1
N150396,150396,32.8923,-97.5889,1
N150397,150397,32.9106,-97.5582,1
N150398,150398,32.8526,-97.6147,1
N150399,150399,32.7554,-97.6788,1
N150400,150400,32.7379,-97.6314,1
N150401,150401,32.6938,-97.6525,1
N150402,150402,32.6173,-97.5957,1
N150403,150403,32.5182,-98.0476,1
N150404,150404,32.4876,-97.8011,1
N150405,150405,32.4769,-97.7617,1
N150406,150406,32.4337,-97.7555,1
N150407,150407,32.4053,-97.7711,1
N150408,150408,32.3895,-97.9182,1
N150409,150409,32.4678,-97.7072,1
N150410,150410,32.3625,-97.65,1
N150411,150411,32.2316,-97.7544,1
N150412,150412,32.7436,-97.7905,1
N150413,150413,32.7706,-97.703,1
N150414,150414,32.8035,-97.5775,1
N150415,150415,32.2984,-97.7846,1
N150416,150416,33.226,-97.5944,1
N150417,150417,33.2136,-97.7576,1
N150418,150418,33.0654,-97.5424,1
N150419,150419,33.0048,-97.5098,1
N150420,150420,33.073,-97.4467,1
N150421,150421,32.9856,-97.3902,1
N150422,150422,33.2887,-97.8063,1
N150423,150423,33.1712,-97.8774,1
N150424,150424,33.6528,-97.3776,1
N150425,150425,33.3568,-97.6941,1
N150426,150426,33.1344,-98.6117,1
N150427,150427,33.1344,-98.6117,1
N150428,150428,33.1344,-98.6117,1
N150429,150429,33.1344,-98.6117,1
N150430,150430,32.7283,-97.2192,1
N150431,150431,32.7283,-97.2192,1
N150432,150432,32.7283,-97.2192,1
N150433,150433,32.7283,-97.2192,1
N150434,150434,32.6581,-98.3103,1
N150435,150435,32.6581,-98.3103,1
N150436,150436,32.6581,-98.3103,1
N150437,150437,32.6581,-98.3103,1
N150438,150438,32.6581,-98.3103,1
N150439,150439,32.6581,-98.3103,1
N150440,150440,32.2984,-97.7855,1
N150441,150441,32.2984,-97.7855,1
N150442,150442,32.2984,-97.7855,1
N150443,150443,32.4031,-97.7006,1
N150444,150444,32.4031,-97.7006,1
N150445,150445,32.4031,-97.7006,1
N150446,150446,32.4031,-97.7006,1
N150447,150447,32.4031,-97.7006,1
N150448,150448,32.4031,-97.7006,1
N150449,150449,33.8625,-98.5894,1
N150450,150450,33.8625,-98.5894,1
N150451,150451,33.8625,-98.5894,1
N150452,150452,33.8625,-98.5894,1
N150453,150453,33.8625,-98.5894,1
N150454,150454,33.8625,-98.5894,1
N150455,150455,34.0035,-98.5535,1
N150456,150456,34.0035,-98.5535,1
N150457,150457,34.0035,-98.5535,1
N150458,150458,34.0035,-98.5535,1
N150459,150459,34.0035,-98.5535,1
N150460,150460,32.3995,-97.4078,1
N150461,150461,32.3995,-97.4078,1
N150462,150462,32.3995,-97.4078,1
N150463,150463,32.3995,-97.4078,1
N150464,150464,33.1958,-97.8025,1
N150465,150465,33.1958,-97.8025,1
N150466,150466,33.1958,-97.8025,1
N150467,150467,33.1958,-97.8025,1
N150468,150468,33.1958,-97.8025,1
N150469,150469,33.1958,-97.8025,1
N150470,150470,33.1958,-97.8025,1
N150471,150471,33.1958,-97.8025,1
N150472,150472,33.1958,-97.8025,1
N150473,150473,33.1958,-97.8025,1
N150474,150474,33.1958,-97.8025,1
N150475,150475,32.3342,-97.7317,1
N150476,150476,32.3342,-97.7317,1
N150477,150477,32.3342,-97.7317,1
N150478,150478,32.3342,-97.7317,1
N150479,150479,33.101,-97.9574,1
N150480,150480,33.101,-97.9574,1
N150481,150481,33.101,-97.9574,1
N150482,150482,33.101,-97.9574,1
N150483,150483,33.101,-97.9574,1
N150484,150484,33.101,-97.9574,1
N150485,150485,33.101,-97.9574,1
N150486,150486,33.101,-97.9574,1
N150487,150487,33.0583,-97.9103,1
N150488,150488,33.0583,-97.9103,1
N150489,150489,33.0583,-97.9103,1
N150490,150490,33.0583,-97.9103,1
N150491,150491,32.3387,-98.4761,1
N150492,150492,32.3387,-98.4761,1
N150493,150493,32.7246,-97.5371,1
N150494,150494,32.7246,-97.5371,1
N150495,150495,33.0681,-98.3377,1
N150496,150496,33.0681,-98.3377,1
N150497,150497,33.3837,-98.7119,1
N150498,150498,33.3837,-98.7119,1
N150499,150499,33.3837,-98.7119,1
N150500,150500,33.4931,-98.5819,1
N150501,150501,33.4931,-98.5819,1
N150502,150502,33.4931,-98.5819,1
N150503,150503,33.2059,-98.3651,1
N150504,150504,33.2059,-98.3651,1
N150505,150505,33.2059,-98.3651,1
N150506,150506,33.7331,-97.4284,1
N150507,150507,33.7331,-97.4284,1
N150509,150509,34.29,-99.3647,1
N150510,150510,34.29,-99.3647,1
N150511,150511,33.1431,-98.1611,1
N150512,150512,33.1431,-98.1611,1
N150513,150513,33.5098,-98.3608,1
N150514,150514,33.5098,-98.3608,1
N150515,150515,33.5098,-98.3608,1
N150516,150516,33.4954,-98.5,1
N150517,150517,33.4954,-98.5,1
N150519,150519,33.6282,-99.4112,1
N150520,150520,33.6282,-99.4112,1
N150521,150521,32.3377,-97.7346,1
N150522,150522,32.3377,-97.7346,1
N150523,150523,32.3377,-97.7346,1
N150524,150524,32.3377,-97.7346,1
N150525,150525,32.3377,-97.7346,1
N150526,150526,34.103,-99.1187,1
N150527,150527,34.103,-99.1187,1
N150528,150528,34.103,-99.1187,1
N150529,150529,33.7039,-97.372,1
N150530,150530,33.7039,-97.372,1
N150531,150531,33.7039,-97.372,1
N150532,150532,32.3713,-98.3774,1
N150533,150533,32.3713,-98.3774,1
N150534,150534,32.3713,-98.3774,1
N150535,150535,32.6391,-97.2429,1
N150536,150536,32.6391,-97.2429,1
N150537,150537,32.0788,-97.7685,1
N150538,150538,32.0788,-97.7685,1
N150539,150539,33.2149,-97.2097,1
N150540,150540,33.2149,-97.2097,1
N150541,150541,33.2149,-97.2097,1
N150542,150542,33.2149,-97.2097,1
N150543,150543,33.2149,-97.2097,1
N150544,150544,33.2149,-97.2097,1
N150545,150545,33.2149,-97.2097,1
N150546,150546,33.2149,-97.2097,1
N150547,150547,33.2149,-97.2097,1
N150548,150548,33.5783,-99.1921,1
N150549,150549,33.5783,-99.1921,1
N150550,150550,34.0723,-99.2647,1
N150551,150551,34.0723,-99.2647,1
N150552,150552,34.0723,-99.2647,1
N150553,150553,32.05,-97.35,1
N150554,150554,32.05,-97.35,1
N160001,160001,28.4159,-98.1658,1
N160002,160002,28.4097,-98.0506,1
N160003,160003,26.909,-98.2288,1
N160004,160004,26.9571,-97.7889,1
N160005,160005,27.7783,-98.2804,1
N160006,160006,28.1817,-98.0108,1
N160007,160007,28.1104,-98.0211,1
N160008,160008,27.2358,-98.1584,1
N160009,160009,27.6832,-97.2579,1
N160010,160010,27.7963,-97.582,1
N160011,160011,27.9399,-97.1409,1
N160012,160012,27.672,-97.6893,1
N160013,160013,27.8202,-97.7496,1
N160014,160014,27.8634,-98.1015,1
N160015,160015,28.0866,-97.6332,1
N160016,160016,27.9643,-97.3403,1
N160017,160017,27.7524,-97.9557,1
N160018,160018,27.8279,-97.0893,1
N160019,160019,27.8247,-97.3919,1
N160020,160020,27.688,-97.4947,1
N160021,160021,28.2668,-97.7229,1
N160022,160022,28.0576,-97.0792,1
N160023,160023,28.2253,-97.7814,1
N160024,160024,27.9512,-97.9867,1
N160025,160025,28.0207,-97.8775,1
N160026,160026,28.1312,-97.854,1
N160027,160027,27.9938,-98.1055,1
N160028,160028,27.8507,-98.2082,1
N160029,160029,27.7054,-98.1408,1
N160030,160030,27.9733,-97.6354,1
N160031,160031,27.9625,-97.7961,1
N160032,160032,27.7399,-97.8296,1
N160033,160033,28.1869,-97.6048,1
N160034,160034,28.0557,-97.5052,1
N160035,160035,28.1608,-97.2748,1
N160036,160036,28.0565,-97.2972,1
N160037,160037,27.845,-97.6493,1
N160038,160038,27.9354,-97.4456,1
N160039,160039,27.7449,-97.7115,1
N160040,160040,27.5627,-98.1826,1
N160041,160041,27.3432,-98.1416,1
N160042,160042,27.5769,-98.0375,1
N160043,160043,27.5726,-97.8928,1
N160044,160044,27.4139,-97.8374,1
N160045,160045,27.2734,-97.9392,1
N160046,160046,27.3009,-97.7926,1
N160047,160047,27.6079,-97.6004,1
N160048,160048,27.3102,-97.6842,1
N160049,160049,27.8585,-97.9374,1
N160050,160050,27.4071,-97.7549,1
N160051,160051,27.9349,-97.2312,1
N160052,160052,27.959,-97.1214,1
N160053,160053,27.315,-98.0631,1
N160054,160054,27.4236,-98.1799,1
N160055,160055,27.9736,-97.9257,1
N160056,160056,28.1195,-97.677,1
N160057,160057,27.5543,-97.2796,1
N160058,160058,27.4338,-97.2998,1
N160059,160059,27.5998,-97.7252,1
N160060,160060,27.4632,-97.4227,1
N160061,160061,27.7177,-98.1319,1
N160062,160062,28.2397,-97.239,1
N160063,160063,27.5783,-97.4972,1
N160064,160064,27.3409,-97.4488,1
N160065,160065,28.163,-97.389,1
N160066,160066,27.835,-97.2172,1
N160067,160067,28.7132,-97.3631,1
N160068,160068,28.8383,-97.4559,1
N160069,160069,28.8828,-97.2266,1
N160070,160070,28.4996,-97.8076,1
N160071,160071,28.5185,-97.9378,1
N160072,160072,28.4742,-97.6684,1
N160073,160073,28.419,-97.8846,1
N160074,160074,28.7581,-97.6212,1
N160075,160075,28.6389,-97.4462,1
N160076,160076,28.8478,-97.2557,1
N160077,160077,28.7248,-97.2123,1
N160078,160078,28.5938,-97.7146,1
N160079,160079,28.3879,-97.3602,1
N160080,160080,28.3559,-97.7267,1
N160081,160081,28.3559,-97.7267,1
N160082,160082,28.6435,-97.8163,1
N160083,160083,28.4561,-97.7683,1
N160084,160084,28.5933,-97.5847,1
N160085,160085,28.4488,-97.5264,1
N160086,160086,28.6428,-97.3083,1
N160087,160087,28.5383,-97.4406,1
N160088,160088,28.8091,-97.3724,1
N160089,160089,28.3282,-97.5445,1
N160090,160090,28.5197,-97.2632,1
N160091,160091,27.7451,-98.0834,1
N160092,160092,27.7531,-98.0707,1
N160093,160093,27.7531,-98.0707,1
N160094,160094,27.58,-97.8,1
N160095,160095,28.0944,-97.8267,1
N160096,160096,27.9564,-97.938,1
N160097,160097,27.5146,-97.8638,1
N160098,160098,27.4957,-97.8643,1
N160099,160099,27.8001,-97.6964,1
N160100,160100,28.8985,-97.0641,1
N160101,160101,28.815,-96.6153,1
N160102,160102,28.7952,-96.4702,1
N160103,160103,28.8984,-96.6653,1
N160104,160104,28.618,-96.6784,1
N160105,160105,28.8443,-97.1159,1
N160106,160106,28.738,-97.0742,1
N160107,160107,28.7553,-97.134,1
N160108,160108,28.4184,-96.9701,1
N160109,160109,28.3429,-97.0021,1
N160110,160110,28.1548,-96.9987,1
N160111,160111,28.932,-96.8481,1
N160112,160112,28.9007,-96.9138,1
N160113,160113,28.7709,-97.0114,1
N160114,160114,28.818,-96.8674,1
N160115,160115,28.7129,-96.903,1
N160116,160116,28.8787,-96.7263,1
N160117,160117,28.6807,-96.9437,1
N160118,160118,28.6096,-96.7525,1
N160119,160119,28.6479,-96.6262,1
N160120,160120,28.6781,-96.4062,1
N160121,160121,28.5709,-96.9895,1
N160122,160122,28.4229,-96.6221,1
N160123,160123,28.521,-96.6443,1
N160124,160124,28.5524,-96.548,1
N160125,160125,28.4444,-96.4126,1
N160126,160126,28.4235,-97.0719,1
N160127,160127,28.9625,-96.6746,1
N160128,160128,28.7631,-96.7384,1
N160129,160129,28.2517,-97.1452,1
N160130,160130,28.7275,-96.8333,1
N160131,160131,28.6064,-97.0908,1
N160132,160132,28.3185,-96.8855,1
N160133,160133,29.0043,-96.7949,1
N160134,160134,28.1319,-96.7972,1
N160135,160135,28.5422,-97.1649,1
N160136,160136,28.3301,-96.4636,1
N160137,160137,28.5015,-96.7569,1
N160138,160138,27.8119,-97.487,1
N160139,160139,27.8254,-97.5313,1
N160140,160140,27.8254,-97.5313,1
N160141,160141,27.7829,-97.4337,1
N160142,160142,27.7858,-97.3985,1
N160143,160143,27.7096,-97.4002,1
N160144,160144,27.7694,-97.4021,1
N160145,160145,27.8803,-97.6072,1
N160146,160146,27.8205,-97.6678,1
N160147,160147,27.7521,-97.4371,1
N160148,160148,27.7575,-97.4138,1
N160149,160149,27.7222,-97.4249,1
N160150,160150,27.6884,-97.403,1
N160151,160151,27.7214,-97.3512,1
N160152,160152,27.668,-97.3102,1
N160153,160153,27.6577,-97.3867,1
N160154,160154,27.6551,-97.3222,1
N160155,160155,27.6039,-97.2322,1
N160156,160156,27.7951,-97.455,1
N160157,160157,27.8055,-97.4252,1
N160158,160158,27.7204,-97.3735,1
N160159,160159,27.7435,-97.3903,1
N160160,160160,27.6818,-97.3999,1
N160161,160161,27.6914,-97.3588,1
N160162,160162,27.866,-97.6824,1
N160163,160163,27.8393,-97.5821,1
N160164,160164,28.9762,-96.6484,1
N160165,160165,28.51,-96.7753,1
N160166,160166,28.6499,-96.5405,1
N160167,160167,28.6144,-96.6337,1
N160168,160168,28.8045,-96.9899,1
N160169,160169,28.6687,-96.5624,1
N160170,160170,28.7911,-96.9794,1
N160171,160171,28.7841,-97.0504,1
N160172,160172,28.872,-97.0082,1
N160173,160173,28.8391,-96.9979,1
N160174,160174,28.8386,-96.9703,1
N160175,160175,28.6963,-96.5418,1
N160176,160176,28.824,-96.9637,1
N160177,160177,28.4032,-97.7483,1
N160178,160178,28.4018,-97.7346,1
N160179,160179,27.8812,-97.1971,1
N160180,160180,27.9317,-97.3623,1
N160181,160181,28.2859,-97.2929,1
N160182,160182,28.0326,-97.5083,1
N160183,160183,28.0379,-97.0525,1
N160184,160184,28.0236,-97.0849,1
N160185,160185,27.908,-97.1576,1
N160186,160186,27.8305,-97.0742,1
N160187,160187,27.8923,-97.3103,1
N160188,160188,27.8194,-97.4192,1
N160189,160189,27.8194,-97.4192,1
N160190,160190,27.8194,-97.4192,1
N160191,160191,27.8194,-97.4192,1
N160192,160192,28.7883,-97.01,1
N160193,160193,28.7883,-97.01,1
N160194,160194,28.7883,-97.01,1
N160195,160195,28.7883,-97.01,1
N160196,160196,28.8947,-97.135,1
N160197,160197,28.8947,-97.135,1
N160198,160198,28.8947,-97.135,1
N160199,160199,28.8947,-97.135,1
N160200,160200,28.8947,-97.135,1
N160201,160201,28.8947,-97.135,1
N160202,160202,28.8947,-97.135,1
N160203,160203,27.6065,-97.3117,1
N160204,160204,27.6065,-97.3117,1
N160205,160205,27.6065,-97.3117,1
N160206,160206,27.6065,-97.3117,1
N160207,160207,27.6065,-97.3117,1
N160208,160208,27.6065,-97.3117,1
N160209,160209,28.7128,-97.2142,1
N160210,160210,28.7128,-97.2142,1
N160211,160211,28.514,-96.7942,1
N160212,160212,28.514,-96.7942,1
N160213,160213,27.5697,-97.8228,1
N160214,160214,27.5697,-97.8228,1
N160215,160215,28.6917,-96.5417,1
N160216,160216,28.6917,-96.5417,1
N160217,160217,28.6917,-96.5417,1
N160218,160218,28.6917,-96.5417,1
N160219,160219,28.6917,-96.5417,1
N160220,160220,28.6917,-96.5417,1
N160221,160221,28.6917,-96.5417,1
N160222,160222,28.6917,-96.5417,1
N160223,160223,28.6917,-96.5417,1
N160224,160224,28.6917,-96.5417,1
N160225,160225,28.6752,-96.956,1
N160226,160226,28.6752,-96.956,1
N160227,160227,27.8322,-97.5281,1
N160228,160228,27.8322,-97.5281,1
N160229,160229,27.8175,-97.4814,1
N160230,160230,27.8175,-97.4814,1
N160231,160231,27.8175,-97.4814,1
N160232,160232,27.8175,-97.4814,1
N160233,160233,27.8175,-97.4814,1
N160234,160234,28.5105,-96.7706,1
N160235,160235,28.5105,-96.7706,1
N160236,160236,28.5105,-96.7706,1
N160237,160237,28.5105,-96.7706,1
N160238,160238,28.5105,-96.7706,1
N160239,160239,28.5105,-96.7706,1
N160240,160240,28.5105,-96.7706,1
N160241,160241,28.5707,-96.8333,1
N160242,160242,28.5707,-96.8333,1
N160243,160243,28.5707,-96.8333,1
N160244,160244,28.5707,-96.8333,1
N160245,160245,27.8111,-97.5958,1
N160246,160246,27.8111,-97.5958,1
N160247,160247,27.8894,-97.2584,1
N160248,160248,27.8894,-97.2584,1
N160249,160249,27.8894,-97.2584,1
N160250,160250,27.8894,-97.2584,1
N160251,160251,27.8894,-97.2584,1
N160252,160252,27.8139,-97.4283,1
N160253,160253,27.8139,-97.4283,1
N160254,160254,27.8139,-97.4283,1
N160255,160255,27.8139,-97.4283,1
N160256,160256,27.8828,-97.2428,1
N160257,160257,27.8828,-97.2428,1
N160258,160258,27.8828,-97.2428,1
N160259,160259,27.8828,-97.2428,1
N160260,160260,27.8828,-97.2428,1
N160261,160261,27.0011,-97.5994,1
N160262,160262,27.0011,-97.5994,1
N160263,160263,27.0011,-97.5994,1
N160264,160264,28.6503,-96.5397,1
N160265,160265,28.6503,-96.5397,1
N160266,160266,28.6503,-96.5397,1
N160267,160267,28.6503,-96.5397,1
N160268,160268,27.0702,-97.5077,1
N160269,160269,27.0702,-97.5077,1
N160270,160270,27.0702,-97.5077,1
N160271,160271,27.9386,-97.4586,1
N160272,160272,27.9386,-97.4586,1
N160273,160273,27.9386,-97.4586,1
N160274,160274,27.1197,-97.5499,1
N160275,160275,27.1197,-97.5499,1
N160276,160276,27.9959,-97.2967,1
N160277,160277,27.9959,-97.2967,1
N160278,160278,27.9959,-97.2967,1
N160279,160279,27.2231,-97.7892,1
N160280,160280,27.2231,-97.7892,1
N160281,160281,27.2231,-97.7892,1
N160282,160282,27.8322,-97.4403,1
N160283,160283,27.8322,-97.4403,1
N160284,160284,27.5928,-97.6481,1
N160285,160285,27.5928,-97.6481,1
N160286,160286,27.5928,-97.6481,1
N160287,160287,26.9417,-97.6425,1
N160288,160288,26.9417,-97.6425,1
N160289,160289,27.5925,-97.5008,1
N160290,160290,27.5925,-97.5008,1
N160291,160291,27.5925,-97.5008,1
N160292,160292,28.6481,-96.5462,1
N160293,160293,28.6481,-96.5462,1
N160294,160294,28.6481,-96.5462,1
N160295,160295,28.6481,-96.5462,1
N160296,160296,28.6958,-96.9454,1
N160297,160297,28.6958,-96.9454,1
N160298,160298,28.6958,-96.9454,1
N160299,160299,28.1093,-97.7505,1
N160300,160300,28.1093,-97.7505,1
N160301,160301,28.1093,-97.7505,1
N160302,160302,27.9551,-97.3002,1
N160303,160303,27.9551,-97.3002,1
N170001,170001,33.5689,-97.2176,1
N170002,170002,33.7235,-97.005,1
N170003,170003,33.6014,-96.9758,1
N170004,170004,33.6281,-97.0688,1
N170005,170005,33.4894,-97.0485,1
N170006,170006,33.7584,-97.1644,1
N170007,170007,33.6706,-97.2477,1
N170008,170008,33.4798,-97.2395,1
N170009,170009,33.7342,-96.9572,1
N170010,170010,33.7722,-97.3104,1
N170011,170011,33.423,-96.9634,1
N170012,170012,33.1481,-95.9694,1
N170013,170013,32.8165,-96.3224,1
N170014,170014,33.2281,-96.1782,1
N170015,170015,33.2999,-95.9854,1
N170016,170016,33.1979,-96.2386,1
N170017,170017,33.1027,-96.2621,1
N170018,170018,33.1679,-96.0366,1
N170019,170019,33.1576,-95.8045,1
N170020,170020,33.3674,-95.9495,1
N170021,170021,33.3033,-95.8666,1
N170022,170022,33.0021,-96.1812,1
N170023,170023,33.0126,-96.0575,1
N170024,170024,32.9262,-96.1048,1
N170025,170025,32.9197,-96.2427,1
N170026,170026,32.849,-96.2664,1
N170027,170027,32.9997,-95.9296,1
N170028,170028,32.8162,-96.1001,1
N170029,170029,32.9122,-95.9516,1
N170030,170030,32.6798,-96.019,1
N170031,170031,32.7676,-96.2028,1
N170032,170032,32.6403,-96.184,1
N170033,170033,33.0482,-95.9705,1
N170034,170034,32.6955,-96.1306,1
N170035,170035,33.7659,-96.6699,1
N170036,170036,33.5241,-96.5331,1
N170037,170037,33.6648,-96.7523,1
N170038,170038,33.6804,-96.1742,1
N170039,170039,33.5271,-96.126,1
N170040,170040,33.4861,-96.2752,1
N170041,170041,33.423,-96.3888,1
N170042,170042,33.7812,-96.8813,1
N170043,170043,33.7178,-96.8823,1
N170044,170044,33.8189,-96.7872,1
N170045,170045,33.8781,-96.6383,1
N170046,170046,33.6916,-96.4242,1
N170047,170047,33.732,-96.2478,1
N170048,170048,33.7606,-96.0499,1
N170049,170049,33.6001,-96.8538,1
N170050,170050,33.519,-96.9122,1
N170051,170051,33.4551,-96.8227,1
N170052,170052,33.4733,-96.6601,1
N170053,170053,33.6279,-96.5419,1
N170054,170054,33.5985,-96.4166,1
N170055,170055,33.5817,-96.3027,1
N170056,170056,33.4405,-96.5361,1
N170057,170057,33.4012,-96.329,1
N170058,170058,33.4592,-96.1986,1
N170059,170059,33.5706,-95.9856,1
N170060,170060,33.4272,-96.0631,1
N170061,170061,33.3423,-96.2083,1
N170062,170062,33.7139,-96.3886,1
N170063,170063,33.5631,-96.1124,1
N170064,170064,33.7004,-96.5913,1
N170065,170065,33.6497,-96.1849,1
N170066,170066,33.7009,-96.3904,1
N170067,170067,33.771,-96.5111,1
N170068,170068,33.4874,-95.7572,1
N170069,170069,33.7456,-95.7179,1
N170070,170070,33.8356,-95.5438,1
N170071,170071,33.6461,-95.8816,1
N170072,170072,33.6692,-95.6399,1
N170073,170073,33.5514,-95.6234,1
N170074,170074,33.3642,-95.7855,1
N170075,170075,33.7213,-95.524,1
N170076,170076,33.8161,-95.9123,1
N170077,170077,33.4903,-95.8222,1
N170078,170078,33.6924,-95.787,1
N170079,170079,33.5781,-95.736,1
N170080,170080,33.8253,-95.7902,1
N170081,170081,33.3684,-97.1706,1
N170082,170082,33.3684,-97.1706,1
N170083,170083,33.3429,-97.1141,1
N170084,170084,32.9956,-96.8805,1
N170085,170085,33.0277,-96.8967,1
N170086,170086,33.0023,-96.7995,1
N170087,170087,33.0023,-96.7995,1
N170088,170088,33.0394,-96.8288,1
N170089,170089,33.0394,-96.8288,1
N170090,170090,32.9976,-96.8197,1
N170091,170091,33.0569,-96.8704,1
N170092,170092,32.9768,-96.8119,1
N170093,170093,32.9768,-96.8119,1
N170094,170094,33.0205,-96.8669,1
N170095,170095,32.9624,-96.867,1
N170096,170096,32.9734,-96.8936,1
N170097,170097,32.9734,-96.8936,1
N170098,170098,32.9734,-96.8936,1
N170099,170099,32.9734,-96.8936,1
N170100,170100,32.9733,-96.8638,1
N170101,170101,32.9733,-96.8638,1
N170102,170102,32.9977,-96.8424,1
N170103,170103,32.9977,-96.8424,1
N170104,170104,33.0389,-96.8181,1
N170105,170105,33.0286,-96.9311,1
N170106,170106,33.0048,-96.9078,1
N170107,170107,33.0048,-96.9078,1
N170108,170108,33.1787,-96.7686,1
N170109,170109,33.1878,-96.6892,1
N170110,170110,33.1757,-96.6011,1
N170111,170111,33.1691,-96.6276,1
N170112,170112,33.1558,-96.7196,1
N170113,170113,33.2232,-96.6464,1
N170114,170114,33.2232,-96.6464,1
N170115,170115,33.1694,-96.6611,1
N170116,170116,33.2192,-96.6136,1
N170117,170117,33.184,-96.7391,1
N170118,170118,33.2072,-96.7197,1
N170119,170119,33.2072,-96.7197,1
N170120,170120,33.2072,-96.7197,1
N170121,170121,33.1998,-96.6457,1
N170122,170122,33.2614,-96.7624,1
N170123,170123,33.2016,-96.7442,1
N170124,170124,33.3082,-96.7383,1
N170125,170125,33.1736,-96.6797,1
N170126,170126,33.1736,-96.6797,1
N170127,170127,33.236,-96.7858,1
N170128,170128,33.236,-96.7858,1
N170129,170129,33.2059,-96.5801,1
N170130,170130,33.133,-96.684,1
N170131,170131,33.2461,-96.6804,1
N170132,170132,33.2005,-96.619,1
N170133,170133,33.2005,-96.619,1
N170134,170134,33.2423,-96.6325,1
N170135,170135,33.1743,-96.7079,1
N170136,170136,33.2907,-96.7565,1
N170137,170137,33.3371,-96.7851,1
N170138,170138,33.3371,-96.7851,1
N170139,170139,33.3249,-96.9999,1
N170140,170140,33.3922,-96.9565,1
N170141,170141,33.3353,-96.9121,1
N170142,170142,33.2671,-96.9901,1
N170143,170143,33.2516,-96.8732,1
N170144,170144,33.2293,-96.9706,1
N170145,170145,33.2189,-96.9388,1
N170146,170146,33.2189,-96.9388,1
N170147,170147,33.2934,-96.8205,1
N170148,170148,32.9702,-96.3358,1
N170149,170149,32.9702,-96.3358,1
N170150,170150,32.8992,-96.435,1
N170151,170151,32.8992,-96.435,1
N170152,170152,32.9636,-96.3048,1
N170153,170153,32.9499,-96.4262,1
N170154,170154,33.0051,-96.4209,1
N170155,170155,32.933,-96.4642,1
N170156,170156,32.933,-96.4642,1
N170157,170157,32.8632,-96.4594,1
N170158,170158,33.0196,-96.3654,1
N170159,170159,32.9576,-96.4739,1
N170160,170160,32.9342,-96.3681,1
N170161,170161,32.8916,-96.3652,1
N170162,170162,32.8557,-96.3417,1
N170163,170163,32.8238,-96.3071,1
N170164,170164,32.9113,-96.4488,1
N170165,170165,32.888,-96.4723,1
N170166,170166,32.8497,-96.4444,1
N170167,170167,32.9278,-96.6124,1
N170168,170168,33.0069,-96.5355,1
N170169,170169,33.0069,-96.5355,1
N170170,170170,33.0069,-96.5355,1
N170171,170171,32.991,-96.6249,1
N170172,170172,33.0139,-96.5836,1
N170173,170173,32.9309,-96.5239,1
N170174,170174,32.9309,-96.5239,1
N170175,170175,32.9013,-96.5254,1
N170176,170176,32.9473,-96.5931,1
N170177,170177,32.9104,-96.5694,1
N170178,170178,32.9104,-96.5694,1
N170179,170179,32.9874,-96.5501,1
N170180,170180,32.9773,-96.5891,1
N170181,170181,32.9773,-96.5891,1
N170182,170182,33.0163,-96.5073,1
N170183,170183,32.9411,-96.6342,1
N170184,170184,32.9411,-96.6342,1
N170185,170185,32.996,-96.6353,1
N170186,170186,33.0902,-96.6583,1
N170187,170187,33.0678,-96.5718,1
N170188,170188,33.0678,-96.5718,1
N170189,170189,33.1241,-96.6249,1
N170190,170190,33.0145,-96.6484,1
N170191,170191,33.0145,-96.6484,1
N170192,170192,33.059,-96.6503,1
N170193,170193,33.0955,-96.6288,1
N170194,170194,33.0955,-96.6288,1
N170195,170195,33.0955,-96.6288,1
N170196,170196,33.0955,-96.6288,1
N170197,170197,33.0281,-96.614,1
N170198,170198,33.0281,-96.614,1
N170199,170199,33.1291,-96.5831,1
N170200,170200,33.0636,-96.6057,1
N170201,170201,33.0636,-96.516,1
N170202,170202,33.088,-96.6758,1
N170203,170203,33.088,-96.6758,1
N170204,170204,33.1243,-96.6588,1
N170205,170205,33.1243,-96.6588,1
N170206,170206,33.0273,-96.6711,1
N170207,170207,33.0273,-96.6711,1
N170208,170208,33.1341,-96.7923,1
N170209,170209,33.1341,-96.7923,1
N170210,170210,33.1458,-96.8199,1
N170211,170211,33.1458,-96.8199,1
N170212,170212,33.1783,-96.8733,1
N170213,170213,33.0906,-96.8695,1
N170214,170214,33.1469,-96.8367,1
N170215,170215,33.1818,-96.7968,1
N170216,170216,33.1626,-96.9349,1
N170217,170217,33.1073,-96.8969,1
N170218,170218,33.1759,-96.8906,1
N170219,170219,33.1759,-96.8906,1
N170220,170220,33.1759,-96.8906,1
N170221,170221,33.1026,-96.8497,1
N170222,170222,33.1414,-96.8687,1
N170223,170223,33.1414,-96.8687,1
N170224,170224,33.1308,-96.7853,1
N170225,170225,32.9995,-96.9391,1
N170226,170226,33.3471,-96.5617,1
N170227,170227,33.3471,-96.5617,1
N170228,170228,33.3127,-96.3808,1
N170229,170229,33.3613,-96.6815,1
N170230,170230,33.3143,-96.6172,1
N170231,170231,33.3578,-96.4854,1
N170232,170232,33.2678,-96.4893,1
N170233,170233,33.3758,-96.4241,1
N170234,170234,33.3027,-96.333,1
N170235,170235,33.2702,-96.5646,1
N170236,170236,33.2702,-96.5646,1
N170237,170237,33.039,-97.0079,1
N170238,170238,33.039,-97.0079,1
N170239,170239,33.0752,-97.0408,1
N170240,170240,33.0681,-97.0252,1
N170241,170241,33.026,-97.0104,1
N170242,170242,33.0629,-96.8109,1
N170243,170243,33.0629,-96.8109,1
N170244,170244,33.0504,-96.7015,1
N170245,170245,33.0898,-96.7632,1
N170246,170246,33.0782,-96.7828,1
N170247,170247,33.0782,-96.7828,1
N170248,170248,33.0202,-96.7335,1
N170249,170249,33.0202,-96.7335,1
N170250,170250,33.0328,-96.7786,1
N170251,170251,33.0456,-96.7188,1
N170252,170252,33.1052,-96.7415,1
N170253,170253,33.1052,-96.7415,1
N170254,170254,33.0942,-96.7846,1
N170255,170255,33.0168,-96.7638,1
N170256,170256,33.1264,-96.7441,1
N170257,170257,33.0805,-96.7198,1
N170258,170258,33.0805,-96.7198,1
N170259,170259,33.0805,-96.7198,1
N170260,170260,33.0805,-96.7198,1
N170261,170261,33.042,-96.7474,1
N170262,170262,33.1091,-96.7037,1
N170263,170263,33.0509,-96.7892,1
N170264,170264,33.1203,-96.7797,1
N170265,170265,33.0701,-96.7466,1
N170266,170266,33.0238,-96.6951,1
N170267,170267,33.0684,-96.7212,1
N170268,170268,33.037,-96.75,1
N170269,170269,33.037,-96.75,1
N170270,170270,33.0453,-96.6908,1
N170271,170271,33.0667,-96.7643,1
N170272,170272,33.0312,-96.797,1
N170273,170273,32.9565,-96.759,1
N170274,170274,32.9293,-96.7211,1
N170275,170275,33.0042,-96.7091,1
N170276,170276,32.9824,-96.7695,1
N170277,170277,32.9824,-96.7695,1
N170278,170278,32.9046,-96.6986,1
N170279,170279,32.9059,-96.7528,1
N170280,170280,32.9397,-96.6602,1
N170281,170281,32.9778,-96.7127,1
N170282,170282,32.9778,-96.7127,1
N170283,170283,32.9971,-96.6571,1
N170284,170284,32.931,-96.6603,1
N170285,170285,32.9674,-96.7391,1
N170286,170286,32.9565,-96.7802,1
N170287,170287,32.9831,-96.6781,1
N170288,170288,32.9192,-96.7255,1
N170289,170289,32.9459,-96.6887,1
N170290,170290,33.0086,-96.6817,1
N170291,170291,33.0086,-96.6817,1
N170292,170292,33.0086,-96.6817,1
N170293,170293,33.0086,-96.6817,1
N170294,170294,33.0086,-96.6817,1
N170295,170295,32.9213,-96.6889,1
N170296,170296,32.9213,-96.6889,1
N170297,170297,32.9213,-96.6889,1
N170298,170298,32.9469,-96.705,1
N170299,170299,32.9469,-96.705,1
N170300,170300,32.8918,-96.7256,1
N170301,170301,32.8918,-96.7256,1
N170302,170302,32.9373,-96.7646,1
N170303,170303,32.9373,-96.7646,1
N170304,170304,32.9682,-96.6901,1
N170305,170305,32.9919,-96.7168,1
N170306,170306,33.1786,-96.5211,1
N170307,170307,33.1786,-96.5211,1
N170308,170308,33.0671,-96.4068,1
N170309,170309,33.1637,-96.3661,1
N170310,170310,33.1637,-96.3661,1
N170311,170311,33.1155,-96.4957,1
N170312,170312,33.2118,-96.4255,1
N170313,170313,33.2358,-96.34,1
N170314,170314,33.0466,-96.4428,1
N170315,170315,33.0999,-96.3298,1
N170316,170316,33.1819,-96.5251,1
N170317,170317,32.9513,-96.8545,1
N170318,170318,32.9513,-96.8545,1
N170319,170319,32.9513,-96.8545,1
N170320,170320,32.9513,-96.8545,1
N170321,170321,32.9406,-96.8111,1
N170322,170322,32.9406,-96.8111,1
N170323,170323,32.9538,-96.8012,1
N170324,170324,32.9369,-96.8336,1
N170325,170325,32.9037,-96.6538,1
N170326,170326,32.8845,-96.6629,1
N170327,170327,32.8641,-96.6322,1
N170328,170328,32.8804,-96.6261,1
N170329,170329,32.8883,-96.694,1
N170330,170330,32.8961,-96.6831,1
N170331,170331,32.8431,-96.5829,1
N170332,170332,32.8431,-96.5829,1
N170333,170333,32.8767,-96.613,1
N170334,170334,32.8767,-96.613,1
N170335,170335,32.8997,-96.6073,1
N170336,170336,32.8732,-96.7085,1
N170337,170337,32.8885,-96.6741,1
N170338,170338,32.893,-96.6758,1
N170339,170339,32.893,-96.6758,1
N170340,170340,32.8712,-96.6607,1
N170341,170341,32.8819,-96.6696,1
N170342,170342,32.874,-96.6841,1
N170343,170343,32.878,-96.6409,1
N170344,170344,32.8661,-96.5876,1
N170345,170345,32.9214,-96.6414,1
N170346,170346,32.8987,-96.6621,1
N170347,170347,32.882,-96.6757,1
N170348,170348,32.9033,-96.6359,1
N170349,170349,32.875,-96.6703,1
N170350,170350,32.8627,-96.6676,1
N170351,170351,32.8978,-96.6238,1
N170352,170352,32.8883,-96.6831,1
N170353,170353,32.8558,-96.5809,1
N170354,170354,32.898,-96.6745,1
N170355,170355,32.8848,-96.5695,1
N170356,170356,32.8999,-96.6621,1
N170357,170357,32.8582,-96.5952,1
N170358,170358,32.8525,-96.6624,1
N170359,170359,32.8525,-96.6624,1
N170360,170360,32.8525,-96.6624,1
N170361,170361,32.8525,-96.6624,1
N170362,170362,32.8734,-96.6592,1
N170363,170363,32.8845,-96.6658,1
N170364,170364,32.8758,-96.691,1
N170365,170365,32.8828,-96.6725,1
N170366,170366,32.8279,-96.6049,1
N170367,170367,32.8738,-96.6008,1
N170368,170368,32.8613,-96.6143,1
N170369,170369,32.8601,-96.5723,1
N170370,170370,32.8791,-96.7034,1
N170371,170371,32.8687,-96.6937,1
N170372,170372,32.9124,-96.6493,1
N170373,170373,32.8857,-96.6447,1
N170374,170374,32.8916,-96.6552,1
N170375,170375,32.8929,-96.6372,1
N170376,170376,32.8795,-96.6524,1
N170377,170377,32.9133,-96.6314,1
N170378,170378,32.893,-96.6181,1
N170379,170379,32.8886,-96.6045,1
N170380,170380,32.8693,-96.6455,1
N170381,170381,32.8495,-96.6311,1
N170382,170382,32.8595,-96.6365,1
N170383,170383,32.8522,-96.6463,1
N170384,170384,32.844,-96.6179,1
N170385,170385,32.8885,-96.5776,1
N170386,170386,32.8787,-96.5613,1
N170387,170387,32.849,-96.5721,1
N170388,170388,32.8533,-96.556,1
N170389,170389,32.8377,-96.5643,1
N170390,170390,32.8618,-96.5442,1
N170391,170391,32.8275,-96.6129,1
N170392,170392,32.8225,-96.603,1
N170393,170393,32.8185,-96.6007,1
N170394,170394,32.8385,-96.5886,1
N170395,170395,32.8655,-96.6069,1
N170396,170396,32.9146,-96.6443,1
N170397,170397,32.8663,-96.682,1
N170398,170398,32.8517,-96.602,1
N170399,170399,32.8905,-96.6628,1
N170400,170400,32.879,-96.6804,1
N170401,170401,32.8791,-96.6804,1
N170402,170402,32.9092,-96.6096,1
N170403,170403,32.8819,-96.6323,1
N170404,170404,32.8942,-96.6705,1
N170405,170405,32.8646,-96.6497,1
N170406,170406,32.87,-96.6232,1
N170407,170407,32.8846,-96.683,1
N170408,170408,32.9069,-96.6243,1
N170409,170409,32.8549,-96.6255,1
N170410,170410,32.8385,-96.6374,1
N170411,170411,32.8927,-96.6872,1
N170412,170412,32.8738,-96.6708,1
N170413,170413,32.883,-96.6887,1
N170414,170414,32.8878,-96.6901,1
N170415,170415,32.8786,-96.6705,1
N170416,170416,32.8986,-96.6741,1
N170417,170417,32.8898,-96.6686,1
N170418,170418,32.88,-96.673,1
N170419,170419,32.8805,-96.6182,1
N170420,170420,32.8788,-96.7074,1
N170421,170421,32.8878,-96.6992,1
N170422,170422,32.8938,-96.6758,1
N170423,170423,32.9042,-96.6706,1
N170424,170424,32.8556,-96.6673,1
N170425,170425,32.883,-96.6899,1
N170426,170426,32.8945,-96.6768,1
N170427,170427,33.1555,-97.0928,1
N170428,170428,33.1555,-97.0928,1
N170429,170429,33.1555,-97.0928,1
N170430,170430,33.1555,-97.0928,1
N170431,170431,33.1725,-96.9937,1
N170432,170432,33.1725,-96.9937,1
N170433,170433,33.1661,-97.057,1
N170434,170434,33.1298,-97.041,1
N170435,170435,33.1298,-97.041,1
N170436,170436,33.227,-97.0791,1
N170437,170437,33.1922,-97.1163,1
N170438,170438,33.245,-97.12,1
N170439,170439,33.245,-97.12,1
N170440,170440,33.2995,-97.0791,1
N170441,170441,33.221,-97.055,1
N170442,170442,33.2171,-97.1358,1
N170443,170443,33.2171,-97.1358,1
N170444,170444,33.2479,-97.1387,1
N170445,170445,33.637,-97.1533,1
N170446,170446,33.6674,-97.1543,1
N170447,170447,33.482,-97.1226,1
N170448,170448,33.6373,-97.2195,1
N170449,170449,33.5825,-97.0218,1
N170450,170450,33.6302,-97.1243,1
N170451,170451,33.6302,-97.1243,1
N170452,170452,33.6143,-97.149,1
N170453,170453,33.6555,-97.2034,1
N170454,170454,33.6621,-95.5476,1
N170455,170455,33.665,-95.5859,1
N170456,170456,33.7684,-95.5363,1
N170457,170457,33.5845,-95.9085,1
N170458,170458,33.3711,-95.6913,1
N170459,170459,33.5466,-95.7259,1
N170460,170460,33.6828,-95.5477,1
N170461,170461,33.5169,-96.4514,1
N170462,170462,33.5967,-96.1755,1
N170463,170463,33.5967,-96.1755,1
N170464,170464,33.6507,-96.5986,1
N170465,170465,33.6464,-96.6261,1
N170466,170466,33.7198,-96.5639,1
N170467,170467,33.4563,-96.5973,1
N170468,170468,33.7353,-96.5196,1
N170469,170469,33.742,-96.6106,1
N170470,170470,33.4579,-96.7377,1
N170471,170471,33.8287,-96.7668,1
N170472,170472,33.6486,-96.8981,1
N170473,170473,33.4975,-96.9131,1
N170474,170474,33.5993,-96.3584,1
N170475,170475,33.4202,-96.3358,1
N170476,170476,33.7362,-96.4892,1
N170477,170477,33.7732,-96.6552,1
N170478,170478,33.6225,-96.6624,1
N170479,170479,33.6271,-96.5991,1
N170480,170480,33.6271,-96.5991,1
N170482,170482,33.7668,-96.5578,1
N170483,170483,33.837,-96.6662,1
N170484,170484,33.5294,-96.6092,1
N170485,170485,33.1277,-96.1313,1
N170486,170486,33.0971,-96.085,1
N170487,170487,32.9468,-95.9171,1
N170488,170488,33.0588,-96.0994,1
N170489,170489,33.3872,-96.0284,1
N170490,170490,33.0453,-96.2257,1
N170491,170491,33.2415,-95.9003,1
N170492,170492,33.355,-96.2313,1
N170493,170493,33.1475,-96.112,1
N170494,170494,33.1227,-96.1334,1
N170495,170495,33.1186,-96.1073,1
N170496,170496,33.1359,-95.8409,1
N170497,170497,32.9426,-96.2496,1
N170498,170498,32.8928,-96.1056,1
N170499,170499,32.8484,-96.0471,1
N170500,170500,32.9014,-96.024,1
N170501,170501,32.8246,-96.2552,1
N170502,170502,33.2511,-95.8993,1
N170503,170503,33.043,-96.1089,1
N170504,170504,33.371,-96.0712,1
N170505,170505,33.0744,-96.0758,1
N170506,170506,32.7603,-96.4592,1
N170507,170507,32.71,-96.2898,1
N170508,170508,32.7414,-96.3076,1
N170509,170509,32.7444,-96.4234,1
N170510,170510,32.792,-96.457,1
N170511,170511,32.7077,-96.1843,1
N170512,170512,32.7502,-96.2808,1
N170513,170513,32.7502,-96.2808,1
N170514,170514,32.7334,-96.3241,1
N170515,170515,33.0685,-96.9638,1
N170516,170516,33.0685,-96.9638,1
N170517,170517,32.8359,-96.5458,1
N170518,170518,32.8359,-96.5458,1
N170519,170519,32.8359,-96.5458,1
N170520,170520,33.0681,-96.4525,1
N170521,170521,33.0681,-96.4525,1
N170522,170522,33.0681,-96.4525,1
N170523,170523,33.0681,-96.4525,1
N170524,170524,33.0681,-96.4525,1
N170525,170525,33.0681,-96.4525,1
N170526,170526,33.1708,-96.1264,1
N170527,170527,33.1708,-96.1264,1
N170528,170528,33.1708,-96.1264,1
N170529,170529,33.1708,-96.1264,1
N170530,170530,33.1708,-96.1264,1
N170531,170531,33.1975,-97.1061,1
N170532,170532,33.1975,-97.1061,1
N170533,170533,33.1975,-97.1061,1
N170534,170534,33.8182,-96.5692,1
N170535,170535,33.8182,-96.5692,1
N170536,170536,33.8182,-96.5692,1
N170537,170537,33.8182,-96.5692,1
N170538,170538,33.6968,-95.5577,1
N170539,170539,33.6968,-95.5577,1
N170540,170540,33.6968,-95.5577,1
N170541,170541,33.6968,-95.5577,1
N170542,170542,33.6968,-95.5577,1
N170543,170543,33.0197,-96.962,1
N170544,170544,33.0197,-96.962,1
N170545,170545,33.0197,-96.962,1
N170546,170546,33.0197,-96.962,1
N170547,170547,33.0197,-96.962,1
N170548,170548,33.6308,-95.59,1
N170549,170549,33.6308,-95.59,1
N170550,170550,33.6308,-95.59,1
N170551,170551,33.6308,-95.59,1
N170552,170552,33.6308,-95.59,1
N170553,170553,33.6308,-95.59,1
N170554,170554,33.6308,-95.59,1
N170555,170555,33.6308,-95.59,1
N170556,170556,33.1919,-97.0761,1
N170557,170557,33.1919,-97.0761,1
N170558,170558,33.0311,-96.9572,1
N170559,170559,33.0311,-96.9572,1
N170560,170560,33.0311,-96.9572,1
N170561,170561,33.0311,-96.9572,1
N170562,170562,33.5826,-96.6179,1
N170563,170563,33.5826,-96.6179,1
N170564,170564,33.5826,-96.6179,1
N170565,170565,33.5826,-96.6179,1
N170566,170566,33.2707,-96.9792,1
N170567,170567,33.2707,-96.9792,1
N170568,170568,33.6145,-96.6904,1
N170569,170569,33.6145,-96.6904,1
N170570,170570,33.6166,-96.8687,1
N170571,170571,33.6166,-96.8687,1
N170572,170572,33.6249,-96.8675,1
N170573,170573,33.6249,-96.8675,1
N170574,170574,33.6561,-97.1486,1
N170575,170575,33.6561,-97.1486,1
N170576,170576,33.4982,-96.3789,1
N170577,170577,33.4982,-96.3789,1
N170578,170578,33.1612,-96.2397,1
N170579,170579,33.1612,-96.2397,1
N170580,170580,33.6191,-96.627,1
N170581,170581,33.6191,-96.627,1
N170582,170582,33.1662,-96.1726,1
N170583,170583,33.1662,-96.1726,1
N170584,170584,33.0842,-96.8411,1
N170585,170585,33.0842,-96.8411,1
N180001,180001,28.6524,-100.434,1
N180002,180002,28.8076,-100.525,1
N180004,180004,28.7,-100.481,1
N180005,180005,27.5148,-99.4863,1
N180006,180006,27.6137,-99.5238,1
N180007,180007,27.5862,-99.5157,1
N180008,180008,27.5285,-99.511,1
N180009,180009,27.5247,-99.468,1
N180010,180010,27.554,-99.4869,1
N180011,180011,27.6324,-99.4577,1
N180012,180012,27.565,-99.4516,1
N180013,180013,27.659,-99.588,1
N180014,180014,27.659,-99.588,1
N180015,180015,27.7759,-99.4581,1
N180016,180016,27.5523,-99.4876,1
N180017,180017,27.519,-99.4993,1
N180018,180018,27.4462,-99.4742,1
N180019,180019,27.59,-99.4794,1
N180020,180020,27.5897,-99.4568,1
N180021,180021,27.5258,-99.433,1
N180022,180022,27.6278,-99.2204,1
N180023,180023,27.4974,-99.4634,1
N180024,180024,27.4783,-99.4654,1
N180025,180025,27.4922,-99.4307,1
N180026,180026,27.4909,-99.3476,1
N180027,180027,27.4909,-99.3476,1
N180028,180028,27.3662,-99.4837,1
N180029,180029,27.452,-98.9893,1
N180030,180030,27.5145,-99.5138,1
N180031,180031,27.6208,-99.5396,1
N180032,180032,27.6155,-99.4777,1
N180033,180033,27.6893,-99.4532,1
N180034,180034,27.9915,-98.5352,1
N180035,180035,27.7568,-98.5192,1
N180036,180036,26.9317,-99.2583,1
N180037,180037,27.3606,-98.5854,1
N180038,180038,27.1806,-98.9156,1
N180039,180039,26.9338,-98.8259,1
N180040,180040,26.6862,-99.1118,1
N180041,180041,28.0604,-98.7998,1
N180042,180042,26.9442,-98.504,1
N180044,180044,28.6904,-99.8296,1
N180045,180045,28.6904,-99.8296,1
N180046,180046,28.6904,-99.8296,1
N180047,180047,28.3516,-99.2682,1
N180048,180048,28.5162,-99.8508,1
N180049,180049,28.4506,-99.723,1
N180050,180050,28.5968,-99.6033,1
N180051,180051,28.4523,-98.99,1
N180052,180052,27.8381,-99.4902,1
N180053,180053,28.562,-100.314,1
N180054,180054,28.899,-100.566,1
N180055,180055,28.113,-99.8581,1
N180056,180056,28.0418,-99.296,1
N180057,180057,27.8863,-99.5568,1
N180058,180058,27.5669,-99.1547,1
N180059,180059,28.0086,-99.1198,1
N180060,180060,27.4128,-99.356,1
N180061,180061,27.3345,-99.1427,1
N180062,180062,27.5034,-98.9056,1
N180063,180063,29.0284,-100.159,1
N180064,180064,28.4847,-100.121,1
N180065,180065,27.8676,-99.7447,1
N180066,180066,27.9124,-99.4236,1
N180067,180067,27.9622,-98.8849,1
N180068,180068,27.6118,-99.3484,1
N180069,180069,28.6533,-100.171,1
N180070,180070,28.1335,-99.5304,1
N180071,180071,27.7837,-99.3549,1
N180072,180072,27.7827,-99.1279,1
N180073,180073,29.0439,-100.317,1
N180074,180074,28.2312,-99.5482,1
N180075,180075,27.8414,-99.2436,1
N180076,180076,28.9306,-100.123,1
N180077,180077,28.9387,-100.412,1
N180078,180078,28.2715,-99.443,1
N180079,180079,28.8332,-100.15,1
N180080,180080,28.1817,-100.035,1
N180081,180081,27.3782,-98.9122,1
N180082,180082,27.8357,-98.8228,1
N180083,180083,27.3009,-98.8569,1
N180084,180084,27.3178,-99.3016,1
N180085,180085,27.7009,-98.8573,1
N180086,180086,28.4523,-100.34,1
N180087,180087,27.5029,-99.1094,1
N180088,180088,28.8294,-100.265,1
N180089,180089,27.7372,-99.5531,1
N180090,180090,27.68,-99.2801,1
N180091,180091,27.7034,-99.7391,1
N180092,180092,26.5027,-98.9264,1
N180093,180093,26.6976,-98.823,1
N180094,180094,26.5471,-99.1018,1
N180095,180095,26.5994,-98.724,1
N180096,180096,26.4394,-98.724,1
N180097,180097,26.3859,-98.9443,1
N180098,180098,26.7355,-98.9686,1
N180099,180099,26.5958,-98.9587,1
N180100,180100,26.7386,-98.6551,1
N180101,180101,26.4986,-99.0052,1
N180102,180102,26.7816,-98.5235,1
N180103,180103,26.4625,-98.8562,1
N180104,180104,26.3759,-98.8105,1
N180105,180105,26.4059,-98.9709,1
N180106,180106,26.3813,-98.8815,1
N180107,180107,28.8296,-100.5522,1
N180108,180108,28.8296,-100.5522,1
N180109,180109,28.8296,-100.5522,1
N180110,180110,27.5667,-99.5089,1
N180111,180111,27.5667,-99.5089,1
N180112,180112,27.5667,-99.5089,1
N180113,180113,26.5576,-99.1642,1
N180114,180114,26.5576,-99.1642,1
N180115,180115,26.5576,-99.1642,1
N180116,180116,26.5576,-99.1642,1
N180117,180117,26.5576,-99.1642,1
N180118,180118,27.5762,-98.9053,1
N180119,180119,27.5762,-98.9053,1
N180120,180120,27.4881,-99.0053,1
N180121,180121,27.4881,-99.0053,1
N180122,180122,26.3886,-98.8061,1
N180123,180123,26.3886,-98.8061,1
N180124,180124,26.3806,-98.8183,1
N180125,180125,26.3806,-98.8183,1
N180126,180126,26.3806,-98.8183,1
N180127,180127,27.18,-98.9167,1
N180128,180128,27.18,-98.9167,1
N180129,180129,27.32,-99.0,1
N180130,180130,27.32,-99.0,1
N180131,180131,27.32,-99.0,1
N180132,180132,27.44,-98.91,1
N180133,180133,27.44,-98.91,1
N180134,180134,27.44,-98.91,1
N180135,180135,26.6491,-99.0387,1
N180136,180136,26.6491,-99.0387,1
N180137,180137,26.6491,-99.0387,1
N180138,180138,27.6145,-98.7945,1
N180139,180139,27.6145,-98.7945,1
N180140,180140,27.6145,-98.7945,1
N180141,180141,26.5237,-98.7455,1
N180142,180142,26.5237,-98.7455,1
N180143,180143,26.5237,-98.7455,1
N180144,180144,27.4216,-98.835,1
N180145,180145,27.4216,-98.835,1
N190001,190001,35.181,-101.729,1
N190002,190002,34.953,-101.943,1
N190003,190003,34.8417,-101.735,1
N190004,190004,35.0961,-101.867,1
N190005,190005,34.9935,-102.112,1
N190006,190006,35.2351,-101.955,1
N190007,190007,34.9719,-101.691,1
N190008,190008,34.8359,-102.016,1
N190009,190009,34.7889,-101.831,1
N190010,190010,35.4534,-102.104,1
N190011,190011,35.5552,-101.933,1
N190012,190012,35.5333,-101.678,1
N190013,190013,35.1337,-101.637,1
N190014,190014,34.9635,-101.822,1
N190015,190015,34.8983,-101.9,1
N190016,190016,34.7539,-101.935,1
N190017,190017,35.3532,-101.749,1
N190018,190018,35.4249,-101.636,1
N190019,190019,35.588,-102.155,1
N190020,190020,35.3969,-101.956,1
N190021,190021,35.5348,-100.958,1
N190022,190022,35.2963,-101.325,1
N190023,190023,35.4401,-101.464,1
N190024,190024,34.6383,-100.509,1
N190025,190025,35.7085,-100.719,1
N190026,190026,35.4463,-100.271,1
N190027,190027,35.5523,-100.194,1
N190028,190028,35.2321,-101.07,1
N190029,190029,35.2323,-100.38,1
N190030,190030,34.9303,-100.781,1
N190031,190031,34.9966,-101.265,1
N190032,190032,35.0656,-100.227,1
N190033,190033,34.8491,-100.223,1
N190034,190034,34.6875,-100.708,1
N190035,190035,35.8688,-100.654,1
N190036,190036,34.9099,-100.055,1
N190037,190037,33.6624,-101.377,1
N190038,190038,34.0455,-101.395,1
N190039,190039,33.789,-101.227,1
N190040,190040,33.2339,-101.413,1
N190041,190041,34.2907,-101.023,1
N190042,190042,34.0598,-100.832,1
N190043,190043,33.6088,-100.852,1
N190044,190044,33.178,-101.059,1
N190045,190045,33.6476,-100.572,1
N190046,190046,33.3444,-101.042,1
N190047,190047,33.2321,-100.563,1
N190048,190048,33.0568,-100.604,1
N190049,190049,33.4889,-101.51,1
N190050,190050,34.1732,-101.418,1
N190051,190051,33.9451,-99.7054,1
N190052,190052,34.4101,-100.189,1
N190053,190053,34.2796,-99.6528,1
N190054,190054,33.7151,-99.8519,1
N190055,190055,34.01,-100.293,1
N190056,190056,33.4499,-100.092,1
N190057,190057,33.1577,-100.225,1
N190058,190058,34.4445,-100.147,1
N190059,190059,34.4445,-100.147,1
N190060,190060,34.8209,-102.397,1
N190061,190061,34.4884,-101.746,1
N190062,190062,34.4884,-101.746,1
N190063,190063,35.081,-102.387,1
N190064,190064,34.6756,-101.82,1
N190065,190065,34.4402,-102.125,1
N190066,190066,34.4148,-101.602,1
N190067,190067,34.5144,-102.355,1
N190068,190068,35.3191,-102.441,1
N190069,190069,34.8931,-102.739,1
N190070,190070,34.6847,-102.431,1
N190071,190071,34.855,-101.559,1
N190072,190072,35.4511,-102.286,1
N190073,190073,34.313,-102.298,1
N190074,190074,32.7076,-100.909,1
N190075,190075,32.9049,-101.53,1
N190076,190076,32.7524,-101.093,1
N190077,190077,35.1406,-101.872,1
N190078,190078,35.1495,-101.884,1
N190079,190079,35.2179,-101.909,1
N190080,190080,35.1352,-101.924,1
N190081,190081,35.1659,-101.85,1
N190082,190082,35.1861,-102.001,1
N190083,190083,35.163,-101.899,1
N190084,190084,35.1113,-101.932,1
N190085,190085,35.1113,-101.932,1
N190086,190086,35.1855,-101.885,1
N190087,190087,35.1757,-101.92,1
N190088,190088,34.9821,-101.926,1
N190089,190089,35.07,-101.863,1
N190090,190090,35.0531,-101.937,1
N190091,190091,35.0219,-101.886,1
N190092,190092,35.06,-101.801,1
N190093,190093,34.962,-101.923,1
N190094,190094,35.2296,-101.804,1
N190095,190095,35.2293,-101.81,1
N190096,190096,35.1855,-101.82,1
N190097,190097,35.2464,-101.742,1
N190098,190098,35.2772,-101.833,1
N190099,190099,35.2865,-101.887,1
N190100,190100,35.2368,-101.892,1
N190101,190101,35.2131,-101.857,1
N190102,190102,35.1993,-101.806,1
N190103,190103,35.2105,-101.728,1
N190104,190104,32.948,-101.1478,1
N190105,190105,32.948,-101.1478,1
N190106,190106,32.948,-101.1478,1
N190107,190107,32.7471,-100.9547,1
N190108,190108,32.7471,-100.9547,1
N190109,190109,32.7471,-100.9547,1
N190110,190110,32.9255,-101.2194,1
N190111,190111,32.9255,-101.2194,1
N190112,190112,32.7205,-100.9952,1
N190113,190113,32.7205,-100.9952,1
N190114,190114,32.7205,-100.9952,1
N190115,190115,34.1051,-101.0986,1
N190116,190116,34.1051,-101.0986,1
N190117,190117,33.7522,-100.9674,1
N190118,190118,33.7522,-100.9674,1
N190119,190119,32.9291,-101.5786,1
N190120,190120,32.9291,-101.5786,1
N190121,190121,32.9264,-101.6478,1
N190122,190122,32.9264,-101.6478,1
N190123,190123,32.9264,-101.6478,1
N190124,190124,32.9264,-101.6478,1
N190125,190125,32.9698,-100.5242,1
N190126,190126,32.9698,-100.5242,1
N190127,190127,35.4275,-101.2531,1
N190128,190128,35.4275,-101.2531,1
N190129,190129,35.4275,-101.2531,1
N190131,190131,35.2384,-101.3108,1
N190132,190132,35.2384,-101.3108,1
N190133,190133,35.2053,-101.4342,1
N190134,190134,35.2053,-101.4342,1
N190135,190135,35.4428,-101.3728,1
N190136,190136,35.4428,-101.3728,1
N190138,190138,35.6539,-100.5386,1
N190139,190139,35.6539,-100.5386,1
N190141,190141,33.8251,-101.0997,1
N190142,190142,33.8251,-101.0997,1
N190143,190143,34.3112,-101.2511,1
N190144,190144,34.3112,-101.2511,1
N190145,190145,34.3112,-101.2511,1
N190146,190146,34.7481,-102.1744,1
N190147,190147,34.7481,-102.1744,1
N190148,190148,35.277,-102.6828,1
N190149,190149,35.277,-102.6828,1
N190151,190151,35.295,-102.7211,1
N190152,190152,35.295,-102.7211,1
N190154,190154,34.6675,-102.5778,1
N190155,190155,34.6675,-102.5778,1
N190156,190156,35.2542,-101.1866,1
N190157,190157,35.2542,-101.1866,1
N190158,190158,32.932,-101.1436,1
N190159,190159,32.932,-101.1436,1
N190160,190160,34.0806,-101.3236,1
N190161,190161,34.0806,-101.3236,1
N190162,190162,34.0806,-101.3236,1
N190163,190163,34.7201,-102.2533,1
N190164,190164,34.7201,-102.2533,1
N190165,190165,34.7201,-102.2533,1
N190166,190166,33.646,-99.5329,1
N190167,190167,33.646,-99.5329,1
N190168,190168,34.4323,-101.2372,1
N190169,190169,34.4323,-101.2372,1
N190170,190170,34.197,-101.3815,1
N190171,190171,34.197,-101.3815,1
N190172,190172,34.197,-101.3815,1
N190173,190173,34.0603,-101.1876,1
N190174,190174,34.0603,-101.1876,1
N190176,190176,34.0383,-102.6652,1
N190177,190177,34.0383,-102.6652,1
N190178,190178,34.0604,-101.1876,1
N190179,190179,34.0604,-101.1876,1
N190180,190180,34.0604,-101.1876,1
N190181,190181,34.0604,-101.1876,1
N190182,190182,34.0604,-101.1876,1
N190183,190183,35.1818,-100.9344,1
N190184,190184,35.1818,-100.9344,1
N190185,190185,35.1818,-100.9344,1
N190186,190186,34.2991,-99.399,1
N190187,190187,34.2991,-99.399,1
N190188,190188,34.7696,-102.0524,1
N190189,190189,34.7696,-102.0524,1
N190190,190190,34.7696,-102.0524,1
N190191,190191,32.8638,-100.9751,1
N190192,190192,32.8638,-100.9751,1
N190193,190193,32.8638,-100.9751,1
N190194,190194,33.9153,-99.7403,1
N190195,190195,33.9153,-99.7403,1
N190196,190196,33.9153,-99.7403,1
N190197,190197,32.8752,-101.209,1
N190198,190198,32.8752,-101.209,1
N190200,190200,33.1509,-101.6792,1
N190201,190201,33.1509,-101.6792,1
N190202,190202,34.2259,-99.478,1
N190203,190203,34.2259,-99.478,1
N190204,190204,34.1705,-99.5634,1
N190205,190205,34.1705,-99.5634,1
N190206,190206,34.1705,-99.5634,1
N190207,190207,35.2002,-102.3155,1
N190208,190208,35.2002,-102.3155,1
N190209,190209,35.2002,-102.3155,1
N200001,200001,26.2109,-97.989,1
N200002,200002,26.1392,-98.0185,1
N200003,200003,26.156,-97.9897,1
N200004,200004,26.156,-97.9897,1
N200005,200005,26.2189,-98.046,1
N200006,200006,26.2938,-97.9757,1
N200007,200007,26.1449,-97.9582,1
N200008,200008,26.173,-98.0562,1
N200009,200009,26.1554,-97.9031,1
N200010,200010,26.1949,-97.9708,1
N200011,200011,26.2562,-97.9946,1
N200012,200012,26.1005,-97.9432,1
N200013,200013,26.0877,-97.8497,1
N200014,200014,26.1535,-97.8648,1
N200015,200015,26.1902,-98.0859,1
N200016,200016,26.178,-97.97,1
N200017,200017,26.1469,-97.6566,1
N200018,200018,26.1779,-97.645,1
N200019,200019,26.0511,-97.7473,1
N200020,200020,26.0972,-97.4864,1
N200021,200021,26.1301,-97.6277,1
N200022,200022,26.091,-97.6536,1
N200023,200023,26.2044,-97.5795,1
N200024,200024,26.0959,-97.5096,1
N200025,200025,26.094,-97.4445,1
N200026,200026,26.0367,-97.5559,1
N200027,200027,26.3334,-97.4569,1
N200028,200028,26.0503,-97.6513,1
N200029,200029,26.241,-98.3748,1
N200030,200030,26.241,-98.3748,1
N200031,200031,26.3012,-98.3032,1
N200032,200032,26.2181,-98.3258,1
N200033,200033,26.3043,-98.3559,1
N200034,200034,26.2362,-98.3115,1
N200035,200035,26.207,-98.3481,1
N200036,200036,26.311,-98.386,1
N200037,200037,26.1985,-98.2872,1
N200038,200038,26.2568,-98.2881,1
N200039,200039,26.3622,-98.3259,1
N200040,200040,26.2741,-98.2492,1
N200041,200041,26.2352,-98.3951,1
N200042,200042,26.2078,-98.2979,1
N200043,200043,26.1592,-98.2961,1
N200044,200044,26.0995,-97.9418,1
N200045,200045,26.2249,-97.627,1
N200046,200046,26.076,-97.6833,1
N200047,200047,26.1898,-97.5053,1
N200048,200048,26.3818,-97.7712,1
N200049,200049,26.4346,-98.2922,1
N200050,200050,26.4432,-97.7717,1
N200051,200051,26.2353,-97.3573,1
N200052,200052,26.1578,-97.1732,1
N200053,200053,26.1136,-97.5068,1
N200054,200054,25.9355,-97.3725,1
N200055,200055,26.6789,-98.4613,1
N200056,200056,26.5576,-98.31,1
N200057,200057,26.5667,-98.1255,1
N200058,200058,26.4799,-98.1862,1
N200059,200059,26.4496,-98.0651,1
N200060,200060,26.3878,-97.9884,1
N200061,200061,26.5062,-97.5888,1
N200062,200062,26.3581,-98.2434,1
N200063,200063,26.1387,-98.2675,1
N200064,200064,26.2613,-97.9353,1
N200065,200065,26.2565,-97.7737,1
N200066,200066,26.3053,-97.4615,1
N200067,200067,26.581,-98.463,1
N200068,200068,26.3204,-98.5409,1
N200069,200069,26.7363,-98.0001,1
N200070,200070,26.0769,-97.8325,1
N200071,200071,26.4357,-98.4824,1
N200072,200072,26.571,-97.7949,1
N200073,200073,26.4142,-97.8726,1
N200074,200074,26.5537,-97.9523,1
N200075,200075,26.1267,-97.2975,1
N200076,200076,26.7736,-98.2685,1
N200077,200077,26.749,-98.4184,1
N200078,200078,26.3382,-98.7503,1
N200079,200079,26.1011,-97.298,1
N200080,200080,26.0948,-97.1856,1
N200081,200081,26.3127,-98.2209,1
N200082,200082,26.2925,-98.1067,1
N200083,200083,26.2965,-98.156,1
N200084,200084,26.3663,-98.1283,1
N200085,200085,26.3074,-98.1242,1
N200086,200086,26.2538,-98.099,1
N200087,200087,26.3343,-98.1797,1
N200088,200088,26.2781,-98.1835,1
N200089,200089,26.4149,-97.9484,1
N200090,200090,26.2661,-98.1551,1
N200091,200091,26.3688,-98.1435,1
N200092,200092,26.4418,-98.0126,1
N200093,200093,26.343,-98.0743,1
N200094,200094,26.2843,-98.216,1
N200095,200095,26.3048,-98.0327,1
N200096,200096,26.3466,-98.2209,1
N200097,200097,26.3146,-98.1872,1
N200098,200098,25.9137,-97.5089,1
N200099,200099,25.9088,-97.4411,1
N200100,200100,25.9,-97.4643,1
N200101,200101,25.9064,-97.4862,1
N200102,200102,25.9286,-97.4135,1
N200103,200103,25.9414,-97.4543,1
N200104,200104,25.9495,-97.5129,1
N200105,200105,25.9673,-97.5308,1
N200106,200106,25.9648,-97.4632,1
N200107,200107,25.9783,-97.486,1
N200108,200108,26.0213,-97.5125,1
N200109,200109,26.0048,-97.5243,1
N200110,200110,25.9462,-97.5453,1
N200111,200111,25.9171,-97.3912,1
N200112,200112,25.9282,-97.4574,1
N200113,200113,25.9514,-97.4857,1
N200114,200114,25.9496,-97.4298,1
N200115,200115,25.9333,-97.4946,1
N200116,200116,25.919,-97.4608,1
N200117,200117,25.8823,-97.4327,1
N200118,200118,25.8823,-97.4327,1
N200119,200119,26.0714,-97.4378,1
N200120,200120,26.2432,-98.2215,1
N200121,200121,26.1121,-98.2213,1
N200122,200122,26.2383,-98.2019,1
N200123,200123,26.2236,-98.2431,1
N200124,200124,26.1732,-98.263,1
N200125,200125,26.1858,-98.1415,1
N200126,200126,26.1706,-98.1985,1
N200127,200127,26.2134,-98.1971,1
N200128,200128,26.2134,-98.1971,1
N200129,200129,26.1812,-98.1236,1
N200130,200130,26.1789,-98.1413,1
N200131,200131,26.2248,-98.1433,1
N200132,200132,26.1924,-98.1742,1
N200133,200133,26.1236,-98.2116,1
N200134,200134,26.204,-98.2234,1
N200135,200135,26.2205,-98.2528,1
N200136,200136,26.2588,-98.2176,1
N200137,200137,26.2254,-98.1199,1
N200138,200138,26.2764,-98.4607,1
N200139,200139,26.3087,-98.6357,1
N200140,200140,26.3052,-98.5563,1
N200141,200141,26.1675,-97.71,1
N200142,200142,26.2192,-97.7256,1
N200143,200143,26.1977,-97.6893,1
N200144,200144,26.1977,-97.6893,1
N200145,200145,26.1916,-97.7478,1
N200146,200146,26.4619,-97.7856,1
N200147,200147,26.1737,-97.8012,1
N200148,200148,26.5546,-97.4282,1
N200149,200149,26.2537,-97.8156,1
N200150,200150,26.1527,-97.7597,1
N200151,200151,26.5,-97.6426,1
N200152,200152,26.2106,-97.8335,1
N200153,200153,26.1847,-97.6716,1
N200154,200154,26.2263,-97.688,1
N200155,200155,25.9131,-97.5214,1
N200156,200156,25.9131,-97.5214,1
N200157,200157,25.9131,-97.5214,1
N200158,200158,25.9131,-97.5214,1
N200159,200159,25.9131,-97.5214,1
N200160,200160,25.9131,-97.5214,1
N200161,200161,26.2697,-97.867,1
N200162,200162,26.2697,-97.867,1
N200163,200163,26.2697,-97.867,1
N200164,200164,26.2697,-97.867,1
N200165,200165,26.2697,-97.867,1
N200166,200166,26.2697,-97.867,1
N200167,200167,26.3404,-98.19,1
N200168,200168,26.3404,-98.19,1
N200169,200169,26.3404,-98.19,1
N200170,200170,26.3404,-98.19,1
N200171,200171,26.3418,-98.1758,1
N200172,200172,26.3418,-98.1758,1
N200173,200173,26.3418,-98.1758,1
N200174,200174,26.3418,-98.1758,1
N200175,200175,26.4656,-98.4111,1
N200176,200176,26.4656,-98.4111,1
N200177,200177,26.4656,-98.4111,1
N200178,200178,26.4656,-98.4111,1
N200179,200179,26.4656,-98.4111,1
N200180,200180,26.3308,-97.5857,1
N200181,200181,26.3308,-97.5857,1
N200182,200182,26.3489,-97.6668,1
N200183,200183,26.3489,-97.6668,1
N200184,200184,26.3489,-97.6668,1
N200185,200185,26.4754,-97.6911,1
N200186,200186,26.4754,-97.6911,1
N200187,200187,26.5223,-97.6911,1
N200188,200188,26.5223,-97.6911,1
N200189,200189,26.5223,-97.6911,1
N200190,200190,26.1954,-97.4661,1
N200191,200191,26.1954,-97.4661,1
N200192,200192,26.1954,-97.4661,1
N200193,200193,26.4512,-98.1775,1
N200194,200194,26.4512,-98.1775,1
N200195,200195,26.4512,-98.1775,1
N200196,200196,26.4512,-98.1775,1
N200197,200197,26.4512,-98.1775,1
N200198,200198,26.4512,-98.1775,1
N200199,200199,26.4512,-98.1775,1
N200200,200200,26.4512,-98.1775,1
N200201,200201,26.4512,-98.1775,1
N200202,200202,26.4512,-98.1775,1
N200203,200203,26.126,-97.3776,1
N200204,200204,26.126,-97.3776,1
N200205,200205,26.4118,-98.5716,1
N200206,200206,26.4118,-98.5716,1
N200207,200207,26.4118,-98.5716,1
N210001,210001,31.4861,-97.6837,1
N210002,210002,31.9009,-97.8899,1
N210003,210003,31.782,-97.8023,1
N210004,210004,31.9945,-97.903,1
N210005,210005,31.7312,-97.9062,1
N210006,210006,31.6051,-97.9014,1
N210007,210007,31.6193,-97.6963,1
N210008,210008,31.8792,-97.7048,1
N210009,210009,31.7868,-97.6275,1
N210010,210010,31.7858,-97.3983,1
N210011,210011,31.7046,-97.4359,1
N210012,210012,31.7459,-97.3279,1
N210013,210013,31.8192,-97.2259,1
N210014,210014,31.3517,-97.4792,1
N210015,210015,31.6098,-97.5678,1
N210016,210016,31.6105,-97.4521,1
N210017,210017,31.4741,-97.5829,1
N210018,210018,31.8027,-97.5048,1
N210019,210019,31.5183,-97.807,1
N210020,210020,31.8782,-97.5643,1
N210021,210021,31.7092,-97.7525,1
N210022,210022,31.5126,-97.7522,1
N210023,210023,31.4367,-97.8097,1
N210024,210024,30.7129,-98.08,1
N210025,210025,31.3165,-98.4538,1
N210026,210026,31.1976,-98.4306,1
N210027,210027,31.077,-98.3454,1
N210028,210028,30.7105,-98.3257,1
N210029,210029,30.7308,-98.2608,1
N210030,210030,30.7676,-98.1373,1
N210031,210031,30.6885,-98.0205,1
N210032,210032,30.8154,-98.0331,1
N210033,210033,31.4644,-98.173,1
N210034,210034,31.3113,-98.3036,1
N210035,210035,31.4933,-97.9631,1
N210036,210036,31.4027,-98.0402,1
N210037,210037,31.2695,-97.9617,1
N210038,210038,31.3771,-97.8745,1
N210039,210039,31.2963,-97.7558,1
N210040,210040,31.3549,-97.6283,1
N210041,210041,31.2076,-98.3177,1
N210042,210042,31.2153,-98.1585,1
N210043,210043,31.3635,-98.1662,1
N210044,210044,31.0683,-98.1752,1
N210045,210045,31.2279,-98.1536,1
N210046,210046,31.1536,-98.0175,1
N210047,210047,31.0559,-98.0502,1
N210048,210048,31.0764,-97.9515,1
N210049,210049,31.1362,-97.8101,1
N210050,210050,30.93,-98.2236,1
N210051,210051,30.9207,-98.1204,1
N210052,210052,30.9091,-98.3972,1
N210053,210053,30.8037,-98.2921,1
N210054,210054,30.9559,-97.9376,1
N210055,210055,30.8742,-97.9025,1
N210056,210056,31.292,-97.5993,1
N210057,210057,31.1169,-98.5205,1
N210058,210058,30.854,-98.1979,1
N210059,210059,31.3079,-97.491,1
N210060,210060,31.4304,-98.2978,1
N210061,210061,31.0186,-98.4467,1
N210062,210062,32.1392,-98.5287,1
N210063,210063,31.8443,-98.8999,1
N210064,210064,32.0088,-98.8934,1
N210065,210065,31.8661,-98.7764,1
N210066,210066,31.5939,-99.0093,1
N210067,210067,31.6927,-98.8044,1
N210068,210068,31.6547,-98.8995,1
N210069,210069,31.9754,-98.6909,1
N210070,210070,31.8034,-98.6112,1
N210071,210071,31.9328,-98.4682,1
N210072,210072,31.7625,-98.3995,1
N210073,210073,31.6526,-98.4768,1
N210074,210074,31.5182,-98.6273,1
N210075,210075,31.5683,-98.7871,1
N210076,210076,31.6518,-98.6111,1
N210077,210077,31.5434,-98.5812,1
N210078,210078,31.446,-98.7449,1
N210079,210079,31.4436,-98.6243,1
N210080,210080,31.4717,-98.3681,1
N210081,210081,32.1063,-98.7597,1
N210082,210082,32.1117,-98.6387,1
N210083,210083,31.9223,-98.2736,1
N210084,210084,31.8929,-98.1429,1
N210085,210085,31.6327,-98.2818,1
N210086,210086,31.7518,-98.2343,1
N210087,210087,31.7286,-98.0601,1
N210088,210088,31.6661,-98.1735,1
N210089,210089,31.6162,-98.0673,1
N210090,210090,31.8634,-98.0738,1
N210091,210091,31.8634,-98.0738,1
N210092,210092,31.8634,-98.0738,1
N210093,210093,31.8634,-98.0738,1
N210094,210094,31.5011,-98.3921,1
N210095,210095,31.5317,-98.1404,1
N210096,210096,32.0415,-98.3271,1
N210097,210097,31.9063,-98.6729,1
N210098,210098,31.8692,-98.4558,1
N210099,210099,31.7148,-98.6968,1
N210100,210100,31.4659,-98.5096,1
N210101,210101,32.0188,-98.131,1
N210102,210102,31.4668,-98.8946,1
N210103,210103,31.7664,-98.8456,1
N210104,210104,30.7516,-97.2031,1
N210105,210105,31.188,-97.1337,1
N210106,210106,31.239,-97.0627,1
N210107,210107,31.0892,-97.0038,1
N210108,210108,30.8686,-97.0935,1
N210109,210109,30.789,-97.1355,1
N210110,210110,31.3007,-97.1825,1
N210111,210111,30.9878,-97.0478,1
N210112,210112,30.8986,-97.2406,1
N210113,210113,31.1474,-97.1313,1
N210114,210114,31.3389,-97.046,1
N210115,210115,31.6118,-96.8148,1
N210116,210116,31.3818,-96.8729,1
N210117,210117,31.4091,-96.922,1
N210118,210118,31.3868,-99.021,1
N210119,210119,31.2164,-98.7273,1
N210120,210120,30.9885,-98.5958,1
N210121,210121,30.7676,-98.8161,1
N210122,210122,30.8292,-98.5174,1
N210123,210123,31.2523,-98.8452,1
N210124,210124,31.5882,-97.1098,1
N210125,210125,31.517,-97.1997,1
N210126,210126,31.4721,-97.1259,1
N210127,210127,31.489,-96.9392,1
N210128,210128,31.5619,-97.107,1
N210129,210129,31.5619,-97.107,1
N210130,210130,31.5377,-97.1923,1
N210131,210131,31.5377,-97.1923,1
N210132,210132,31.523,-97.1545,1
N210133,210133,31.5322,-97.1211,1
N210134,210134,31.5322,-97.1211,1
N210135,210135,31.575,-97.1409,1
N210136,210136,31.5668,-97.1773,1
N210137,210137,31.4967,-97.0869,1
N210138,210138,31.4254,-97.0928,1
N210139,210139,31.6056,-96.9492,1
N210140,210140,31.5437,-96.9948,1
N210141,210141,31.5453,-96.8459,1
N210142,210142,31.4731,-96.9217,1
N210143,210143,31.5107,-97.1925,1
N210144,210144,31.5106,-97.1925,1
N210145,210145,31.5106,-97.1925,1
N210146,210146,31.5106,-97.1925,1
N210147,210147,31.5502,-97.1587,1
N210148,210148,31.5502,-97.1587,1
N210149,210149,31.5502,-97.1587,1
N210150,210150,31.5502,-97.1587,1
N210151,210151,31.6131,-97.0875,1
N210152,210152,31.5402,-97.2045,1
N210153,210153,30.9275,-97.2389,1
N210154,210154,30.989,-97.506,1
N210155,210155,30.9438,-97.5288,1
N210156,210156,30.9438,-97.5288,1
N210157,210157,30.8776,-97.5848,1
N210158,210158,30.9716,-97.3246,1
N210159,210159,30.9455,-97.4998,1
N210160,210160,30.8994,-97.3963,1
N210161,210161,30.8129,-97.424,1
N210162,210162,30.8129,-97.424,1
N210163,210163,30.8655,-97.3751,1
N210164,210164,30.7731,-97.4163,1
N210165,210165,30.8338,-97.5746,1
N210166,210166,31.1205,-97.6846,1
N210167,210167,31.1205,-97.6846,1
N210168,210168,31.1067,-97.7255,1
N210169,210169,31.1067,-97.7255,1
N210170,210170,31.0735,-97.8489,1
N210171,210171,31.1298,-97.7251,1
N210172,210172,31.1298,-97.7251,1
N210173,210173,31.1298,-97.7251,1
N210174,210174,31.1195,-97.7648,1
N210175,210175,31.0961,-97.7586,1
N210176,210176,31.0961,-97.7586,1
N210177,210177,31.0653,-97.7176,1
N210178,210178,30.9379,-97.7867,1
N210179,210179,31.0094,-97.7368,1
N210180,210180,30.9971,-97.6861,1
N210181,210181,31.1416,-97.7204,1
N210182,210182,31.0747,-97.5938,1
N210183,210183,31.0329,-97.6409,1
N210184,210184,31.0888,-97.7941,1
N210185,210185,31.0888,-97.7941,1
N210186,210186,31.0637,-97.6545,1
N210187,210187,31.0637,-97.6545,1
N210188,210188,31.0637,-97.6545,1
N210189,210189,31.0637,-97.6545,1
N210190,210190,31.0846,-97.6711,1
N210191,210191,31.0795,-97.7395,1
N210192,210192,31.6372,-97.1077,1
N210193,210193,31.6372,-97.1077,1
N210194,210194,31.65,-97.2271,1
N210195,210195,31.6608,-96.9887,1
N210196,210196,31.6608,-96.9887,1
N210197,210197,31.7756,-97.1117,1
N210198,210198,31.7756,-97.1117,1
N210199,210199,31.7756,-97.1117,1
N210200,210200,31.7756,-97.1117,1
N210201,210201,31.6914,-97.3251,1
N210202,210202,31.7562,-97.0602,1
N210203,210203,31.7248,-97.232,1
N210204,210204,31.6362,-97.2856,1
N210205,210205,31.6362,-97.2856,1
N210206,210206,31.6919,-97.1241,1
N210207,210207,31.6702,-97.0375,1
N210208,210208,31.6477,-97.261,1
N210209,210209,31.7641,-97.1755,1
N210210,210210,30.7002,-97.4665,1
N210211,210211,30.7017,-97.3281,1
N210212,210212,31.413,-97.452,1
N210213,210213,31.482,-97.2141,1
N210214,210214,31.4689,-97.2091,1
N210215,210215,31.4689,-97.2091,1
N210216,210216,31.372,-97.2338,1
N210217,210217,31.4421,-97.4096,1
N210218,210218,31.4421,-97.4096,1
N210219,210219,31.6184,-97.4192,1
N210220,210220,31.5367,-97.4573,1
N210221,210221,31.5694,-97.5401,1
N210222,210222,31.5523,-97.367,1
N210223,210223,31.5593,-97.2977,1
N210224,210224,31.4738,-97.2902,1
N210225,210225,31.4802,-97.2364,1
N210226,210226,31.3991,-97.269,1
N210227,210227,31.3981,-97.1604,1
N210228,210228,31.3161,-97.3464,1
N210229,210229,31.307,-97.2628,1
N210230,210230,31.5048,-97.2234,1
N210231,210231,31.459,-97.3572,1
N210232,210232,31.4414,-97.2009,1
N210233,210233,31.4005,-97.4252,1
N210234,210234,30.6908,-97.8914,1
N210235,210235,30.8416,-97.7619,1
N210236,210236,30.6853,-97.6934,1
N210237,210237,30.75,-97.6049,1
N210238,210238,30.7664,-97.8863,1
N210239,210239,30.7595,-97.816,1
N210240,210240,30.7035,-97.7589,1
N210241,210241,30.7262,-97.7346,1
N210242,210242,30.7176,-97.7157,1
N210243,210243,30.7176,-97.7157,1
N210244,210244,30.7172,-97.6681,1
N210245,210245,30.7232,-97.5573,1
N210246,210246,30.8327,-97.8624,1
N210247,210247,30.816,-97.619,1
N210248,210248,30.816,-97.619,1
N210249,210249,30.6962,-97.9294,1
N210250,210250,30.6889,-97.8896,1
N210251,210251,30.6889,-97.8896,1
N210252,210252,31.0695,-97.3845,1
N210253,210253,31.0695,-97.3845,1
N210254,210254,31.2036,-97.3239,1
N210255,210255,31.2036,-97.3239,1
N210256,210256,31.0896,-97.3492,1
N210257,210257,31.068,-97.4635,1
N210258,210258,31.068,-97.4635,1
N210259,210259,31.1623,-97.2921,1
N210260,210260,31.0445,-97.4951,1
N210261,210261,31.1108,-97.4254,1
N210262,210262,31.041,-97.3948,1
N210263,210263,31.2599,-97.4179,1
N210264,210264,31.2599,-97.4179,1
N210265,210265,31.1751,-97.4549,1
N210266,210266,31.2231,-97.392,1
N210267,210267,31.1165,-97.496,1
N210268,210268,31.1165,-97.496,1
N210269,210269,31.0796,-97.2081,1
N210270,210270,31.0525,-97.301,1
N210271,210271,31.0947,-97.2085,1
N210272,210272,31.0136,-97.3066,1
N210273,210273,31.0149,-97.1342,1
N210274,210274,31.2388,-97.2802,1
N210275,210275,31.099,-97.3677,1
N210276,210276,31.099,-97.3677,1
N210277,210277,31.099,-97.3677,1
N210278,210278,31.1045,-97.3361,1
N210279,210279,31.1045,-97.3361,1
N210280,210280,31.0812,-97.4557,1
N210281,210281,31.1901,-97.4624,1
N210282,210282,31.1393,-97.9123,1
N210283,210283,30.7601,-98.2286,1
N210284,210284,31.0632,-98.1865,1
N210285,210285,31.1155,-97.8985,1
N210286,210286,30.7432,-98.0548,1
N210287,210287,31.2168,-98.393,1
N210288,210288,31.0751,-97.932,1
N210289,210289,31.1366,-97.83,1
N210290,210290,31.0888,-97.8944,1
N210291,210291,30.8152,-98.3776,1
N210292,210292,31.1049,-97.9957,1
N210293,210293,30.758,-98.301,1
N210294,210294,31.149,-97.928,1
N210295,210295,31.6801,-98.9674,1
N210296,210296,31.4523,-98.5724,1
N210297,210297,32.1009,-98.465,1
N210298,210298,31.9065,-98.5954,1
N210299,210299,31.8243,-98.7897,1
N210301,210301,31.7113,-98.9746,1
N210302,210302,32.0863,-98.3393,1
N210303,210303,31.7801,-97.5824,1
N210304,210304,31.9257,-97.6549,1
N210305,210305,31.7029,-98.1211,1
N210306,210306,31.4258,-97.7219,1
N210307,210307,31.4258,-97.7219,1
N210308,210308,31.4258,-97.7219,1
N210309,210309,31.4258,-97.7219,1
N210310,210310,31.4253,-97.6968,1
N210311,210311,31.6561,-97.4718,1
N210312,210312,31.4179,-97.5102,1
N210313,210313,31.9845,-98.0318,1
N210314,210314,31.3094,-96.8918,1
N210315,210315,31.2718,-97.0534,1
N210316,210316,31.0755,-96.9758,1
N210317,210317,30.7507,-98.4176,1
N210318,210318,30.7507,-98.4176,1
N210319,210319,30.7507,-98.4176,1
N210320,210320,30.7507,-98.4176,1
N210321,210321,30.7316,-98.3854,1
N210322,210322,30.7316,-98.3854,1
N210323,210323,31.8695,-97.3667,1
N210324,210324,31.8695,-97.3667,1
N210325,210325,31.8695,-97.3667,1
N210326,210326,31.8595,-97.3586,1
N210327,210327,31.8595,-97.3586,1
N210328,210328,31.8595,-97.3586,1
N210329,210329,31.8595,-97.3586,1
N210330,210330,31.8595,-97.3586,1
N210331,210331,31.8595,-97.3586,1
N210332,210332,31.4745,-96.9571,1
N210333,210333,31.4745,-96.9571,1
N210334,210334,31.4745,-96.9571,1
N210335,210335,31.0559,-97.3172,1
N210336,210336,31.0559,-97.3172,1
N210337,210337,31.0559,-97.3172,1
N210338,210338,31.0559,-97.3172,1
N210339,210339,31.0559,-97.3172,1
N210340,210340,31.0559,-97.3172,1
N210341,210341,31.0559,-97.3172,1
N210342,210342,31.3834,-98.4667,1
N210343,210343,31.3834,-98.4667,1
N210344,210344,31.3834,-98.4667,1
N210345,210345,31.3834,-98.4667,1
N210346,210346,31.3834,-98.4667,1
N210347,210347,31.8226,-98.6906,1
N210348,210348,31.8226,-98.6906,1
N210349,210349,31.8226,-98.6906,1
N210350,210350,31.1151,-97.8451,1
N210351,210351,31.1151,-97.8451,1
N210352,210352,31.6845,-98.6034,1
N210353,210353,31.6845,-98.6034,1
N210354,210354,31.6845,-98.6034,1
N210355,210355,31.9339,-97.6537,1
N210356,210356,31.9339,-97.6537,1
N210357,210357,31.2912,-97.2607,1
N210358,210358,31.2912,-97.2607,1
N210359,210359,31.4742,-97.1412,1
N210360,210360,31.4742,-97.1412,1
N220001,220001,31.3752,-103.53,1
N220003,220003,30.4647,-103.964,1
N220004,220004,31.7092,-104.573,1
N220005,220005,30.9976,-104.769,1
N220006,220006,29.4262,-103.51,1
N220007,220007,29.4871,-103.381,1
N220008,220008,30.7145,-102.308,1
N220009,220009,30.08,-102.328,1
N220010,220010,30.6747,-104.151,1
N220011,220011,30.0282,-104.315,1
N220013,220013,29.5815,-104.347,1
N220014,220014,31.5937,-103.821,1
N220015,220015,30.9435,-103.672,1
N220016,220016,31.0127,-102.893,1
N220017,220017,30.9361,-102.952,1
N220018,220018,30.8578,-102.864,1
N220019,220019,30.3449,-103.661,1
N220020,220020,30.2008,-103.189,1
N220021,220021,30.9833,-102.299,1
N220022,220022,30.2827,-103.575,1
N220023,220023,30.0863,-102.49,1
N220024,220024,30.413,-104.647,1
N220025,220025,29.7468,-104.545,1
N220026,220026,30.7353,-101.76,1
N220027,220027,30.829,-101.621,1
N220028,220028,30.2257,-101.825,1
N220029,220029,30.1352,-101.757,1
N220030,220030,31.8328,-102.593,1
N220031,220031,32.3485,-101.458,1
N220032,220032,32.4174,-101.643,1
N220033,220033,31.7424,-102.306,1
N220034,220034,32.0273,-102.317,1
N220035,220035,32.0759,-102.029,1
N220036,220036,31.9357,-101.951,1
N220037,220037,32.4758,-101.303,1
N220038,220038,32.0396,-101.885,1
N220039,220039,32.1604,-101.459,1
N220040,220040,31.8168,-102.714,1
N220041,220041,31.96,-102.222,1
N220042,220042,31.8741,-102.081,1
N220043,220043,31.6936,-101.972,1
N220044,220044,31.9989,-102.514,1
N220045,220045,32.5004,-101.569,1
N220046,220046,32.2371,-101.347,1
N220047,220047,32.271,-101.242,1
N220048,220048,32.294,-101.597,1
N220049,220049,31.7296,-102.096,1
N220050,220050,31.7311,-102.383,1
N220051,220051,31.7916,-101.866,1
N220052,220052,31.669,-102.729,1
N220053,220053,31.7712,-102.376,1
N220054,220054,31.659,-102.499,1
N220055,220055,32.0531,-102.757,1
N220056,220056,32.0827,-102.187,1
N220057,220057,32.0876,-101.527,1
N220058,220058,32.3621,-101.263,1
N220059,220059,32.5212,-101.447,1
N220060,220060,32.5043,-102.02,1
N220061,220061,32.7335,-101.961,1
N220062,220062,32.1804,-101.843,1
N220063,220063,32.6463,-101.809,1
N220064,220064,31.9546,-101.442,1
N220065,220065,32.5972,-101.079,1
N220066,220066,31.6446,-101.449,1
N220067,220067,32.322,-102.539,1
N220068,220068,31.5509,-102.91,1
N220069,220069,32.254,-102.259,1
N220070,220070,31.8234,-103.13,1
N220071,220071,31.4599,-103.283,1
N220072,220072,31.4119,-102.378,1
N220073,220073,31.5938,-101.661,1
N220074,220074,31.3703,-102.015,1
N220075,220075,31.1658,-101.827,1
N220076,220076,32.2834,-102.867,1
N220077,220077,31.9257,-103.658,1
N220078,220078,31.3495,-103.033,1
N220079,220079,31.8522,-102.397,1
N220080,220080,31.8599,-102.346,1
N220081,220081,31.8712,-102.36,1
N220082,220082,31.8907,-102.296,1
N220083,220083,31.891,-102.367,1
N220084,220084,31.9787,-102.326,1
N220085,220085,31.9241,-102.405,1
N220086,220086,31.7627,-102.362,1
N220087,220087,31.8602,-102.396,1
N220088,220088,31.8382,-102.362,1
N220089,220089,31.9055,-102.256,1
N220090,220090,31.9003,-102.385,1
N220091,220091,31.9413,-102.181,1
N220092,220092,31.9693,-102.133,1
N220093,220093,31.9872,-102.072,1
N220094,220094,32.0314,-102.274,1
N220095,220095,32.0346,-102.188,1
N220096,220096,32.0387,-102.131,1
N220097,220097,32.0204,-102.112,1
N220098,220098,32.0115,-102.128,1
N220099,220099,31.9905,-102.142,1
N220100,220100,31.9905,-102.142,1
N220101,220101,31.9858,-102.115,1
N220102,220102,32.0401,-102.085,1
N220103,220103,32.0165,-102.066,1
N220104,220104,32.0354,-101.991,1
N220105,220105,31.956,-102.09,1
N220106,220106,31.9376,-102.056,1
N220107,220107,32.0048,-101.931,1
N220108,220108,31.9229,-102.193,1
N220109,220109,32.0116,-102.161,1
N220110,220110,32.0014,-102.064,1
N220111,220111,32.2489,-101.45,1
N220112,220112,32.2248,-101.489,1
N220113,220113,32.2576,-101.477,1
N220114,220114,32.2788,-101.354,1
N220115,220115,31.8569,-102.488,1
N220116,220116,31.8495,-102.482,1
N220117,220117,31.8146,-102.482,1
N220118,220118,31.9816,-102.618,1
N220119,220119,31.5839,-102.9633,1
N220120,220120,31.5839,-102.9633,1
N220121,220121,31.5839,-102.9633,1
N220122,220122,31.5839,-102.9633,1
N220123,220123,31.5839,-102.9633,1
N220124,220124,31.5839,-102.9633,1
N220125,220125,31.5839,-102.9633,1
N220126,220126,31.5839,-102.9633,1
N220127,220127,31.5839,-102.9633,1
N220128,220128,32.2732,-101.4224,1
N220129,220129,32.2732,-101.4224,1
N220130,220130,32.2732,-101.4224,1
N220131,220131,32.2732,-101.4224,1
N220132,220132,32.2732,-101.4224,1
N220133,220133,32.2732,-101.4224,1
N220134,220134,32.2732,-101.4224,1
N220135,220135,32.2076,-101.3883,1
N220136,220136,32.2076,-101.3883,1
N220137,220137,30.8848,-101.9208,1
N220138,220138,30.8848,-101.9208,1
N220139,220139,30.8848,-101.9208,1
N220140,220140,30.8848,-101.9208,1
N220141,220141,31.8403,-102.3264,1
N220142,220142,31.8403,-102.3264,1
N220143,220143,31.8403,-102.3264,1
N220144,220144,31.8403,-102.3264,1
N220145,220145,31.8403,-102.3264,1
N220146,220146,31.8403,-102.3264,1
N220147,220147,31.8403,-102.3264,1
N220148,220148,31.2092,-102.2417,1
N220149,220149,31.2092,-102.2417,1
N220150,220150,30.9315,-102.2014,1
N220151,220151,30.9315,-102.2014,1
N220152,220152,30.9515,-102.4141,1
N220153,220153,30.9515,-102.4141,1
N220154,220154,30.9514,-102.4141,1
N220155,220155,30.9514,-102.4141,1
N220156,220156,30.9514,-102.4141,1
N220157,220157,30.9178,-102.0867,1
N220158,220158,30.9178,-102.0867,1
N220159,220159,30.9178,-102.0867,1
N220160,220160,31.8414,-102.315,1
N220161,220161,31.8414,-102.315,1
N220162,220162,31.8414,-102.315,1
N220163,220163,31.8414,-102.315,1
N220164,220164,31.8414,-102.315,1
N220165,220165,31.8414,-102.315,1
N220166,220166,31.8414,-102.315,1
N220167,220167,31.8414,-102.315,1
N220168,220168,32.0391,-101.22,1
N220169,220169,32.0391,-101.22,1
N220170,220170,31.9915,-101.3026,1
N220171,220171,31.9915,-101.3026,1
N220172,220172,32.2353,-101.8367,1
N220173,220173,32.2353,-101.8367,1
N220174,220174,32.2353,-101.8367,1
N220175,220175,32.2404,-101.4736,1
N220176,220176,32.2404,-101.4736,1
N220177,220177,30.8073,-102.3556,1
N220178,220178,30.8073,-102.3556,1
N220179,220179,32.1408,-101.3986,1
N220180,220180,32.1408,-101.3986,1
N220181,220181,32.1408,-101.3986,1
N220182,220182,32.1008,-101.4514,1
N220183,220183,32.1008,-101.4514,1
N220184,220184,31.9362,-101.2983,1
N220185,220185,31.9362,-101.2983,1
N220186,220186,31.9362,-101.2983,1
N220187,220187,32.1218,-101.3853,1
N220188,220188,32.1218,-101.3853,1
N220189,220189,31.995,-102.8283,1
N220190,220190,31.995,-102.8283,1
N220191,220191,31.995,-102.8283,1
N220192,220192,31.995,-102.8283,1
N220194,220194,30.7727,-102.5058,1
N220195,220195,30.7727,-102.5058,1
N220197,220197,32.0692,-102.5856,1
N220198,220198,32.0692,-102.5856,1
N220199,220199,32.0692,-102.5856,1
N220200,220200,29.6001,-104.3,1
N220201,220201,29.6001,-104.3,1
N220202,220202,30.96,-103.35,1
N220203,220203,30.96,-103.35,1
N220204,220204,30.9931,-102.2708,1
N220205,220205,30.9931,-102.2708,1
N220206,220206,30.9931,-102.2708,1
N220208,220208,32.7,-101.7411,1
N220209,220209,32.7,-101.7411,1
N220210,220210,31.7433,-101.4934,1
N220211,220211,31.7433,-101.4934,1
N220212,220212,31.7433,-101.4934,1
N220213,220213,31.7433,-101.4934,1
N220214,220214,31.7433,-101.4934,1
N220215,220215,31.7272,-101.582,1
N220216,220216,31.7272,-101.582,1
N220218,220218,30.9602,-103.3067,1
N220219,220219,30.9602,-103.3067,1
N220221,220221,30.5756,-102.5513,1
N220222,220222,30.5756,-102.5513,1
N220223,220223,31.255,-102.272,1
N220224,220224,31.255,-102.272,1
N220225,220225,31.255,-102.272,1
N220227,220227,32.7157,-101.9265,1
N220228,220228,32.7157,-101.9265,1
N220229,220229,31.001,-102.2817,1
N220230,220230,31.001,-102.2817,1
N220231,220231,29.5663,-104.3554,1
N220232,220232,29.5663,-104.3554,1
N220233,220233,31.2418,-102.2903,1
N220234,220234,31.2418,-102.2903,1
N220235,220235,30.9879,-102.2683,1
N220236,220236,30.9879,-102.2683,1
N220238,220238,30.4551,-103.4747,1
N220239,220239,30.4551,-103.4747,1
N220240,220240,30.4551,-103.4747,1
N220241,220241,30.4551,-103.4747,1
N220242,220242,32.1676,-101.4792,1
N220243,220243,32.1676,-101.4792,1
N220244,220244,30.9956,-102.2235,1
N220245,220245,30.9956,-102.2235,1
N220246,220246,32.7134,-101.8852,1
N220247,220247,32.7134,-101.8852,1
N220248,220248,31.8435,-102.8683,1
N220249,220249,31.8435,-102.8683,1
N220250,220250,31.8435,-102.8683,1
N220252,220252,31.4308,-103.7289,1
N220253,220253,31.4308,-103.7289,1
N220255,220255,32.4601,-102.6728,1
N220256,220256,32.4601,-102.6728,1
N230001,230001,29.7179,-96.8667,1
N230002,230002,29.72,-96.8561,1
N230003,230003,29.645,-96.8366,1
N230004,230004,29.6,-96.6828,1
N230005,230005,29.6165,-96.7547,1
N230006,230006,29.5409,-96.5823,1
N230007,230007,29.4483,-96.6608,1
N230008,230008,29.6371,-96.6197,1
N230009,230009,29.3208,-96.6622,1
N230010,230010,30.295,-96.8532,1
N230011,230011,30.1306,-96.6558,1
N230012,230012,30.3905,-96.9896,1
N230013,230013,30.4968,-96.9824,1
N230014,230014,30.3389,-97.003,1
N230015,230015,30.1653,-96.8344,1
N230016,230016,30.2174,-96.4762,1
N230017,230017,30.2917,-96.4392,1
N230018,230018,30.2373,-96.6145,1
N230019,230019,29.9859,-96.7851,1
N230020,230020,29.9889,-96.8722,1
N230021,230021,30.0453,-96.698,1
N230022,230022,29.8458,-96.8341,1
N230023,230023,29.8888,-96.6797,1
N230024,230024,30.1397,-96.5181,1
N230025,230025,30.0123,-96.5017,1
N230026,230026,29.9719,-96.5767,1
N230027,230027,30.0278,-96.4785,1
N230028,230028,29.8648,-96.5518,1
N230029,230029,29.7295,-96.5997,1
N230030,230030,29.7502,-96.6242,1
N230031,230031,30.3614,-96.8497,1
N230033,230033,29.6634,-96.5145,1
N230034,230034,29.756,-96.7586,1
N230035,230035,29.7673,-96.8636,1
N230036,230036,30.2193,-96.8657,1
N230037,230037,29.8467,-96.1847,1
N230038,230038,30.1721,-96.0687,1
N230039,230039,29.787,-96.2426,1
N230040,230040,29.915,-96.2086,1
N230041,230041,29.6323,-96.4266,1
N230042,230042,30.0133,-96.2036,1
N230043,230043,30.1813,-96.3605,1
N230044,230044,30.2815,-96.3579,1
N230045,230045,30.2621,-96.2953,1
N230046,230046,30.3114,-96.2028,1
N230047,230047,30.2164,-96.2307,1
N230048,230048,30.2687,-96.144,1
N230049,230049,30.1363,-96.3077,1
N230050,230050,30.1385,-96.2495,1
N230051,230051,30.1887,-95.9738,1
N230052,230052,30.1168,-96.1112,1
N230053,230053,30.202,-95.8893,1
N230054,230054,30.1486,-95.9881,1
N230055,230055,30.0806,-96.3973,1
N230056,230056,30.0123,-96.3112,1
N230057,230057,29.9504,-96.4105,1
N230058,230058,29.8751,-96.3313,1
N230059,230059,29.8045,-96.4182,1
N230060,230060,29.7308,-96.4667,1
N230061,230061,29.7175,-96.3629,1
N230062,230062,29.5653,-96.4528,1
N230063,230063,30.0748,-96.004,1
N230064,230064,30.0136,-96.1074,1
N230065,230065,29.7435,-96.264,1
N230066,230066,29.9481,-96.2619,1
N230067,230067,29.6927,-96.8375,1
N230068,230068,30.1608,-96.3947,1
N230069,230069,30.1608,-96.3947,1
N230070,230070,29.9085,-96.8742,1
N230071,230071,29.7072,-96.5326,1
N230072,230072,30.0861,-96.0465,1
N230073,230073,30.0861,-96.0465,1
N230074,230074,30.1635,-96.4094,1
N230075,230075,30.1823,-96.9335,1
N230076,230076,30.0481,-96.9179,1
N230077,230077,29.7075,-96.5557,1
N230078,230078,30.0912,-96.0717,1
N230079,230079,30.3785,-96.0193,1
N230080,230080,30.7155,-96.0954,1
N230081,230081,30.7155,-96.0954,1
N230082,230082,30.9566,-95.8273,1
N230083,230083,31.0368,-95.6439,1
N230084,230084,30.5594,-96.2051,1
N230085,230085,30.8116,-95.5174,1
N230086,230086,30.4433,-95.8927,1
N230087,230087,30.7246,-95.4416,1
N230088,230088,30.627,-95.6629,1
N230089,230089,30.4622,-96.322,1
N230090,230090,30.7227,-96.2109,1
N230091,230091,30.6864,-96.0566,1
N230092,230092,30.6135,-95.9175,1
N230093,230093,30.4908,-96.066,1
N230094,230094,30.7822,-95.8093,1
N230095,230095,30.4011,-96.2164,1
N230096,230096,30.2942,-95.8868,1
N230097,230097,30.3589,-95.8251,1
N230098,230098,31.0343,-95.9761,1
N230099,230099,31.0662,-95.7493,1
N230100,230100,30.9691,-96.1514,1
N230101,230101,30.8331,-96.2612,1
N230102,230102,30.9088,-95.9817,1
N230103,230103,30.9374,-95.6946,1
N230104,230104,30.7617,-95.6632,1
N230105,230105,30.8318,-95.3481,1
N230106,230106,30.6711,-95.8251,1
N230107,230107,30.2967,-95.9592,1
N230108,230108,31.0538,-96.0293,1
N230109,230109,30.8219,-96.1142,1
N230110,230110,30.6038,-96.1563,1
N230111,230111,30.2511,-96.0704,1
N230112,230112,30.9197,-95.5837,1
N230113,230113,30.6661,-95.5014,1
N230114,230114,31.1531,-95.8853,1
N230115,230115,30.9831,-95.4989,1
N230116,230116,30.3782,-96.0751,1
N230117,230117,30.8878,-96.547,1
N230118,230118,30.6494,-96.6311,1
N230119,230119,30.6333,-96.7729,1
N230120,230120,30.6521,-97.0564,1
N230121,230121,30.5928,-96.9615,1
N230122,230122,31.1521,-96.8979,1
N230123,230123,30.6985,-96.9002,1
N230124,230124,30.5215,-96.8456,1
N230125,230125,30.7822,-96.7158,1
N230126,230126,30.4294,-96.668,1
N230127,230127,30.4345,-96.7123,1
N230128,230128,30.7109,-96.507,1
N230129,230129,30.823,-96.355,1
N230130,230130,30.467,-96.5252,1
N230131,230131,30.4657,-96.4918,1
N230132,230132,30.5774,-96.4014,1
N230133,230133,30.4211,-96.3828,1
N230134,230134,31.0167,-96.5553,1
N230135,230135,30.9366,-96.8923,1
N230136,230136,30.9699,-96.7394,1
N230137,230137,30.8808,-97.0118,1
N230138,230138,30.8068,-96.9095,1
N230139,230139,30.6468,-96.7428,1
N230140,230140,30.4209,-96.6588,1
N230141,230141,30.3624,-96.5076,1
N230142,230142,31.2103,-96.8572,1
N230143,230143,31.0422,-96.5967,1
N230144,230144,30.9662,-96.3681,1
N230145,230145,30.7048,-97.0787,1
N230146,230146,30.8044,-96.4195,1
N230147,230147,30.9902,-96.5108,1
N230148,230148,30.5697,-96.5073,1
N230149,230149,31.1094,-96.7019,1
N230150,230150,31.6289,-96.4866,1
N230151,230151,31.5364,-96.2638,1
N230152,230152,31.4212,-96.3088,1
N230153,230153,31.2172,-96.6481,1
N230154,230154,31.5976,-96.7736,1
N230155,230155,31.6567,-96.323,1
N230156,230156,31.5894,-96.6103,1
N230157,230157,31.5561,-96.4352,1
N230158,230158,31.3865,-96.4103,1
N230159,230159,31.3941,-96.6473,1
N230160,230160,31.5717,-96.1683,1
N230161,230161,31.5087,-95.9976,1
N230162,230162,31.2744,-96.1793,1
N230163,230163,31.4126,-96.0498,1
N230164,230164,31.4034,-96.1408,1
N230165,230165,31.308,-96.5529,1
N230166,230166,31.2727,-96.6771,1
N230167,230167,31.2118,-96.3786,1
N230168,230168,31.113,-96.4963,1
N230169,230169,31.0994,-96.2639,1
N230170,230170,31.2913,-96.0988,1
N230171,230171,31.1946,-96.0,1
N230172,230172,31.062,-96.1947,1
N230173,230173,31.2828,-96.275,1
N230174,230174,31.196,-96.1949,1
N230175,230175,31.2447,-96.8257,1
N230176,230176,31.4927,-96.5582,1
N230177,230177,31.0923,-96.3081,1
N230178,230178,31.3435,-96.0006,1
N230179,230179,31.5481,-96.7082,1
N230180,230180,31.3872,-96.4877,1
N230181,230181,31.4027,-95.8483,1
N230182,230182,31.4497,-95.9471,1
N230183,230183,31.2325,-95.8432,1
N230184,230184,31.2329,-95.5392,1
N230185,230185,31.1827,-95.6481,1
N230186,230186,31.2406,-95.4431,1
N230187,230187,31.1673,-95.3524,1
N230188,230188,31.3568,-95.7866,1
N230189,230189,31.0951,-95.4353,1
N230190,230190,31.2732,-95.6809,1
N230191,230191,30.5359,-95.7474,1
N230192,230192,30.3803,-95.7806,1
N230193,230193,30.419,-95.7229,1
N230194,230194,30.397,-95.6574,1
N230195,230195,30.333,-95.727,1
N230196,230196,30.4725,-95.7879,1
N230197,230197,30.2486,-95.7947,1
N230198,230198,31.3601,-96.1478,1
N230199,230199,31.0256,-96.4862,1
N230200,230200,31.2555,-95.9787,1
N230201,230201,31.0634,-96.2095,1
N230202,230202,31.0284,-96.1089,1
N230203,230203,30.9195,-96.1099,1
N230204,230204,30.9519,-95.9112,1
N230205,230205,30.776,-95.9489,1
N230206,230206,30.6968,-96.3643,1
N230207,230207,30.5296,-96.7017,1
N230208,230208,30.5296,-96.7017,1
N230209,230209,30.6604,-96.4226,1
N230210,230210,30.713,-96.405,1
N230211,230211,30.5672,-96.294,1
N230212,230212,30.3877,-96.0858,1
N230213,230213,30.889,-96.6058,1
N230214,230214,30.8571,-96.9781,1
N230215,230215,30.6471,-96.3689,1
N230216,230216,30.6043,-96.3183,1
N230217,230217,30.3574,-96.5314,1
N230218,230218,30.6281,-97.0404,1
N230219,230219,30.6239,-96.3839,1
N230220,230220,30.6373,-96.348,1
N230221,230221,30.6561,-97.0077,1
N230222,230222,30.7424,-96.3675,1
N230223,230223,30.667,-96.3284,1
N230224,230224,30.6292,-96.3194,1
N230225,230225,30.5919,-96.3231,1
N230226,230226,30.5562,-96.3287,1
N230227,230227,30.4973,-96.4636,1
N230228,230228,30.3348,-96.5851,1
N230229,230229,30.6705,-96.2784,1
N230230,230230,30.6814,-96.2328,1
N230231,230231,30.5922,-96.2778,1
N230232,230232,30.5235,-96.262,1
N230233,230233,30.9806,-96.6707,1
N230234,230234,30.3776,-96.0783,1
N230235,230235,30.3776,-96.0783,1
N230236,230236,30.6644,-96.3758,1
N230237,230237,30.5412,-96.2566,1
N230238,230238,30.6881,-96.3862,1
N230239,230239,30.6499,-96.3288,1
N230240,230240,30.5612,-97.0711,1
N230241,230241,31.6341,-96.2918,1
N230242,230242,31.6803,-96.4805,1
N230243,230243,31.6803,-96.4805,1
N230244,230244,31.6699,-96.3631,1
N230245,230245,31.5123,-96.5341,1
N230246,230246,31.313,-96.6276,1
N230247,230247,31.1659,-96.6767,1
N230248,230248,31.4132,-96.5774,1
N230249,230249,31.4615,-96.0645,1
N230250,230250,30.7359,-95.5421,1
N230251,230251,30.6243,-95.5126,1
N230252,230252,30.7136,-95.6179,1
N230253,230253,31.1266,-95.4455,1
N230254,230254,30.8512,-95.3792,1
N230256,230256,30.7172,-95.5481,1
N230257,230257,31.422,-96.2525,1
N230258,230258,31.422,-96.2525,1
N230259,230259,31.422,-96.2525,1
N230260,230260,31.422,-96.2525,1
N230261,230261,30.6475,-96.3723,1
N230262,230262,30.6475,-96.3723,1
N230263,230263,29.9173,-96.7506,1
N230264,230264,29.9173,-96.7506,1
N230265,230265,29.9173,-96.7506,1
N230266,230266,29.9173,-96.7506,1
N230267,230267,31.1803,-96.4866,1
N230268,230268,31.1803,-96.4866,1
N230269,230269,31.1803,-96.4866,1
N230270,230270,31.1803,-96.4866,1
N230271,230271,31.1803,-96.4866,1
N230272,230272,31.1803,-96.4866,1
N230273,230273,30.7217,-96.4608,1
N230274,230274,30.7217,-96.4608,1
N230275,230275,30.7217,-96.4608,1
N230276,230276,30.7217,-96.4608,1
N230277,230277,31.092,-96.695,1
N230278,230278,31.092,-96.695,1
N230279,230279,31.092,-96.695,1
N230280,230280,31.092,-96.695,1
N230281,230281,31.092,-96.695,1
N230282,230282,31.092,-96.695,1
N230283,230283,30.5924,-95.9178,1
N230284,230284,30.5924,-95.9178,1
N230285,230285,30.5924,-95.9178,1
N230286,230286,30.5924,-95.9178,1
N230287,230287,30.5924,-95.9178,1
N230288,230288,30.6178,-96.3433,1
N230289,230289,30.6178,-96.3433,1
N230290,230290,30.6178,-96.3433,1
N230291,230291,30.6178,-96.3433,1
N230292,230292,29.5503,-96.5378,1
N230293,230293,29.5503,-96.5378,1
N230294,230294,29.5503,-96.5378,1
N230295,230295,29.5503,-96.5378,1
N230296,230296,31.2867,-96.8772,1
N230297,230297,31.2867,-96.8772,1
N240001,240001,29.8259,-100.272,1
N240002,240002,30.516,-99.7169,1
N240003,240003,30.8342,-99.702,1
N240004,240004,30.8257,-99.8441,1
N240005,240005,30.6454,-101.153,1
N240006,240006,30.8669,-100.624,1
N240007,240007,30.8485,-100.373,1
N240008,240008,30.7805,-100.14,1
N240009,240009,30.7873,-101.045,1
N240010,240010,30.5305,-100.63,1
N240011,240011,30.4267,-100.083,1
N240012,240012,30.5627,-99.914,1
N240013,240013,30.5627,-99.914,1
N240014,240014,30.5627,-99.914,1
N240015,240015,30.5627,-99.914,1
N240016,240016,30.0729,-100.194,1
N240017,240017,30.1102,-100.475,1
N240018,240018,30.2008,-99.8238,1
N240019,240019,30.9,-100.701,1
N240020,240020,30.3539,-100.984,1
N240021,240021,31.0702,-100.188,1
N240022,240022,29.3592,-100.889,1
N240023,240023,29.3952,-100.914,1
N240024,240024,29.4465,-100.958,1
N240025,240025,29.3762,-100.928,1
N240026,240026,29.3698,-100.812,1
N240027,240027,29.6846,-101.175,1
N240028,240028,29.5971,-100.96,1
N240030,240030,29.3703,-100.906,1
N240031,240031,29.3703,-100.906,1
N240032,240032,29.3703,-100.906,1
N240033,240033,29.3539,-100.795,1
N240034,240034,29.6857,-101.037,1
N240035,240035,29.4405,-100.899,1
N240036,240036,30.0324,-101.564,1
N240037,240037,30.0385,-101.122,1
N240038,240038,30.0646,-100.861,1
N240039,240039,29.8296,-100.993,1
N240040,240040,30.1063,-101.346,1
N240041,240041,29.9094,-101.283,1
N240042,240042,29.8098,-100.726,1
N240043,240043,29.6773,-100.758,1
N240044,240044,29.8949,-101.579,1
N240045,240045,29.7432,-101.147,1
N240046,240046,30.2458,-101.675,1
N240047,240047,29.8041,-101.701,1
N240048,240048,30.2693,-100.863,1
N240049,240049,30.0964,-101.509,1
N240050,240050,29.5459,-100.722,1
N240051,240051,29.6512,-101.359,1
N240052,240052,30.0473,-100.702,1
N240053,240053,29.8633,-101.399,1
N240054,240054,29.9493,-101.465,1
N240055,240055,29.5863,-100.95,1
N240056,240056,29.7522,-100.888,1
N240058,240058,29.7196,-101.264,1
N240059,240059,30.2386,-99.6659,1
N240060,240060,32.3829,-99.6637,1
N240061,240061,32.4722,-99.8453,1
N240062,240062,32.5113,-99.6957,1
N240063,240063,32.3445,-99.8931,1
N240064,240064,32.2289,-99.8016,1
N240065,240065,32.1546,-99.6977,1
N240066,240066,32.1358,-99.9015,1
N240067,240067,32.4123,-100.063,1
N240068,240068,32.493,-99.9399,1
N240069,240069,32.2534,-99.9896,1
N240070,240070,32.2537,-99.6596,1
N240071,240071,32.1474,-100.091,1
N240072,240072,32.363,-100.089,1
N240073,240073,32.1742,-99.9092,1
N240074,240074,32.1565,-99.8039,1
N240075,240075,32.2527,-100.117,1
N240076,240076,32.4235,-99.6788,1
N240077,240077,31.4171,-100.278,1
N240078,240078,31.5292,-100.188,1
N240079,240079,31.5659,-100.347,1
N240080,240080,31.6114,-100.645,1
N240081,240081,31.3881,-100.614,1
N240082,240082,31.6545,-100.323,1
N240083,240083,31.6039,-100.54,1
N240084,240084,31.4595,-100.356,1
N240085,240085,31.2754,-100.444,1
N240086,240086,31.2726,-100.58,1
N240087,240087,31.3143,-100.296,1
N240088,240088,31.2251,-100.351,1
N240089,240089,31.1612,-100.485,1
N240090,240090,31.3511,-100.16,1
N240091,240091,31.1021,-100.332,1
N240092,240092,31.5436,-100.967,1
N240093,240093,31.1073,-100.635,1
N240094,240094,31.6289,-100.709,1
N240095,240095,31.7653,-99.1093,1
N240096,240096,31.8935,-99.174,1
N240097,240097,31.5838,-99.1407,1
N240098,240098,31.8304,-99.0289,1
N240099,240099,32.0148,-99.0533,1
N240100,240100,31.7294,-99.1458,1
N240101,240101,33.1343,-99.7985,1
N240102,240102,33.406,-99.7389,1
N240103,240103,33.3394,-99.5455,1
N240104,240104,33.0418,-99.5961,1
N240105,240105,31.206,-99.6854,1
N240106,240106,31.1816,-99.2519,1
N240107,240107,31.4855,-99.5001,1
N240108,240108,31.1643,-99.1342,1
N240109,240109,31.2107,-99.7657,1
N240110,240110,30.996,-99.3537,1
N240111,240111,30.8202,-99.1881,1
N240112,240112,30.6729,-99.2296,1
N240113,240113,31.1719,-99.1766,1
N240114,240114,31.8012,-101.166,1
N240115,240115,32.74,-100.744,1
N240116,240116,32.393,-100.886,1
N240117,240117,32.2574,-101.01,1
N240118,240118,31.9525,-100.019,1
N240119,240119,32.4126,-100.662,1
N240120,240120,32.4721,-100.421,1
N240121,240121,31.9201,-99.6937,1
N240122,240122,31.7587,-99.9538,1
N240123,240123,31.6047,-99.9453,1
N240124,240124,31.4456,-99.9869,1
N240125,240125,32.7676,-99.8272,1
N240126,240126,32.6008,-99.8858,1
N240127,240127,31.9017,-100.553,1
N240128,240128,31.2828,-100.824,1
N240129,240129,32.0084,-100.289,1
N240130,240130,31.749,-100.077,1
N240131,240131,32.7894,-100.388,1
N240132,240132,32.8795,-100.142,1
N240133,240133,32.3438,-100.314,1
N240134,240134,31.6687,-99.7093,1
N240135,240135,31.9254,-100.614,1
N240136,240136,32.6843,-100.528,1
N240137,240137,32.1026,-99.6223,1
N240138,240138,31.6405,-100.93,1
N240139,240139,32.0441,-100.194,1
N240140,240140,32.3528,-99.5286,1
N240141,240141,32.6608,-99.6246,1
N240142,240142,31.8176,-99.4434,1
N240143,240143,31.7408,-99.3275,1
N240144,240144,32.141,-99.1476,1
N240145,240145,32.6533,-99.2122,1
N240146,240146,32.3391,-99.3619,1
N240147,240147,32.3169,-99.0921,1
N240148,240148,32.0739,-99.4742,1
N240149,240149,32.1253,-98.9642,1
N240150,240150,32.4192,-99.5927,1
N240151,240151,32.8264,-99.4077,1
N240152,240152,31.9514,-99.2278,1
N240153,240153,32.4676,-100.004,1
N240154,240154,32.3809,-99.8188,1
N240155,240155,32.3124,-99.784,1
N240156,240156,32.2685,-99.8309,1
N240157,240157,32.1871,-99.7814,1
N240158,240158,32.4806,-100.085,1
N240159,240159,32.4787,-99.7397,1
N240160,240160,32.4323,-99.7485,1
N240161,240161,32.4634,-99.7578,1
N240162,240162,32.4523,-99.7022,1
N240163,240163,32.3894,-99.7508,1
N240164,240164,32.4206,-99.7773,1
N240165,240165,32.3416,-99.7014,1
N240166,240166,32.4362,-99.7881,1
N240167,240167,32.4362,-99.7881,1
N240168,240168,32.4362,-99.7881,1
N240169,240169,32.4362,-99.7881,1
N240170,240170,32.4359,-99.7368,1
N240171,240171,32.4453,-99.6904,1
N240172,240172,31.4439,-100.46,1
N240173,240173,31.4193,-100.42,1
N240174,240174,31.4191,-100.493,1
N240175,240175,31.4246,-100.461,1
N240176,240176,31.4484,-100.374,1
N240177,240177,31.3564,-100.542,1
N240178,240178,31.1967,-100.503,1
N240179,240179,31.3696,-100.437,1
N240180,240180,31.4932,-100.45,1
N240181,240181,31.4932,-100.45,1
N240182,240182,31.4932,-100.45,1
N240183,240183,31.4932,-100.45,1
N240184,240184,31.4838,-100.427,1
N240185,240185,31.4646,-100.451,1
N240186,240186,31.4676,-100.351,1
N240187,240187,31.5802,-100.575,1
N240188,240188,31.5293,-100.465,1
N240189,240189,31.4718,-100.517,1
N240190,240190,31.7768,-99.0252,1
N240191,240191,31.7202,-99.1284,1
N240192,240192,31.9059,-99.0215,1
N240193,240193,31.8207,-99.0865,1
N240194,240194,32.3359,-100.9156,1
N240195,240195,32.3359,-100.9156,1
N240196,240196,32.3359,-100.9156,1
N240197,240197,32.3359,-100.9156,1
N240198,240198,32.3359,-100.9156,1
N240199,240199,32.3359,-100.9156,1
N240200,240200,32.3359,-100.9156,1
N240201,240201,29.4499,-101.0601,1
N240202,240202,29.4499,-101.0601,1
N240203,240203,32.0501,-100.6917,1
N240204,240204,32.0501,-100.6917,1
N240205,240205,32.0501,-100.6917,1
N240206,240206,32.0501,-100.6917,1
N240207,240207,32.0501,-100.6917,1
N240208,240208,32.4302,-100.2357,1
N240209,240209,32.4302,-100.2357,1
N240210,240210,32.4302,-100.2357,1
N240211,240211,32.3607,-100.3389,1
N240212,240212,32.3607,-100.3389,1
N240213,240213,32.3473,-100.3703,1
N240214,240214,32.3473,-100.3703,1
N240215,240215,32.3116,-100.0616,1
N240216,240216,32.3116,-100.0616,1
N240217,240217,32.3116,-100.0616,1
N240218,240218,32.3039,-100.0217,1
N240219,240219,32.3039,-100.0217,1
N240220,240220,32.214,-100.0571,1
N240221,240221,32.214,-100.0571,1
N240222,240222,32.214,-100.0571,1
N240223,240223,32.214,-100.0571,1
N240224,240224,32.2909,-100.4219,1
N240225,240225,32.2909,-100.4219,1
N240226,240226,32.3123,-100.5303,1
N240227,240227,32.3123,-100.5303,1
N240228,240228,32.3123,-100.5303,1
N240229,240229,32.237,-100.4833,1
N240230,240230,32.237,-100.4833,1
N240231,240231,32.6256,-99.4928,1
N240232,240232,32.6256,-99.4928,1
N240233,240233,32.6256,-99.4928,1
N240234,240234,32.5145,-99.6564,1
N240235,240235,32.5145,-99.6564,1
N240236,240236,32.5145,-99.6564,1
N240237,240237,32.3182,-100.177,1
N240238,240238,32.3182,-100.177,1
N240239,240239,32.3182,-100.177,1
N240240,240240,32.3984,-100.6481,1
N240241,240241,32.3984,-100.6481,1
N240242,240242,32.4694,-100.6664,1
N240243,240243,32.4694,-100.6664,1
N240244,240244,32.4694,-100.6664,1
N240245,240245,32.7394,-100.7389,1
N240246,240246,32.7394,-100.7389,1
N240247,240247,32.2878,-100.1,1
N240248,240248,32.2878,-100.1,1
N240249,240249,32.4082,-100.1286,1
N240250,240250,32.4082,-100.1286,1
N240251,240251,31.952,-100.7914,1
N240252,240252,31.952,-100.7914,1
N240253,240253,31.952,-100.7914,1
N240254,240254,31.952,-100.7914,1
N240255,240255,31.952,-100.7914,1
N240256,240256,31.952,-100.7914,1
N240257,240257,31.952,-101.0189,1
N240258,240258,31.952,-101.0189,1
N240259,240259,31.952,-101.0189,1
N240260,240260,31.952,-101.0189,1
N240261,240261,31.952,-101.0189,1
N240262,240262,32.1982,-100.2686,1
N240263,240263,32.1982,-100.2686,1
N240264,240264,32.1982,-100.2686,1
N240265,240265,32.1982,-100.2686,1
N240266,240266,32.1982,-100.2686,1
N240267,240267,32.7181,-100.7933,1
N240268,240268,32.7181,-100.7933,1
N240269,240269,32.7181,-100.7933,1
N240270,240270,32.7684,-99.4228,1
N240271,240271,32.7684,-99.4228,1
N240272,240272,32.7684,-99.4228,1
N240273,240273,31.9925,-101.1167,1
N240274,240274,31.9925,-101.1167,1
N240275,240275,31.9925,-101.1167,1
N240276,240276,32.5886,-100.6728,1
N240277,240277,32.5886,-100.6728,1
N240278,240278,32.5886,-100.6728,1
N240279,240279,32.4969,-100.5797,1
N240280,240280,32.4969,-100.5797,1
N240281,240281,31.0855,-100.6788,1
N240282,240282,31.0855,-100.6788,1
N240283,240283,32.4376,-100.7444,1
N240284,240284,32.4376,-100.7444,1
N240285,240285,32.4376,-100.7444,1
N240286,240286,33.04,-99.5525,1
N240287,240287,33.04,-99.5525,1
N240288,240288,33.04,-99.5525,1
N240290,240290,29.7276,-100.7943,1
N240291,240291,29.7276,-100.7943,1
N240292,240292,33.3501,-99.54,1
N240293,240293,33.3501,-99.54,1
N240295,240295,31.3603,-99.5514,1
N240296,240296,31.3603,-99.5514,1
N240297,240297,31.87,-100.828,1
N240298,240298,31.87,-100.828,1
N240299,240299,33.3454,-99.6243,1
N240300,240300,33.3454,-99.6243,1
N240301,240301,33.3454,-99.6243,1
N240302,240302,31.1814,-101.3188,1
N240303,240303,31.1814,-101.3188,1
N240304,240304,31.1814,-101.3188,1
N240305,240305,31.1125,-100.0281,1
N240306,240306,31.1125,-100.0281,1
N240307,240307,31.1125,-100.0281,1
N240308,240308,31.0486,-100.6231,1
N240309,240309,31.0486,-100.6231,1
N240310,240310,31.0486,-100.6231,1
N240311,240311,31.0486,-100.6231,1
N240312,240312,31.0486,-100.6231,1
N240313,240313,30.8722,-99.5373,1
N240314,240314,30.8722,-99.5373,1
N240315,240315,31.2081,-101.1108,1
N240316,240316,31.2081,-101.1108,1
N240317,240317,31.2081,-101.1108,1
N240318,240318,30.595,-101.453,1
N240319,240319,30.595,-101.453,1
N240320,240320,30.595,-101.453,1
N250001,250001,32.6508,-95.7826,1
N250002,250002,32.1025,-95.7643,1
N250003,250003,32.1838,-95.8525,1
N250004,250004,32.4384,-95.9963,1
N250005,250005,32.4653,-95.4795,1
N250006,250006,32.1518,-95.9675,1
N250007,250007,32.291,-95.824,1
N250008,250008,32.5921,-95.6244,1
N250009,250009,32.5401,-95.3793,1
N250010,250010,32.4465,-95.6641,1
N250011,250011,32.4211,-95.5592,1
N250012,250012,32.404,-95.3571,1
N250013,250013,32.2849,-95.6469,1
N250014,250014,32.1876,-95.6122,1
N250015,250015,32.079,-95.587,1
N250016,250016,31.9682,-95.9733,1
N250017,250017,32.5832,-95.9474,1
N250018,250018,32.6628,-95.8373,1
N250019,250019,32.456,-95.8247,1
N250020,250020,32.6141,-95.7176,1
N250021,250021,32.3224,-95.9843,1
N250022,250022,32.0503,-95.8317,1
N250023,250023,32.0745,-95.7204,1
N250024,250024,32.6848,-95.5481,1
N250025,250025,32.236,-95.7369,1
N250026,250026,32.3659,-95.6771,1
N250027,250027,32.7337,-95.6444,1
N250028,250028,32.2979,-95.4616,1
N250029,250029,32.7424,-95.9181,1
N250030,250030,33.1578,-95.7451,1
N250031,250031,33.0525,-95.8002,1
N250032,250032,32.9626,-95.8441,1
N250034,250034,32.8569,-95.8183,1
N250035,250035,32.8929,-95.7318,1
N250036,250036,32.7451,-95.8104,1
N250037,250037,31.237,-94.7691,1
N250038,250038,31.7406,-94.8584,1
N250039,250039,31.4353,-94.8472,1
N250040,250040,31.5697,-94.5074,1
N250041,250041,31.7181,-94.686,1
N250042,250042,31.7614,-94.9885,1
N250043,250043,31.6235,-95.0357,1
N250044,250044,31.5358,-95.0452,1
N250045,250045,31.5128,-94.918,1
N250046,250046,31.3799,-95.1028,1
N250047,250047,31.8455,-94.6142,1
N250048,250048,31.6645,-94.8647,1
N250049,250049,31.7372,-94.5247,1
N250050,250050,31.7983,-94.4528,1
N250051,250051,31.6613,-94.5667,1
N250052,250052,31.5749,-94.7749,1
N250053,250053,31.5267,-94.6328,1
N250054,250054,31.4239,-94.7526,1
N250055,250055,31.3469,-94.6189,1
N250056,250056,31.4038,-94.6107,1
N250057,250057,31.52,-94.3663,1
N250058,250058,31.3636,-94.431,1
N250059,250059,31.3108,-94.6662,1
N250060,250060,31.2713,-94.6727,1
N250061,250061,31.1984,-94.5432,1
N250062,250062,31.2816,-94.4756,1
N250063,250063,31.1622,-94.3199,1
N250064,250064,31.0995,-94.5871,1
N250065,250065,31.0855,-94.4579,1
N250066,250066,31.4144,-94.9868,1
N250067,250067,31.8167,-94.5978,1
N250068,250068,31.1436,-94.7706,1
N250069,250069,31.8309,-94.734,1
N250070,250070,31.6675,-94.6947,1
N250071,250071,31.453,-94.5082,1
N250072,250072,31.6565,-94.4489,1
N250073,250073,31.3397,-94.3208,1
N250074,250074,31.9378,-96.1032,1
N250075,250075,32.0941,-96.1947,1
N250076,250076,33.0556,-95.3241,1
N250077,250077,33.2313,-95.0778,1
N250078,250078,33.1043,-94.8865,1
N250079,250079,33.121,-95.4592,1
N250080,250080,33.2223,-94.893,1
N250081,250081,33.0452,-95.6278,1
N250082,250082,33.2234,-95.5676,1
N250083,250083,33.0238,-95.5314,1
N250084,250084,32.9063,-95.4015,1
N250085,250085,33.1993,-95.2778,1
N250086,250086,32.9212,-95.5895,1
N250087,250087,32.8667,-95.4789,1
N250088,250088,32.938,-95.3379,1
N250089,250089,32.9652,-95.227,1
N250090,250090,32.7735,-95.3634,1
N250091,250091,33.064,-95.2452,1
N250092,250092,33.0978,-95.1278,1
N250093,250093,32.8405,-95.2214,1
N250094,250094,32.8305,-95.6375,1
N250095,250095,32.7368,-95.5492,1
N250096,250096,32.6543,-95.4156,1
N250097,250097,32.6493,-95.2446,1
N250098,250098,33.2502,-95.6913,1
N250099,250099,33.1503,-95.6869,1
N250100,250100,33.2181,-95.4193,1
N250101,250101,33.2389,-94.9618,1
N250102,250102,33.233,-94.8507,1
N250103,250103,32.7251,-95.2697,1
N250104,250104,33.2665,-95.1334,1
N250105,250105,32.7512,-95.525,1
N250106,250106,33.1797,-95.0454,1
N250107,250107,33.0854,-95.0038,1
N250108,250108,33.0467,-95.7066,1
N250109,250109,31.7872,-96.2534,1
N250110,250110,31.8415,-96.1081,1
N250111,250111,31.6719,-96.1299,1
N250112,250112,31.8239,-96.2835,1
N250113,250113,32.0171,-94.9848,1
N250114,250114,31.8836,-95.2082,1
N250115,250115,32.2315,-94.9677,1
N250116,250116,32.0434,-94.7549,1
N250117,250117,32.0616,-94.6492,1
N250118,250118,31.9607,-95.1683,1
N250119,250119,32.3664,-95.1558,1
N250120,250120,32.2661,-94.8715,1
N250121,250121,32.2626,-94.6435,1
N250122,250122,32.473,-95.0557,1
N250123,250123,32.3763,-95.018,1
N250124,250124,32.1981,-95.1052,1
N250125,250125,32.0751,-95.3769,1
N250126,250126,32.1,-95.2288,1
N250127,250127,31.9527,-95.3627,1
N250128,250128,32.0783,-95.1224,1
N250129,250129,32.3428,-94.7643,1
N250130,250130,32.1977,-94.7126,1
N250131,250131,31.9792,-94.8136,1
N250132,250132,31.9072,-95.0695,1
N250133,250133,31.9013,-94.9613,1
N250134,250134,31.8032,-95.0227,1
N250135,250135,31.8699,-94.845,1
N250136,250136,31.7671,-95.1221,1
N250137,250137,31.9151,-94.6784,1
N250138,250138,32.2935,-95.0637,1
N250139,250139,32.3707,-94.5523,1
N250140,250140,32.1742,-94.8507,1
N250141,250141,32.0434,-95.2753,1
N250142,250142,32.3341,-94.8833,1
N250143,250143,32.2649,-94.5395,1
N250144,250144,31.9503,-94.579,1
N250145,250145,32.1848,-95.0714,1
N250146,250146,32.4962,-95.2372,1
N250147,250147,33.552,-95.4011,1
N250148,250148,33.3232,-95.3826,1
N250149,250149,33.7315,-95.3503,1
N250150,250150,33.8699,-95.2672,1
N250151,250151,33.7089,-94.9684,1
N250152,250152,33.6516,-95.4244,1
N250153,250153,33.6177,-95.2828,1
N250154,250154,33.4275,-95.523,1
N250155,250155,33.443,-95.3006,1
N250156,250156,33.6466,-95.1237,1
N250157,250157,33.5839,-94.9548,1
N250158,250158,33.4271,-95.1689,1
N250159,250159,33.4798,-95.0626,1
N250160,250160,33.5045,-94.8204,1
N250161,250161,33.3501,-94.9546,1
N250162,250162,33.5554,-94.765,1
N250163,250163,33.3811,-95.6536,1
N250165,250165,33.6991,-94.8251,1
N250166,250166,33.5147,-95.2011,1
N250167,250167,33.7315,-95.2468,1
N250168,250168,33.8189,-95.1758,1
N250169,250169,31.6545,-95.7391,1
N250170,250170,31.8089,-95.8101,1
N250171,250171,31.4688,-95.3975,1
N250172,250172,31.9261,-95.6733,1
N250173,250173,31.635,-95.9336,1
N250174,250174,31.865,-95.5418,1
N250175,250175,31.7114,-95.7443,1
N250176,250176,31.6061,-95.5785,1
N250177,250177,31.5485,-95.9168,1
N250178,250178,31.5483,-95.6502,1
N250179,250179,31.4277,-95.6047,1
N250180,250180,31.7195,-95.5337,1
N250181,250181,31.7351,-95.2224,1
N250182,250182,31.5922,-95.4354,1
N250183,250183,31.6202,-95.3047,1
N250184,250184,31.6435,-95.5634,1
N250185,250185,31.4571,-95.4635,1
N250186,250186,31.3504,-95.4142,1
N250187,250187,31.3259,-95.2664,1
N250188,250188,31.5239,-95.2269,1
N250189,250189,31.9218,-95.7492,1
N250190,250190,31.8234,-95.6725,1
N250191,250191,31.7622,-95.9662,1
N250192,250192,31.5005,-95.3288,1
N250193,250193,31.9064,-96.012,1
N250194,250194,31.844,-95.4676,1
N250195,250195,31.8772,-95.5778,1
N250196,250196,31.7725,-95.347,1
N250197,250197,32.3427,-95.3258,1
N250198,250198,32.1445,-95.1239,1
N250199,250199,32.3251,-95.2693,1
N250200,250200,32.3721,-95.2907,1
N250201,250201,32.1483,-94.801,1
N250202,250202,32.3358,-95.3961,1
N250203,250203,32.3713,-95.3231,1
N250204,250204,32.7698,-95.451,1
N250205,250205,31.9719,-95.1581,1
N250206,250206,32.4313,-95.2022,1
N250207,250207,32.3593,-94.8393,1
N250208,250208,32.3402,-95.3058,1
N250209,250209,32.3597,-94.7033,1
N250210,250210,31.9689,-95.257,1
N250211,250211,32.2963,-95.5799,1
N250212,250212,31.9442,-95.2752,1
N250213,250213,32.4465,-95.2047,1
N250214,250214,32.3155,-95.1905,1
N250215,250215,32.3572,-95.2628,1
N250216,250216,32.396,-95.3647,1
N250217,250217,32.1757,-94.8028,1
N250218,250218,32.1757,-94.8028,1
N250219,250219,32.5917,-95.2036,1
N250220,250220,32.3249,-95.2926,1
N250221,250221,32.3039,-95.2782,1
N250222,250222,32.3031,-95.2486,1
N250223,250223,32.3561,-95.285,1
N250224,250224,32.3561,-95.285,1
N250225,250225,32.2452,-95.1103,1
N250226,250226,32.2647,-95.2794,1
N250227,250227,32.3151,-94.52,1
N250228,250228,32.0648,-95.5057,1
N250229,250229,32.1443,-94.8195,1
N250230,250230,32.2182,-95.2234,1
N250231,250231,32.3183,-95.4819,1
N250232,250232,32.6997,-95.5253,1
N250233,250233,32.6689,-95.4905,1
N250234,250234,32.6689,-95.4905,1
N250235,250235,32.7074,-95.1959,1
N250236,250236,32.5083,-95.6548,1
N250237,250237,32.4965,-95.4347,1
N250238,250238,32.4267,-95.2914,1
N250239,250239,32.2573,-95.3507,1
N250240,250240,32.2834,-95.306,1
N250241,250241,32.2721,-95.3279,1
N250242,250242,32.3644,-95.1398,1
N250243,250243,32.2416,-94.9617,1
N250244,250244,32.1976,-95.498,1
N250245,250245,32.1803,-95.4532,1
N250246,250246,32.1128,-95.4412,1
N250247,250247,32.2368,-95.394,1
N250248,250248,32.1957,-95.343,1
N250249,250249,32.2127,-95.281,1
N250250,250250,32.1412,-95.3252,1
N250251,250251,32.0887,-95.2897,1
N250252,250252,32.2362,-95.1929,1
N250253,250253,32.3432,-94.6206,1
N250254,250254,32.1538,-94.7633,1
N250255,250255,32.3659,-95.696,1
N250256,250256,32.2152,-95.7667,1
N250257,250257,31.977,-95.2784,1
N250258,250258,31.977,-95.2784,1
N250259,250259,32.3286,-95.3865,1
N250260,250260,32.3138,-95.3247,1
N250261,250261,32.5075,-95.4081,1
N250262,250262,33.1026,-95.5617,1
N250263,250263,33.6726,-95.4957,1
N250264,250264,33.6086,-95.0548,1
N250265,250265,33.1856,-94.9814,1
N250266,250266,33.1043,-95.0122,1
N250267,250267,32.9779,-95.2766,1
N250268,250268,33.6362,-95.5045,1
N250269,250269,33.6619,-95.3335,1
N250270,250270,33.488,-95.2452,1
N250271,250271,33.3608,-95.1036,1
N250272,250272,33.1802,-95.226,1
N250273,250273,33.0541,-94.8465,1
N250275,250275,33.1564,-94.9695,1
N250277,250277,33.1315,-95.6004,1
N250278,250278,31.7362,-96.2077,1
N250279,250279,31.1922,-94.7781,1
N250280,250280,31.2742,-94.7254,1
N250281,250281,31.2861,-94.6728,1
N250282,250282,31.2757,-94.5717,1
N250283,250283,31.1622,-94.4115,1
N250284,250284,33.1207,-95.646,1
N250285,250285,32.8233,-95.6019,1
N250286,250286,32.8838,-95.7286,1
N250287,250287,32.9227,-95.6608,1
N250288,250288,31.6591,-95.5927,1
N250289,250289,31.7229,-96.1577,1
N250291,250291,31.7498,-95.6596,1
N250292,250292,31.7453,-95.6174,1
N250294,250294,31.3156,-95.455,1
N250295,250295,31.7322,-95.6877,1
N250296,250296,31.4943,-95.4789,1
N250297,250297,31.9453,-96.1625,1
N250298,250298,31.7849,-95.632,1
N250299,250299,31.5832,-95.8525,1
N250300,250300,31.4134,-95.5959,1
N250301,250301,31.6085,-94.6692,1
N250303,250303,31.6045,-94.6571,1
N250304,250304,31.6045,-94.6571,1
N250305,250305,31.6045,-94.6571,1
N250306,250306,31.6519,-95.0744,1
N250307,250307,31.6615,-94.6191,1
N250308,250308,31.6602,-94.6495,1
N250309,250309,31.968,-94.9819,1
N250310,250310,31.7975,-95.1505,1
N250311,250311,31.918,-94.684,1
N250312,250312,31.8253,-94.4915,1
N250313,250313,32.2165,-94.6076,1
N250314,250314,31.5717,-94.6464,1
N250315,250315,32.2568,-96.0281,1
N250316,250316,32.3458,-96.1077,1
N250317,250317,32.2056,-95.8258,1
N250318,250318,32.1462,-96.0731,1
N250319,250319,32.7065,-95.9864,1
N250320,250320,32.198,-95.856,1
N250321,250321,32.6911,-95.8801,1
N250322,250322,32.6778,-95.7147,1
N250323,250323,32.544,-95.8687,1
N250324,250324,32.2734,-96.0989,1
N250325,250325,32.1338,-96.1812,1
N250326,250326,32.1722,-95.9891,1
N250327,250327,32.458,-95.7229,1
N250328,250328,32.1881,-95.8547,1
N250329,250329,32.1881,-95.8547,1
N250330,250330,32.2159,-96.0636,1
N250331,250331,31.3492,-94.6904,1
N250332,250332,31.3168,-94.7938,1
N250333,250333,31.3174,-94.7611,1
N250334,250334,31.3543,-94.7575,1
N250335,250335,31.312,-94.7076,1
N250336,250336,31.3584,-95.1865,1
N250337,250337,31.369,-94.7244,1
N250338,250338,31.4899,-94.9446,1
N250339,250339,31.3716,-94.7939,1
N250340,250340,31.3948,-94.7346,1
N250341,250341,31.3281,-94.7246,1
N250343,250343,31.337,-94.7426,1
N250344,250344,31.3082,-94.7186,1
N250345,250345,31.9399,-94.9898,1
N250346,250346,31.9399,-94.9898,1
N250347,250347,31.9399,-94.9898,1
N250348,250348,31.9399,-94.9898,1
N250349,250349,31.9399,-94.9898,1
N250350,250350,31.9399,-94.9898,1
N250351,250351,31.9399,-94.9898,1
N250352,250352,32.1246,-96.1013,1
N250353,250353,32.1246,-96.1013,1
N250354,250354,32.1246,-96.1013,1
N250355,250355,32.1246,-96.1013,1
N250356,250356,32.1246,-96.1013,1
N250357,250357,32.2606,-94.5706,1
N250358,250358,32.2606,-94.5706,1
N250359,250359,32.2606,-94.5706,1
N250360,250360,32.2606,-94.5706,1
N250361,250361,32.0178,-94.6197,1
N250362,250362,32.0178,-94.6197,1
N250363,250363,32.0178,-94.6197,1
N250364,250364,32.0178,-94.6197,1
N250365,250365,32.0178,-94.6197,1
N250366,250366,31.8908,-96.1131,1
N250367,250367,31.8908,-96.1131,1
N250368,250368,31.8908,-96.1131,1
N250369,250369,31.8908,-96.1131,1
N250370,250370,31.8908,-96.1131,1
N250371,250371,31.8908,-96.1131,1
N250372,250372,31.8908,-96.1131,1
N250373,250373,31.8321,-94.9006,1
N250374,250374,31.8321,-94.9006,1
N250375,250375,33.633,-95.3907,1
N250376,250376,33.633,-95.3907,1
N260001,260001,31.9929,-97.1623,1
N260002,260002,32.0045,-97.2836,1
N260003,260003,32.0492,-97.0323,1
N260004,260004,32.1951,-97.1181,1
N260005,260005,31.8459,-97.0198,1
N260006,260006,32.1262,-97.2241,1
N260007,260007,31.9626,-97.0009,1
N260008,260008,31.8862,-96.8931,1
N260009,260009,31.8095,-96.8082,1
N260010,260010,32.0531,-96.8975,1
N260011,260011,31.7707,-96.9616,1
N260012,260012,32.0999,-97.0743,1
N260013,260013,32.3458,-97.0092,1
N260014,260014,32.5224,-97.033,1
N260015,260015,32.4474,-96.892,1
N260016,260016,32.2777,-96.8976,1
N260017,260017,32.0649,-96.8759,1
N260018,260018,31.9782,-96.7696,1
N260019,260019,32.1715,-97.0083,1
N260020,260020,31.7213,-96.876,1
N260021,260021,31.77,-96.9944,1
N260022,260022,32.6594,-97.2118,1
N260023,260023,32.6594,-97.2118,1
N260024,260024,32.6949,-97.1904,1
N260025,260025,32.6949,-97.1904,1
N260026,260026,32.6674,-97.1888,1
N260027,260027,32.7459,-97.203,1
N260028,260028,32.7083,-97.1816,1
N260029,260029,32.6611,-97.0352,1
N260030,260030,32.6885,-97.0125,1
N260031,260031,32.7585,-97.0285,1
N260032,260032,32.6963,-97.0386,1
N260033,260033,32.707,-96.9902,1
N260034,260034,32.707,-96.9902,1
N260035,260035,32.7357,-96.9859,1
N260036,260036,32.7357,-96.9859,1
N260037,260037,32.7451,-97.0012,1
N260038,260038,32.7474,-97.0354,1
N260039,260039,32.7474,-97.0354,1
N260040,260040,32.7474,-97.0354,1
N260041,260041,32.7474,-97.0354,1
N260042,260042,32.705,-97.0629,1
N260043,260043,32.705,-97.0629,1
N260044,260044,32.6565,-97.0267,1
N260045,260045,32.6565,-97.0267,1
N260046,260046,32.7191,-97.0179,1
N260047,260047,32.8514,-96.9792,1
N260048,260048,32.8514,-96.9792,1
N260049,260049,32.8021,-96.976,1
N260050,260050,32.8021,-96.976,1
N260051,260051,32.8264,-96.9696,1
N260052,260052,32.8265,-97.0309,1
N260053,260053,32.7877,-97.037,1
N260054,260054,32.7621,-96.9647,1
N260055,260055,32.8208,-97.0039,1
N260056,260056,32.8545,-97.0029,1
N260057,260057,32.8335,-96.9673,1
N260058,260058,32.8099,-97.0413,1
N260059,260059,32.8073,-97.0558,1
N260060,260060,32.7753,-97.0168,1
N260061,260061,32.6436,-97.152,1
N260062,260062,32.6519,-97.0772,1
N260063,260063,32.6519,-97.0772,1
N260064,260064,32.5613,-97.1327,1
N260065,260065,32.5613,-97.1327,1
N260066,260066,32.6587,-97.117,1
N260067,260067,32.6631,-97.156,1
N260068,260068,32.6228,-97.121,1
N260069,260069,32.5847,-97.1619,1
N260070,260070,32.5492,-97.09,1
N260071,260071,32.5819,-97.0962,1
N260072,260072,32.6144,-97.1872,1
N260073,260073,32.6412,-97.1192,1
N260074,260074,32.6412,-97.1192,1
N260075,260075,32.6361,-97.0727,1
N260076,260076,32.6008,-97.1196,1
N260077,260077,32.6008,-97.1196,1
N260078,260078,32.5874,-97.1419,1
N260079,260079,32.6078,-97.0962,1
N260080,260080,32.5527,-97.1428,1
N260081,260081,32.6637,-97.1342,1
N260082,260082,32.6463,-97.1767,1
N260083,260083,32.6182,-97.1554,1
N260084,260084,32.5856,-97.051,1
N260085,260085,32.5856,-97.051,1
N260086,260086,32.824,-97.1955,1
N260087,260087,32.7973,-97.1938,1
N260088,260088,32.4073,-97.2329,1
N260089,260089,32.4073,-97.2329,1
N260090,260090,32.2899,-97.2141,1
N260091,260091,32.2899,-97.2141,1
N260092,260092,32.4189,-97.1356,1
N260093,260093,32.4189,-97.1356,1
N260094,260094,32.3409,-97.1473,1
N260095,260095,32.3519,-97.2143,1
N260096,260096,32.2709,-97.241,1
N260097,260097,32.2888,-97.1314,1
N260098,260098,32.4311,-97.2383,1
N260099,260099,32.9226,-97.0122,1
N260100,260100,32.9509,-97.0072,1
N260101,260101,32.952,-97.059,1
N260102,260102,32.9141,-97.0341,1
N260103,260103,32.9351,-97.0165,1
N260104,260104,32.9351,-97.0165,1
N260105,260105,32.977,-97.019,1
N260106,260106,32.977,-97.019,1
N260107,260107,32.977,-97.019,1
N260108,260108,33.014,-97.0376,1
N260109,260109,33.014,-97.0376,1
N260110,260110,33.014,-97.0376,1
N260111,260111,33.014,-97.0376,1
N260112,260112,33.0551,-97.1066,1
N260113,260113,33.0651,-97.0583,1
N260114,260114,33.0651,-97.0583,1
N260115,260115,33.036,-97.0404,1
N260116,260116,33.0383,-97.1094,1
N260117,260117,33.0383,-97.1094,1
N260118,260118,33.0171,-97.0749,1
N260119,260119,32.5822,-96.9346,1
N260120,260120,32.5822,-96.9346,1
N260121,260121,32.5822,-96.9346,1
N260122,260122,32.626,-96.9436,1
N260123,260123,32.626,-96.9436,1
N260124,260124,32.6359,-96.9516,1
N260125,260125,32.5747,-96.9892,1
N260126,260126,32.5707,-96.9153,1
N260127,260127,32.6065,-96.9335,1
N260128,260128,32.5678,-97.1925,1
N260129,260129,32.5678,-97.1925,1
N260130,260130,32.5593,-97.2109,1
N260131,260131,32.5243,-97.2086,1
N260132,260132,32.469,-97.2058,1
N260133,260133,32.4892,-97.1649,1
N260134,260134,32.4892,-97.1649,1
N260135,260135,32.4831,-97.1214,1
N260136,260136,32.5467,-97.1497,1
N260137,260137,32.827,-97.1345,1
N260138,260138,32.827,-97.1345,1
N260139,260139,32.827,-97.1345,1
N260140,260140,32.8179,-97.1418,1
N260141,260141,32.8197,-97.1766,1
N260142,260142,32.8197,-97.1766,1
N260143,260143,32.8574,-97.1319,1
N260144,260144,32.8574,-97.1319,1
N260145,260145,32.8648,-97.1724,1
N260146,260146,32.8648,-97.1724,1
N260147,260147,32.8802,-97.088,1
N260148,260148,32.8877,-97.1279,1
N260149,260149,32.8445,-97.1329,1
N260150,260150,32.8284,-97.0802,1
N260151,260151,32.8523,-97.0876,1
N260152,260152,32.8523,-97.0876,1
N260153,260153,32.8712,-97.1672,1
N260154,260154,32.9531,-97.0998,1
N260155,260155,32.9305,-97.1235,1
N260156,260156,32.9305,-97.1235,1
N260157,260157,32.9656,-97.1047,1
N260158,260158,32.9407,-97.0784,1
N260159,260159,32.9407,-97.0784,1
N260160,260160,32.939,-97.149,1
N260161,260161,32.9253,-97.1627,1
N260162,260162,32.9094,-97.125,1
N260163,260163,32.9785,-97.1454,1
N260164,260164,33.0996,-97.0945,1
N260165,260165,33.1495,-97.1226,1
N260166,260166,33.1109,-97.1502,1
N260167,260167,32.7141,-97.1552,1
N260168,260168,32.7001,-97.0911,1
N260169,260169,32.6923,-97.137,1
N260170,260170,32.6923,-97.137,1
N260171,260171,32.7779,-97.0764,1
N260172,260172,32.744,-97.1139,1
N260173,260173,32.7712,-97.0749,1
N260174,260174,32.7712,-97.0749,1
N260175,260175,32.7217,-97.0866,1
N260176,260176,32.7217,-97.0866,1
N260177,260177,32.7376,-97.1443,1
N260178,260178,32.7054,-97.1168,1
N260179,260179,32.7726,-97.1195,1
N260180,260180,32.7596,-97.1683,1
N260181,260181,32.7382,-97.1106,1
N260182,260182,32.7382,-97.1106,1
N260183,260183,32.7544,-97.0588,1
N260184,260184,33.1908,-97.1486,1
N260185,260185,32.0095,-97.1146,1
N260186,260186,32.0095,-97.1146,1
N260187,260187,32.1581,-97.147,1
N260188,260188,31.8482,-96.7981,1
N260189,260189,32.5357,-96.9838,1
N260190,260190,32.5179,-96.9236,1
N260191,260191,32.4876,-96.9494,1
N260192,260192,32.3652,-96.8807,1
N260193,260193,32.4758,-97.0464,1
N260194,260194,32.4834,-96.9962,1
N260195,260195,32.4139,-97.0141,1
N260196,260196,32.4514,-96.9344,1
N260197,260197,32.44,-96.9757,1
N260198,260198,32.3306,-96.9902,1
N260199,260199,32.1458,-96.8505,1
N260200,260200,32.4548,-97.0348,1
N260201,260201,32.7751,-97.1421,1
N260202,260202,32.7751,-97.1421,1
N260203,260203,32.7751,-97.1421,1
N260204,260204,32.7751,-97.1421,1
N260205,260205,32.7751,-97.1421,1
N260206,260206,32.4302,-97.0537,1
N260207,260207,32.4302,-97.0537,1
N260208,260208,32.4302,-97.0537,1
N260209,260209,32.4302,-97.0537,1
N260210,260210,32.4302,-97.0537,1
N260211,260211,32.4302,-97.0537,1
N260212,260212,32.4302,-97.0537,1
N260213,260213,32.4302,-97.0537,1
N260214,260214,32.9192,-96.9894,1
N260215,260215,32.9192,-96.9894,1
N260216,260216,32.9192,-96.9894,1
N260217,260217,32.9192,-96.9894,1
N260218,260218,32.9192,-96.9894,1
N260219,260219,32.9192,-96.9894,1
N260220,260220,32.82,-97.05,1
N260221,260221,32.82,-97.05,1
N270001,270001,30.237,-98.6174,1
N270002,270002,30.237,-98.6174,1
N270003,270003,30.1787,-98.3269,1
N270004,270004,30.2517,-98.3821,1
N270005,270005,30.0745,-98.4333,1
N270006,270006,30.1345,-98.2813,1
N270007,270007,30.3018,-98.7064,1
N270008,270008,30.3202,-98.524,1
N270009,270009,30.2132,-98.5163,1
N270010,270010,30.0323,-98.3716,1
N270011,270011,30.1064,-98.5601,1
N270012,270012,30.4666,-98.8174,1
N270013,270013,29.6597,-97.3002,1
N270014,270014,29.5332,-97.3841,1
N270015,270015,29.3147,-97.1424,1
N270016,270016,29.4033,-96.9395,1
N270017,270017,29.6919,-97.2883,1
N270018,270018,29.6491,-97.1333,1
N270019,270019,29.676,-97.1043,1
N270020,270020,29.54,-97.545,1
N270021,270021,29.4116,-97.5106,1
N270022,270022,29.3921,-97.3977,1
N270023,270023,29.2539,-97.4526,1
N270024,270024,29.5777,-97.4615,1
N270025,270025,29.5551,-97.1878,1
N270026,270026,29.4106,-97.2438,1
N270028,270028,29.4251,-97.2022,1
N270029,270029,29.4544,-97.0554,1
N270030,270030,29.3643,-97.1033,1
N270031,270031,29.2982,-97.1852,1
N270032,270032,29.2121,-97.287,1
N270033,270033,29.262,-96.9557,1
N270034,270034,29.1349,-97.0828,1
N270035,270035,29.2284,-97.0749,1
N270036,270036,29.6572,-97.3997,1
N270037,270037,29.7518,-97.1878,1
N270038,270038,29.6535,-96.9757,1
N270039,270039,29.5665,-97.0012,1
N270040,270040,29.68,-97.0129,1
N270041,270041,29.562,-96.8799,1
N270042,270042,29.4826,-96.9911,1
N270043,270043,29.4865,-96.8926,1
N270044,270044,29.3576,-96.8576,1
N270045,270045,29.3947,-96.7653,1
N270046,270046,29.2942,-96.7628,1
N270047,270047,29.1867,-96.7912,1
N270048,270048,29.3499,-97.4917,1
N270049,270049,29.1321,-97.2621,1
N270050,270050,29.4454,-97.577,1
N270051,270051,29.2306,-96.9063,1
N270052,270052,29.0706,-97.0427,1
N270053,270053,29.9447,-97.7563,1
N270054,270054,29.9641,-97.6268,1
N270055,270055,29.8348,-97.7972,1
N270056,270056,29.8855,-97.6099,1
N270057,270057,29.8594,-97.5637,1
N270058,270058,29.701,-97.5592,1
N270059,270059,29.7823,-97.4032,1
N270060,270060,29.764,-97.3296,1
N270061,270061,29.6864,-97.4764,1
N270062,270062,29.5978,-97.6465,1
N270063,270063,29.8508,-97.5964,1
N270064,270064,29.9478,-97.5836,1
N270065,270065,29.7408,-97.6884,1
N270066,270066,29.3934,-97.6773,1
N270067,270067,29.2986,-97.8499,1
N270068,270068,29.1081,-97.7764,1
N270069,270069,29.3029,-97.6845,1
N270070,270070,29.2055,-97.6231,1
N270071,270071,29.3758,-97.6181,1
N270072,270072,29.4531,-97.7069,1
N270073,270073,30.2738,-98.4097,1
N270074,270074,30.0995,-98.4227,1
N270075,270075,29.0772,-97.3223,1
N270076,270076,29.0457,-97.5402,1
N270077,270077,29.1352,-97.4828,1
N270078,270078,29.0183,-97.6863,1
N270079,270079,28.9119,-97.6124,1
N270080,270080,29.0047,-97.2533,1
N270081,270081,28.9301,-97.5157,1
N270082,270082,29.0179,-97.3794,1
N270083,270083,28.965,-97.1587,1
N270084,270084,29.0612,-96.7062,1
N270085,270085,28.9699,-97.091,1
N270086,270086,29.0829,-96.9027,1
N270087,270087,29.0144,-96.9749,1
N270088,270088,29.0935,-97.2892,1
N270089,270089,28.9832,-97.5033,1
N270090,270090,29.2901,-97.1473,1
N270091,270091,29.4305,-97.1725,1
N270092,270092,29.8793,-97.6778,1
N270094,270094,29.5111,-97.4487,1
N270095,270095,29.2701,-97.7629,1
N270096,270096,29.6797,-97.6497,1
N270097,270097,29.5725,-97.1469,1
N270098,270098,29.4448,-96.942,1
N270099,270099,30.0116,-97.8204,1
N270100,270100,30.0116,-97.8204,1
N270101,270101,30.0043,-97.8819,1
N270102,270102,30.0043,-97.8819,1
N270103,270103,29.9722,-97.8585,1
N270104,270104,30.0862,-97.9156,1
N270105,270105,30.0258,-97.7579,1
N270106,270106,29.6094,-97.9526,1
N270107,270107,29.6234,-98.0165,1
N270108,270108,29.4989,-98.0466,1
N270109,270109,29.5144,-97.9694,1
N270110,270110,29.5612,-97.8869,1
N270111,270111,29.4899,-97.8712,1
N270112,270112,29.4429,-97.8835,1
N270113,270113,29.4099,-97.9874,1
N270114,270114,29.4099,-97.9874,1
N270115,270115,29.5426,-97.7977,1
N270116,270116,29.6443,-97.821,1
N270117,270117,29.656,-97.7307,1
N270118,270118,29.6706,-97.8894,1
N270119,270119,29.5788,-97.7293,1
N270120,270120,29.4359,-98.0391,1
N270121,270121,29.5746,-97.9617,1
N270122,270122,29.5746,-97.9617,1
N270123,270123,29.5532,-98.0348,1
N270124,270124,29.5624,-97.9484,1
N270125,270125,29.8515,-98.2322,1
N270126,270126,29.9843,-98.2678,1
N270127,270127,29.935,-98.3426,1
N270128,270128,29.921,-98.3557,1
N270129,270129,29.9009,-98.2081,1
N270130,270130,29.926,-98.2478,1
N270131,270131,29.7967,-98.2591,1
N270132,270132,29.9219,-98.1652,1
N270133,270133,29.874,-98.2867,1
N270134,270134,29.874,-98.2867,1
N270135,270135,29.8524,-98.14,1
N270136,270136,30.1664,-98.1753,1
N270137,270137,30.2131,-98.1775,1
N270138,270138,30.147,-98.1011,1
N270139,270139,30.1278,-98.0317,1
N270140,270140,29.9951,-98.0907,1
N270141,270141,29.9951,-98.0907,1
N270142,270142,30.0761,-98.1996,1
N270143,270143,30.0359,-98.1164,1
N270144,270144,29.999,-98.1944,1
N270145,270145,29.9931,-98.1367,1
N270146,270146,30.0072,-98.0197,1
N270147,270147,29.9331,-98.0892,1
N270148,270148,30.0702,-98.0308,1
N270149,270149,30.0702,-98.0308,1
N270150,270150,30.0742,-98.0917,1
N270151,270151,29.8085,-97.9443,1
N270152,270152,29.8085,-97.9443,1
N270153,270153,29.8806,-97.9498,1
N270154,270154,29.8806,-97.9498,1
N270155,270155,29.8806,-97.9498,1
N270156,270156,29.8929,-97.9107,1
N270157,270157,29.8929,-97.9107,1
N270158,270158,29.8691,-97.9689,1
N270159,270159,29.8498,-98.0096,1
N270160,270160,29.8498,-98.0096,1
N270161,270161,29.9356,-97.9625,1
N270162,270162,29.7696,-97.901,1
N270163,270163,29.8366,-97.8714,1
N270164,270164,29.7378,-97.7991,1
N270165,270165,29.6623,-98.1524,1
N270166,270166,29.6943,-98.1331,1
N270167,270167,29.6943,-98.1331,1
N270168,270168,29.7542,-98.0866,1
N270169,270169,29.7542,-98.0866,1
N270170,270170,29.7099,-98.137,1
N270171,270171,29.7341,-98.1911,1
N270172,270172,29.6607,-98.0692,1
N270173,270173,29.6694,-98.1055,1
N270174,270174,29.7991,-98.0955,1
N270175,270175,29.752,-98.1599,1
N270176,270176,29.7214,-98.2479,1
N270177,270177,29.7038,-97.991,1
N270178,270178,29.7895,-98.0684,1
N270179,270179,29.7205,-98.0974,1
N270180,270180,29.7205,-98.0974,1
N270181,270181,29.7205,-98.0974,1
N270182,270182,29.6282,-98.0913,1
N270183,270183,29.6096,-98.1856,1
N270184,270184,29.5639,-98.1365,1
N270185,270185,29.8706,-98.1947,1
N270186,270186,29.8706,-98.1947,1
N270187,270187,29.594,-98.0407,1
N270188,270188,29.594,-98.0407,1
N270189,270189,29.594,-98.0407,1
N270190,270190,29.594,-98.0407,1
N270191,270191,29.6402,-98.0459,1
N270192,270192,29.6402,-98.0459,1
N270193,270193,29.4953,-97.6249,1
N270194,270194,29.4953,-97.6249,1
N270195,270195,29.4682,-97.4919,1
N270196,270196,29.4682,-97.4919,1
N270197,270197,29.5376,-97.9321,1
N270198,270198,29.5376,-97.9321,1
N270199,270199,29.5376,-97.9321,1
N270200,270200,29.5376,-97.9321,1
N270201,270201,29.5482,-97.9996,1
N270202,270202,29.5482,-97.9996,1
N270203,270203,29.4973,-97.4552,1
N270204,270204,29.4973,-97.4552,1
N270205,270205,29.4973,-97.4552,1
N270206,270206,29.5931,-97.9732,1
N270207,270207,29.5931,-97.9732,1
N270208,270208,29.5931,-97.9732,1
N270209,270209,29.5931,-97.9732,1
N270210,270210,29.5931,-97.9732,1
N270211,270211,29.7807,-97.9894,1
N270212,270212,29.7807,-97.9894,1
N270213,270213,29.7807,-97.9894,1
N270214,270214,29.7807,-97.9894,1
N270215,270215,29.7807,-97.9894,1
N270216,270216,29.6244,-98.1419,1
N270217,270217,29.6244,-98.1419,1
N270218,270218,29.6244,-98.1419,1
N270219,270219,29.6244,-98.1419,1
N270220,270220,29.6244,-98.1419,1
N270221,270221,29.6244,-98.1419,1
N270222,270222,29.6244,-98.1419,1
N270223,270223,29.7373,-98.0228,1
N270224,270224,29.7373,-98.0228,1
N270225,270225,32.7232,-96.9358,1
