Enode,Name,Busbar,Substation,Area,ReportNode
N110001,EDNA 1 1,,EDNA 1,,1
N110002,EDNA 1 2,,EDNA 1,,1
N110003,EDNA 1 3,,EDNA 1,,1
N110004,EDNA 1 4,,EDNA 1,,1
N110005,LANE CITY 1 1,,LANE CITY 1,,1
N110006,LANE CITY 1 2,,LANE CITY 1,,1
N110007,LANE CITY 1 3,,LANE CITY 1,,1
N110008,LANE CITY 1 4,,LANE CITY 1,,1
N110009,MATAGORDA 1 1,,MATAGORDA 1,,1
N110010,MATAGORDA 1 2,,MATAGORDA 1,,1
N110011,MATAGORDA 1 3,,MATAGORDA 1,,1
N110012,MATAGORDA 1 4,,MATAGORDA 1,,1
N110013,HUNGERFORD 1 1,,HUNGERFORD 1,,1
N110014,HUNGERFORD 1 2,,HUNGERFORD 1,,1
N110015,HUNGERFORD 1 3,,HUNGERFORD 1,,1
N110016,HUNGERFORD 1 4,,HUNGERFORD 1,,1
N110017,EAST BERNARD 1 1,,EAST BERNARD 1,,1
N110018,EAST BERNARD 1 2,,EAST BERNARD 1,,1
N110019,EAST BERNARD 1 3,,EAST BERNARD 1,,1
N110020,EAST BERNARD 1 4,,EAST BERNARD 1,,1
N110021,EL CAMPO 1 1,,EL CAMPO 1,,1
N110022,EL CAMPO 1 2,,EL CAMPO 1,,1
N110023,EL CAMPO 1 3,,EL CAMPO 1,,1
N110024,EL CAMPO 1 4,,EL CAMPO 1,,1
N110025,EL CAMPO 2 1,,EL CAMPO 2,,1
N110026,EL CAMPO 2 2,,EL CAMPO 2,,1
N110027,EL CAMPO 2 3,,EL CAMPO 2,,1
N110028,EL CAMPO 2 4,,EL CAMPO 2,,1
N110029,WHARTON 1 1,,WHARTON 1,,1
N110030,WHARTON 1 2,,WHARTON 1,,1
N110031,WHARTON 1 3,,WHARTON 1,,1
N110032,WHARTON 1 4,,WHARTON 1,,1
N110033,CEDAR LANE 1 1,,CEDAR LANE 1,,1
N110034,CEDAR LANE 1 2,,CEDAR LANE 1,,1
N110035,CEDAR LANE 1 3,,CEDAR LANE 1,,1
N110036,CEDAR LANE 1 4,,CEDAR LANE 1,,1
N110037,NADA 1 1,,NADA 1,,1
N110038,NADA 1 2,,NADA 1,,1
N110039,NADA 1 3,,NADA 1,,1
N110040,NADA 1 4,,NADA 1,,1
N110041,EGYPT 1 1,,EGYPT 1,,1
N110042,EGYPT 1 2,,EGYPT 1,,1
N110043,EGYPT 1 3,,EGYPT 1,,1
N110044,EGYPT 1 4,,EGYPT 1,,1
N110045,LOUISE 1 1,,LOUISE 1,,1
N110046,LOUISE 1 2,,LOUISE 1,,1
N110047,LOUISE 1 3,,LOUISE 1,,1
N110048,LOUISE 1 4,,LOUISE 1,,1
N110049,GANADO 1 1,,GANADO 1,,1
N110050,GANADO 1 2,,GANADO 1,,1
N110051,GANADO 1 3,,GANADO 1,,1
N110052,GANADO 1 4,,GANADO 1,,1
N110053,LOUISE 2 1,,LOUISE 2,,1
N110054,LOUISE 2 2,,LOUISE 2,,1
N110055,LOUISE 2 3,,LOUISE 2,,1
N110056,LOUISE 2 4,,LOUISE 2,,1
N110057,LOUISE 3 1,,LOUISE 3,,1
N110058,LOUISE 3 2,,LOUISE 3,,1
N110059,LOUISE 3 3,,LOUISE 3,,1
N110060,LOUISE 3 4,,LOUISE 3,,1
N110061,NADA 2 1,,NADA 2,,1
N110062,NADA 2 2,,NADA 2,,1
N110063,NADA 2 3,,NADA 2,,1
N110064,NADA 2 4,,NADA 2,,1
N110065,KENDLETON 1 1,,KENDLETON 1,,1
N110066,KENDLETON 1 2,,KENDLETON 1,,1
N110067,KENDLETON 1 3,,KENDLETON 1,,1
N110068,KENDLETON 1 4,,KENDLETON 1,,1
N110069,PLEDGER 1 1,,PLEDGER 1,,1
N110070,PLEDGER 1 2,,PLEDGER 1,,1
N110071,PLEDGER 1 3,,PLEDGER 1,,1
N110072,PLEDGER 1 4,,PLEDGER 1,,1
N110073,DANEVANG 1 1,,DANEVANG 1,,1
N110074,DANEVANG 1 2,,DANEVANG 1,,1
N110075,DANEVANG 1 3,,DANEVANG 1,,1
N110076,DANEVANG 1 4,,DANEVANG 1,,1
N110077,DANEVANG 2 1,,DANEVANG 2,,1
N110078,DANEVANG 2 2,,DANEVANG 2,,1
N110079,DANEVANG 2 3,,DANEVANG 2,,1
N110080,DANEVANG 2 4,,DANEVANG 2,,1
N110081,ELMATON 1 1,,ELMATON 1,,1
N110082,ELMATON 1 2,,ELMATON 1,,1
N110083,ELMATON 1 3,,ELMATON 1,,1
N110084,ELMATON 1 4,,ELMATON 1,,1
N110085,BAY CITY 1 1,,BAY CITY 1,,1
N110086,BAY CITY 1 2,,BAY CITY 1,,1
N110087,BAY CITY 1 3,,BAY CITY 1,,1
N110088,BAY CITY 1 4,,BAY CITY 1,,1
N110089,PALACIOS 1 1,,PALACIOS 1,,1
N110090,PALACIOS 1 2,,PALACIOS 1,,1
N110091,PALACIOS 1 3,,PALACIOS 1,,1
N110092,PALACIOS 1 4,,PALACIOS 1,,1
N110093,MIDFIELD 1 1,,MIDFIELD 1,,1
N110094,MIDFIELD 1 2,,MIDFIELD 1,,1
N110095,MIDFIELD 1 3,,MIDFIELD 1,,1
N110096,MIDFIELD 1 4,,MIDFIELD 1,,1
N110097,ELMATON 2 1,,ELMATON 2,,1
N110098,ELMATON 2 2,,ELMATON 2,,1
N110099,ELMATON 2 3,,ELMATON 2,,1
N110100,ELMATON 2 4,,ELMATON 2,,1
N110101,PALACIOS 2 1,,PALACIOS 2,,1
N110102,PALACIOS 2 2,,PALACIOS 2,,1
N110103,PALACIOS 2 3,,PALACIOS 2,,1
N110104,PALACIOS 2 4,,PALACIOS 2,,1
N110105,MATAGORDA 2 1,,MATAGORDA 2,,1
N110106,MATAGORDA 2 2,,MATAGORDA 2,,1
N110107,MATAGORDA 2 3,,MATAGORDA 2,,1
N110108,MATAGORDA 2 4,,MATAGORDA 2,,1
N110109,SWEENY 1 1,,SWEENY 1,,1
N110110,SWEENY 1 2,,SWEENY 1,,1
N110111,SWEENY 1 3,,SWEENY 1,,1
N110112,SWEENY 1 4,,SWEENY 1,,1
N110113,EDNA 2 1,,EDNA 2,,1
N110114,EDNA 2 2,,EDNA 2,,1
N110115,EDNA 2 3,,EDNA 2,,1
N110116,EDNA 2 4,,EDNA 2,,1
N110117,MARKHAM 1 1,,MARKHAM 1,,1
N110118,ALTAIR 1 1,,ALTAIR 1,,1
N110119,CEDAR LANE 2 1,,CEDAR LANE 2,,1
N110120,BAY CITY 2 1,,BAY CITY 2,,1
N110121,WADSWORTH 1 1,,WADSWORTH 1,,1
N110122,LA WARD 1 1,,LA WARD 1,,1
N110123,HUNGERFORD 2 1,,HUNGERFORD 2,,1
N110124,GARWOOD 1 1,,GARWOOD 1,,1
N110125,LANE CITY 2 1,,LANE CITY 2,,1
N110126,BAY CITY 3 1,,BAY CITY 3,,1
N110127,BAY CITY 3 2,,BAY CITY 3,,1
N110128,EL CAMPO 3 1,,EL CAMPO 3,,1
N110129,BROOKSHIRE 1 1,,BROOKSHIRE 1,,1
N110130,EAGLE LAKE 1 1,,EAGLE LAKE 1,,1
N110131,SEALY 1 1,,SEALY 1,,1
N110132,WHARTON 2 1,,WHARTON 2,,1
N110133,GANADO 2 1,,GANADO 2,,1
N110134,EL CAMPO 4 1,,EL CAMPO 4,,1
N110135,MARKHAM 2 1,,MARKHAM 2,,1
N110136,PALACIOS 3 1,,PALACIOS 3,,1
N110137,PATTISON 1 1,,PATTISON 1,,1
N110138,BAY CITY 4 1,,BAY CITY 4,,1
N110139,EDNA 3 1,,EDNA 3,,1
N110140,BROOKSHIRE 2 1,,BROOKSHIRE 2,,1
N110141,SAN FELIPE 1 1,,SAN FELIPE 1,,1
N110142,BROOKSHIRE 3 1,,BROOKSHIRE 3,,1
N110143,SEALY 2 1,,SEALY 2,,1
N110144,SAN FELIPE 2 1,,SAN FELIPE 2,,1
N110145,PRAIRIE VIEW 1 1,,PRAIRIE VIEW 1,,1
N110146,LISSIE 1 1,,LISSIE 1,,1
N110147,BROOKSHIRE 4 1,,BROOKSHIRE 4,,1
N110148,BROOKSHIRE 5 1,,BROOKSHIRE 5,,1
N110149,BROOKSHIRE 6 1,,BROOKSHIRE 6,,1
N110150,HOCKLEY 1 1,,HOCKLEY 1,,1
N110151,EAGLE LAKE 2 1,,EAGLE LAKE 2,,1
N110152,BROOKSHIRE 7 1,,BROOKSHIRE 7,,1
N110153,HOCKLEY 2 1,,HOCKLEY 2,,1
N110154,WALLER 1 1,,WALLER 1,,1
N110155,WALLER 2 1,,WALLER 2,,1
N110156,PATTISON 2 1,,PATTISON 2,,1
N110157,WALLIS 1 1,,WALLIS 1,,1
N110158,KATY 1 1,,KATY 1,,1
N110159,SEALY 3 1,,SEALY 3,,1
N110160,SEALY 4 1,,SEALY 4,,1
N110161,SEALY 4 2,,SEALY 4,,1
N110162,GALENA PARK 1 1,,GALENA PARK 1,,1
N110163,GALENA PARK 1 2,,GALENA PARK 1,,1
N110164,HUMBLE 1 1,,HUMBLE 1,,1
N110165,HUMBLE 2 1,,HUMBLE 2,,1
N110166,HUMBLE 2 2,,HUMBLE 2,,1
N110167,HUMBLE 3 1,,HUMBLE 3,,1
N110168,HOUSTON 1 1,,HOUSTON 1,,1
N110169,HUMBLE 4 1,,HUMBLE 4,,1
N110170,HUMBLE 4 2,,HUMBLE 4,,1
N110171,HUMBLE 5 1,,HUMBLE 5,,1
N110172,HUMBLE 6 1,,HUMBLE 6,,1
N110173,HUMBLE 6 2,,HUMBLE 6,,1
N110174,HOUSTON 2 1,,HOUSTON 2,,1
N110175,HOUSTON 2 2,,HOUSTON 2,,1
N110176,HUMBLE 7 1,,HUMBLE 7,,1
N110177,HUMBLE 7 2,,HUMBLE 7,,1
N110178,HUMBLE 8 1,,HUMBLE 8,,1
N110179,HOUSTON 3 1,,HOUSTON 3,,1
N110180,KATY 2 1,,KATY 2,,1
N110181,CYPRESS 1 1,,CYPRESS 1,,1
N110182,KATY 3 1,,KATY 3,,1
N110183,KATY 4 1,,KATY 4,,1
N110184,KATY 5 1,,KATY 5,,1
N110185,KATY 6 1,,KATY 6,,1
N110186,KATY 7 1,,KATY 7,,1
N110187,KATY 8 1,,KATY 8,,1
N110188,KATY 9 1,,KATY 9,,1
N110189,KATY 9 2,,KATY 9,,1
N110190,KATY 9 3,,KATY 9,,1
N110191,KATY 9 4,,KATY 9,,1
N110192,CYPRESS 2 1,,CYPRESS 2,,1
N110193,KATY 10 1,,KATY 10,,1
N110194,CYPRESS 3 1,,CYPRESS 3,,1
N110195,KATY 11 1,,KATY 11,,1
N110196,KATY 12 1,,KATY 12,,1
N110197,KATY 13 1,,KATY 13,,1
N110198,CYPRESS 4 1,,CYPRESS 4,,1
N110199,KATY 14 1,,KATY 14,,1
N110200,CYPRESS 5 1,,CYPRESS 5,,1
N110201,KATY 15 1,,KATY 15,,1
N110202,KATY 16 1,,KATY 16,,1
N110203,KATY 17 1,,KATY 17,,1
N110204,CYPRESS 6 1,,CYPRESS 6,,1
N110205,CYPRESS 7 1,,CYPRESS 7,,1
N110206,KATY 18 1,,KATY 18,,1
N110207,CYPRESS 8 1,,CYPRESS 8,,1
N110208,CYPRESS 9 1,,CYPRESS 9,,1
N110209,KATY 19 1,,KATY 19,,1
N110210,KATY 20 1,,KATY 20,,1
N110211,CYPRESS 10 1,,CYPRESS 10,,1
N110212,KATY 21 1,,KATY 21,,1
N110213,KATY 21 2,,KATY 21,,1
N110214,KATY 22 1,,KATY 22,,1
N110215,KATY 23 1,,KATY 23,,1
N110216,CYPRESS 11 1,,CYPRESS 11,,1
N110217,CYPRESS 12 1,,CYPRESS 12,,1
N110218,KATY 24 1,,KATY 24,,1
N110219,KATY 25 1,,KATY 25,,1
N110220,KATY 26 1,,KATY 26,,1
N110221,KATY 27 1,,KATY 27,,1
N110222,CYPRESS 13 1,,CYPRESS 13,,1
N110223,KATY 28 1,,KATY 28,,1
N110224,KATY 29 1,,KATY 29,,1
N110225,KATY 30 1,,KATY 30,,1
N110226,KATY 31 1,,KATY 31,,1
N110227,KATY 32 1,,KATY 32,,1
N110228,KATY 33 1,,KATY 33,,1
N110229,KATY 34 1,,KATY 34,,1
N110230,KATY 35 1,,KATY 35,,1
N110231,CYPRESS 14 1,,CYPRESS 14,,1
N110232,CYPRESS 15 1,,CYPRESS 15,,1
N110233,CYPRESS 16 1,,CYPRESS 16,,1
N110234,CYPRESS 17 1,,CYPRESS 17,,1
N110235,CYPRESS 18 1,,CYPRESS 18,,1
N110236,CYPRESS 19 1,,CYPRESS 19,,1
N110237,CYPRESS 20 1,,CYPRESS 20,,1
N110238,CYPRESS 21 1,,CYPRESS 21,,1
N110239,KATY 36 1,,KATY 36,,1
N110240,KATY 37 1,,KATY 37,,1
N110241,KATY 38 1,,KATY 38,,1
N110242,KATY 39 1,,KATY 39,,1
N110243,KATY 40 1,,KATY 40,,1
N110244,KATY 41 1,,KATY 41,,1
N110245,KATY 42 1,,KATY 42,,1
N110246,KATY 43 1,,KATY 43,,1
N110247,KATY 44 1,,KATY 44,,1
N110248,KATY 45 1,,KATY 45,,1
N110249,KATY 46 1,,KATY 46,,1
N110250,KATY 47 1,,KATY 47,,1
N110251,KATY 48 1,,KATY 48,,1
N110252,KATY 49 1,,KATY 49,,1
N110253,KATY 50 1,,KATY 50,,1
N110254,KATY 51 1,,KATY 51,,1
N110255,KATY 52 1,,KATY 52,,1
N110256,KATY 53 1,,KATY 53,,1
N110257,KATY 54 1,,KATY 54,,1
N110258,KATY 55 1,,KATY 55,,1
N110259,KATY 56 1,,KATY 56,,1
N110260,KATY 57 1,,KATY 57,,1
N110261,CYPRESS 22 1,,CYPRESS 22,,1
N110262,CYPRESS 23 1,,CYPRESS 23,,1
N110263,CYPRESS 23 2,,CYPRESS 23,,1
N110264,CYPRESS 24 1,,CYPRESS 24,,1
N110265,KATY 58 1,,KATY 58,,1
N110266,KATY 59 1,,KATY 59,,1
N110267,KATY 60 1,,KATY 60,,1
N110268,KATY 61 1,,KATY 61,,1
N110269,CYPRESS 25 1,,CYPRESS 25,,1
N110270,CYPRESS 26 1,,CYPRESS 26,,1
N110271,KATY 62 1,,KATY 62,,1
N110272,KATY 63 1,,KATY 63,,1
N110273,KATY 64 1,,KATY 64,,1
N110274,KATY 64 2,,KATY 64,,1
N110275,CYPRESS 27 1,,CYPRESS 27,,1
N110276,KATY 65 1,,KATY 65,,1
N110277,KATY 66 1,,KATY 66,,1
N110278,CYPRESS 28 1,,CYPRESS 28,,1
N110279,KATY 67 1,,KATY 67,,1
N110280,CYPRESS 29 1,,CYPRESS 29,,1
N110281,CYPRESS 30 1,,CYPRESS 30,,1
N110282,KATY 68 1,,KATY 68,,1
N110283,KATY 69 1,,KATY 69,,1
N110284,KATY 70 1,,KATY 70,,1
N110285,KATY 71 1,,KATY 71,,1
N110286,CYPRESS 31 1,,CYPRESS 31,,1
N110287,KATY 72 1,,KATY 72,,1
N110288,HITCHCOCK 1 1,,HITCHCOCK 1,,1
N110289,HITCHCOCK 2 1,,HITCHCOCK 2,,1
N110290,HITCHCOCK 2 2,,HITCHCOCK 2,,1
N110291,HITCHCOCK 3 1,,HITCHCOCK 3,,1
N110292,HITCHCOCK 3 2,,HITCHCOCK 3,,1
N110293,NEW CANEY 1 1,,NEW CANEY 1,,1
N110294,NEW CANEY 1 2,,NEW CANEY 1,,1
N110295,SPLENDORA 1 1,,SPLENDORA 1,,1
N110296,SPLENDORA 1 2,,SPLENDORA 1,,1
N110297,SPLENDORA 1 3,,SPLENDORA 1,,1
N110298,SPLENDORA 1 4,,SPLENDORA 1,,1
N110299,SPLENDORA 2 1,,SPLENDORA 2,,1
N110300,PORTER 1 1,,PORTER 1,,1
N110301,PORTER 2 1,,PORTER 2,,1
N110302,SPLENDORA 3 1,,SPLENDORA 3,,1
N110303,SPLENDORA 4 1,,SPLENDORA 4,,1
N110304,NEW CANEY 2 1,,NEW CANEY 2,,1
N110305,NEW CANEY 3 1,,NEW CANEY 3,,1
N110306,PORTER 3 1,,PORTER 3,,1
N110307,HUFFMAN 1 1,,HUFFMAN 1,,1
N110308,SPLENDORA 5 1,,SPLENDORA 5,,1
N110309,NEW CANEY 4 1,,NEW CANEY 4,,1
N110310,NEW CANEY 4 2,,NEW CANEY 4,,1
N110311,PORTER 4 1,,PORTER 4,,1
N110312,PORTER 5 1,,PORTER 5,,1
N110313,BELLAIRE 1 1,,BELLAIRE 1,,1
N110314,BELLAIRE 2 1,,BELLAIRE 2,,1
N110315,HOUSTON 4 1,,HOUSTON 4,,1
N110316,BELLAIRE 3 1,,BELLAIRE 3,,1
N110317,BELLAIRE 4 1,,BELLAIRE 4,,1
N110318,BELLAIRE 4 2,,BELLAIRE 4,,1
N110319,BELLAIRE 5 1,,BELLAIRE 5,,1
N110320,BELLAIRE 6 1,,BELLAIRE 6,,1
N110321,BELLAIRE 7 1,,BELLAIRE 7,,1
N110322,BELLAIRE 8 1,,BELLAIRE 8,,1
N110323,BELLAIRE 9 1,,BELLAIRE 9,,1
N110324,BELLAIRE 10 1,,BELLAIRE 10,,1
N110325,BELLAIRE 11 1,,BELLAIRE 11,,1
N110326,BELLAIRE 11 2,,BELLAIRE 11,,1
N110327,BELLAIRE 12 1,,BELLAIRE 12,,1
N110328,BELLAIRE 13 1,,BELLAIRE 13,,1
N110329,BELLAIRE 14 1,,BELLAIRE 14,,1
N110330,BELLAIRE 14 2,,BELLAIRE 14,,1
N110331,BELLAIRE 15 1,,BELLAIRE 15,,1
N110332,BELLAIRE 15 2,,BELLAIRE 15,,1
N110333,BELLAIRE 16 1,,BELLAIRE 16,,1
N110334,BELLAIRE 17 1,,BELLAIRE 17,,1
N110335,BELLAIRE 17 2,,BELLAIRE 17,,1
N110336,BELLAIRE 18 1,,BELLAIRE 18,,1
N110337,BELLAIRE 18 2,,BELLAIRE 18,,1
N110338,BELLAIRE 19 1,,BELLAIRE 19,,1
N110339,BELLAIRE 19 2,,BELLAIRE 19,,1
N110340,ALVIN 1 1,,ALVIN 1,,1
N110341,ALVIN 1 2,,ALVIN 1,,1
N110342,ALVIN 1 3,,ALVIN 1,,1
N110343,ALVIN 1 4,,ALVIN 1,,1
N110344,ALVIN 2 1,,ALVIN 2,,1
N110345,MANVEL 1 1,,MANVEL 1,,1
N110346,MANVEL 2 1,,MANVEL 2,,1
N110347,ALVIN 3 1,,ALVIN 3,,1
N110348,LIVERPOOL 1 1,,LIVERPOOL 1,,1
N110349,ALVIN 4 1,,ALVIN 4,,1
N110350,FRIENDSWOOD 1 1,,FRIENDSWOOD 1,,1
N110351,LIVERPOOL 2 1,,LIVERPOOL 2,,1
N110352,LIVERPOOL 3 1,,LIVERPOOL 3,,1
N110353,CONROE 1 1,,CONROE 1,,1
N110354,CONROE 1 2,,CONROE 1,,1
N110355,CONROE 2 1,,CONROE 2,,1
N110356,CONROE 3 1,,CONROE 3,,1
N110357,CONROE 4 1,,CONROE 4,,1
N110358,CONROE 4 2,,CONROE 4,,1
N110359,CONROE 5 1,,CONROE 5,,1
N110360,CONROE 6 1,,CONROE 6,,1
N110361,CONROE 7 1,,CONROE 7,,1
N110362,CONROE 8 1,,CONROE 8,,1
N110363,SPLENDORA 6 1,,SPLENDORA 6,,1
N110364,CONROE 9 1,,CONROE 9,,1
N110365,CONROE 10 1,,CONROE 10,,1
N110366,CONROE 10 2,,CONROE 10,,1
N110367,TOMBALL 1 1,,TOMBALL 1,,1
N110368,TOMBALL 2 1,,TOMBALL 2,,1
N110369,TOMBALL 2 2,,TOMBALL 2,,1
N110370,MAGNOLIA 1 1,,MAGNOLIA 1,,1
N110371,MAGNOLIA 2 1,,MAGNOLIA 2,,1
N110372,TOMBALL 3 1,,TOMBALL 3,,1
N110373,MAGNOLIA 3 1,,MAGNOLIA 3,,1
N110374,MAGNOLIA 4 1,,MAGNOLIA 4,,1
N110375,MAGNOLIA 5 1,,MAGNOLIA 5,,1
N110376,MAGNOLIA 5 2,,MAGNOLIA 5,,1
N110377,CONROE 11 1,,CONROE 11,,1
N110378,CONROE 12 1,,CONROE 12,,1
N110379,TOMBALL 4 1,,TOMBALL 4,,1
N110380,TOMBALL 5 1,,TOMBALL 5,,1
N110381,TOMBALL 6 1,,TOMBALL 6,,1
N110382,TOMBALL 6 2,,TOMBALL 6,,1
N110383,MAGNOLIA 6 1,,MAGNOLIA 6,,1
N110384,MAGNOLIA 6 2,,MAGNOLIA 6,,1
N110385,NEW WAVERLY 1 1,,NEW WAVERLY 1,,1
N110386,WILLIS 1 1,,WILLIS 1,,1
N110387,HIGHLANDS 1 1,,HIGHLANDS 1,,1
N110388,HIGHLANDS 1 2,,HIGHLANDS 1,,1
N110389,BAYTOWN 1 1,,BAYTOWN 1,,1
N110390,BAYTOWN 2 1,,BAYTOWN 2,,1
N110391,BAYTOWN 3 1,,BAYTOWN 3,,1
N110392,BAYTOWN 4 1,,BAYTOWN 4,,1
N110393,BAYTOWN 4 2,,BAYTOWN 4,,1
N110394,MONT BELVIEU 1 1,,MONT BELVIEU 1,,1
N110395,MONT BELVIEU 2 1,,MONT BELVIEU 2,,1
N110396,MONT BELVIEU 2 2,,MONT BELVIEU 2,,1
N110397,MONT BELVIEU 2 3,,MONT BELVIEU 2,,1
N110398,MONT BELVIEU 2 4,,MONT BELVIEU 2,,1
N110399,BAYTOWN 5 1,,BAYTOWN 5,,1
N110400,HIGHLANDS 2 1,,HIGHLANDS 2,,1
N110401,BAYTOWN 6 1,,BAYTOWN 6,,1
N110402,MONT BELVIEU 3 1,,MONT BELVIEU 3,,1
N110403,WALLISVILLE 1 1,,WALLISVILLE 1,,1
N110404,BAYTOWN 7 1,,BAYTOWN 7,,1
N110405,BAYTOWN 7 2,,BAYTOWN 7,,1
N110406,BAYTOWN 8 1,,BAYTOWN 8,,1
N110407,GALENA PARK 2 1,,GALENA PARK 2,,1
N110408,CHANNELVIEW 1 1,,CHANNELVIEW 1,,1
N110409,CHANNELVIEW 2 1,,CHANNELVIEW 2,,1
N110410,GALENA PARK 3 1,,GALENA PARK 3,,1
N110411,GALENA PARK 3 2,,GALENA PARK 3,,1
N110412,GALENA PARK 3 3,,GALENA PARK 3,,1
N110413,GALENA PARK 3 4,,GALENA PARK 3,,1
N110414,CHANNELVIEW 3 1,,CHANNELVIEW 3,,1
N110415,CHANNELVIEW 3 2,,CHANNELVIEW 3,,1
N110416,CHANNELVIEW 4 1,,CHANNELVIEW 4,,1
N110417,CHANNELVIEW 5 1,,CHANNELVIEW 5,,1
N110418,CHANNELVIEW 5 2,,CHANNELVIEW 5,,1
N110419,CHANNELVIEW 5 3,,CHANNELVIEW 5,,1
N110420,CHANNELVIEW 6 1,,CHANNELVIEW 6,,1
N110421,CHANNELVIEW 7 1,,CHANNELVIEW 7,,1
N110422,CHANNELVIEW 7 2,,CHANNELVIEW 7,,1
N110423,CHANNELVIEW 8 1,,CHANNELVIEW 8,,1
N110424,GALENA PARK 4 1,,GALENA PARK 4,,1
N110425,GALENA PARK 5 1,,GALENA PARK 5,,1
N110426,GALENA PARK 6 1,,GALENA PARK 6,,1
N110427,CHANNELVIEW 9 1,,CHANNELVIEW 9,,1
N110428,CHANNELVIEW 10 1,,CHANNELVIEW 10,,1
N110429,CHANNELVIEW 11 1,,CHANNELVIEW 11,,1
N110430,CHANNELVIEW 11 2,,CHANNELVIEW 11,,1
N110431,GALENA PARK 7 1,,GALENA PARK 7,,1
N110432,WEBSTER 1 1,,WEBSTER 1,,1
N110433,WEBSTER 1 2,,WEBSTER 1,,1
N110434,WEBSTER 1 3,,WEBSTER 1,,1
N110435,WEBSTER 1 4,,WEBSTER 1,,1
N110436,WEBSTER 2 1,,WEBSTER 2,,1
N110437,WEBSTER 3 1,,WEBSTER 3,,1
N110438,KEMAH 1 1,,KEMAH 1,,1
N110439,KEMAH 1 2,,KEMAH 1,,1
N110440,SEABROOK 1 1,,SEABROOK 1,,1
N110441,SEABROOK 1 2,,SEABROOK 1,,1
N110442,SEABROOK 1 3,,SEABROOK 1,,1
N110443,SEABROOK 1 4,,SEABROOK 1,,1
N110444,SEABROOK 1 5,,SEABROOK 1,,1
N110445,WEBSTER 4 1,,WEBSTER 4,,1
N110446,WEBSTER 4 2,,WEBSTER 4,,1
N110447,KEMAH 2 1,,KEMAH 2,,1
N110448,WEBSTER 5 1,,WEBSTER 5,,1
N110449,LEAGUE CITY 1 1,,LEAGUE CITY 1,,1
N110450,LEAGUE CITY 1 2,,LEAGUE CITY 1,,1
N110451,SEABROOK 2 1,,SEABROOK 2,,1
N110452,FRIENDSWOOD 2 1,,FRIENDSWOOD 2,,1
N110453,LEAGUE CITY 2 1,,LEAGUE CITY 2,,1
N110454,LEAGUE CITY 3 1,,LEAGUE CITY 3,,1
N110455,KEMAH 3 1,,KEMAH 3,,1
N110456,KEMAH 4 1,,KEMAH 4,,1
N110457,BACLIFF 1 1,,BACLIFF 1,,1
N110458,LEAGUE CITY 4 1,,LEAGUE CITY 4,,1
N110459,LEAGUE CITY 4 2,,LEAGUE CITY 4,,1
N110460,DICKINSON 1 1,,DICKINSON 1,,1
N110461,SEABROOK 3 1,,SEABROOK 3,,1
N110462,FRIENDSWOOD 3 1,,FRIENDSWOOD 3,,1
N110463,FRIENDSWOOD 3 2,,FRIENDSWOOD 3,,1
N110464,PEARLAND 1 1,,PEARLAND 1,,1
N110465,PEARLAND 2 1,,PEARLAND 2,,1
N110466,PEARLAND 2 2,,PEARLAND 2,,1
N110467,PEARLAND 3 1,,PEARLAND 3,,1
N110468,SOUTH HOUSTON 1 1,,SOUTH HOUSTON 1,,1
N110469,PEARLAND 4 1,,PEARLAND 4,,1
N110470,PEARLAND 5 1,,PEARLAND 5,,1
N110471,PEARLAND 6 1,,PEARLAND 6,,1
N110472,FRIENDSWOOD 4 1,,FRIENDSWOOD 4,,1
N110473,WEBSTER 6 1,,WEBSTER 6,,1
N110474,PEARLAND 7 1,,PEARLAND 7,,1
N110475,WEBSTER 7 1,,WEBSTER 7,,1
N110476,PEARLAND 8 1,,PEARLAND 8,,1
N110477,FRIENDSWOOD 5 1,,FRIENDSWOOD 5,,1
N110478,FRIENDSWOOD 6 1,,FRIENDSWOOD 6,,1
N110479,FRIENDSWOOD 7 1,,FRIENDSWOOD 7,,1
N110480,FRIENDSWOOD 8 1,,FRIENDSWOOD 8,,1
N110481,FRIENDSWOOD 8 2,,FRIENDSWOOD 8,,1
N110482,FRIENDSWOOD 9 1,,FRIENDSWOOD 9,,1
N110483,FRIENDSWOOD 9 2,,FRIENDSWOOD 9,,1
N110484,CLUTE 1 1,,CLUTE 1,,1
N110485,CLUTE 1 2,,CLUTE 1,,1
N110486,FREEPORT 1 1,,FREEPORT 1,,1
N110487,CLUTE 2 1,,CLUTE 2,,1
N110488,CLUTE 3 1,,CLUTE 3,,1
N110489,LAKE JACKSON 1 1,,LAKE JACKSON 1,,1
N110490,LAKE JACKSON 2 1,,LAKE JACKSON 2,,1
N110491,BRAZORIA 1 1,,BRAZORIA 1,,1
N110492,CLUTE 4 1,,CLUTE 4,,1
N110493,CLUTE 4 2,,CLUTE 4,,1
N110494,BRAZORIA 2 1,,BRAZORIA 2,,1
N110495,BRAZORIA 2 2,,BRAZORIA 2,,1
N110496,BEASLEY 1 1,,BEASLEY 1,,1
N110497,SIMONTON 1 1,,SIMONTON 1,,1
N110498,ORCHARD 1 1,,ORCHARD 1,,1
N110499,KENDLETON 2 1,,KENDLETON 2,,1
N110500,FULSHEAR 1 1,,FULSHEAR 1,,1
N110501,FULSHEAR 1 2,,FULSHEAR 1,,1
N110502,ROSENBERG 1 1,,ROSENBERG 1,,1
N110503,ROSENBERG 1 2,,ROSENBERG 1,,1
N110504,FULSHEAR 2 1,,FULSHEAR 2,,1
N110505,TOMBALL 7 1,,TOMBALL 7,,1
N110506,TOMBALL 8 1,,TOMBALL 8,,1
N110507,TOMBALL 9 1,,TOMBALL 9,,1
N110508,TOMBALL 9 2,,TOMBALL 9,,1
N110509,TOMBALL 10 1,,TOMBALL 10,,1
N110510,TOMBALL 11 1,,TOMBALL 11,,1
N110511,TOMBALL 12 1,,TOMBALL 12,,1
N110512,TOMBALL 13 1,,TOMBALL 13,,1
N110513,SPRING 1 1,,SPRING 1,,1
N110514,SPRING 1 2,,SPRING 1,,1
N110515,SPRING 2 1,,SPRING 2,,1
N110516,SPRING 3 1,,SPRING 3,,1
N110517,TOMBALL 14 1,,TOMBALL 14,,1
N110518,SPRING 4 1,,SPRING 4,,1
N110519,SPRING 4 2,,SPRING 4,,1
N110520,SPRING 5 1,,SPRING 5,,1
N110521,TOMBALL 15 1,,TOMBALL 15,,1
N110522,TOMBALL 16 1,,TOMBALL 16,,1
N110523,TOMBALL 17 1,,TOMBALL 17,,1
N110524,TOMBALL 18 1,,TOMBALL 18,,1
N110525,TOMBALL 18 2,,TOMBALL 18,,1
N110526,TOMBALL 19 1,,TOMBALL 19,,1
N110527,TOMBALL 19 2,,TOMBALL 19,,1
N110528,TOMBALL 20 1,,TOMBALL 20,,1
N110529,TOMBALL 20 2,,TOMBALL 20,,1
N110530,TOMBALL 21 1,,TOMBALL 21,,1
N110531,LA PORTE 1 1,,LA PORTE 1,,1
N110532,DEER PARK 1 1,,DEER PARK 1,,1
N110533,DEER PARK 2 1,,DEER PARK 2,,1
N110534,LA PORTE 2 1,,LA PORTE 2,,1
N110535,LA PORTE 2 2,,LA PORTE 2,,1
N110536,DEER PARK 3 1,,DEER PARK 3,,1
N110537,DEER PARK 4 1,,DEER PARK 4,,1
N110538,LA PORTE 3 1,,LA PORTE 3,,1
N110539,LA PORTE 4 1,,LA PORTE 4,,1
N110540,SEABROOK 4 1,,SEABROOK 4,,1
N110541,DEER PARK 5 1,,DEER PARK 5,,1
N110542,DEER PARK 5 2,,DEER PARK 5,,1
N110543,DEER PARK 6 1,,DEER PARK 6,,1
N110544,WEBSTER 8 1,,WEBSTER 8,,1
N110545,LA PORTE 5 1,,LA PORTE 5,,1
N110546,SEABROOK 5 1,,SEABROOK 5,,1
N110547,SEABROOK 6 1,,SEABROOK 6,,1
N110548,LA PORTE 6 1,,LA PORTE 6,,1
N110549,LA PORTE 7 1,,LA PORTE 7,,1
N110550,DEER PARK 7 1,,DEER PARK 7,,1
N110551,DEER PARK 8 1,,DEER PARK 8,,1
N110552,BAYTOWN 9 1,,BAYTOWN 9,,1
N110553,WEBSTER 9 1,,WEBSTER 9,,1
N110554,WEBSTER 9 2,,WEBSTER 9,,1
N110555,CHANNELVIEW 12 1,,CHANNELVIEW 12,,1
N110556,LA PORTE 8 1,,LA PORTE 8,,1
N110557,DEER PARK 9 1,,DEER PARK 9,,1
N110558,DEER PARK 10 1,,DEER PARK 10,,1
N110559,SEABROOK 7 1,,SEABROOK 7,,1
N110560,DEER PARK 11 1,,DEER PARK 11,,1
N110561,WEST COLUMBIA 1 1,,WEST COLUMBIA 1,,1
N110562,WEST COLUMBIA 1 2,,WEST COLUMBIA 1,,1
N110563,WEST COLUMBIA 1 3,,WEST COLUMBIA 1,,1
N110564,WEST COLUMBIA 1 4,,WEST COLUMBIA 1,,1
N110565,BRAZORIA 3 1,,BRAZORIA 3,,1
N110566,BRAZORIA 4 1,,BRAZORIA 4,,1
N110567,BRAZORIA 4 2,,BRAZORIA 4,,1
N110568,CEDAR LANE 3 1,,CEDAR LANE 3,,1
N110569,CEDAR LANE 3 2,,CEDAR LANE 3,,1
N110570,WEST COLUMBIA 2 1,,WEST COLUMBIA 2,,1
N110571,SWEENY 2 1,,SWEENY 2,,1
N110572,SWEENY 3 1,,SWEENY 3,,1
N110573,SWEENY 4 1,,SWEENY 4,,1
N110574,KATY 73 1,,KATY 73,,1
N110575,KATY 74 1,,KATY 74,,1
N110576,KATY 74 2,,KATY 74,,1
N110577,KATY 75 1,,KATY 75,,1
N110578,KATY 76 1,,KATY 76,,1
N110579,KATY 77 1,,KATY 77,,1
N110580,KATY 77 2,,KATY 77,,1
N110581,KATY 78 1,,KATY 78,,1
N110582,KATY 78 2,,KATY 78,,1
N110583,KATY 79 1,,KATY 79,,1
N110584,KATY 80 1,,KATY 80,,1
N110585,KATY 81 1,,KATY 81,,1
N110586,KATY 81 2,,KATY 81,,1
N110587,KATY 81 3,,KATY 81,,1
N110588,KATY 82 1,,KATY 82,,1
N110589,KATY 82 2,,KATY 82,,1
N110590,HOCKLEY 3 1,,HOCKLEY 3,,1
N110591,CYPRESS 32 1,,CYPRESS 32,,1
N110592,CYPRESS 32 2,,CYPRESS 32,,1
N110593,CYPRESS 33 1,,CYPRESS 33,,1
N110594,CYPRESS 34 1,,CYPRESS 34,,1
N110595,HOCKLEY 4 1,,HOCKLEY 4,,1
N110596,WALLER 3 1,,WALLER 3,,1
N110597,CYPRESS 35 1,,CYPRESS 35,,1
N110598,CYPRESS 35 2,,CYPRESS 35,,1
N110599,CYPRESS 36 1,,CYPRESS 36,,1
N110600,CYPRESS 37 1,,CYPRESS 37,,1
N110601,HOCKLEY 5 1,,HOCKLEY 5,,1
N110602,CYPRESS 38 1,,CYPRESS 38,,1
N110603,SUGAR LAND 1 1,,SUGAR LAND 1,,1
N110604,SUGAR LAND 2 1,,SUGAR LAND 2,,1
N110605,SUGAR LAND 3 1,,SUGAR LAND 3,,1
N110606,STAFFORD 1 1,,STAFFORD 1,,1
N110607,STAFFORD 1 2,,STAFFORD 1,,1
N110608,SUGAR LAND 4 1,,SUGAR LAND 4,,1
N110609,SUGAR LAND 5 1,,SUGAR LAND 5,,1
N110610,STAFFORD 2 1,,STAFFORD 2,,1
N110611,SUGAR LAND 6 1,,SUGAR LAND 6,,1
N110612,SUGAR LAND 7 1,,SUGAR LAND 7,,1
N110613,SUGAR LAND 8 1,,SUGAR LAND 8,,1
N110614,SUGAR LAND 9 1,,SUGAR LAND 9,,1
N110615,SUGAR LAND 10 1,,SUGAR LAND 10,,1
N110616,SUGAR LAND 11 1,,SUGAR LAND 11,,1
N110617,SUGAR LAND 12 1,,SUGAR LAND 12,,1
N110618,SUGAR LAND 13 1,,SUGAR LAND 13,,1
N110619,THOMPSONS 1 1,,THOMPSONS 1,,1
N110620,SUGAR LAND 14 1,,SUGAR LAND 14,,1
N110621,SUGAR LAND 15 1,,SUGAR LAND 15,,1
N110622,SUGAR LAND 16 1,,SUGAR LAND 16,,1
N110623,SUGAR LAND 17 1,,SUGAR LAND 17,,1
N110624,SUGAR LAND 18 1,,SUGAR LAND 18,,1
N110625,SUGAR LAND 19 1,,SUGAR LAND 19,,1
N110626,SUGAR LAND 20 1,,SUGAR LAND 20,,1
N110627,SUGAR LAND 21 1,,SUGAR LAND 21,,1
N110628,SUGAR LAND 22 1,,SUGAR LAND 22,,1
N110629,SUGAR LAND 23 1,,SUGAR LAND 23,,1
N110630,SUGAR LAND 24 1,,SUGAR LAND 24,,1
N110631,SUGAR LAND 25 1,,SUGAR LAND 25,,1
N110632,SUGAR LAND 26 1,,SUGAR LAND 26,,1
N110633,SUGAR LAND 27 1,,SUGAR LAND 27,,1
N110634,SUGAR LAND 28 1,,SUGAR LAND 28,,1
N110635,SUGAR LAND 29 1,,SUGAR LAND 29,,1
N110636,SUGAR LAND 29 2,,SUGAR LAND 29,,1
N110637,SUGAR LAND 30 1,,SUGAR LAND 30,,1
N110638,SUGAR LAND 31 1,,SUGAR LAND 31,,1
N110639,SUGAR LAND 32 1,,SUGAR LAND 32,,1
N110640,SUGAR LAND 33 1,,SUGAR LAND 33,,1
N110641,SUGAR LAND 34 1,,SUGAR LAND 34,,1
N110642,SUGAR LAND 35 1,,SUGAR LAND 35,,1
N110643,SUGAR LAND 36 1,,SUGAR LAND 36,,1
N110644,SUGAR LAND 37 1,,SUGAR LAND 37,,1
N110645,SUGAR LAND 38 1,,SUGAR LAND 38,,1
N110646,SUGAR LAND 39 1,,SUGAR LAND 39,,1
N110647,STAFFORD 3 1,,STAFFORD 3,,1
N110648,SUGAR LAND 40 1,,SUGAR LAND 40,,1
N110649,SUGAR LAND 41 1,,SUGAR LAND 41,,1
N110650,SUGAR LAND 42 1,,SUGAR LAND 42,,1
N110651,SUGAR LAND 43 1,,SUGAR LAND 43,,1
N110652,STAFFORD 4 1,,STAFFORD 4,,1
N110653,STAFFORD 5 1,,STAFFORD 5,,1
N110654,STAFFORD 6 1,,STAFFORD 6,,1
N110655,SUGAR LAND 44 1,,SUGAR LAND 44,,1
N110656,SUGAR LAND 44 2,,SUGAR LAND 44,,1
N110657,MISSOURI CITY 1 1,,MISSOURI CITY 1,,1
N110658,MISSOURI CITY 2 1,,MISSOURI CITY 2,,1
N110659,MISSOURI CITY 3 1,,MISSOURI CITY 3,,1
N110660,MISSOURI CITY 4 1,,MISSOURI CITY 4,,1
N110661,SUGAR LAND 45 1,,SUGAR LAND 45,,1
N110662,STAFFORD 7 1,,STAFFORD 7,,1
N110663,SUGAR LAND 46 1,,SUGAR LAND 46,,1
N110664,SUGAR LAND 47 1,,SUGAR LAND 47,,1
N110665,THOMPSONS 2 1,,THOMPSONS 2,,1
N110666,THOMPSONS 3 1,,THOMPSONS 3,,1
N110667,SUGAR LAND 48 1,,SUGAR LAND 48,,1
N110668,SUGAR LAND 49 1,,SUGAR LAND 49,,1
N110669,SUGAR LAND 50 1,,SUGAR LAND 50,,1
N110670,SUGAR LAND 51 1,,SUGAR LAND 51,,1
N110671,SUGAR LAND 52 1,,SUGAR LAND 52,,1
N110672,SUGAR LAND 53 1,,SUGAR LAND 53,,1
N110673,SUGAR LAND 54 1,,SUGAR LAND 54,,1
N110674,SUGAR LAND 55 1,,SUGAR LAND 55,,1
N110675,SUGAR LAND 56 1,,SUGAR LAND 56,,1
N110676,SUGAR LAND 57 1,,SUGAR LAND 57,,1
N110677,STAFFORD 8 1,,STAFFORD 8,,1
N110678,STAFFORD 9 1,,STAFFORD 9,,1
N110679,MISSOURI CITY 5 1,,MISSOURI CITY 5,,1
N110680,MISSOURI CITY 6 1,,MISSOURI CITY 6,,1
N110681,SUGAR LAND 58 1,,SUGAR LAND 58,,1
N110682,STAFFORD 10 1,,STAFFORD 10,,1
N110683,SUGAR LAND 59 1,,SUGAR LAND 59,,1
N110684,SUGAR LAND 60 1,,SUGAR LAND 60,,1
N110685,SUGAR LAND 61 1,,SUGAR LAND 61,,1
N110686,SUGAR LAND 62 1,,SUGAR LAND 62,,1
N110687,SUGAR LAND 63 1,,SUGAR LAND 63,,1
N110688,SUGAR LAND 64 1,,SUGAR LAND 64,,1
N110689,STAFFORD 11 1,,STAFFORD 11,,1
N110690,HOUSTON 5 1,,HOUSTON 5,,1
N110691,HOUSTON 6 1,,HOUSTON 6,,1
N110692,HOUSTON 7 1,,HOUSTON 7,,1
N110693,HOUSTON 8 1,,HOUSTON 8,,1
N110694,HOUSTON 9 1,,HOUSTON 9,,1
N110695,HOUSTON 10 1,,HOUSTON 10,,1
N110696,HOUSTON 10 2,,HOUSTON 10,,1
N110697,HOUSTON 11 1,,HOUSTON 11,,1
N110698,HOUSTON 11 2,,HOUSTON 11,,1
N110699,HOUSTON 11 3,,HOUSTON 11,,1
N110700,HOUSTON 11 4,,HOUSTON 11,,1
N110701,HOUSTON 12 1,,HOUSTON 12,,1
N110702,HOUSTON 12 2,,HOUSTON 12,,1
N110703,HOUSTON 13 1,,HOUSTON 13,,1
N110704,HOUSTON 13 2,,HOUSTON 13,,1
N110705,HOUSTON 14 1,,HOUSTON 14,,1
N110706,HOUSTON 15 1,,HOUSTON 15,,1
N110707,HOUSTON 16 1,,HOUSTON 16,,1
N110708,HOUSTON 17 1,,HOUSTON 17,,1
N110709,HOUSTON 18 1,,HOUSTON 18,,1
N110710,HOUSTON 19 1,,HOUSTON 19,,1
N110711,HOUSTON 19 2,,HOUSTON 19,,1
N110712,HOUSTON 20 1,,HOUSTON 20,,1
N110713,HOUSTON 20 2,,HOUSTON 20,,1
N110714,HOUSTON 21 1,,HOUSTON 21,,1
N110715,ANGLETON 1 1,,ANGLETON 1,,1
N110716,DANBURY 1 1,,DANBURY 1,,1
N110717,ANGLETON 2 1,,ANGLETON 2,,1
N110718,ANGLETON 3 1,,ANGLETON 3,,1
N110719,ROSHARON 1 1,,ROSHARON 1,,1
N110720,ROSHARON 1 2,,ROSHARON 1,,1
N110721,DANBURY 2 1,,DANBURY 2,,1
N110722,ANGLETON 4 1,,ANGLETON 4,,1
N110723,ANGLETON 5 1,,ANGLETON 5,,1
N110724,DANBURY 3 1,,DANBURY 3,,1
N110725,ANGLETON 6 1,,ANGLETON 6,,1
N110726,ANGLETON 6 2,,ANGLETON 6,,1
N110727,ANGLETON 6 3,,ANGLETON 6,,1
N110728,ANGLETON 6 4,,ANGLETON 6,,1
N110729,GUY 1 1,,GUY 1,,1
N110730,GUY 1 2,,GUY 1,,1
N110731,THOMPSONS 4 1,,THOMPSONS 4,,1
N110732,NEEDVILLE 1 1,,NEEDVILLE 1,,1
N110733,ROSENBERG 2 1,,ROSENBERG 2,,1
N110734,NEEDVILLE 2 1,,NEEDVILLE 2,,1
N110735,NEEDVILLE 3 1,,NEEDVILLE 3,,1
N110736,NEEDVILLE 3 2,,NEEDVILLE 3,,1
N110737,GUY 2 1,,GUY 2,,1
N110738,GUY 2 2,,GUY 2,,1
N110739,GUY 3 1,,GUY 3,,1
N110740,NEEDVILLE 4 1,,NEEDVILLE 4,,1
N110741,NEEDVILLE 5 1,,NEEDVILLE 5,,1
N110742,HUMBLE 9 1,,HUMBLE 9,,1
N110743,HUMBLE 9 2,,HUMBLE 9,,1
N110744,HUMBLE 9 3,,HUMBLE 9,,1
N110745,KINGWOOD 1 1,,KINGWOOD 1,,1
N110746,KINGWOOD 1 2,,KINGWOOD 1,,1
N110747,KINGWOOD 1 3,,KINGWOOD 1,,1
N110748,KINGWOOD 1 4,,KINGWOOD 1,,1
N110749,KINGWOOD 2 1,,KINGWOOD 2,,1
N110750,HUFFMAN 2 1,,HUFFMAN 2,,1
N110751,HUFFMAN 2 2,,HUFFMAN 2,,1
N110752,HUFFMAN 3 1,,HUFFMAN 3,,1
N110753,KINGWOOD 3 1,,KINGWOOD 3,,1
N110754,KINGWOOD 3 2,,KINGWOOD 3,,1
N110755,KINGWOOD 4 1,,KINGWOOD 4,,1
N110756,KINGWOOD 5 1,,KINGWOOD 5,,1
N110757,KINGWOOD 6 1,,KINGWOOD 6,,1
N110758,KINGWOOD 6 2,,KINGWOOD 6,,1
N110759,KINGWOOD 7 1,,KINGWOOD 7,,1
N110760,HUMBLE 10 1,,HUMBLE 10,,1
N110761,HUFFMAN 4 1,,HUFFMAN 4,,1
N110762,KINGWOOD 8 1,,KINGWOOD 8,,1
N110763,KINGWOOD 8 2,,KINGWOOD 8,,1
N110764,KINGWOOD 9 1,,KINGWOOD 9,,1
N110765,HUFFMAN 5 1,,HUFFMAN 5,,1
N110766,ANAHUAC 1 1,,ANAHUAC 1,,1
N110767,PORT BOLIVAR 1 1,,PORT BOLIVAR 1,,1
N110768,PORT BOLIVAR 1 2,,PORT BOLIVAR 1,,1
N110769,HOUSTON 22 1,,HOUSTON 22,,1
N110770,HOUSTON 23 1,,HOUSTON 23,,1
N110771,HOUSTON 24 1,,HOUSTON 24,,1
N110772,HOUSTON 25 1,,HOUSTON 25,,1
N110773,HOUSTON 25 2,,HOUSTON 25,,1
N110774,HOUSTON 25 3,,HOUSTON 25,,1
N110775,HOUSTON 25 4,,HOUSTON 25,,1
N110776,HOUSTON 26 1,,HOUSTON 26,,1
N110777,HOUSTON 27 1,,HOUSTON 27,,1
N110778,HOUSTON 28 1,,HOUSTON 28,,1
N110779,GALENA PARK 8 1,,GALENA PARK 8,,1
N110780,GALENA PARK 9 1,,GALENA PARK 9,,1
N110781,SOUTH HOUSTON 2 1,,SOUTH HOUSTON 2,,1
N110782,SOUTH HOUSTON 2 2,,SOUTH HOUSTON 2,,1
N110783,SOUTH HOUSTON 3 1,,SOUTH HOUSTON 3,,1
N110784,HOUSTON 29 1,,HOUSTON 29,,1
N110785,HOUSTON 30 1,,HOUSTON 30,,1
N110786,GALENA PARK 10 1,,GALENA PARK 10,,1
N110787,GALENA PARK 11 1,,GALENA PARK 11,,1
N110788,HOUSTON 31 1,,HOUSTON 31,,1
N110789,HOUSTON 31 2,,HOUSTON 31,,1
N110790,HOUSTON 32 1,,HOUSTON 32,,1
N110791,HOUSTON 32 2,,HOUSTON 32,,1
N110792,HOUSTON 33 1,,HOUSTON 33,,1
N110793,HOUSTON 34 1,,HOUSTON 34,,1
N110794,HOUSTON 34 2,,HOUSTON 34,,1
N110795,HOUSTON 35 1,,HOUSTON 35,,1
N110796,GALENA PARK 12 1,,GALENA PARK 12,,1
N110797,GALENA PARK 12 2,,GALENA PARK 12,,1
N110798,HOUSTON 36 1,,HOUSTON 36,,1
N110799,GALENA PARK 13 1,,GALENA PARK 13,,1
N110800,GALENA PARK 13 2,,GALENA PARK 13,,1
N110801,HOUSTON 37 1,,HOUSTON 37,,1
N110802,HOUSTON 37 2,,HOUSTON 37,,1
N110803,HOUSTON 38 1,,HOUSTON 38,,1
N110804,HOUSTON 38 2,,HOUSTON 38,,1
N110805,RICHMOND 1 1,,RICHMOND 1,,1
N110806,RICHMOND 2 1,,RICHMOND 2,,1
N110807,RICHMOND 3 1,,RICHMOND 3,,1
N110808,RICHMOND 3 2,,RICHMOND 3,,1
N110809,RICHMOND 4 1,,RICHMOND 4,,1
N110810,RICHMOND 5 1,,RICHMOND 5,,1
N110811,RICHMOND 6 1,,RICHMOND 6,,1
N110812,KATY 83 1,,KATY 83,,1
N110813,RICHMOND 7 1,,RICHMOND 7,,1
N110814,FULSHEAR 3 1,,FULSHEAR 3,,1
N110815,RICHMOND 8 1,,RICHMOND 8,,1
N110816,RICHMOND 9 1,,RICHMOND 9,,1
N110817,RICHMOND 10 1,,RICHMOND 10,,1
N110818,RICHMOND 11 1,,RICHMOND 11,,1
N110819,RICHMOND 11 2,,RICHMOND 11,,1
N110820,RICHMOND 12 1,,RICHMOND 12,,1
N110821,RICHMOND 13 1,,RICHMOND 13,,1
N110822,RICHMOND 14 1,,RICHMOND 14,,1
N110823,HOUSTON 39 1,,HOUSTON 39,,1
N110824,SPRING 6 1,,SPRING 6,,1
N110825,SPRING 6 2,,SPRING 6,,1
N110826,SPRING 6 3,,SPRING 6,,1
N110827,SPRING 6 4,,SPRING 6,,1
N110828,SPRING 7 1,,SPRING 7,,1
N110829,SPRING 7 2,,SPRING 7,,1
N110830,CYPRESS 39 1,,CYPRESS 39,,1
N110831,CYPRESS 39 2,,CYPRESS 39,,1
N110832,HOUSTON 40 1,,HOUSTON 40,,1
N110833,BELLAIRE 20 1,,BELLAIRE 20,,1
N110834,HOUSTON 41 1,,HOUSTON 41,,1
N110835,HOUSTON 42 1,,HOUSTON 42,,1
N110836,SPRING 8 1,,SPRING 8,,1
N110837,SPRING 9 1,,SPRING 9,,1
N110838,CYPRESS 40 1,,CYPRESS 40,,1
N110839,SPRING 10 1,,SPRING 10,,1
N110840,TOMBALL 22 1,,TOMBALL 22,,1
N110841,TOMBALL 22 2,,TOMBALL 22,,1
N110842,CYPRESS 41 1,,CYPRESS 41,,1
N110843,SPRING 11 1,,SPRING 11,,1
N110844,SPRING 12 1,,SPRING 12,,1
N110845,SPRING 13 1,,SPRING 13,,1
N110846,HOUSTON 43 1,,HOUSTON 43,,1
N110847,SPRING 14 1,,SPRING 14,,1
N110848,HOUSTON 44 1,,HOUSTON 44,,1
N110849,HOUSTON 45 1,,HOUSTON 45,,1
N110850,SPRING 15 1,,SPRING 15,,1
N110851,SPRING 16 1,,SPRING 16,,1
N110852,HOUSTON 46 1,,HOUSTON 46,,1
N110853,HOUSTON 46 2,,HOUSTON 46,,1
N110854,HOUSTON 47 1,,HOUSTON 47,,1
N110855,HOUSTON 47 2,,HOUSTON 47,,1
N110856,CYPRESS 42 1,,CYPRESS 42,,1
N110857,CYPRESS 42 2,,CYPRESS 42,,1
N110858,WILLIS 2 1,,WILLIS 2,,1
N110859,WILLIS 2 2,,WILLIS 2,,1
N110860,MONTGOMERY 1 1,,MONTGOMERY 1,,1
N110861,MONTGOMERY 1 2,,MONTGOMERY 1,,1
N110862,MONTGOMERY 2 1,,MONTGOMERY 2,,1
N110863,MONTGOMERY 3 1,,MONTGOMERY 3,,1
N110864,MONTGOMERY 4 1,,MONTGOMERY 4,,1
N110865,HIGHLANDS 3 1,,HIGHLANDS 3,,1
N110866,CROSBY 1 1,,CROSBY 1,,1
N110867,CROSBY 1 2,,CROSBY 1,,1
N110868,HIGHLANDS 4 1,,HIGHLANDS 4,,1
N110869,HIGHLANDS 4 2,,HIGHLANDS 4,,1
N110870,CROSBY 2 1,,CROSBY 2,,1
N110871,CROSBY 3 1,,CROSBY 3,,1
N110872,CROSBY 4 1,,CROSBY 4,,1
N110873,CROSBY 5 1,,CROSBY 5,,1
N110874,CROSBY 5 2,,CROSBY 5,,1
N110875,FRESNO 1 1,,FRESNO 1,,1
N110876,PEARLAND 9 1,,PEARLAND 9,,1
N110877,PEARLAND 10 1,,PEARLAND 10,,1
N110878,PEARLAND 10 2,,PEARLAND 10,,1
N110879,PEARLAND 11 1,,PEARLAND 11,,1
N110880,PEARLAND 11 2,,PEARLAND 11,,1
N110881,MANVEL 3 1,,MANVEL 3,,1
N110882,MANVEL 3 2,,MANVEL 3,,1
N110883,FRESNO 2 1,,FRESNO 2,,1
N110884,FRESNO 2 2,,FRESNO 2,,1
N110885,FRESNO 2 3,,FRESNO 2,,1
N110886,MANVEL 4 1,,MANVEL 4,,1
N110887,FRESNO 3 1,,FRESNO 3,,1
N110888,FRESNO 3 2,,FRESNO 3,,1
N110889,PEARLAND 12 1,,PEARLAND 12,,1
N110890,PEARLAND 12 2,,PEARLAND 12,,1
N110891,PEARLAND 12 3,,PEARLAND 12,,1
N110892,PEARLAND 12 4,,PEARLAND 12,,1
N110893,GALVESTON 1 1,,GALVESTON 1,,1
N110894,TEXAS CITY 1 1,,TEXAS CITY 1,,1
N110895,GALVESTON 2 1,,GALVESTON 2,,1
N110896,GALVESTON 3 1,,GALVESTON 3,,1
N110897,GALVESTON 4 1,,GALVESTON 4,,1
N110898,GALVESTON 4 2,,GALVESTON 4,,1
N110899,GALVESTON 5 1,,GALVESTON 5,,1
N110900,GALVESTON 5 2,,GALVESTON 5,,1
N110901,GALVESTON 5 3,,GALVESTON 5,,1
N110902,GALVESTON 5 4,,GALVESTON 5,,1
N110903,GALVESTON 6 1,,GALVESTON 6,,1
N110904,BELLAIRE 21 1,,BELLAIRE 21,,1
N110905,BELLAIRE 21 2,,BELLAIRE 21,,1
N110906,STAFFORD 12 1,,STAFFORD 12,,1
N110907,BELLAIRE 22 1,,BELLAIRE 22,,1
N110908,STAFFORD 13 1,,STAFFORD 13,,1
N110909,STAFFORD 14 1,,STAFFORD 14,,1
N110910,BELLAIRE 23 1,,BELLAIRE 23,,1
N110911,BELLAIRE 24 1,,BELLAIRE 24,,1
N110912,BELLAIRE 25 1,,BELLAIRE 25,,1
N110913,FRESNO 4 1,,FRESNO 4,,1
N110914,STAFFORD 15 1,,STAFFORD 15,,1
N110915,STAFFORD 15 2,,STAFFORD 15,,1
N110916,MISSOURI CITY 7 1,,MISSOURI CITY 7,,1
N110917,MISSOURI CITY 7 2,,MISSOURI CITY 7,,1
N110918,STAFFORD 16 1,,STAFFORD 16,,1
N110919,STAFFORD 17 1,,STAFFORD 17,,1
N110920,STAFFORD 17 2,,STAFFORD 17,,1
N110921,FRESNO 5 1,,FRESNO 5,,1
N110922,FRESNO 5 2,,FRESNO 5,,1
N110923,FRESNO 6 1,,FRESNO 6,,1
N110924,WILLIS 3 1,,WILLIS 3,,1
N110925,WILLIS 4 1,,WILLIS 4,,1
N110926,WILLIS 5 1,,WILLIS 5,,1
N110927,WILLIS 5 2,,WILLIS 5,,1
N110928,WILLIS 6 1,,WILLIS 6,,1
N110929,WILLIS 6 2,,WILLIS 6,,1
N110930,WILLIS 6 3,,WILLIS 6,,1
N110931,NEW WAVERLY 2 1,,NEW WAVERLY 2,,1
N110932,WILLIS 7 1,,WILLIS 7,,1
N110933,NEW WAVERLY 3 1,,NEW WAVERLY 3,,1
N110934,NEW WAVERLY 4 1,,NEW WAVERLY 4,,1
N110935,WILLIS 8 1,,WILLIS 8,,1
N110936,ROSENBERG 3 1,,ROSENBERG 3,,1
N110937,SUGAR LAND 65 1,,SUGAR LAND 65,,1
N110938,SUGAR LAND 65 2,,SUGAR LAND 65,,1
N110939,SUGAR LAND 65 3,,SUGAR LAND 65,,1
N110940,SUGAR LAND 65 4,,SUGAR LAND 65,,1
N110941,RICHMOND 15 1,,RICHMOND 15,,1
N110942,RICHMOND 15 2,,RICHMOND 15,,1
N110943,ROSENBERG 4 1,,ROSENBERG 4,,1
N110944,ROSENBERG 4 2,,ROSENBERG 4,,1
N110945,ROSENBERG 4 3,,ROSENBERG 4,,1
N110946,RICHMOND 16 1,,RICHMOND 16,,1
N110947,ROSENBERG 5 1,,ROSENBERG 5,,1
N110948,ROSENBERG 5 2,,ROSENBERG 5,,1
N110949,SUGAR LAND 66 1,,SUGAR LAND 66,,1
N110950,ROSENBERG 6 1,,ROSENBERG 6,,1
N110951,RICHMOND 17 1,,RICHMOND 17,,1
N110952,RICHMOND 17 2,,RICHMOND 17,,1
N110953,MAGNOLIA 7 1,,MAGNOLIA 7,,1
N110954,MAGNOLIA 7 2,,MAGNOLIA 7,,1
N110955,MAGNOLIA 7 3,,MAGNOLIA 7,,1
N110956,MAGNOLIA 7 4,,MAGNOLIA 7,,1
N110957,PINEHURST 1 1,,PINEHURST 1,,1
N110958,PINEHURST 2 1,,PINEHURST 2,,1
N110959,PINEHURST 2 2,,PINEHURST 2,,1
N110960,PINEHURST 2 3,,PINEHURST 2,,1
N110961,TOMBALL 23 1,,TOMBALL 23,,1
N110962,TOMBALL 23 2,,TOMBALL 23,,1
N110963,TOMBALL 23 3,,TOMBALL 23,,1
N110964,TOMBALL 23 4,,TOMBALL 23,,1
N110965,PINEHURST 3 1,,PINEHURST 3,,1
N110966,HOCKLEY 6 1,,HOCKLEY 6,,1
N110967,HOCKLEY 6 2,,HOCKLEY 6,,1
N110968,HOCKLEY 6 3,,HOCKLEY 6,,1
N110969,HOCKLEY 6 4,,HOCKLEY 6,,1
N110970,PINEHURST 4 1,,PINEHURST 4,,1
N110971,PINEHURST 4 2,,PINEHURST 4,,1
N110972,SPRING 17 1,,SPRING 17,,1
N110973,SPRING 17 2,,SPRING 17,,1
N110974,SPRING 17 3,,SPRING 17,,1
N110975,CONROE 13 1,,CONROE 13,,1
N110976,CONROE 13 2,,CONROE 13,,1
N110977,CONROE 13 3,,CONROE 13,,1
N110978,CONROE 13 4,,CONROE 13,,1
N110979,SPRING 18 1,,SPRING 18,,1
N110980,SPRING 19 1,,SPRING 19,,1
N110981,PORTER 6 1,,PORTER 6,,1
N110982,SPRING 20 1,,SPRING 20,,1
N110983,SPRING 20 2,,SPRING 20,,1
N110984,SPRING 20 3,,SPRING 20,,1
N110985,SPRING 20 4,,SPRING 20,,1
N110986,PORTER 7 1,,PORTER 7,,1
N110987,SPRING 21 1,,SPRING 21,,1
N110988,SPRING 21 2,,SPRING 21,,1
N110989,SPRING 21 3,,SPRING 21,,1
N110990,SPRING 21 4,,SPRING 21,,1
N110991,SPRING 22 1,,SPRING 22,,1
N110992,BELLAIRE 26 1,,BELLAIRE 26,,1
N110993,BELLAIRE 26 2,,BELLAIRE 26,,1
N110994,BELLAIRE 27 1,,BELLAIRE 27,,1
N110995,BELLAIRE 28 1,,BELLAIRE 28,,1
N110996,BELLAIRE 29 1,,BELLAIRE 29,,1
N110997,BELLAIRE 30 1,,BELLAIRE 30,,1
N110998,BELLAIRE 31 1,,BELLAIRE 31,,1
N110999,BELLAIRE 31 2,,BELLAIRE 31,,1
N111000,BELLAIRE 32 1,,BELLAIRE 32,,1
N111001,BELLAIRE 32 2,,BELLAIRE 32,,1
N111002,BELLAIRE 33 1,,BELLAIRE 33,,1
N111003,BELLAIRE 33 2,,BELLAIRE 33,,1
N111004,BELLAIRE 34 1,,BELLAIRE 34,,1
N111005,BELLAIRE 34 2,,BELLAIRE 34,,1
N111006,BELLAIRE 35 1,,BELLAIRE 35,,1
N111007,BELLAIRE 35 2,,BELLAIRE 35,,1
N111008,BELLAIRE 36 1,,BELLAIRE 36,,1
N111009,BELLAIRE 37 1,,BELLAIRE 37,,1
N111010,BELLAIRE 38 1,,BELLAIRE 38,,1
N111011,BELLAIRE 39 1,,BELLAIRE 39,,1
N111012,HOUSTON 48 1,,HOUSTON 48,,1
N111013,KATY 84 1,,KATY 84,,1
N111014,KATY 85 1,,KATY 85,,1
N111015,KATY 85 2,,KATY 85,,1
N111016,BELLAIRE 40 1,,BELLAIRE 40,,1
N111017,BELLAIRE 41 1,,BELLAIRE 41,,1
N111018,BELLAIRE 42 1,,BELLAIRE 42,,1
N111019,WALLISVILLE 2 1,,WALLISVILLE 2,,1
N111020,WALLISVILLE 2 2,,WALLISVILLE 2,,1
N111022,WINNIE 1 1,,WINNIE 1,,1
N111023,WINNIE 1 2,,WINNIE 1,,1
N111024,WALLISVILLE 3 1,,WALLISVILLE 3,,1
N111025,HANKAMER 1 1,,HANKAMER 1,,1
N111026,ANAHUAC 2 1,,ANAHUAC 2,,1
N111027,ANAHUAC 2 2,,ANAHUAC 2,,1
N111028,STOWELL 1 1,,STOWELL 1,,1
N111029,STOWELL 2 1,,STOWELL 2,,1
N111030,WINNIE 2 1,,WINNIE 2,,1
N111031,HANKAMER 2 1,,HANKAMER 2,,1
N111032,CYPRESS 43 1,,CYPRESS 43,,1
N111033,CYPRESS 44 1,,CYPRESS 44,,1
N111034,CYPRESS 44 2,,CYPRESS 44,,1
N111035,CYPRESS 45 1,,CYPRESS 45,,1
N111036,CYPRESS 45 2,,CYPRESS 45,,1
N111037,CYPRESS 45 3,,CYPRESS 45,,1
N111038,CYPRESS 46 1,,CYPRESS 46,,1
N111039,CYPRESS 47 1,,CYPRESS 47,,1
N111040,CYPRESS 48 1,,CYPRESS 48,,1
N111041,TOMBALL 24 1,,TOMBALL 24,,1
N111042,CYPRESS 49 1,,CYPRESS 49,,1
N111043,CYPRESS 49 2,,CYPRESS 49,,1
N111044,CYPRESS 50 1,,CYPRESS 50,,1
N111045,CYPRESS 51 1,,CYPRESS 51,,1
N111046,CYPRESS 51 2,,CYPRESS 51,,1
N111047,CYPRESS 52 1,,CYPRESS 52,,1
N111048,CYPRESS 53 1,,CYPRESS 53,,1
N111049,CYPRESS 53 2,,CYPRESS 53,,1
N111050,SPRING 23 1,,SPRING 23,,1
N111051,SPRING 24 1,,SPRING 24,,1
N111052,SPRING 24 2,,SPRING 24,,1
N111053,SPRING 25 1,,SPRING 25,,1
N111054,SPRING 25 2,,SPRING 25,,1
N111055,SPRING 26 1,,SPRING 26,,1
N111056,SPRING 26 2,,SPRING 26,,1
N111057,SPRING 27 1,,SPRING 27,,1
N111058,SPRING 27 2,,SPRING 27,,1
N111059,SPRING 28 1,,SPRING 28,,1
N111060,SPRING 29 1,,SPRING 29,,1
N111061,SPRING 30 1,,SPRING 30,,1
N111062,SPRING 30 2,,SPRING 30,,1
N111063,SPRING 30 3,,SPRING 30,,1
N111064,SPRING 30 4,,SPRING 30,,1
N111065,SPRING 31 1,,SPRING 31,,1
N111066,HUMBLE 11 1,,HUMBLE 11,,1
N111067,SPRING 32 1,,SPRING 32,,1
N111068,SPRING 32 2,,SPRING 32,,1
N111069,SPRING 32 3,,SPRING 32,,1
N111070,SPRING 32 4,,SPRING 32,,1
N111071,SPRING 32 5,,SPRING 32,,1
N111072,HUMBLE 12 1,,HUMBLE 12,,1
N111073,HUMBLE 12 2,,HUMBLE 12,,1
N111074,SPRING 33 1,,SPRING 33,,1
N111075,SANTA FE 1 1,,SANTA FE 1,,1
N111076,SANTA FE 2 1,,SANTA FE 2,,1
N111077,DICKINSON 2 1,,DICKINSON 2,,1
N111078,SANTA FE 3 1,,SANTA FE 3,,1
N111079,SANTA FE 3 2,,SANTA FE 3,,1
N111080,SANTA FE 4 1,,SANTA FE 4,,1
N111081,HITCHCOCK 4 1,,HITCHCOCK 4,,1
N111082,DICKINSON 3 1,,DICKINSON 3,,1
N111083,DICKINSON 3 2,,DICKINSON 3,,1
N111084,SANTA FE 5 1,,SANTA FE 5,,1
N111085,TEXAS CITY 2 1,,TEXAS CITY 2,,1
N111086,LA MARQUE 1 1,,LA MARQUE 1,,1
N111087,BACLIFF 2 1,,BACLIFF 2,,1
N111088,LA MARQUE 2 1,,LA MARQUE 2,,1
N111089,LA MARQUE 2 2,,LA MARQUE 2,,1
N111090,TEXAS CITY 3 1,,TEXAS CITY 3,,1
N111091,LA MARQUE 3 1,,LA MARQUE 3,,1
N111092,LA MARQUE 4 1,,LA MARQUE 4,,1
N111093,TEXAS CITY 4 1,,TEXAS CITY 4,,1
N111094,DICKINSON 4 1,,DICKINSON 4,,1
N111095,TEXAS CITY 5 1,,TEXAS CITY 5,,1
N111096,PASADENA 1 1,,PASADENA 1,,1
N111097,PASADENA 1 2,,PASADENA 1,,1
N111098,SOUTH HOUSTON 4 1,,SOUTH HOUSTON 4,,1
N111099,SOUTH HOUSTON 4 2,,SOUTH HOUSTON 4,,1
N111100,PASADENA 2 1,,PASADENA 2,,1
N111101,PASADENA 2 2,,PASADENA 2,,1
N111102,PASADENA 2 3,,PASADENA 2,,1
N111103,PASADENA 2 4,,PASADENA 2,,1
N111104,SOUTH HOUSTON 5 1,,SOUTH HOUSTON 5,,1
N111105,PASADENA 3 1,,PASADENA 3,,1
N111106,PASADENA 3 2,,PASADENA 3,,1
N111107,SOUTH HOUSTON 6 1,,SOUTH HOUSTON 6,,1
N111108,SOUTH HOUSTON 7 1,,SOUTH HOUSTON 7,,1
N111109,PASADENA 4 1,,PASADENA 4,,1
N111110,GALENA PARK 14 1,,GALENA PARK 14,,1
N111111,SOUTH HOUSTON 8 1,,SOUTH HOUSTON 8,,1
N111112,SOUTH HOUSTON 9 1,,SOUTH HOUSTON 9,,1
N111113,GALENA PARK 15 1,,GALENA PARK 15,,1
N111114,GALENA PARK 15 2,,GALENA PARK 15,,1
N111115,SOUTH HOUSTON 10 1,,SOUTH HOUSTON 10,,1
N111116,PASADENA 5 1,,PASADENA 5,,1
N111117,GALENA PARK 16 1,,GALENA PARK 16,,1
N111118,GALENA PARK 16 2,,GALENA PARK 16,,1
N111119,GALENA PARK 16 3,,GALENA PARK 16,,1
N111120,GALENA PARK 16 4,,GALENA PARK 16,,1
N111121,GALENA PARK 17 1,,GALENA PARK 17,,1
N111122,SOUTH HOUSTON 11 1,,SOUTH HOUSTON 11,,1
N111123,SOUTH HOUSTON 11 2,,SOUTH HOUSTON 11,,1
N111124,PASADENA 6 1,,PASADENA 6,,1
N111125,STOWELL 3 1,,STOWELL 3,,1
N111126,HIGH ISLAND 1 1,,HIGH ISLAND 1,,1
N111127,ANAHUAC 3 1,,ANAHUAC 3,,1
N111128,ROSHARON 2 1,,ROSHARON 2,,1
N111129,MISSOURI CITY 8 1,,MISSOURI CITY 8,,1
N111130,MISSOURI CITY 9 1,,MISSOURI CITY 9,,1
N111131,MISSOURI CITY 9 2,,MISSOURI CITY 9,,1
N111132,ROSHARON 3 1,,ROSHARON 3,,1
N111133,FRESNO 7 1,,FRESNO 7,,1
N111134,FRESNO 8 1,,FRESNO 8,,1
N111135,FRESNO 9 1,,FRESNO 9,,1
N111136,FRESNO 9 2,,FRESNO 9,,1
N111137,MANVEL 5 1,,MANVEL 5,,1
N111138,MANVEL 5 2,,MANVEL 5,,1
N111139,ROSHARON 4 1,,ROSHARON 4,,1
N111140,THOMPSONS 5 1,,THOMPSONS 5,,1
N111141,THOMPSONS 5 2,,THOMPSONS 5,,1
N111142,MISSOURI CITY 10 1,,MISSOURI CITY 10,,1
N111143,ROSHARON 5 1,,ROSHARON 5,,1
N111144,ROSHARON 5 2,,ROSHARON 5,,1
N111145,ROSHARON 5 3,,ROSHARON 5,,1
N111146,ROSHARON 5 4,,ROSHARON 5,,1
N111147,KATY 86 1,,KATY 86,,1
N111148,KATY 86 2,,KATY 86,,1
N111149,SUGAR LAND 67 1,,SUGAR LAND 67,,1
N111150,STAFFORD 18 1,,STAFFORD 18,,1
N111151,STAFFORD 18 2,,STAFFORD 18,,1
N111152,SUGAR LAND 68 1,,SUGAR LAND 68,,1
N111153,SUGAR LAND 69 1,,SUGAR LAND 69,,1
N111154,STAFFORD 19 1,,STAFFORD 19,,1
N111155,STAFFORD 19 2,,STAFFORD 19,,1
N111156,STAFFORD 20 1,,STAFFORD 20,,1
N111157,STAFFORD 20 2,,STAFFORD 20,,1
N111158,STAFFORD 20 3,,STAFFORD 20,,1
N111159,STAFFORD 20 4,,STAFFORD 20,,1
N111160,STAFFORD 21 1,,STAFFORD 21,,1
N111161,STAFFORD 21 2,,STAFFORD 21,,1
N111162,STAFFORD 22 1,,STAFFORD 22,,1
N111163,STAFFORD 23 1,,STAFFORD 23,,1
N111164,SUGAR LAND 70 1,,SUGAR LAND 70,,1
N111165,SUGAR LAND 71 1,,SUGAR LAND 71,,1
N111166,SUGAR LAND 72 1,,SUGAR LAND 72,,1
N111167,SUGAR LAND 73 1,,SUGAR LAND 73,,1
N111168,SUGAR LAND 73 2,,SUGAR LAND 73,,1
N111169,SUGAR LAND 74 1,,SUGAR LAND 74,,1
N111170,SUGAR LAND 74 2,,SUGAR LAND 74,,1
N111171,SUGAR LAND 75 1,,SUGAR LAND 75,,1
N111172,SUGAR LAND 75 2,,SUGAR LAND 75,,1
N111173,SUGAR LAND 75 3,,SUGAR LAND 75,,1
N111174,SUGAR LAND 76 1,,SUGAR LAND 76,,1
N111175,SUGAR LAND 76 2,,SUGAR LAND 76,,1
N111176,SUGAR LAND 77 1,,SUGAR LAND 77,,1
N111177,SUGAR LAND 77 2,,SUGAR LAND 77,,1
N111178,NEW WAVERLY 5 1,,NEW WAVERLY 5,,1
N111179,BAYTOWN 10 1,,BAYTOWN 10,,1
N111180,BAYTOWN 10 2,,BAYTOWN 10,,1
N111181,BAYTOWN 10 3,,BAYTOWN 10,,1
N111182,GALENA PARK 18 1,,GALENA PARK 18,,1
N111183,GALENA PARK 18 2,,GALENA PARK 18,,1
N111184,GALENA PARK 18 3,,GALENA PARK 18,,1
N111185,GALENA PARK 18 4,,GALENA PARK 18,,1
N111186,GALENA PARK 18 5,,GALENA PARK 18,,1
N111187,GALENA PARK 18 6,,GALENA PARK 18,,1
N111188,GALENA PARK 18 7,,GALENA PARK 18,,1
N111189,CYPRESS 54 1,,CYPRESS 54,,1
N111190,CYPRESS 54 2,,CYPRESS 54,,1
N111191,CYPRESS 54 3,,CYPRESS 54,,1
N111192,CYPRESS 54 4,,CYPRESS 54,,1
N111193,CYPRESS 54 5,,CYPRESS 54,,1
N111194,CYPRESS 54 6,,CYPRESS 54,,1
N111195,CYPRESS 54 7,,CYPRESS 54,,1
N111196,CYPRESS 54 8,,CYPRESS 54,,1
N111197,CYPRESS 54 9,,CYPRESS 54,,1
N111198,CYPRESS 54 10,,CYPRESS 54,,1
N111199,CYPRESS 54 11,,CYPRESS 54,,1
N111200,CYPRESS 54 12,,CYPRESS 54,,1
N111201,CYPRESS 54 13,,CYPRESS 54,,1
N111202,CYPRESS 54 14,,CYPRESS 54,,1
N111203,CYPRESS 54 15,,CYPRESS 54,,1
N111204,CYPRESS 54 16,,CYPRESS 54,,1
N111205,CYPRESS 54 17,,CYPRESS 54,,1
N111206,CYPRESS 54 18,,CYPRESS 54,,1
N111207,THOMPSONS 6 1,,THOMPSONS 6,,1
N111208,THOMPSONS 6 2,,THOMPSONS 6,,1
N111209,THOMPSONS 6 3,,THOMPSONS 6,,1
N111210,THOMPSONS 6 4,,THOMPSONS 6,,1
N111211,THOMPSONS 6 5,,THOMPSONS 6,,1
N111212,THOMPSONS 6 6,,THOMPSONS 6,,1
N111213,THOMPSONS 6 7,,THOMPSONS 6,,1
N111214,THOMPSONS 6 8,,THOMPSONS 6,,1
N111215,THOMPSONS 6 9,,THOMPSONS 6,,1
N111216,ELMATON 3 1,,ELMATON 3,,1
N111217,ELMATON 3 2,,ELMATON 3,,1
N111218,ELMATON 3 3,,ELMATON 3,,1
N111219,LA PORTE 9 1,,LA PORTE 9,,1
N111220,LA PORTE 9 2,,LA PORTE 9,,1
N111221,LA PORTE 9 3,,LA PORTE 9,,1
N111222,LIVERPOOL 4 1,,LIVERPOOL 4,,1
N111223,LIVERPOOL 4 2,,LIVERPOOL 4,,1
N111224,MONT BELVIEU 4 1,,MONT BELVIEU 4,,1
N111225,MONT BELVIEU 4 2,,MONT BELVIEU 4,,1
N111226,MONT BELVIEU 4 3,,MONT BELVIEU 4,,1
N111227,MONT BELVIEU 4 4,,MONT BELVIEU 4,,1
N111228,MONT BELVIEU 4 5,,MONT BELVIEU 4,,1
N111229,MONT BELVIEU 4 6,,MONT BELVIEU 4,,1
N111230,SEABROOK 8 1,,SEABROOK 8,,1
N111231,SEABROOK 8 2,,SEABROOK 8,,1
N111232,SEABROOK 8 3,,SEABROOK 8,,1
N111233,SEABROOK 8 4,,SEABROOK 8,,1
N111234,SEABROOK 8 5,,SEABROOK 8,,1
N111235,LIVERPOOL 5 1,,LIVERPOOL 5,,1
N111236,LIVERPOOL 5 2,,LIVERPOOL 5,,1
N111237,LIVERPOOL 5 3,,LIVERPOOL 5,,1
N111238,LIVERPOOL 5 4,,LIVERPOOL 5,,1
N111239,LIVERPOOL 5 5,,LIVERPOOL 5,,1
N111240,BAYTOWN 11 1,,BAYTOWN 11,,1
N111241,BAYTOWN 11 2,,BAYTOWN 11,,1
N111242,BAYTOWN 11 3,,BAYTOWN 11,,1
N111243,BAYTOWN 11 4,,BAYTOWN 11,,1
N111244,BAYTOWN 11 5,,BAYTOWN 11,,1
N111245,BAYTOWN 12 1,,BAYTOWN 12,,1
N111246,BAYTOWN 12 2,,BAYTOWN 12,,1
N111247,BAYTOWN 12 3,,BAYTOWN 12,,1
N111248,BAYTOWN 12 4,,BAYTOWN 12,,1
N111249,BAYTOWN 12 5,,BAYTOWN 12,,1
N111250,DEER PARK 12 1,,DEER PARK 12,,1
N111251,DEER PARK 12 2,,DEER PARK 12,,1
N111252,DEER PARK 12 3,,DEER PARK 12,,1
N111253,DEER PARK 12 4,,DEER PARK 12,,1
N111254,DEER PARK 12 5,,DEER PARK 12,,1
N111255,HOUSTON 49 1,,HOUSTON 49,,1
N111256,HOUSTON 49 2,,HOUSTON 49,,1
N111257,HOUSTON 49 3,,HOUSTON 49,,1
N111258,HOUSTON 49 4,,HOUSTON 49,,1
N111259,BOLING 1 1,,BOLING 1,,1
N111260,BOLING 1 2,,BOLING 1,,1
N111261,TEXAS CITY 6 1,,TEXAS CITY 6,,1
N111262,TEXAS CITY 6 2,,TEXAS CITY 6,,1
N111263,GALENA PARK 19 1,,GALENA PARK 19,,1
N111264,GALENA PARK 19 2,,GALENA PARK 19,,1
N111265,DEER PARK 13 1,,DEER PARK 13,,1
N111266,DEER PARK 13 2,,DEER PARK 13,,1
N111267,DEER PARK 13 3,,DEER PARK 13,,1
N111268,DEER PARK 13 4,,DEER PARK 13,,1
N111269,CHANNELVIEW 13 1,,CHANNELVIEW 13,,1
N111270,CHANNELVIEW 13 2,,CHANNELVIEW 13,,1
N111271,CHANNELVIEW 13 3,,CHANNELVIEW 13,,1
N111272,CHANNELVIEW 13 4,,CHANNELVIEW 13,,1
N111273,CHANNELVIEW 13 5,,CHANNELVIEW 13,,1
N111274,CHANNELVIEW 13 6,,CHANNELVIEW 13,,1
N111275,CHANNELVIEW 13 7,,CHANNELVIEW 13,,1
N111276,CHANNELVIEW 13 8,,CHANNELVIEW 13,,1
N111277,GALENA PARK 20 1,,GALENA PARK 20,,1
N111278,GALENA PARK 20 2,,GALENA PARK 20,,1
N111279,TEXAS CITY 7 1,,TEXAS CITY 7,,1
N111280,TEXAS CITY 7 2,,TEXAS CITY 7,,1
N111281,TEXAS CITY 7 3,,TEXAS CITY 7,,1
N111282,TEXAS CITY 7 4,,TEXAS CITY 7,,1
N111283,TEXAS CITY 7 5,,TEXAS CITY 7,,1
N111284,CLUTE 5 1,,CLUTE 5,,1
N111285,CLUTE 5 2,,CLUTE 5,,1
N111286,CLUTE 5 3,,CLUTE 5,,1
N111287,CLUTE 5 4,,CLUTE 5,,1
N111288,CLUTE 5 5,,CLUTE 5,,1
N111289,CLUTE 5 6,,CLUTE 5,,1
N111290,CLUTE 5 7,,CLUTE 5,,1
N111291,CLUTE 5 8,,CLUTE 5,,1
N111292,CLUTE 5 9,,CLUTE 5,,1
N111293,TEXAS CITY 8 1,,TEXAS CITY 8,,1
N111294,TEXAS CITY 8 2,,TEXAS CITY 8,,1
N111295,TEXAS CITY 8 3,,TEXAS CITY 8,,1
N111296,TEXAS CITY 8 4,,TEXAS CITY 8,,1
N111297,TEXAS CITY 8 5,,TEXAS CITY 8,,1
N111298,SUGAR LAND 78 1,,SUGAR LAND 78,,1
N111299,SUGAR LAND 78 2,,SUGAR LAND 78,,1
N111300,FREEPORT 2 1,,FREEPORT 2,,1
N111301,FREEPORT 2 2,,FREEPORT 2,,1
N111302,FREEPORT 2 3,,FREEPORT 2,,1
N111303,FREEPORT 2 4,,FREEPORT 2,,1
N111304,FREEPORT 2 5,,FREEPORT 2,,1
N111305,SWEENY 5 1,,SWEENY 5,,1
N111306,SWEENY 5 2,,SWEENY 5,,1
N111307,SWEENY 5 3,,SWEENY 5,,1
N111308,SWEENY 5 4,,SWEENY 5,,1
N111309,SWEENY 5 5,,SWEENY 5,,1
N111310,PASADENA 7 1,,PASADENA 7,,1
N111311,PASADENA 7 2,,PASADENA 7,,1
N111312,PASADENA 7 3,,PASADENA 7,,1
N111313,PASADENA 7 4,,PASADENA 7,,1
N111314,PASADENA 7 5,,PASADENA 7,,1
N111315,PASADENA 7 6,,PASADENA 7,,1
N111316,PASADENA 7 7,,PASADENA 7,,1
N111317,CHANNELVIEW 14 1,,CHANNELVIEW 14,,1
N111318,CHANNELVIEW 14 2,,CHANNELVIEW 14,,1
N111319,CHANNELVIEW 14 3,,CHANNELVIEW 14,,1
N111320,CHANNELVIEW 14 4,,CHANNELVIEW 14,,1
N111321,CHANNELVIEW 14 5,,CHANNELVIEW 14,,1
N111322,CHANNELVIEW 14 6,,CHANNELVIEW 14,,1
N111323,GALENA PARK 21 1,,GALENA PARK 21,,1
N111324,GALENA PARK 21 2,,GALENA PARK 21,,1
N111325,GALENA PARK 21 3,,GALENA PARK 21,,1
N111326,GALENA PARK 21 4,,GALENA PARK 21,,1
N111327,GALENA PARK 21 5,,GALENA PARK 21,,1
N111328,CLUTE 6 1,,CLUTE 6,,1
N111329,CLUTE 6 2,,CLUTE 6,,1
N111330,CLUTE 6 3,,CLUTE 6,,1
N111331,CLUTE 6 4,,CLUTE 6,,1
N111332,BAYTOWN 13 1,,BAYTOWN 13,,1
N111333,BAYTOWN 13 2,,BAYTOWN 13,,1
N111334,BAYTOWN 13 3,,BAYTOWN 13,,1
N111335,BAYTOWN 13 4,,BAYTOWN 13,,1
N111336,BAYTOWN 13 5,,BAYTOWN 13,,1
N111337,THOMPSONS 7 1,,THOMPSONS 7,,1
N111338,THOMPSONS 7 2,,THOMPSONS 7,,1
N111339,THOMPSONS 7 3,,THOMPSONS 7,,1
N111340,THOMPSONS 7 4,,THOMPSONS 7,,1
N111341,THOMPSONS 7 5,,THOMPSONS 7,,1
N111342,LA PORTE 10 1,,LA PORTE 10,,1
N111343,LA PORTE 10 2,,LA PORTE 10,,1
N111344,LA PORTE 10 3,,LA PORTE 10,,1
N111345,LA PORTE 10 4,,LA PORTE 10,,1
N111346,DEER PARK 14 1,,DEER PARK 14,,1
N111347,DEER PARK 14 2,,DEER PARK 14,,1
N111348,DEER PARK 14 3,,DEER PARK 14,,1
N111349,DEER PARK 14 4,,DEER PARK 14,,1
N111350,DEER PARK 14 5,,DEER PARK 14,,1
N111351,DEER PARK 14 6,,DEER PARK 14,,1
N111352,DEER PARK 14 7,,DEER PARK 14,,1
N111353,TEXAS CITY 9 1,,TEXAS CITY 9,,1
N111354,TEXAS CITY 9 2,,TEXAS CITY 9,,1
N111355,TEXAS CITY 9 3,,TEXAS CITY 9,,1
N111356,TEXAS CITY 9 4,,TEXAS CITY 9,,1
N111357,TEXAS CITY 9 5,,TEXAS CITY 9,,1
N111358,TEXAS CITY 9 6,,TEXAS CITY 9,,1
N111359,CLUTE 7 1,,CLUTE 7,,1
N111360,CLUTE 7 2,,CLUTE 7,,1
N111361,CLUTE 7 3,,CLUTE 7,,1
N111362,WHARTON 3 1,,WHARTON 3,,1
N111363,WHARTON 3 2,,WHARTON 3,,1
N111364,WHARTON 3 3,,WHARTON 3,,1
N111365,WHARTON 3 4,,WHARTON 3,,1
N111366,WHARTON 3 5,,WHARTON 3,,1
N111367,WHARTON 3 6,,WHARTON 3,,1
N111368,WHARTON 3 7,,WHARTON 3,,1
N111369,WHARTON 3 8,,WHARTON 3,,1
N111370,BAYTOWN 14 1,,BAYTOWN 14,,1
N111371,BAYTOWN 14 2,,BAYTOWN 14,,1
N111372,BAYTOWN 14 3,,BAYTOWN 14,,1
N111373,BAYTOWN 14 4,,BAYTOWN 14,,1
N111374,BAYTOWN 14 5,,BAYTOWN 14,,1
N111375,MONT BELVIEU 5 1,,MONT BELVIEU 5,,1
N111376,MONT BELVIEU 5 2,,MONT BELVIEU 5,,1
N111377,HOUSTON 50 1,,HOUSTON 50,,1
N111378,HOUSTON 50 2,,HOUSTON 50,,1
N111379,GALENA PARK 22 1,,GALENA PARK 22,,1
N111380,GALENA PARK 22 2,,GALENA PARK 22,,1
N111381,THOMPSONS 8 1,,THOMPSONS 8,,1
N111382,THOMPSONS 8 2,,THOMPSONS 8,,1
N111383,GALENA PARK 23 1,,GALENA PARK 23,,1
N111384,GALENA PARK 23 2,,GALENA PARK 23,,1
N111385,FREEPORT 3 1,,FREEPORT 3,,1
N111386,FREEPORT 3 2,,FREEPORT 3,,1
N111387,HOUSTON 51 1,,HOUSTON 51,,1
N111388,HOUSTON 51 2,,HOUSTON 51,,1
N111389,WHARTON 4 1,,WHARTON 4,,1
N111390,WHARTON 4 2,,WHARTON 4,,1
N111391,WHARTON 4 3,,WHARTON 4,,1
N111392,WHARTON 4 4,,WHARTON 4,,1
N111393,BACLIFF 3 1,,BACLIFF 3,,1
N111394,BACLIFF 3 2,,BACLIFF 3,,1
N111395,BACLIFF 3 3,,BACLIFF 3,,1
N111396,BACLIFF 3 4,,BACLIFF 3,,1
N111397,BACLIFF 3 5,,BACLIFF 3,,1
N111398,BACLIFF 3 6,,BACLIFF 3,,1
N111399,BACLIFF 3 7,,BACLIFF 3,,1
N111400,BACLIFF 3 8,,BACLIFF 3,,1
N111401,CROSBY 6 1,,CROSBY 6,,1
N111402,CROSBY 6 2,,CROSBY 6,,1
N111403,BELLAIRE 43 1,,BELLAIRE 43,,1
N111404,BELLAIRE 43 2,,BELLAIRE 43,,1
N111405,SEALY 5 1,,SEALY 5,,1
N111406,SEALY 5 2,,SEALY 5,,1
N111407,WALLIS 2 1,,WALLIS 2,,1
N111408,WALLIS 2 2,,WALLIS 2,,1
N111409,ORCHARD 2 1,,ORCHARD 2,,1
N111410,ORCHARD 2 2,,ORCHARD 2,,1
N111411,LANE CITY 3 1,,LANE CITY 3,,1
N111412,LANE CITY 3 2,,LANE CITY 3,,1
N111413,WEBSTER 10 1,,WEBSTER 10,,1
N111414,WEBSTER 10 2,,WEBSTER 10,,1
N111415,WEBSTER 10 3,,WEBSTER 10,,1
N111416,WEBSTER 10 4,,WEBSTER 10,,1
N120001,KNIPPA 1 1,,KNIPPA 1,,1
N120002,SABINAL 1 1,,SABINAL 1,,1
N120003,BRACKETTVILLE 1 1,,BRACKETTVILLE 1,,1
N120004,BRACKETTVILLE 2 1,,BRACKETTVILLE 2,,1
N120005,BRACKETTVILLE 3 1,,BRACKETTVILLE 3,,1
N120006,CAMP WOOD 1 1,,CAMP WOOD 1,,1
N120007,KNIPPA 2 1,,KNIPPA 2,,1
N120008,LEAKEY 1 1,,LEAKEY 1,,1
N120009,LEAKEY 2 1,,LEAKEY 2,,1
N120010,KNIPPA 3 1,,KNIPPA 3,,1
N120011,UVALDE 1 1,,UVALDE 1,,1
N120012,HARPER 1 1,,HARPER 1,,1
N120013,CALLIHAM 1 1,,CALLIHAM 1,,1
N120014,PAWNEE 1 1,,PAWNEE 1,,1
N120015,BATESVILLE 1 1,,BATESVILLE 1,,1
N120016,LA PRYOR 1 1,,LA PRYOR 1,,1
N120017,LA COSTE 1 1,,LA COSTE 1,,1
N120018,LEMING 1 1,,LEMING 1,,1
N120019,PLEASANTON 1 1,,PLEASANTON 1,,1
N120020,FALLS CITY 1 1,,FALLS CITY 1,,1
N120021,JOURDANTON 1 1,,JOURDANTON 1,,1
N120022,RIO MEDINA 1 1,,RIO MEDINA 1,,1
N120023,HONDO 1 1,,HONDO 1,,1
N120024,D HANIS 1 1,,D HANIS 1,,1
N120025,HONDO 2 1,,HONDO 2,,1
N120026,HONDO 3 1,,HONDO 3,,1
N120027,YANCEY 1 1,,YANCEY 1,,1
N120028,PEARSALL 1 1,,PEARSALL 1,,1
N120029,YANCEY 2 1,,YANCEY 2,,1
N120030,CASTROVILLE 1 1,,CASTROVILLE 1,,1
N120031,RIO MEDINA 2 1,,RIO MEDINA 2,,1
N120032,RIO MEDINA 2 2,,RIO MEDINA 2,,1
N120033,DEVINE 1 1,,DEVINE 1,,1
N120034,DEVINE 2 1,,DEVINE 2,,1
N120035,DEVINE 3 1,,DEVINE 3,,1
N120036,SOMERSET 1 1,,SOMERSET 1,,1
N120037,NATALIA 1 1,,NATALIA 1,,1
N120038,MOORE 1 1,,MOORE 1,,1
N120039,YANCEY 3 1,,YANCEY 3,,1
N120040,MOORE 2 1,,MOORE 2,,1
N120041,POTEET 1 1,,POTEET 1,,1
N120042,POTEET 2 1,,POTEET 2,,1
N120043,LEMING 2 1,,LEMING 2,,1
N120044,POTEET 3 1,,POTEET 3,,1
N120045,LEMING 3 1,,LEMING 3,,1
N120046,BATESVILLE 2 1,,BATESVILLE 2,,1
N120047,PEARSALL 2 1,,PEARSALL 2,,1
N120048,PEARSALL 3 1,,PEARSALL 3,,1
N120049,DILLEY 1 1,,DILLEY 1,,1
N120050,DILLEY 2 1,,DILLEY 2,,1
N120051,DILLEY 3 1,,DILLEY 3,,1
N120052,CHARLOTTE 1 1,,CHARLOTTE 1,,1
N120053,CHRISTINE 1 1,,CHRISTINE 1,,1
N120054,JOURDANTON 2 1,,JOURDANTON 2,,1
N120055,CHRISTINE 2 1,,CHRISTINE 2,,1
N120056,PLEASANTON 2 1,,PLEASANTON 2,,1
N120057,CAMPBELLTON 1 1,,CAMPBELLTON 1,,1
N120058,BIGFOOT 1 1,,BIGFOOT 1,,1
N120059,LYTLE 1 1,,LYTLE 1,,1
N120060,CHARLOTTE 2 1,,CHARLOTTE 2,,1
N120061,PLEASANTON 3 1,,PLEASANTON 3,,1
N120062,CHARLOTTE 3 1,,CHARLOTTE 3,,1
N120063,WHITSETT 1 1,,WHITSETT 1,,1
N120064,D HANIS 2 1,,D HANIS 2,,1
N120065,CHRISTINE 3 1,,CHRISTINE 3,,1
N120066,LYTLE 2 1,,LYTLE 2,,1
N120067,PEARSALL 4 1,,PEARSALL 4,,1
N120068,BATESVILLE 3 1,,BATESVILLE 3,,1
N120069,HONDO 4 1,,HONDO 4,,1
N120070,HONDO 5 1,,HONDO 5,,1
N120071,DILLEY 4 1,,DILLEY 4,,1
N120072,YANCEY 4 1,,YANCEY 4,,1
N120073,BIGFOOT 2 1,,BIGFOOT 2,,1
N120074,KENDALIA 1 1,,KENDALIA 1,,1
N120075,DOSS 1 1,,DOSS 1,,1
N120076,WILLOW CITY 1 1,,WILLOW CITY 1,,1
N120077,FREDERICKSBURG 1 1,,FREDERICKSBURG 1,,1
N120078,FREDERICKSBURG 2 1,,FREDERICKSBURG 2,,1
N120079,FREDERICKSBURG 3 1,,FREDERICKSBURG 3,,1
N120080,FREDERICKSBURG 4 1,,FREDERICKSBURG 4,,1
N120081,STONEWALL 1 1,,STONEWALL 1,,1
N120082,COMFORT 1 1,,COMFORT 1,,1
N120083,BOERNE 1 1,,BOERNE 1,,1
N120084,BOERNE 2 1,,BOERNE 2,,1
N120085,BERGHEIM 1 1,,BERGHEIM 1,,1
N120086,BOERNE 3 1,,BOERNE 3,,1
N120087,FREDERICKSBURG 5 1,,FREDERICKSBURG 5,,1
N120088,DOSS 2 1,,DOSS 2,,1
N120089,FREDERICKSBURG 6 1,,FREDERICKSBURG 6,,1
N120090,FREDERICKSBURG 7 1,,FREDERICKSBURG 7,,1
N120091,KERRVILLE 1 1,,KERRVILLE 1,,1
N120092,COMFORT 2 1,,COMFORT 2,,1
N120093,INGRAM 1 1,,INGRAM 1,,1
N120094,HARPER 2 1,,HARPER 2,,1
N120095,HARPER 3 1,,HARPER 3,,1
N120096,INGRAM 2 1,,INGRAM 2,,1
N120097,KERRVILLE 2 1,,KERRVILLE 2,,1
N120098,HUNT 1 1,,HUNT 1,,1
N120099,HUNT 2 1,,HUNT 2,,1
N120100,INGRAM 3 1,,INGRAM 3,,1
N120101,INGRAM 4 1,,INGRAM 4,,1
N120103,MEDINA 1 1,,MEDINA 1,,1
N120104,BANDERA 1 1,,BANDERA 1,,1
N120105,VANDERPOOL 1 1,,VANDERPOOL 1,,1
N120106,BANDERA 2 1,,BANDERA 2,,1
N120107,HONDO 6 1,,HONDO 6,,1
N120108,TARPLEY 1 1,,TARPLEY 1,,1
N120109,COMFORT 3 1,,COMFORT 3,,1
N120110,COMFORT 4 1,,COMFORT 4,,1
N120111,PIPE CREEK 1 1,,PIPE CREEK 1,,1
N120112,PIPE CREEK 2 1,,PIPE CREEK 2,,1
N120113,PIPE CREEK 3 1,,PIPE CREEK 3,,1
N120114,BANDERA 3 1,,BANDERA 3,,1
N120115,MICO 1 1,,MICO 1,,1
N120116,MOUNTAIN HOME 1 1,,MOUNTAIN HOME 1,,1
N120117,MOUNTAIN HOME 2 1,,MOUNTAIN HOME 2,,1
N120118,CENTER POINT 1 1,,CENTER POINT 1,,1
N120119,MOUNTAIN HOME 3 1,,MOUNTAIN HOME 3,,1
N120120,KERRVILLE 3 1,,KERRVILLE 3,,1
N120121,UTOPIA 1 1,,UTOPIA 1,,1
N120122,HONDO 7 1,,HONDO 7,,1
N120123,MEDINA 2 1,,MEDINA 2,,1
N120124,HARPER 4 1,,HARPER 4,,1
N120125,TARPLEY 2 1,,TARPLEY 2,,1
N120126,SABINAL 2 1,,SABINAL 2,,1
N120127,COMFORT 5 1,,COMFORT 5,,1
N120128,INGRAM 5 1,,INGRAM 5,,1
N120129,HONDO 8 1,,HONDO 8,,1
N120130,LA VERNIA 1 1,,LA VERNIA 1,,1
N120131,ADKINS 1 1,,ADKINS 1,,1
N120132,ADKINS 2 1,,ADKINS 2,,1
N120133,SUTHERLAND SPRINGS 1 1,,SUTHERLAND SPRINGS 1,,1
N120134,STOCKDALE 1 1,,STOCKDALE 1,,1
N120135,ELMENDORF 1 1,,ELMENDORF 1,,1
N120136,FLORESVILLE 1 1,,FLORESVILLE 1,,1
N120137,POTH 1 1,,POTH 1,,1
N120138,HOBSON 1 1,,HOBSON 1,,1
N120139,POTH 2 1,,POTH 2,,1
N120140,STOCKDALE 2 1,,STOCKDALE 2,,1
N120141,HOBSON 2 1,,HOBSON 2,,1
N120142,KARNES CITY 1 1,,KARNES CITY 1,,1
N120143,FALLS CITY 2 1,,FALLS CITY 2,,1
N120144,FALLS CITY 3 1,,FALLS CITY 3,,1
N120145,FLORESVILLE 2 1,,FLORESVILLE 2,,1
N120146,SAINT HEDWIG 1 1,,SAINT HEDWIG 1,,1
N120147,BOERNE 4 1,,BOERNE 4,,1
N120148,BOERNE 5 1,,BOERNE 5,,1
N120149,BOERNE 5 2,,BOERNE 5,,1
N120150,BOERNE 6 1,,BOERNE 6,,1
N120151,KERRVILLE 4 1,,KERRVILLE 4,,1
N120152,KERRVILLE 4 2,,KERRVILLE 4,,1
N120153,KERRVILLE 5 1,,KERRVILLE 5,,1
N120154,BOERNE 7 1,,BOERNE 7,,1
N120155,HARPER 5 1,,HARPER 5,,1
N120156,KERRVILLE 6 1,,KERRVILLE 6,,1
N120157,FREDERICKSBURG 8 1,,FREDERICKSBURG 8,,1
N120158,FREDERICKSBURG 9 1,,FREDERICKSBURG 9,,1
N120159,FREDERICKSBURG 10 1,,FREDERICKSBURG 10,,1
N120160,INGRAM 6 1,,INGRAM 6,,1
N120161,KERRVILLE 7 1,,KERRVILLE 7,,1
N120162,KERRVILLE 8 1,,KERRVILLE 8,,1
N120163,KERRVILLE 9 1,,KERRVILLE 9,,1
N120164,COMFORT 6 1,,COMFORT 6,,1
N120165,COMFORT 7 1,,COMFORT 7,,1
N120166,BERGHEIM 2 1,,BERGHEIM 2,,1
N120167,BOERNE 8 1,,BOERNE 8,,1
N120168,BANDERA 4 1,,BANDERA 4,,1
N120169,BANDERA 5 1,,BANDERA 5,,1
N120170,PIPE CREEK 4 1,,PIPE CREEK 4,,1
N120171,PIPE CREEK 5 1,,PIPE CREEK 5,,1
N120172,MICO 2 1,,MICO 2,,1
N120173,MEDINA 3 1,,MEDINA 3,,1
N120174,NATALIA 2 1,,NATALIA 2,,1
N120175,PEARSALL 5 1,,PEARSALL 5,,1
N120176,DILLEY 5 1,,DILLEY 5,,1
N120177,DEVINE 4 1,,DEVINE 4,,1
N120178,D HANIS 3 1,,D HANIS 3,,1
N120179,HONDO 9 1,,HONDO 9,,1
N120180,CASTROVILLE 2 1,,CASTROVILLE 2,,1
N120181,NATALIA 3 1,,NATALIA 3,,1
N120182,MOORE 3 1,,MOORE 3,,1
N120183,POTEET 4 1,,POTEET 4,,1
N120184,POTEET 5 1,,POTEET 5,,1
N120185,LEMING 4 1,,LEMING 4,,1
N120186,PLEASANTON 4 1,,PLEASANTON 4,,1
N120187,PLEASANTON 5 1,,PLEASANTON 5,,1
N120188,CHARLOTTE 4 1,,CHARLOTTE 4,,1
N120189,CASTROVILLE 3 1,,CASTROVILLE 3,,1
N120190,RUNGE 1 1,,RUNGE 1,,1
N120191,KENEDY 1 1,,KENEDY 1,,1
N120192,RUNGE 2 1,,RUNGE 2,,1
N120193,RUNGE 3 1,,RUNGE 3,,1
N120194,PAWNEE 2 1,,PAWNEE 2,,1
N120195,KENEDY 2 1,,KENEDY 2,,1
N120196,NORDHEIM 1 1,,NORDHEIM 1,,1
N120197,FLORESVILLE 3 1,,FLORESVILLE 3,,1
N120198,HOBSON 3 1,,HOBSON 3,,1
N120199,HOBSON 3 2,,HOBSON 3,,1
N120200,HELOTES 1 1,,HELOTES 1,,1
N120201,HELOTES 2 1,,HELOTES 2,,1
N120202,BOERNE 9 1,,BOERNE 9,,1
N120203,HELOTES 3 1,,HELOTES 3,,1
N120204,HELOTES 4 1,,HELOTES 4,,1
N120205,HELOTES 5 1,,HELOTES 5,,1
N120206,HELOTES 5 2,,HELOTES 5,,1
N120207,HELOTES 5 3,,HELOTES 5,,1
N120208,HELOTES 5 4,,HELOTES 5,,1
N120209,HELOTES 6 1,,HELOTES 6,,1
N120210,HELOTES 7 1,,HELOTES 7,,1
N120211,BOERNE 10 1,,BOERNE 10,,1
N120212,BOERNE 10 2,,BOERNE 10,,1
N120213,ELMENDORF 2 1,,ELMENDORF 2,,1
N120214,ELMENDORF 3 1,,ELMENDORF 3,,1
N120215,ELMENDORF 4 1,,ELMENDORF 4,,1
N120216,ELMENDORF 5 1,,ELMENDORF 5,,1
N120217,LEMING 5 1,,LEMING 5,,1
N120218,ELMENDORF 6 1,,ELMENDORF 6,,1
N120219,VON ORMY 1 1,,VON ORMY 1,,1
N120220,ELMENDORF 7 1,,ELMENDORF 7,,1
N120221,VON ORMY 2 1,,VON ORMY 2,,1
N120222,VON ORMY 3 1,,VON ORMY 3,,1
N120223,VON ORMY 3 2,,VON ORMY 3,,1
N120224,VON ORMY 4 1,,VON ORMY 4,,1
N120225,UNIVERSAL CITY 1 1,,UNIVERSAL CITY 1,,1
N120226,SAN ANTONIO 1 1,,SAN ANTONIO 1,,1
N120227,UNIVERSAL CITY 2 1,,UNIVERSAL CITY 2,,1
N120228,UNIVERSAL CITY 2 2,,UNIVERSAL CITY 2,,1
N120229,UNIVERSAL CITY 3 1,,UNIVERSAL CITY 3,,1
N120230,SAN ANTONIO 2 1,,SAN ANTONIO 2,,1
N120231,SAN ANTONIO 3 1,,SAN ANTONIO 3,,1
N120232,SAN ANTONIO 4 1,,SAN ANTONIO 4,,1
N120233,UNIVERSAL CITY 4 1,,UNIVERSAL CITY 4,,1
N120234,UNIVERSAL CITY 5 1,,UNIVERSAL CITY 5,,1
N120235,UNIVERSAL CITY 6 1,,UNIVERSAL CITY 6,,1
N120236,UNIVERSAL CITY 6 2,,UNIVERSAL CITY 6,,1
N120237,UNIVERSAL CITY 7 1,,UNIVERSAL CITY 7,,1
N120238,UNIVERSAL CITY 8 1,,UNIVERSAL CITY 8,,1
N120239,SAN ANTONIO 5 1,,SAN ANTONIO 5,,1
N120240,SAN ANTONIO 5 2,,SAN ANTONIO 5,,1
N120241,SAN ANTONIO 6 1,,SAN ANTONIO 6,,1
N120242,SAN ANTONIO 6 2,,SAN ANTONIO 6,,1
N120243,UNIVERSAL CITY 9 1,,UNIVERSAL CITY 9,,1
N120244,ATASCOSA 1 1,,ATASCOSA 1,,1
N120245,LACKLAND A F B 1 1,,LACKLAND A F B 1,,1
N120246,LACKLAND A F B 1 2,,LACKLAND A F B 1,,1
N120247,LACKLAND A F B 2 1,,LACKLAND A F B 2,,1
N120248,RIO MEDINA 3 1,,RIO MEDINA 3,,1
N120249,RIO MEDINA 3 2,,RIO MEDINA 3,,1
N120250,ATASCOSA 2 1,,ATASCOSA 2,,1
N120251,LACKLAND A F B 3 1,,LACKLAND A F B 3,,1
N120252,LACKLAND A F B 4 1,,LACKLAND A F B 4,,1
N120253,LACKLAND A F B 4 2,,LACKLAND A F B 4,,1
N120254,LACKLAND A F B 5 1,,LACKLAND A F B 5,,1
N120255,ATASCOSA 3 1,,ATASCOSA 3,,1
N120256,SOMERSET 2 1,,SOMERSET 2,,1
N120257,ATASCOSA 4 1,,ATASCOSA 4,,1
N120258,LACKLAND A F B 6 1,,LACKLAND A F B 6,,1
N120259,LACKLAND A F B 6 2,,LACKLAND A F B 6,,1
N120260,LACKLAND A F B 7 1,,LACKLAND A F B 7,,1
N120261,LACKLAND A F B 7 2,,LACKLAND A F B 7,,1
N120262,SAN ANTONIO 7 1,,SAN ANTONIO 7,,1
N120263,SAN ANTONIO 8 1,,SAN ANTONIO 8,,1
N120264,SAN ANTONIO 9 1,,SAN ANTONIO 9,,1
N120265,SAN ANTONIO 10 1,,SAN ANTONIO 10,,1
N120266,SAN ANTONIO 11 1,,SAN ANTONIO 11,,1
N120267,SAN ANTONIO 12 1,,SAN ANTONIO 12,,1
N120268,SAN ANTONIO 13 1,,SAN ANTONIO 13,,1
N120269,SAN ANTONIO 13 2,,SAN ANTONIO 13,,1
N120270,SAN ANTONIO 14 1,,SAN ANTONIO 14,,1
N120271,SAN ANTONIO 15 1,,SAN ANTONIO 15,,1
N120272,SAN ANTONIO 16 1,,SAN ANTONIO 16,,1
N120273,LACKLAND A F B 8 1,,LACKLAND A F B 8,,1
N120274,SAN ANTONIO 17 1,,SAN ANTONIO 17,,1
N120275,SAN ANTONIO 18 1,,SAN ANTONIO 18,,1
N120276,SAN ANTONIO 18 2,,SAN ANTONIO 18,,1
N120277,SAN ANTONIO 19 1,,SAN ANTONIO 19,,1
N120278,SAN ANTONIO 19 2,,SAN ANTONIO 19,,1
N120279,LACKLAND A F B 9 1,,LACKLAND A F B 9,,1
N120280,LACKLAND A F B 9 2,,LACKLAND A F B 9,,1
N120281,SAN ANTONIO 20 1,,SAN ANTONIO 20,,1
N120282,SAN ANTONIO 21 1,,SAN ANTONIO 21,,1
N120283,SAN ANTONIO 22 1,,SAN ANTONIO 22,,1
N120284,SAN ANTONIO 23 1,,SAN ANTONIO 23,,1
N120285,SAN ANTONIO 24 1,,SAN ANTONIO 24,,1
N120286,SAN ANTONIO 25 1,,SAN ANTONIO 25,,1
N120287,SAN ANTONIO 26 1,,SAN ANTONIO 26,,1
N120288,SAN ANTONIO 26 2,,SAN ANTONIO 26,,1
N120289,BULVERDE 1 1,,BULVERDE 1,,1
N120290,BULVERDE 1 2,,BULVERDE 1,,1
N120291,SPRING BRANCH 1 1,,SPRING BRANCH 1,,1
N120292,SPRING BRANCH 2 1,,SPRING BRANCH 2,,1
N120293,SPRING BRANCH 2 2,,SPRING BRANCH 2,,1
N120294,SPRING BRANCH 3 1,,SPRING BRANCH 3,,1
N120295,BULVERDE 2 1,,BULVERDE 2,,1
N120296,BULVERDE 3 1,,BULVERDE 3,,1
N120297,BULVERDE 4 1,,BULVERDE 4,,1
N120298,BULVERDE 5 1,,BULVERDE 5,,1
N120299,SPRING BRANCH 4 1,,SPRING BRANCH 4,,1
N120300,HELOTES 8 1,,HELOTES 8,,1
N120301,HELOTES 9 1,,HELOTES 9,,1
N120302,RIO MEDINA 4 1,,RIO MEDINA 4,,1
N120303,RIO MEDINA 4 2,,RIO MEDINA 4,,1
N120304,HELOTES 10 1,,HELOTES 10,,1
N120305,SAN ANTONIO 27 1,,SAN ANTONIO 27,,1
N120306,LACKLAND A F B 10 1,,LACKLAND A F B 10,,1
N120307,LACKLAND A F B 11 1,,LACKLAND A F B 11,,1
N120308,HELOTES 11 1,,HELOTES 11,,1
N120309,LACKLAND A F B 12 1,,LACKLAND A F B 12,,1
N120310,LACKLAND A F B 12 2,,LACKLAND A F B 12,,1
N120311,SAN ANTONIO 28 1,,SAN ANTONIO 28,,1
N120312,SAN ANTONIO 28 2,,SAN ANTONIO 28,,1
N120313,SAN ANTONIO 28 3,,SAN ANTONIO 28,,1
N120314,SAN ANTONIO 28 4,,SAN ANTONIO 28,,1
N120315,HELOTES 12 1,,HELOTES 12,,1
N120316,HELOTES 12 2,,HELOTES 12,,1
N120317,HELOTES 13 1,,HELOTES 13,,1
N120318,HELOTES 13 2,,HELOTES 13,,1
N120319,HELOTES 14 1,,HELOTES 14,,1
N120320,HELOTES 14 2,,HELOTES 14,,1
N120321,HELOTES 15 1,,HELOTES 15,,1
N120322,HELOTES 15 2,,HELOTES 15,,1
N120323,LACKLAND A F B 13 1,,LACKLAND A F B 13,,1
N120324,SAN ANTONIO 29 1,,SAN ANTONIO 29,,1
N120325,SAN ANTONIO 30 1,,SAN ANTONIO 30,,1
N120326,SAN ANTONIO 31 1,,SAN ANTONIO 31,,1
N120327,SAN ANTONIO 31 2,,SAN ANTONIO 31,,1
N120328,SAN ANTONIO 32 1,,SAN ANTONIO 32,,1
N120329,SAN ANTONIO 32 2,,SAN ANTONIO 32,,1
N120330,ELMENDORF 8 1,,ELMENDORF 8,,1
N120331,ELMENDORF 8 2,,ELMENDORF 8,,1
N120332,CONVERSE 1 1,,CONVERSE 1,,1
N120333,SAN ANTONIO 33 1,,SAN ANTONIO 33,,1
N120334,SAN ANTONIO 34 1,,SAN ANTONIO 34,,1
N120335,ELMENDORF 9 1,,ELMENDORF 9,,1
N120336,SAN ANTONIO 35 1,,SAN ANTONIO 35,,1
N120337,SAN ANTONIO 35 2,,SAN ANTONIO 35,,1
N120338,CONVERSE 2 1,,CONVERSE 2,,1
N120339,CONVERSE 2 2,,CONVERSE 2,,1
N120340,SAN ANTONIO 36 1,,SAN ANTONIO 36,,1
N120341,SAN ANTONIO 36 2,,SAN ANTONIO 36,,1
N120342,SAN ANTONIO 37 1,,SAN ANTONIO 37,,1
N120343,ADKINS 3 1,,ADKINS 3,,1
N120344,SAINT HEDWIG 2 1,,SAINT HEDWIG 2,,1
N120345,ADKINS 4 1,,ADKINS 4,,1
N120346,LA VERNIA 2 1,,LA VERNIA 2,,1
N120347,SAINT HEDWIG 3 1,,SAINT HEDWIG 3,,1
N120348,ADKINS 5 1,,ADKINS 5,,1
N120349,SAINT HEDWIG 4 1,,SAINT HEDWIG 4,,1
N120350,SUTHERLAND SPRINGS 2 1,,SUTHERLAND SPRINGS 2,,1
N120351,BULVERDE 6 1,,BULVERDE 6,,1
N120352,BULVERDE 6 2,,BULVERDE 6,,1
N120353,BULVERDE 6 3,,BULVERDE 6,,1
N120354,BULVERDE 6 4,,BULVERDE 6,,1
N120355,BULVERDE 6 5,,BULVERDE 6,,1
N120356,BULVERDE 7 1,,BULVERDE 7,,1
N120357,BULVERDE 7 2,,BULVERDE 7,,1
N120358,BULVERDE 7 3,,BULVERDE 7,,1
N120359,BULVERDE 7 4,,BULVERDE 7,,1
N120360,BULVERDE 8 1,,BULVERDE 8,,1
N120361,BULVERDE 9 1,,BULVERDE 9,,1
N120362,BULVERDE 10 1,,BULVERDE 10,,1
N120363,SAN ANTONIO 38 1,,SAN ANTONIO 38,,1
N120364,SAN ANTONIO 38 2,,SAN ANTONIO 38,,1
N120365,BULVERDE 11 1,,BULVERDE 11,,1
N120366,BULVERDE 12 1,,BULVERDE 12,,1
N120367,BULVERDE 13 1,,BULVERDE 13,,1
N120368,SAN ANTONIO 39 1,,SAN ANTONIO 39,,1
N120369,SAN ANTONIO 40 1,,SAN ANTONIO 40,,1
N120370,SAN ANTONIO 40 2,,SAN ANTONIO 40,,1
N120371,SAN ANTONIO 41 1,,SAN ANTONIO 41,,1
N120372,SAN ANTONIO 41 2,,SAN ANTONIO 41,,1
N120373,SAN ANTONIO 42 1,,SAN ANTONIO 42,,1
N120374,SAN ANTONIO 43 1,,SAN ANTONIO 43,,1
N120375,SAN ANTONIO 43 2,,SAN ANTONIO 43,,1
N120376,SAN ANTONIO 44 1,,SAN ANTONIO 44,,1
N120377,HELOTES 16 1,,HELOTES 16,,1
N120378,SAN ANTONIO 45 1,,SAN ANTONIO 45,,1
N120379,SAN ANTONIO 46 1,,SAN ANTONIO 46,,1
N120380,SAN ANTONIO 47 1,,SAN ANTONIO 47,,1
N120381,SAN ANTONIO 47 2,,SAN ANTONIO 47,,1
N120382,SAN ANTONIO 48 1,,SAN ANTONIO 48,,1
N120383,SAN ANTONIO 49 1,,SAN ANTONIO 49,,1
N120384,SAN ANTONIO 50 1,,SAN ANTONIO 50,,1
N120385,SAN ANTONIO 51 1,,SAN ANTONIO 51,,1
N120386,SAN ANTONIO 52 1,,SAN ANTONIO 52,,1
N120387,CONVERSE 3 1,,CONVERSE 3,,1
N120388,CONVERSE 4 1,,CONVERSE 4,,1
N120389,CONVERSE 5 1,,CONVERSE 5,,1
N120390,UNIVERSAL CITY 10 1,,UNIVERSAL CITY 10,,1
N120391,UNIVERSAL CITY 10 2,,UNIVERSAL CITY 10,,1
N120392,CONVERSE 6 1,,CONVERSE 6,,1
N120393,SAN ANTONIO 53 1,,SAN ANTONIO 53,,1
N120394,UNIVERSAL CITY 11 1,,UNIVERSAL CITY 11,,1
N120395,CONVERSE 7 1,,CONVERSE 7,,1
N120396,CONVERSE 8 1,,CONVERSE 8,,1
N120397,CONVERSE 8 2,,CONVERSE 8,,1
N120398,UNIVERSAL CITY 12 1,,UNIVERSAL CITY 12,,1
N120399,UNIVERSAL CITY 12 2,,UNIVERSAL CITY 12,,1
N120400,LACKLAND A F B 14 1,,LACKLAND A F B 14,,1
N120401,SAN ANTONIO 54 1,,SAN ANTONIO 54,,1
N120402,SAN ANTONIO 54 2,,SAN ANTONIO 54,,1
N120403,LACKLAND A F B 15 1,,LACKLAND A F B 15,,1
N120404,LACKLAND A F B 15 2,,LACKLAND A F B 15,,1
N120405,SAN ANTONIO 55 1,,SAN ANTONIO 55,,1
N120406,LACKLAND A F B 16 1,,LACKLAND A F B 16,,1
N120407,LACKLAND A F B 16 2,,LACKLAND A F B 16,,1
N120408,LACKLAND A F B 17 1,,LACKLAND A F B 17,,1
N120409,SAN ANTONIO 56 1,,SAN ANTONIO 56,,1
N120410,ELMENDORF 10 1,,ELMENDORF 10,,1
N120411,SAN ANTONIO 57 1,,SAN ANTONIO 57,,1
N120412,SAN ANTONIO 57 2,,SAN ANTONIO 57,,1
N120413,LACKLAND A F B 18 1,,LACKLAND A F B 18,,1
N120414,LACKLAND A F B 19 1,,LACKLAND A F B 19,,1
N120415,UNIVERSAL CITY 13 1,,UNIVERSAL CITY 13,,1
N120416,UNIVERSAL CITY 13 2,,UNIVERSAL CITY 13,,1
N120417,UNIVERSAL CITY 13 3,,UNIVERSAL CITY 13,,1
N120418,UNIVERSAL CITY 14 1,,UNIVERSAL CITY 14,,1
N120419,UNIVERSAL CITY 14 2,,UNIVERSAL CITY 14,,1
N120420,CIBOLO 1 1,,CIBOLO 1,,1
N120421,CIBOLO 2 1,,CIBOLO 2,,1
N120422,SCHERTZ 1 1,,SCHERTZ 1,,1
N120423,UNIVERSAL CITY 15 1,,UNIVERSAL CITY 15,,1
N120424,CIBOLO 3 1,,CIBOLO 3,,1
N120425,CIBOLO 4 1,,CIBOLO 4,,1
N120426,UNIVERSAL CITY 16 1,,UNIVERSAL CITY 16,,1
N120427,CIBOLO 5 1,,CIBOLO 5,,1
N120428,CIBOLO 5 2,,CIBOLO 5,,1
N120429,SCHERTZ 2 1,,SCHERTZ 2,,1
N120430,CIBOLO 6 1,,CIBOLO 6,,1
N120431,CIBOLO 7 1,,CIBOLO 7,,1
N120432,UNIVERSAL CITY 17 1,,UNIVERSAL CITY 17,,1
N120433,LACKLAND A F B 20 1,,LACKLAND A F B 20,,1
N120434,LACKLAND A F B 20 2,,LACKLAND A F B 20,,1
N120435,LACKLAND A F B 20 3,,LACKLAND A F B 20,,1
N120436,LACKLAND A F B 20 4,,LACKLAND A F B 20,,1
N120437,ADKINS 6 1,,ADKINS 6,,1
N120438,ADKINS 6 2,,ADKINS 6,,1
N120439,ADKINS 6 3,,ADKINS 6,,1
N120440,ELMENDORF 11 1,,ELMENDORF 11,,1
N120441,ELMENDORF 11 2,,ELMENDORF 11,,1
N120442,ELMENDORF 11 3,,ELMENDORF 11,,1
N120443,ELMENDORF 11 4,,ELMENDORF 11,,1
N120444,ELMENDORF 11 5,,ELMENDORF 11,,1
N120445,ELMENDORF 11 6,,ELMENDORF 11,,1
N120446,ELMENDORF 11 7,,ELMENDORF 11,,1
N120447,PEARSALL 6 1,,PEARSALL 6,,1
N120448,PEARSALL 6 2,,PEARSALL 6,,1
N120449,PEARSALL 6 3,,PEARSALL 6,,1
N120450,PEARSALL 6 4,,PEARSALL 6,,1
N120451,PEARSALL 6 5,,PEARSALL 6,,1
N120452,PEARSALL 6 6,,PEARSALL 6,,1
N120453,PEARSALL 6 7,,PEARSALL 6,,1
N120454,PEARSALL 6 8,,PEARSALL 6,,1
N120455,PEARSALL 6 9,,PEARSALL 6,,1
N120456,PEARSALL 6 10,,PEARSALL 6,,1
N120457,PEARSALL 6 11,,PEARSALL 6,,1
N120458,PEARSALL 6 12,,PEARSALL 6,,1
N120459,PEARSALL 6 13,,PEARSALL 6,,1
N120460,PEARSALL 6 14,,PEARSALL 6,,1
N120461,PEARSALL 6 15,,PEARSALL 6,,1
N120462,ADKINS 7 1,,ADKINS 7,,1
N120463,ADKINS 7 2,,ADKINS 7,,1
N120464,ADKINS 7 3,,ADKINS 7,,1
N120466,CHRISTINE 4 1,,CHRISTINE 4,,1
N120467,CHRISTINE 4 2,,CHRISTINE 4,,1
N120468,ADKINS 8 1,,ADKINS 8,,1
N120469,ADKINS 8 2,,ADKINS 8,,1
N120470,ADKINS 8 3,,ADKINS 8,,1
N120471,ELMENDORF 12 1,,ELMENDORF 12,,1
N120472,ELMENDORF 12 2,,ELMENDORF 12,,1
N120473,ELMENDORF 12 3,,ELMENDORF 12,,1
N120474,ELMENDORF 12 4,,ELMENDORF 12,,1
N120475,CONVERSE 9 1,,CONVERSE 9,,1
N120476,CONVERSE 9 2,,CONVERSE 9,,1
N120477,CONVERSE 9 3,,CONVERSE 9,,1
N120478,CONVERSE 9 4,,CONVERSE 9,,1
N120479,CONVERSE 9 5,,CONVERSE 9,,1
N120480,CONVERSE 9 6,,CONVERSE 9,,1
N120481,CONVERSE 9 7,,CONVERSE 9,,1
N120482,LACKLAND A F B 21 1,,LACKLAND A F B 21,,1
N120483,LACKLAND A F B 21 2,,LACKLAND A F B 21,,1
N120484,LACKLAND A F B 21 3,,LACKLAND A F B 21,,1
N120485,LACKLAND A F B 21 4,,LACKLAND A F B 21,,1
N120486,LACKLAND A F B 21 5,,LACKLAND A F B 21,,1
N120487,LACKLAND A F B 21 6,,LACKLAND A F B 21,,1
N120488,LACKLAND A F B 21 7,,LACKLAND A F B 21,,1
N120489,ELMENDORF 13 1,,ELMENDORF 13,,1
N120490,ELMENDORF 13 2,,ELMENDORF 13,,1
N120492,BRACKETTVILLE 4 1,,BRACKETTVILLE 4,,1
N120493,BRACKETTVILLE 4 2,,BRACKETTVILLE 4,,1
N120494,SOMERSET 3 1,,SOMERSET 3,,1
N120495,SOMERSET 3 2,,SOMERSET 3,,1
N120496,SOMERSET 3 3,,SOMERSET 3,,1
N120497,ELMENDORF 14 1,,ELMENDORF 14,,1
N120498,ELMENDORF 14 2,,ELMENDORF 14,,1
N120499,ELMENDORF 15 1,,ELMENDORF 15,,1
N120500,ELMENDORF 15 2,,ELMENDORF 15,,1
N120501,ELMENDORF 16 1,,ELMENDORF 16,,1
N120502,ELMENDORF 16 2,,ELMENDORF 16,,1
N120503,ELMENDORF 16 3,,ELMENDORF 16,,1
N120504,CONVERSE 10 1,,CONVERSE 10,,1
N120505,CONVERSE 10 2,,CONVERSE 10,,1
N120506,BRACKETTVILLE 5 1,,BRACKETTVILLE 5,,1
N120507,BRACKETTVILLE 5 2,,BRACKETTVILLE 5,,1
N120508,CONVERSE 11 1,,CONVERSE 11,,1
N120509,CONVERSE 11 2,,CONVERSE 11,,1
N120511,KNIPPA 4 1,,KNIPPA 4,,1
N120512,KNIPPA 4 2,,KNIPPA 4,,1
N120513,LACKLAND A F B 22 1,,LACKLAND A F B 22,,1
N120514,LACKLAND A F B 22 2,,LACKLAND A F B 22,,1
N120515,LACKLAND A F B 22 3,,LACKLAND A F B 22,,1
N120516,LACKLAND A F B 22 4,,LACKLAND A F B 22,,1
N120517,ADKINS 9 1,,ADKINS 9,,1
N120518,ADKINS 9 2,,ADKINS 9,,1
N120519,RIO FRIO 1 1,,RIO FRIO 1,,1
N120520,RIO FRIO 1 2,,RIO FRIO 1,,1
N120521,CONVERSE 12 1,,CONVERSE 12,,1
N120522,CONVERSE 12 2,,CONVERSE 12,,1
N120523,LACKLAND A F B 23 1,,LACKLAND A F B 23,,1
N120524,LACKLAND A F B 23 2,,LACKLAND A F B 23,,1
N120525,LACKLAND A F B 24 1,,LACKLAND A F B 24,,1
N120526,LACKLAND A F B 24 2,,LACKLAND A F B 24,,1
N130001,MABANK 1 1,,MABANK 1,,1
N130002,KAUFMAN 1 1,,KAUFMAN 1,,1
N130003,KAUFMAN 2 1,,KAUFMAN 2,,1
N130004,POWELL 1 1,,POWELL 1,,1
N130005,WAXAHACHIE 1 1,,WAXAHACHIE 1,,1
N130006,CORSICANA 1 1,,CORSICANA 1,,1
N130007,PALMER 1 1,,PALMER 1,,1
N130008,BARRY 1 1,,BARRY 1,,1
N130009,DAWSON 1 1,,DAWSON 1,,1
N130010,BARRY 2 1,,BARRY 2,,1
N130011,RICHLAND 1 1,,RICHLAND 1,,1
N130012,SCURRY 1 1,,SCURRY 1,,1
N130013,KAUFMAN 3 1,,KAUFMAN 3,,1
N130014,WILMER 1 1,,WILMER 1,,1
N130015,BARDWELL 1 1,,BARDWELL 1,,1
N130016,ENNIS 1 1,,ENNIS 1,,1
N130017,SCURRY 2 1,,SCURRY 2,,1
N130018,ENNIS 2 1,,ENNIS 2,,1
N130019,KEMP 1 1,,KEMP 1,,1
N130020,BLOOMING GROVE 1 1,,BLOOMING GROVE 1,,1
N130021,ITALY 1 1,,ITALY 1,,1
N130022,BLOOMING GROVE 2 1,,BLOOMING GROVE 2,,1
N130023,RICE 1 1,,RICE 1,,1
N130024,PURDON 1 1,,PURDON 1,,1
N130025,POWELL 2 1,,POWELL 2,,1
N130026,PURDON 2 1,,PURDON 2,,1
N130027,RICE 2 1,,RICE 2,,1
N130028,FERRIS 1 1,,FERRIS 1,,1
N130029,TEHUACANA 1 1,,TEHUACANA 1,,1
N130030,BARRY 3 1,,BARRY 3,,1
N130031,CORSICANA 2 1,,CORSICANA 2,,1
N130032,COOLIDGE 1 1,,COOLIDGE 1,,1
N130033,TEHUACANA 2 1,,TEHUACANA 2,,1
N130034,WORTHAM 1 1,,WORTHAM 1,,1
N130035,BALCH SPRINGS 1 1,,BALCH SPRINGS 1,,1
N130036,BALCH SPRINGS 1 2,,BALCH SPRINGS 1,,1
N130037,BALCH SPRINGS 2 1,,BALCH SPRINGS 2,,1
N130038,BALCH SPRINGS 2 2,,BALCH SPRINGS 2,,1
N130039,WILMER 2 1,,WILMER 2,,1
N130040,WILMER 2 2,,WILMER 2,,1
N130041,SEAGOVILLE 1 1,,SEAGOVILLE 1,,1
N130042,SEAGOVILLE 1 2,,SEAGOVILLE 1,,1
N130043,WILMER 3 1,,WILMER 3,,1
N130044,SEAGOVILLE 2 1,,SEAGOVILLE 2,,1
N130045,BALCH SPRINGS 3 1,,BALCH SPRINGS 3,,1
N130046,DALLAS 1 1,,DALLAS 1,,1
N130047,DUNCANVILLE 1 1,,DUNCANVILLE 1,,1
N130048,DALLAS 2 1,,DALLAS 2,,1
N130049,DALLAS 3 1,,DALLAS 3,,1
N130050,DALLAS 4 1,,DALLAS 4,,1
N130051,DALLAS 5 1,,DALLAS 5,,1
N130052,DALLAS 5 2,,DALLAS 5,,1
N130053,DALLAS 6 1,,DALLAS 6,,1
N130054,DALLAS 6 2,,DALLAS 6,,1
N130055,DUNCANVILLE 2 1,,DUNCANVILLE 2,,1
N130056,DALLAS 7 1,,DALLAS 7,,1
N130057,DALLAS 8 1,,DALLAS 8,,1
N130058,DUNCANVILLE 3 1,,DUNCANVILLE 3,,1
N130059,DUNCANVILLE 4 1,,DUNCANVILLE 4,,1
N130060,DALLAS 9 1,,DALLAS 9,,1
N130061,DUNCANVILLE 5 1,,DUNCANVILLE 5,,1
N130062,DALLAS 10 1,,DALLAS 10,,1
N130063,GRAND PRAIRIE 1 1,,GRAND PRAIRIE 1,,1
N130064,DALLAS 11 1,,DALLAS 11,,1
N130065,DALLAS 12 1,,DALLAS 12,,1
N130066,DUNCANVILLE 6 1,,DUNCANVILLE 6,,1
N130067,DUNCANVILLE 6 2,,DUNCANVILLE 6,,1
N130068,DUNCANVILLE 7 1,,DUNCANVILLE 7,,1
N130069,DUNCANVILLE 7 2,,DUNCANVILLE 7,,1
N130070,DUNCANVILLE 8 1,,DUNCANVILLE 8,,1
N130071,DALLAS 13 1,,DALLAS 13,,1
N130072,DALLAS 14 1,,DALLAS 14,,1
N130073,MESQUITE 1 1,,MESQUITE 1,,1
N130074,BALCH SPRINGS 4 1,,BALCH SPRINGS 4,,1
N130075,BALCH SPRINGS 4 2,,BALCH SPRINGS 4,,1
N130076,SUNNYVALE 1 1,,SUNNYVALE 1,,1
N130077,SUNNYVALE 1 2,,SUNNYVALE 1,,1
N130078,SUNNYVALE 2 1,,SUNNYVALE 2,,1
N130079,BALCH SPRINGS 5 1,,BALCH SPRINGS 5,,1
N130080,MESQUITE 2 1,,MESQUITE 2,,1
N130081,MESQUITE 2 2,,MESQUITE 2,,1
N130082,MESQUITE 3 1,,MESQUITE 3,,1
N130083,MESQUITE 3 2,,MESQUITE 3,,1
N130084,MESQUITE 4 1,,MESQUITE 4,,1
N130085,HUTCHINS 1 1,,HUTCHINS 1,,1
N130086,MESQUITE 5 1,,MESQUITE 5,,1
N130087,DALLAS 15 1,,DALLAS 15,,1
N130088,MESQUITE 6 1,,MESQUITE 6,,1
N130089,MESQUITE 7 1,,MESQUITE 7,,1
N130090,BALCH SPRINGS 6 1,,BALCH SPRINGS 6,,1
N130091,BALCH SPRINGS 6 2,,BALCH SPRINGS 6,,1
N130092,BALCH SPRINGS 7 1,,BALCH SPRINGS 7,,1
N130093,BALCH SPRINGS 8 1,,BALCH SPRINGS 8,,1
N130094,DALLAS 16 1,,DALLAS 16,,1
N130095,BALCH SPRINGS 9 1,,BALCH SPRINGS 9,,1
N130096,MESQUITE 8 1,,MESQUITE 8,,1
N130097,MESQUITE 8 2,,MESQUITE 8,,1
N130098,DALLAS 17 1,,DALLAS 17,,1
N130099,MESQUITE 9 1,,MESQUITE 9,,1
N130100,DALLAS 18 1,,DALLAS 18,,1
N130101,DALLAS 18 2,,DALLAS 18,,1
N130102,MESQUITE 10 1,,MESQUITE 10,,1
N130103,MESQUITE 10 2,,MESQUITE 10,,1
N130104,DALLAS 19 1,,DALLAS 19,,1
N130105,DALLAS 19 2,,DALLAS 19,,1
N130106,LANCASTER 1 1,,LANCASTER 1,,1
N130107,LANCASTER 1 2,,LANCASTER 1,,1
N130108,DALLAS 20 1,,DALLAS 20,,1
N130109,DESOTO 1 1,,DESOTO 1,,1
N130110,DESOTO 1 2,,DESOTO 1,,1
N130111,DUNCANVILLE 9 1,,DUNCANVILLE 9,,1
N130112,DUNCANVILLE 10 1,,DUNCANVILLE 10,,1
N130113,DALLAS 21 1,,DALLAS 21,,1
N130114,DALLAS 21 2,,DALLAS 21,,1
N130115,LANCASTER 2 1,,LANCASTER 2,,1
N130116,IRVING 1 1,,IRVING 1,,1
N130117,IRVING 2 1,,IRVING 2,,1
N130118,GRAND PRAIRIE 2 1,,GRAND PRAIRIE 2,,1
N130119,GRAND PRAIRIE 2 2,,GRAND PRAIRIE 2,,1
N130120,GRAND PRAIRIE 3 1,,GRAND PRAIRIE 3,,1
N130121,DALLAS 22 1,,DALLAS 22,,1
N130122,DALLAS 22 2,,DALLAS 22,,1
N130123,IRVING 3 1,,IRVING 3,,1
N130124,IRVING 3 2,,IRVING 3,,1
N130125,IRVING 4 1,,IRVING 4,,1
N130126,COPPELL 1 1,,COPPELL 1,,1
N130127,COPPELL 1 2,,COPPELL 1,,1
N130128,COPPELL 2 1,,COPPELL 2,,1
N130129,COPPELL 3 1,,COPPELL 3,,1
N130130,COPPELL 4 1,,COPPELL 4,,1
N130131,IRVING 5 1,,IRVING 5,,1
N130132,IRVING 5 2,,IRVING 5,,1
N130133,CARROLLTON 1 1,,CARROLLTON 1,,1
N130134,CARROLLTON 1 2,,CARROLLTON 1,,1
N130135,COPPELL 5 1,,COPPELL 5,,1
N130136,COPPELL 6 1,,COPPELL 6,,1
N130137,CARROLLTON 2 1,,CARROLLTON 2,,1
N130138,CARROLLTON 3 1,,CARROLLTON 3,,1
N130139,CARROLLTON 3 2,,CARROLLTON 3,,1
N130140,DUNCANVILLE 11 1,,DUNCANVILLE 11,,1
N130141,DUNCANVILLE 12 1,,DUNCANVILLE 12,,1
N130142,DUNCANVILLE 12 2,,DUNCANVILLE 12,,1
N130143,DUNCANVILLE 13 1,,DUNCANVILLE 13,,1
N130144,DUNCANVILLE 13 2,,DUNCANVILLE 13,,1
N130145,DUNCANVILLE 13 3,,DUNCANVILLE 13,,1
N130146,DUNCANVILLE 13 4,,DUNCANVILLE 13,,1
N130147,DESOTO 2 1,,DESOTO 2,,1
N130148,CARROLLTON 4 1,,CARROLLTON 4,,1
N130149,ADDISON 1 1,,ADDISON 1,,1
N130150,ADDISON 2 1,,ADDISON 2,,1
N130151,ADDISON 3 1,,ADDISON 3,,1
N130152,ADDISON 4 1,,ADDISON 4,,1
N130153,ADDISON 4 2,,ADDISON 4,,1
N130154,ADDISON 5 1,,ADDISON 5,,1
N130155,ADDISON 5 2,,ADDISON 5,,1
N130156,CARROLLTON 5 1,,CARROLLTON 5,,1
N130157,ADDISON 6 1,,ADDISON 6,,1
N130158,ADDISON 7 1,,ADDISON 7,,1
N130159,ADDISON 7 2,,ADDISON 7,,1
N130160,CARROLLTON 6 1,,CARROLLTON 6,,1
N130161,CARROLLTON 6 2,,CARROLLTON 6,,1
N130162,CARROLLTON 7 1,,CARROLLTON 7,,1
N130163,CARROLLTON 7 2,,CARROLLTON 7,,1
N130164,CARROLLTON 8 1,,CARROLLTON 8,,1
N130165,CARROLLTON 8 2,,CARROLLTON 8,,1
N130166,CARROLLTON 8 3,,CARROLLTON 8,,1
N130167,CARROLLTON 8 4,,CARROLLTON 8,,1
N130168,DALLAS 23 1,,DALLAS 23,,1
N130169,GARLAND 1 1,,GARLAND 1,,1
N130170,MESQUITE 11 1,,MESQUITE 11,,1
N130171,MESQUITE 12 1,,MESQUITE 12,,1
N130172,MESQUITE 13 1,,MESQUITE 13,,1
N130173,MESQUITE 14 1,,MESQUITE 14,,1
N130174,MESQUITE 15 1,,MESQUITE 15,,1
N130175,MESQUITE 16 1,,MESQUITE 16,,1
N130176,MESQUITE 16 2,,MESQUITE 16,,1
N130177,GARLAND 2 1,,GARLAND 2,,1
N130178,MESQUITE 17 1,,MESQUITE 17,,1
N130179,MESQUITE 18 1,,MESQUITE 18,,1
N130180,MESQUITE 19 1,,MESQUITE 19,,1
N130181,MESQUITE 20 1,,MESQUITE 20,,1
N130182,MESQUITE 21 1,,MESQUITE 21,,1
N130183,MESQUITE 22 1,,MESQUITE 22,,1
N130184,MESQUITE 23 1,,MESQUITE 23,,1
N130185,MESQUITE 24 1,,MESQUITE 24,,1
N130186,MESQUITE 25 1,,MESQUITE 25,,1
N130187,MESQUITE 26 1,,MESQUITE 26,,1
N130188,MESQUITE 27 1,,MESQUITE 27,,1
N130189,MESQUITE 28 1,,MESQUITE 28,,1
N130190,MESQUITE 29 1,,MESQUITE 29,,1
N130191,MESQUITE 29 2,,MESQUITE 29,,1
N130192,MESQUITE 29 3,,MESQUITE 29,,1
N130193,MESQUITE 29 4,,MESQUITE 29,,1
N130194,MESQUITE 30 1,,MESQUITE 30,,1
N130195,GARLAND 3 1,,GARLAND 3,,1
N130196,GARLAND 4 1,,GARLAND 4,,1
N130197,MESQUITE 31 1,,MESQUITE 31,,1
N130198,MESQUITE 32 1,,MESQUITE 32,,1
N130199,GARLAND 5 1,,GARLAND 5,,1
N130200,MESQUITE 33 1,,MESQUITE 33,,1
N130201,LANCASTER 3 1,,LANCASTER 3,,1
N130202,LANCASTER 4 1,,LANCASTER 4,,1
N130203,DESOTO 3 1,,DESOTO 3,,1
N130204,LANCASTER 5 1,,LANCASTER 5,,1
N130205,LANCASTER 6 1,,LANCASTER 6,,1
N130206,DESOTO 4 1,,DESOTO 4,,1
N130207,DESOTO 5 1,,DESOTO 5,,1
N130208,DESOTO 6 1,,DESOTO 6,,1
N130209,LANCASTER 7 1,,LANCASTER 7,,1
N130210,LANCASTER 8 1,,LANCASTER 8,,1
N130211,LANCASTER 9 1,,LANCASTER 9,,1
N130212,WILMER 4 1,,WILMER 4,,1
N130213,DESOTO 7 1,,DESOTO 7,,1
N130214,DESOTO 8 1,,DESOTO 8,,1
N130215,DESOTO 9 1,,DESOTO 9,,1
N130216,LANCASTER 10 1,,LANCASTER 10,,1
N130217,LANCASTER 11 1,,LANCASTER 11,,1
N130218,LANCASTER 12 1,,LANCASTER 12,,1
N130219,LANCASTER 13 1,,LANCASTER 13,,1
N130220,LANCASTER 14 1,,LANCASTER 14,,1
N130221,LANCASTER 14 2,,LANCASTER 14,,1
N130222,LANCASTER 15 1,,LANCASTER 15,,1
N130223,DESOTO 10 1,,DESOTO 10,,1
N130224,DESOTO 11 1,,DESOTO 11,,1
N130225,HUTCHINS 2 1,,HUTCHINS 2,,1
N130226,DESOTO 12 1,,DESOTO 12,,1
N130227,DESOTO 13 1,,DESOTO 13,,1
N130228,DESOTO 13 2,,DESOTO 13,,1
N130229,DESOTO 14 1,,DESOTO 14,,1
N130230,DESOTO 15 1,,DESOTO 15,,1
N130231,DESOTO 16 1,,DESOTO 16,,1
N130232,LANCASTER 16 1,,LANCASTER 16,,1
N130233,DESOTO 17 1,,DESOTO 17,,1
N130234,DESOTO 18 1,,DESOTO 18,,1
N130235,DESOTO 19 1,,DESOTO 19,,1
N130236,DESOTO 20 1,,DESOTO 20,,1
N130237,DESOTO 21 1,,DESOTO 21,,1
N130238,DESOTO 22 1,,DESOTO 22,,1
N130239,DESOTO 23 1,,DESOTO 23,,1
N130240,LANCASTER 17 1,,LANCASTER 17,,1
N130241,DESOTO 24 1,,DESOTO 24,,1
N130242,DESOTO 25 1,,DESOTO 25,,1
N130243,DESOTO 26 1,,DESOTO 26,,1
N130244,LANCASTER 18 1,,LANCASTER 18,,1
N130245,LANCASTER 19 1,,LANCASTER 19,,1
N130246,LANCASTER 20 1,,LANCASTER 20,,1
N130247,LANCASTER 21 1,,LANCASTER 21,,1
N130248,LANCASTER 22 1,,LANCASTER 22,,1
N130249,DESOTO 27 1,,DESOTO 27,,1
N130250,RED OAK 1 1,,RED OAK 1,,1
N130251,RED OAK 2 1,,RED OAK 2,,1
N130252,WILMER 5 1,,WILMER 5,,1
N130253,WILMER 6 1,,WILMER 6,,1
N130254,LANCASTER 23 1,,LANCASTER 23,,1
N130255,DESOTO 28 1,,DESOTO 28,,1
N130256,LANCASTER 24 1,,LANCASTER 24,,1
N130257,DESOTO 29 1,,DESOTO 29,,1
N130258,DESOTO 30 1,,DESOTO 30,,1
N130259,DESOTO 30 2,,DESOTO 30,,1
N130260,DESOTO 31 1,,DESOTO 31,,1
N130261,LANCASTER 25 1,,LANCASTER 25,,1
N130262,DESOTO 32 1,,DESOTO 32,,1
N130263,LANCASTER 26 1,,LANCASTER 26,,1
N130264,LANCASTER 27 1,,LANCASTER 27,,1
N130265,DESOTO 33 1,,DESOTO 33,,1
N130266,LANCASTER 28 1,,LANCASTER 28,,1
N130267,LANCASTER 29 1,,LANCASTER 29,,1
N130268,LANCASTER 30 1,,LANCASTER 30,,1
N130269,LANCASTER 31 1,,LANCASTER 31,,1
N130270,DESOTO 34 1,,DESOTO 34,,1
N130271,DALLAS 24 1,,DALLAS 24,,1
N130272,DALLAS 24 2,,DALLAS 24,,1
N130273,DALLAS 25 1,,DALLAS 25,,1
N130274,DALLAS 26 1,,DALLAS 26,,1
N130275,DALLAS 27 1,,DALLAS 27,,1
N130276,DALLAS 28 1,,DALLAS 28,,1
N130277,DALLAS 29 1,,DALLAS 29,,1
N130278,DALLAS 30 1,,DALLAS 30,,1
N130279,DALLAS 31 1,,DALLAS 31,,1
N130280,DALLAS 32 1,,DALLAS 32,,1
N130281,DALLAS 32 2,,DALLAS 32,,1
N130282,DALLAS 33 1,,DALLAS 33,,1
N130283,DALLAS 34 1,,DALLAS 34,,1
N130284,DALLAS 35 1,,DALLAS 35,,1
N130285,DALLAS 36 1,,DALLAS 36,,1
N130286,DALLAS 37 1,,DALLAS 37,,1
N130287,DALLAS 37 2,,DALLAS 37,,1
N130288,DALLAS 38 1,,DALLAS 38,,1
N130289,ADDISON 8 1,,ADDISON 8,,1
N130290,RICHARDSON 1 1,,RICHARDSON 1,,1
N130291,DALLAS 39 1,,DALLAS 39,,1
N130292,DALLAS 40 1,,DALLAS 40,,1
N130293,DALLAS 41 1,,DALLAS 41,,1
N130294,DALLAS 41 2,,DALLAS 41,,1
N130295,DALLAS 41 3,,DALLAS 41,,1
N130296,DALLAS 41 4,,DALLAS 41,,1
N130297,DALLAS 42 1,,DALLAS 42,,1
N130298,DALLAS 42 2,,DALLAS 42,,1
N130299,DALLAS 43 1,,DALLAS 43,,1
N130300,DALLAS 44 1,,DALLAS 44,,1
N130301,DALLAS 45 1,,DALLAS 45,,1
N130302,DALLAS 46 1,,DALLAS 46,,1
N130303,FERRIS 2 1,,FERRIS 2,,1
N130304,ENNIS 3 1,,ENNIS 3,,1
N130305,CORSICANA 3 1,,CORSICANA 3,,1
N130306,PALMER 2 1,,PALMER 2,,1
N130307,ENNIS 4 1,,ENNIS 4,,1
N130308,WAXAHACHIE 2 1,,WAXAHACHIE 2,,1
N130309,ENNIS 5 1,,ENNIS 5,,1
N130310,CORSICANA 4 1,,CORSICANA 4,,1
N130311,CORSICANA 4 2,,CORSICANA 4,,1
N130312,RED OAK 3 1,,RED OAK 3,,1
N130313,PALMER 3 1,,PALMER 3,,1
N130314,RED OAK 4 1,,RED OAK 4,,1
N130315,BARRY 4 1,,BARRY 4,,1
N130316,RICE 3 1,,RICE 3,,1
N130317,RED OAK 5 1,,RED OAK 5,,1
N130318,WAXAHACHIE 3 1,,WAXAHACHIE 3,,1
N130319,CORSICANA 5 1,,CORSICANA 5,,1
N130320,RED OAK 6 1,,RED OAK 6,,1
N130321,RED OAK 7 1,,RED OAK 7,,1
N130322,RED OAK 8 1,,RED OAK 8,,1
N130323,RED OAK 9 1,,RED OAK 9,,1
N130324,WAXAHACHIE 4 1,,WAXAHACHIE 4,,1
N130325,BLOOMING GROVE 3 1,,BLOOMING GROVE 3,,1
N130326,RICE 4 1,,RICE 4,,1
N130327,WAXAHACHIE 5 1,,WAXAHACHIE 5,,1
N130328,WAXAHACHIE 5 2,,WAXAHACHIE 5,,1
N130329,ENNIS 6 1,,ENNIS 6,,1
N130330,ENNIS 6 2,,ENNIS 6,,1
N130331,RED OAK 10 1,,RED OAK 10,,1
N130332,ENNIS 7 1,,ENNIS 7,,1
N130333,RED OAK 11 1,,RED OAK 11,,1
N130334,WORTHAM 2 1,,WORTHAM 2,,1
N130335,DAWSON 2 1,,DAWSON 2,,1
N130336,RICHLAND 2 1,,RICHLAND 2,,1
N130337,COOLIDGE 2 1,,COOLIDGE 2,,1
N130338,FORNEY 1 1,,FORNEY 1,,1
N130339,KAUFMAN 4 1,,KAUFMAN 4,,1
N130340,KAUFMAN 5 1,,KAUFMAN 5,,1
N130341,CRANDALL 1 1,,CRANDALL 1,,1
N130342,FORNEY 2 1,,FORNEY 2,,1
N130343,CRANDALL 2 1,,CRANDALL 2,,1
N130344,SCURRY 3 1,,SCURRY 3,,1
N130345,KAUFMAN 6 1,,KAUFMAN 6,,1
N130346,KEMP 2 1,,KEMP 2,,1
N130347,KEMP 3 1,,KEMP 3,,1
N130348,KEMP 4 1,,KEMP 4,,1
N130349,TRINIDAD 1 1,,TRINIDAD 1,,1
N130350,DUNCANVILLE 14 1,,DUNCANVILLE 14,,1
N130351,DUNCANVILLE 14 2,,DUNCANVILLE 14,,1
N130352,DUNCANVILLE 14 3,,DUNCANVILLE 14,,1
N130353,DUNCANVILLE 14 4,,DUNCANVILLE 14,,1
N130354,BARDWELL 2 1,,BARDWELL 2,,1
N130355,BARDWELL 2 2,,BARDWELL 2,,1
N130356,BARDWELL 2 3,,BARDWELL 2,,1
N130357,FORNEY 3 1,,FORNEY 3,,1
N130358,FORNEY 3 2,,FORNEY 3,,1
N130359,FORNEY 3 3,,FORNEY 3,,1
N130360,FORNEY 3 4,,FORNEY 3,,1
N130361,FORNEY 3 5,,FORNEY 3,,1
N130362,FORNEY 3 6,,FORNEY 3,,1
N130363,FORNEY 3 7,,FORNEY 3,,1
N130364,FORNEY 3 8,,FORNEY 3,,1
N130365,FORNEY 3 9,,FORNEY 3,,1
N130366,FORNEY 3 10,,FORNEY 3,,1
N130367,FERRIS 3 1,,FERRIS 3,,1
N130368,FERRIS 3 2,,FERRIS 3,,1
N130369,FERRIS 3 3,,FERRIS 3,,1
N130370,FERRIS 3 4,,FERRIS 3,,1
N130371,HUTCHINS 3 1,,HUTCHINS 3,,1
N130372,HUTCHINS 3 2,,HUTCHINS 3,,1
N130373,HUTCHINS 3 3,,HUTCHINS 3,,1
N130374,HUTCHINS 3 4,,HUTCHINS 3,,1
N130375,HUTCHINS 3 5,,HUTCHINS 3,,1
N140001,ROUND MOUNTAIN 1 1,,ROUND MOUNTAIN 1,,1
N140002,ROUND MOUNTAIN 2 1,,ROUND MOUNTAIN 2,,1
N140003,SPICEWOOD 1 1,,SPICEWOOD 1,,1
N140004,DRIPPING SPRINGS 1 1,,DRIPPING SPRINGS 1,,1
N140005,WILLOW CITY 2 1,,WILLOW CITY 2,,1
N140006,MULDOON 1 1,,MULDOON 1,,1
N140007,SMITHVILLE 1 1,,SMITHVILLE 1,,1
N140008,ELGIN 1 1,,ELGIN 1,,1
N140009,ELGIN 2 1,,ELGIN 2,,1
N140010,MC DADE 1 1,,MC DADE 1,,1
N140011,ELGIN 3 1,,ELGIN 3,,1
N140012,CEDAR CREEK 1 1,,CEDAR CREEK 1,,1
N140013,PAIGE 1 1,,PAIGE 1,,1
N140014,BASTROP 1 1,,BASTROP 1,,1
N140015,BASTROP 2 1,,BASTROP 2,,1
N140016,CEDAR CREEK 2 1,,CEDAR CREEK 2,,1
N140017,DEL VALLE 1 1,,DEL VALLE 1,,1
N140018,DALE 1 1,,DALE 1,,1
N140019,CEDAR CREEK 3 1,,CEDAR CREEK 3,,1
N140020,RED ROCK 1 1,,RED ROCK 1,,1
N140021,BASTROP 3 1,,BASTROP 3,,1
N140022,SMITHVILLE 2 1,,SMITHVILLE 2,,1
N140023,MULDOON 2 1,,MULDOON 2,,1
N140024,ROSANKY 1 1,,ROSANKY 1,,1
N140025,PAIGE 2 1,,PAIGE 2,,1
N140026,SMITHVILLE 3 1,,SMITHVILLE 3,,1
N140027,SMITHVILLE 4 1,,SMITHVILLE 4,,1
N140028,THRALL 1 1,,THRALL 1,,1
N140029,ELGIN 4 1,,ELGIN 4,,1
N140030,RED ROCK 2 1,,RED ROCK 2,,1
N140031,CEDAR CREEK 4 1,,CEDAR CREEK 4,,1
N140032,LA GRANGE 1 1,,LA GRANGE 1,,1
N140033,PAIGE 3 1,,PAIGE 3,,1
N140034,WEST POINT 1 1,,WEST POINT 1,,1
N140035,WEST POINT 2 1,,WEST POINT 2,,1
N140036,LINCOLN 1 1,,LINCOLN 1,,1
N140037,GIDDINGS 1 1,,GIDDINGS 1,,1
N140038,ELGIN 5 1,,ELGIN 5,,1
N140039,BASTROP 4 1,,BASTROP 4,,1
N140040,SMITHVILLE 5 1,,SMITHVILLE 5,,1
N140041,SCHULENBURG 1 1,,SCHULENBURG 1,,1
N140042,KINGSLAND 1 1,,KINGSLAND 1,,1
N140043,MARBLE FALLS 1 1,,MARBLE FALLS 1,,1
N140044,MARBLE FALLS 2 1,,MARBLE FALLS 2,,1
N140045,MARBLE FALLS 3 1,,MARBLE FALLS 3,,1
N140046,SPICEWOOD 2 1,,SPICEWOOD 2,,1
N140047,MARBLE FALLS 4 1,,MARBLE FALLS 4,,1
N140048,THORNDALE 1 1,,THORNDALE 1,,1
N140049,THRALL 2 1,,THRALL 2,,1
N140050,LLANO 1 1,,LLANO 1,,1
N140051,KINGSLAND 2 1,,KINGSLAND 2,,1
N140052,LLANO 2 1,,LLANO 2,,1
N140053,BUDA 1 1,,BUDA 1,,1
N140054,DEL VALLE 2 1,,DEL VALLE 2,,1
N140055,DEL VALLE 3 1,,DEL VALLE 3,,1
N140056,BUDA 2 1,,BUDA 2,,1
N140057,BUDA 2 2,,BUDA 2,,1
N140058,AUSTIN 1 1,,AUSTIN 1,,1
N140059,AUSTIN 2 1,,AUSTIN 2,,1
N140060,AUSTIN 3 1,,AUSTIN 3,,1
N140061,AUSTIN 4 1,,AUSTIN 4,,1
N140062,AUSTIN 5 1,,AUSTIN 5,,1
N140063,AUSTIN 6 1,,AUSTIN 6,,1
N140064,AUSTIN 7 1,,AUSTIN 7,,1
N140065,AUSTIN 7 2,,AUSTIN 7,,1
N140066,AUSTIN 8 1,,AUSTIN 8,,1
N140067,AUSTIN 9 1,,AUSTIN 9,,1
N140068,AUSTIN 10 1,,AUSTIN 10,,1
N140069,AUSTIN 11 1,,AUSTIN 11,,1
N140070,AUSTIN 12 1,,AUSTIN 12,,1
N140071,AUSTIN 12 2,,AUSTIN 12,,1
N140072,AUSTIN 12 3,,AUSTIN 12,,1
N140073,AUSTIN 12 4,,AUSTIN 12,,1
N140074,AUSTIN 13 1,,AUSTIN 13,,1
N140075,AUSTIN 13 2,,AUSTIN 13,,1
N140076,AUSTIN 14 1,,AUSTIN 14,,1
N140077,AUSTIN 15 1,,AUSTIN 15,,1
N140078,AUSTIN 16 1,,AUSTIN 16,,1
N140079,AUSTIN 16 2,,AUSTIN 16,,1
N140080,AUSTIN 17 1,,AUSTIN 17,,1
N140081,AUSTIN 18 1,,AUSTIN 18,,1
N140082,DEL VALLE 4 1,,DEL VALLE 4,,1
N140083,AUSTIN 19 1,,AUSTIN 19,,1
N140084,AUSTIN 20 1,,AUSTIN 20,,1
N140085,AUSTIN 21 1,,AUSTIN 21,,1
N140086,AUSTIN 22 1,,AUSTIN 22,,1
N140087,AUSTIN 23 1,,AUSTIN 23,,1
N140088,AUSTIN 24 1,,AUSTIN 24,,1
N140089,AUSTIN 25 1,,AUSTIN 25,,1
N140090,AUSTIN 25 2,,AUSTIN 25,,1
N140091,AUSTIN 26 1,,AUSTIN 26,,1
N140092,AUSTIN 26 2,,AUSTIN 26,,1
N140093,AUSTIN 27 1,,AUSTIN 27,,1
N140094,AUSTIN 27 2,,AUSTIN 27,,1
N140095,AUSTIN 28 1,,AUSTIN 28,,1
N140096,AUSTIN 29 1,,AUSTIN 29,,1
N140097,AUSTIN 29 2,,AUSTIN 29,,1
N140098,AUSTIN 30 1,,AUSTIN 30,,1
N140099,SPICEWOOD 3 1,,SPICEWOOD 3,,1
N140100,LEANDER 1 1,,LEANDER 1,,1
N140101,SPICEWOOD 4 1,,SPICEWOOD 4,,1
N140102,SPICEWOOD 4 2,,SPICEWOOD 4,,1
N140103,CEDAR PARK 1 1,,CEDAR PARK 1,,1
N140104,SPICEWOOD 5 1,,SPICEWOOD 5,,1
N140105,SPICEWOOD 6 1,,SPICEWOOD 6,,1
N140106,LEANDER 2 1,,LEANDER 2,,1
N140107,CEDAR PARK 2 1,,CEDAR PARK 2,,1
N140108,SPICEWOOD 7 1,,SPICEWOOD 7,,1
N140109,CEDAR PARK 3 1,,CEDAR PARK 3,,1
N140110,SPICEWOOD 8 1,,SPICEWOOD 8,,1
N140111,SPICEWOOD 9 1,,SPICEWOOD 9,,1
N140112,LEANDER 3 1,,LEANDER 3,,1
N140113,AUSTIN 31 1,,AUSTIN 31,,1
N140114,CEDAR PARK 4 1,,CEDAR PARK 4,,1
N140115,SPICEWOOD 10 1,,SPICEWOOD 10,,1
N140116,LEANDER 4 1,,LEANDER 4,,1
N140117,SPICEWOOD 11 1,,SPICEWOOD 11,,1
N140118,SPICEWOOD 12 1,,SPICEWOOD 12,,1
N140119,SPICEWOOD 12 2,,SPICEWOOD 12,,1
N140120,SPICEWOOD 13 1,,SPICEWOOD 13,,1
N140121,MANCHACA 1 1,,MANCHACA 1,,1
N140122,MANCHACA 1 2,,MANCHACA 1,,1
N140123,AUSTIN 32 1,,AUSTIN 32,,1
N140124,CEDAR PARK 5 1,,CEDAR PARK 5,,1
N140125,PFLUGERVILLE 1 1,,PFLUGERVILLE 1,,1
N140126,AUSTIN 33 1,,AUSTIN 33,,1
N140127,CEDAR PARK 6 1,,CEDAR PARK 6,,1
N140128,AUSTIN 34 1,,AUSTIN 34,,1
N140129,AUSTIN 35 1,,AUSTIN 35,,1
N140130,ROUND ROCK 1 1,,ROUND ROCK 1,,1
N140131,ROUND ROCK 1 2,,ROUND ROCK 1,,1
N140132,AUSTIN 36 1,,AUSTIN 36,,1
N140133,AUSTIN 37 1,,AUSTIN 37,,1
N140134,AUSTIN 38 1,,AUSTIN 38,,1
N140135,AUSTIN 39 1,,AUSTIN 39,,1
N140136,AUSTIN 39 2,,AUSTIN 39,,1
N140137,AUSTIN 39 3,,AUSTIN 39,,1
N140138,AUSTIN 39 4,,AUSTIN 39,,1
N140139,AUSTIN 40 1,,AUSTIN 40,,1
N140140,AUSTIN 41 1,,AUSTIN 41,,1
N140141,ROUND ROCK 2 1,,ROUND ROCK 2,,1
N140142,CEDAR PARK 7 1,,CEDAR PARK 7,,1
N140143,CEDAR PARK 7 2,,CEDAR PARK 7,,1
N140144,CEDAR PARK 8 1,,CEDAR PARK 8,,1
N140145,PFLUGERVILLE 2 1,,PFLUGERVILLE 2,,1
N140146,AUSTIN 42 1,,AUSTIN 42,,1
N140147,AUSTIN 42 2,,AUSTIN 42,,1
N140148,AUSTIN 43 1,,AUSTIN 43,,1
N140149,CEDAR PARK 9 1,,CEDAR PARK 9,,1
N140150,AUSTIN 44 1,,AUSTIN 44,,1
N140151,AUSTIN 45 1,,AUSTIN 45,,1
N140152,AUSTIN 45 2,,AUSTIN 45,,1
N140153,AUSTIN 46 1,,AUSTIN 46,,1
N140154,AUSTIN 47 1,,AUSTIN 47,,1
N140155,MANOR 1 1,,MANOR 1,,1
N140156,MANOR 1 2,,MANOR 1,,1
N140157,MANOR 1 3,,MANOR 1,,1
N140158,MANOR 1 4,,MANOR 1,,1
N140159,MANOR 2 1,,MANOR 2,,1
N140160,MANOR 3 1,,MANOR 3,,1
N140161,DEL VALLE 5 1,,DEL VALLE 5,,1
N140162,DEL VALLE 5 2,,DEL VALLE 5,,1
N140163,DEL VALLE 6 1,,DEL VALLE 6,,1
N140164,DEL VALLE 7 1,,DEL VALLE 7,,1
N140165,MANOR 4 1,,MANOR 4,,1
N140166,DEL VALLE 8 1,,DEL VALLE 8,,1
N140167,MANOR 5 1,,MANOR 5,,1
N140168,MANOR 5 2,,MANOR 5,,1
N140169,DRIPPING SPRINGS 2 1,,DRIPPING SPRINGS 2,,1
N140170,DRIPPING SPRINGS 3 1,,DRIPPING SPRINGS 3,,1
N140171,DRIPPING SPRINGS 3 2,,DRIPPING SPRINGS 3,,1
N140172,MANCHACA 2 1,,MANCHACA 2,,1
N140173,DRIFTWOOD 1 1,,DRIFTWOOD 1,,1
N140174,DRIPPING SPRINGS 4 1,,DRIPPING SPRINGS 4,,1
N140175,DRIFTWOOD 2 1,,DRIFTWOOD 2,,1
N140176,DRIFTWOOD 3 1,,DRIFTWOOD 3,,1
N140177,DRIFTWOOD 3 2,,DRIFTWOOD 3,,1
N140178,DRIPPING SPRINGS 5 1,,DRIPPING SPRINGS 5,,1
N140179,DRIPPING SPRINGS 6 1,,DRIPPING SPRINGS 6,,1
N140180,DRIPPING SPRINGS 7 1,,DRIPPING SPRINGS 7,,1
N140181,PFLUGERVILLE 3 1,,PFLUGERVILLE 3,,1
N140182,ROUND ROCK 3 1,,ROUND ROCK 3,,1
N140183,PFLUGERVILLE 4 1,,PFLUGERVILLE 4,,1
N140184,PFLUGERVILLE 4 2,,PFLUGERVILLE 4,,1
N140185,ROUND ROCK 4 1,,ROUND ROCK 4,,1
N140186,ROUND ROCK 4 2,,ROUND ROCK 4,,1
N140187,ROUND ROCK 4 3,,ROUND ROCK 4,,1
N140188,ROUND ROCK 5 1,,ROUND ROCK 5,,1
N140189,PFLUGERVILLE 5 1,,PFLUGERVILLE 5,,1
N140190,PFLUGERVILLE 5 2,,PFLUGERVILLE 5,,1
N140191,PFLUGERVILLE 6 1,,PFLUGERVILLE 6,,1
N140192,MANOR 6 1,,MANOR 6,,1
N140193,COUPLAND 1 1,,COUPLAND 1,,1
N140194,ROUND ROCK 6 1,,ROUND ROCK 6,,1
N140195,ROUND ROCK 6 2,,ROUND ROCK 6,,1
N140196,ROUND ROCK 7 1,,ROUND ROCK 7,,1
N140197,PFLUGERVILLE 7 1,,PFLUGERVILLE 7,,1
N140198,AUSTIN 48 1,,AUSTIN 48,,1
N140199,MANCHACA 3 1,,MANCHACA 3,,1
N140200,MANCHACA 3 2,,MANCHACA 3,,1
N140201,MANCHACA 3 3,,MANCHACA 3,,1
N140202,MANCHACA 3 4,,MANCHACA 3,,1
N140203,AUSTIN 49 1,,AUSTIN 49,,1
N140204,AUSTIN 50 1,,AUSTIN 50,,1
N140205,MANCHACA 4 1,,MANCHACA 4,,1
N140206,MANCHACA 4 2,,MANCHACA 4,,1
N140207,MANCHACA 5 1,,MANCHACA 5,,1
N140208,AUSTIN 51 1,,AUSTIN 51,,1
N140209,MANCHACA 6 1,,MANCHACA 6,,1
N140210,AUSTIN 52 1,,AUSTIN 52,,1
N140211,AUSTIN 53 1,,AUSTIN 53,,1
N140212,AUSTIN 53 2,,AUSTIN 53,,1
N140213,MANCHACA 7 1,,MANCHACA 7,,1
N140214,MANCHACA 7 2,,MANCHACA 7,,1
N140215,MANCHACA 7 3,,MANCHACA 7,,1
N140216,MANCHACA 8 1,,MANCHACA 8,,1
N140217,BUDA 3 1,,BUDA 3,,1
N140218,MANCHACA 9 1,,MANCHACA 9,,1
N140219,DEL VALLE 9 1,,DEL VALLE 9,,1
N140220,MANCHACA 10 1,,MANCHACA 10,,1
N140221,MANCHACA 10 2,,MANCHACA 10,,1
N140222,MANCHACA 10 3,,MANCHACA 10,,1
N140223,MANCHACA 10 4,,MANCHACA 10,,1
N140224,AUSTIN 54 1,,AUSTIN 54,,1
N140225,AUSTIN 54 2,,AUSTIN 54,,1
N140226,MANCHACA 11 1,,MANCHACA 11,,1
N140227,ROUND ROCK 8 1,,ROUND ROCK 8,,1
N140228,ROUND ROCK 8 2,,ROUND ROCK 8,,1
N140229,ROUND ROCK 8 3,,ROUND ROCK 8,,1
N140230,ROUND ROCK 8 4,,ROUND ROCK 8,,1
N140231,CEDAR PARK 10 1,,CEDAR PARK 10,,1
N140232,CEDAR PARK 10 2,,CEDAR PARK 10,,1
N140233,CEDAR PARK 11 1,,CEDAR PARK 11,,1
N140234,CEDAR PARK 12 1,,CEDAR PARK 12,,1
N140235,CEDAR PARK 13 1,,CEDAR PARK 13,,1
N140236,LEANDER 5 1,,LEANDER 5,,1
N140237,LEANDER 6 1,,LEANDER 6,,1
N140238,LEANDER 6 2,,LEANDER 6,,1
N140239,CEDAR PARK 14 1,,CEDAR PARK 14,,1
N140240,CEDAR PARK 15 1,,CEDAR PARK 15,,1
N140241,CEDAR PARK 16 1,,CEDAR PARK 16,,1
N140242,CEDAR PARK 16 2,,CEDAR PARK 16,,1
N140243,CEDAR PARK 17 1,,CEDAR PARK 17,,1
N140244,CEDAR PARK 17 2,,CEDAR PARK 17,,1
N140245,CEDAR PARK 18 1,,CEDAR PARK 18,,1
N140246,CEDAR PARK 19 1,,CEDAR PARK 19,,1
N140247,CEDAR PARK 20 1,,CEDAR PARK 20,,1
N140248,CEDAR PARK 20 2,,CEDAR PARK 20,,1
N140249,LIBERTY HILL 1 1,,LIBERTY HILL 1,,1
N140250,LEANDER 7 1,,LEANDER 7,,1
N140251,LIBERTY HILL 2 1,,LIBERTY HILL 2,,1
N140252,CEDAR PARK 21 1,,CEDAR PARK 21,,1
N140253,CEDAR PARK 22 1,,CEDAR PARK 22,,1
N140254,CEDAR PARK 23 1,,CEDAR PARK 23,,1
N140255,TAYLOR 1 1,,TAYLOR 1,,1
N140256,TAYLOR 2 1,,TAYLOR 2,,1
N140257,TAYLOR 2 2,,TAYLOR 2,,1
N140258,TAYLOR 2 3,,TAYLOR 2,,1
N140259,TAYLOR 2 4,,TAYLOR 2,,1
N140260,TAYLOR 3 1,,TAYLOR 3,,1
N140261,COUPLAND 2 1,,COUPLAND 2,,1
N140262,THRALL 3 1,,THRALL 3,,1
N140263,THRALL 4 1,,THRALL 4,,1
N140264,GRANGER 1 1,,GRANGER 1,,1
N140265,COUPLAND 3 1,,COUPLAND 3,,1
N140266,TAYLOR 4 1,,TAYLOR 4,,1
N140267,TAYLOR 4 2,,TAYLOR 4,,1
N140268,TAYLOR 4 3,,TAYLOR 4,,1
N140269,CEDAR PARK 24 1,,CEDAR PARK 24,,1
N140270,GEORGETOWN 1 1,,GEORGETOWN 1,,1
N140271,GEORGETOWN 2 1,,GEORGETOWN 2,,1
N140272,GEORGETOWN 3 1,,GEORGETOWN 3,,1
N140273,GEORGETOWN 3 2,,GEORGETOWN 3,,1
N140274,GEORGETOWN 3 3,,GEORGETOWN 3,,1
N140275,ROUND ROCK 9 1,,ROUND ROCK 9,,1
N140276,ROUND ROCK 10 1,,ROUND ROCK 10,,1
N140277,HUTTO 1 1,,HUTTO 1,,1
N140278,HUTTO 1 2,,HUTTO 1,,1
N140279,GEORGETOWN 4 1,,GEORGETOWN 4,,1
N140280,ROUND ROCK 11 1,,ROUND ROCK 11,,1
N140281,ROUND ROCK 12 1,,ROUND ROCK 12,,1
N140282,ROUND ROCK 12 2,,ROUND ROCK 12,,1
N140283,ROUND ROCK 13 1,,ROUND ROCK 13,,1
N140284,ROUND ROCK 13 2,,ROUND ROCK 13,,1
N140285,ROUND ROCK 13 3,,ROUND ROCK 13,,1
N140286,ROUND ROCK 13 4,,ROUND ROCK 13,,1
N140287,HUTTO 2 1,,HUTTO 2,,1
N140288,ROUND ROCK 14 1,,ROUND ROCK 14,,1
N140289,HUTTO 3 1,,HUTTO 3,,1
N140290,HUTTO 3 2,,HUTTO 3,,1
N140291,ROUND ROCK 15 1,,ROUND ROCK 15,,1
N140292,ROUND ROCK 15 2,,ROUND ROCK 15,,1
N140293,GEORGETOWN 5 1,,GEORGETOWN 5,,1
N140294,GEORGETOWN 5 2,,GEORGETOWN 5,,1
N140295,MARBLE FALLS 5 1,,MARBLE FALLS 5,,1
N140296,KINGSLAND 3 1,,KINGSLAND 3,,1
N140297,HORSESHOE BAY 1 1,,HORSESHOE BAY 1,,1
N140298,HORSESHOE BAY 2 1,,HORSESHOE BAY 2,,1
N140299,SPICEWOOD 14 1,,SPICEWOOD 14,,1
N140300,MARBLE FALLS 6 1,,MARBLE FALLS 6,,1
N140301,HORSESHOE BAY 3 1,,HORSESHOE BAY 3,,1
N140302,THORNDALE 2 1,,THORNDALE 2,,1
N140303,MANOR 7 1,,MANOR 7,,1
N140304,MANOR 7 2,,MANOR 7,,1
N140305,MANOR 7 3,,MANOR 7,,1
N140306,MANOR 7 4,,MANOR 7,,1
N140307,MANOR 7 5,,MANOR 7,,1
N140308,MANOR 7 6,,MANOR 7,,1
N140309,MANOR 7 7,,MANOR 7,,1
N140310,AUSTIN 55 1,,AUSTIN 55,,1
N140311,AUSTIN 55 2,,AUSTIN 55,,1
N140312,HORSESHOE BAY 4 1,,HORSESHOE BAY 4,,1
N140313,HORSESHOE BAY 4 2,,HORSESHOE BAY 4,,1
N140314,HORSESHOE BAY 4 3,,HORSESHOE BAY 4,,1
N140315,HORSESHOE BAY 4 4,,HORSESHOE BAY 4,,1
N140316,MARBLE FALLS 7 1,,MARBLE FALLS 7,,1
N140317,MARBLE FALLS 7 2,,MARBLE FALLS 7,,1
N140318,MARBLE FALLS 7 3,,MARBLE FALLS 7,,1
N140319,MARBLE FALLS 7 4,,MARBLE FALLS 7,,1
N140320,MARBLE FALLS 7 5,,MARBLE FALLS 7,,1
N140321,MARBLE FALLS 7 6,,MARBLE FALLS 7,,1
N140322,MARBLE FALLS 7 7,,MARBLE FALLS 7,,1
N140323,CEDAR PARK 25 1,,CEDAR PARK 25,,1
N140324,CEDAR PARK 25 2,,CEDAR PARK 25,,1
N140325,CEDAR PARK 25 3,,CEDAR PARK 25,,1
N140326,CEDAR PARK 25 4,,CEDAR PARK 25,,1
N140327,CEDAR PARK 25 5,,CEDAR PARK 25,,1
N140328,CEDAR PARK 25 6,,CEDAR PARK 25,,1
N140329,BASTROP 5 1,,BASTROP 5,,1
N140330,BASTROP 5 2,,BASTROP 5,,1
N140331,BASTROP 5 3,,BASTROP 5,,1
N140332,BASTROP 5 4,,BASTROP 5,,1
N140333,BASTROP 5 5,,BASTROP 5,,1
N140334,HORSESHOE BAY 5 1,,HORSESHOE BAY 5,,1
N140335,HORSESHOE BAY 5 2,,HORSESHOE BAY 5,,1
N140336,HORSESHOE BAY 5 3,,HORSESHOE BAY 5,,1
N140337,HORSESHOE BAY 5 4,,HORSESHOE BAY 5,,1
N140338,DEL VALLE 10 1,,DEL VALLE 10,,1
N140339,DEL VALLE 10 2,,DEL VALLE 10,,1
N140340,DEL VALLE 10 3,,DEL VALLE 10,,1
N140341,DEL VALLE 10 4,,DEL VALLE 10,,1
N140342,DEL VALLE 10 5,,DEL VALLE 10,,1
N140343,DEL VALLE 10 6,,DEL VALLE 10,,1
N140344,CEDAR PARK 26 1,,CEDAR PARK 26,,1
N140345,CEDAR PARK 26 2,,CEDAR PARK 26,,1
N140346,CEDAR PARK 26 3,,CEDAR PARK 26,,1
N140347,CEDAR PARK 26 4,,CEDAR PARK 26,,1
N140348,CEDAR PARK 26 5,,CEDAR PARK 26,,1
N140349,AUSTIN 56 1,,AUSTIN 56,,1
N140350,AUSTIN 56 2,,AUSTIN 56,,1
N140351,AUSTIN 56 3,,AUSTIN 56,,1
N140352,AUSTIN 56 4,,AUSTIN 56,,1
N140353,BASTROP 6 1,,BASTROP 6,,1
N140354,BASTROP 6 2,,BASTROP 6,,1
N140355,BASTROP 6 3,,BASTROP 6,,1
N140356,BASTROP 6 4,,BASTROP 6,,1
N140357,BASTROP 6 5,,BASTROP 6,,1
N140358,BASTROP 6 6,,BASTROP 6,,1
N140359,BASTROP 6 7,,BASTROP 6,,1
N140360,DEL VALLE 11 1,,DEL VALLE 11,,1
N140361,DEL VALLE 11 2,,DEL VALLE 11,,1
N140362,DEL VALLE 11 3,,DEL VALLE 11,,1
N140363,DEL VALLE 11 4,,DEL VALLE 11,,1
N140364,AUSTIN 57 1,,AUSTIN 57,,1
N140365,AUSTIN 57 2,,AUSTIN 57,,1
N140366,AUSTIN 57 3,,AUSTIN 57,,1
N140367,AUSTIN 57 4,,AUSTIN 57,,1
N140368,MANOR 8 1,,MANOR 8,,1
N140369,MANOR 8 2,,MANOR 8,,1
N140370,MANOR 8 3,,MANOR 8,,1
N140371,MANOR 8 4,,MANOR 8,,1
N140372,WEST POINT 3 1,,WEST POINT 3,,1
N140373,WEST POINT 3 2,,WEST POINT 3,,1
N140374,WEST POINT 3 3,,WEST POINT 3,,1
N140375,WEST POINT 3 4,,WEST POINT 3,,1
N140376,MANOR 9 1,,MANOR 9,,1
N140377,MANOR 9 2,,MANOR 9,,1
N140378,ROUND ROCK 16 1,,ROUND ROCK 16,,1
N140379,ROUND ROCK 16 2,,ROUND ROCK 16,,1
N140380,AUSTIN 58 1,,AUSTIN 58,,1
N140381,AUSTIN 58 2,,AUSTIN 58,,1
N140382,AUSTIN 59 1,,AUSTIN 59,,1
N140383,AUSTIN 59 2,,AUSTIN 59,,1
N140384,AUSTIN 60 1,,AUSTIN 60,,1
N140385,AUSTIN 60 2,,AUSTIN 60,,1
N140386,AUSTIN 60 3,,AUSTIN 60,,1
N140387,AUSTIN 60 4,,AUSTIN 60,,1
N150001,IOWA PARK 1 1,,IOWA PARK 1,,1
N150002,SHEPPARD AFB 1 1,,SHEPPARD AFB 1,,1
N150003,HARROLD 1 1,,HARROLD 1,,1
N150004,HOLLIDAY 1 1,,HOLLIDAY 1,,1
N150005,BURKBURNETT 1 1,,BURKBURNETT 1,,1
N150006,WICHITA FALLS 1 1,,WICHITA FALLS 1,,1
N150007,IOWA PARK 2 1,,IOWA PARK 2,,1
N150008,KOPPERL 1 1,,KOPPERL 1,,1
N150009,MERIDIAN 1 1,,MERIDIAN 1,,1
N150010,WHITNEY 1 1,,WHITNEY 1,,1
N150011,RAINBOW 1 1,,RAINBOW 1,,1
N150012,GLEN ROSE 1 1,,GLEN ROSE 1,,1
N150013,WALNUT SPRINGS 1 1,,WALNUT SPRINGS 1,,1
N150014,NEMO 1 1,,NEMO 1,,1
N150015,COVINGTON 1 1,,COVINGTON 1,,1
N150016,BLUM 1 1,,BLUM 1,,1
N150017,IREDELL 1 1,,IREDELL 1,,1
N150018,WALNUT SPRINGS 2 1,,WALNUT SPRINGS 2,,1
N150019,MUENSTER 1 1,,MUENSTER 1,,1
N150020,DECATUR 1 1,,DECATUR 1,,1
N150021,BRIDGEPORT 1 1,,BRIDGEPORT 1,,1
N150022,PARADISE 1 1,,PARADISE 1,,1
N150023,PARADISE 2 1,,PARADISE 2,,1
N150024,PARADISE 3 1,,PARADISE 3,,1
N150025,BOYD 1 1,,BOYD 1,,1
N150026,BOYD 2 1,,BOYD 2,,1
N150027,RHOME 1 1,,RHOME 1,,1
N150028,NEWARK 1 1,,NEWARK 1,,1
N150029,CHICO 1 1,,CHICO 1,,1
N150030,ALVORD 1 1,,ALVORD 1,,1
N150031,CHICO 2 1,,CHICO 2,,1
N150032,PARADISE 4 1,,PARADISE 4,,1
N150033,ROSSTON 1 1,,ROSSTON 1,,1
N150034,DECATUR 2 1,,DECATUR 2,,1
N150035,DECATUR 3 1,,DECATUR 3,,1
N150036,LEON 1 1,,LEON 1,,1
N150037,ROSSTON 2 1,,ROSSTON 2,,1
N150038,KRUM 1 1,,KRUM 1,,1
N150039,SPRINGTOWN 1 1,,SPRINGTOWN 1,,1
N150040,MUENSTER 2 1,,MUENSTER 2,,1
N150041,MUENSTER 3 1,,MUENSTER 3,,1
N150042,CHICO 3 1,,CHICO 3,,1
N150043,RHOME 2 1,,RHOME 2,,1
N150044,JUSTIN 1 1,,JUSTIN 1,,1
N150045,DESDEMONA 1 1,,DESDEMONA 1,,1
N150046,DUBLIN 1 1,,DUBLIN 1,,1
N150047,DESDEMONA 2 1,,DESDEMONA 2,,1
N150048,STEPHENVILLE 1 1,,STEPHENVILLE 1,,1
N150049,STEPHENVILLE 2 1,,STEPHENVILLE 2,,1
N150050,DUBLIN 2 1,,DUBLIN 2,,1
N150051,DUBLIN 3 1,,DUBLIN 3,,1
N150052,MILLSAP 1 1,,MILLSAP 1,,1
N150053,BLUFF DALE 1 1,,BLUFF DALE 1,,1
N150054,CRESSON 1 1,,CRESSON 1,,1
N150055,MILLSAP 2 1,,MILLSAP 2,,1
N150056,GRAFORD 1 1,,GRAFORD 1,,1
N150057,STRAWN 1 1,,STRAWN 1,,1
N150058,STRAWN 2 1,,STRAWN 2,,1
N150059,STEPHENVILLE 3 1,,STEPHENVILLE 3,,1
N150060,WHITT 1 1,,WHITT 1,,1
N150061,GRAFORD 2 1,,GRAFORD 2,,1
N150062,MINERAL WELLS 1 1,,MINERAL WELLS 1,,1
N150063,SPRINGTOWN 2 1,,SPRINGTOWN 2,,1
N150064,POOLVILLE 1 1,,POOLVILLE 1,,1
N150065,MILLSAP 3 1,,MILLSAP 3,,1
N150066,WEATHERFORD 1 1,,WEATHERFORD 1,,1
N150067,SANTO 1 1,,SANTO 1,,1
N150068,MINERAL WELLS 2 1,,MINERAL WELLS 2,,1
N150069,GORDON 1 1,,GORDON 1,,1
N150070,SANTO 2 1,,SANTO 2,,1
N150071,MILLSAP 4 1,,MILLSAP 4,,1
N150072,WEATHERFORD 2 1,,WEATHERFORD 2,,1
N150073,WEATHERFORD 3 1,,WEATHERFORD 3,,1
N150074,ALEDO 1 1,,ALEDO 1,,1
N150075,CRESSON 2 1,,CRESSON 2,,1
N150076,GORDON 2 1,,GORDON 2,,1
N150077,BLUFF DALE 2 1,,BLUFF DALE 2,,1
N150078,MINGUS 1 1,,MINGUS 1,,1
N150079,LIPAN 1 1,,LIPAN 1,,1
N150080,TOLAR 1 1,,TOLAR 1,,1
N150081,BLUFF DALE 3 1,,BLUFF DALE 3,,1
N150082,GRANBURY 1 1,,GRANBURY 1,,1
N150083,BLUFF DALE 4 1,,BLUFF DALE 4,,1
N150084,GODLEY 1 1,,GODLEY 1,,1
N150085,SPRINGTOWN 3 1,,SPRINGTOWN 3,,1
N150086,PALO PINTO 1 1,,PALO PINTO 1,,1
N150087,STEPHENVILLE 4 1,,STEPHENVILLE 4,,1
N150088,STRAWN 3 1,,STRAWN 3,,1
N150089,MINGUS 2 1,,MINGUS 2,,1
N150090,BLUFF DALE 5 1,,BLUFF DALE 5,,1
N150091,ALEDO 2 1,,ALEDO 2,,1
N150092,MILLSAP 5 1,,MILLSAP 5,,1
N150093,STRAWN 4 1,,STRAWN 4,,1
N150094,SUNSET 1 1,,SUNSET 1,,1
N150095,OLNEY 1 1,,OLNEY 1,,1
N150096,NOCONA 1 1,,NOCONA 1,,1
N150097,GRAHAM 1 1,,GRAHAM 1,,1
N150098,WICHITA FALLS 2 1,,WICHITA FALLS 2,,1
N150099,JACKSBORO 1 1,,JACKSBORO 1,,1
N150100,MEGARGEL 1 1,,MEGARGEL 1,,1
N150101,WINDTHORST 1 1,,WINDTHORST 1,,1
N150102,WOODSON 1 1,,WOODSON 1,,1
N150103,LOVING 1 1,,LOVING 1,,1
N150104,GRAHAM 2 1,,GRAHAM 2,,1
N150105,PERRIN 1 1,,PERRIN 1,,1
N150106,PETROLIA 1 1,,PETROLIA 1,,1
N150107,HENRIETTA 1 1,,HENRIETTA 1,,1
N150108,RINGGOLD 1 1,,RINGGOLD 1,,1
N150109,NOCONA 2 1,,NOCONA 2,,1
N150110,BELLEVUE 1 1,,BELLEVUE 1,,1
N150111,SUNSET 2 1,,SUNSET 2,,1
N150112,WICHITA FALLS 3 1,,WICHITA FALLS 3,,1
N150113,NEWCASTLE 1 1,,NEWCASTLE 1,,1
N150114,JACKSBORO 2 1,,JACKSBORO 2,,1
N150115,VERNON 1 1,,VERNON 1,,1
N150116,OKLAUNION 1 1,,OKLAUNION 1,,1
N150117,SEYMOUR 1 1,,SEYMOUR 1,,1
N150118,THROCKMORTON 1 1,,THROCKMORTON 1,,1
N150119,SEYMOUR 2 1,,SEYMOUR 2,,1
N150120,EASTLAND 1 1,,EASTLAND 1,,1
N150121,EASTLAND 1 2,,EASTLAND 1,,1
N150122,EASTLAND 1 3,,EASTLAND 1,,1
N150123,EASTLAND 1 4,,EASTLAND 1,,1
N150124,BRECKENRIDGE 1 1,,BRECKENRIDGE 1,,1
N150125,BRECKENRIDGE 2 1,,BRECKENRIDGE 2,,1
N150126,CADDO 1 1,,CADDO 1,,1
N150127,GORMAN 1 1,,GORMAN 1,,1
N150128,RANGER 1 1,,RANGER 1,,1
N150129,OLDEN 1 1,,OLDEN 1,,1
N150130,KRUM 2 1,,KRUM 2,,1
N150131,SANGER 1 1,,SANGER 1,,1
N150132,SANGER 2 1,,SANGER 2,,1
N150133,KRUM 3 1,,KRUM 3,,1
N150134,KRUM 4 1,,KRUM 4,,1
N150135,KRUM 5 1,,KRUM 5,,1
N150136,KENNEDALE 1 1,,KENNEDALE 1,,1
N150137,KENNEDALE 2 1,,KENNEDALE 2,,1
N150138,KENNEDALE 2 2,,KENNEDALE 2,,1
N150139,KENNEDALE 2 3,,KENNEDALE 2,,1
N150140,KENNEDALE 2 4,,KENNEDALE 2,,1
N150141,HALTOM CITY 1 1,,HALTOM CITY 1,,1
N150142,HALTOM CITY 1 2,,HALTOM CITY 1,,1
N150143,HALTOM CITY 2 1,,HALTOM CITY 2,,1
N150144,HALTOM CITY 2 2,,HALTOM CITY 2,,1
N150145,KENNEDALE 3 1,,KENNEDALE 3,,1
N150146,HALTOM CITY 3 1,,HALTOM CITY 3,,1
N150147,KENNEDALE 4 1,,KENNEDALE 4,,1
N150148,NEWARK 2 1,,NEWARK 2,,1
N150149,NEWARK 2 2,,NEWARK 2,,1
N150150,NEWARK 2 3,,NEWARK 2,,1
N150151,NEWARK 2 4,,NEWARK 2,,1
N150152,AZLE 1 1,,AZLE 1,,1
N150153,AZLE 1 2,,AZLE 1,,1
N150154,AZLE 1 3,,AZLE 1,,1
N150155,AZLE 2 1,,AZLE 2,,1
N150156,NEWARK 3 1,,NEWARK 3,,1
N150157,NAVAL AIR STATION_ JRB 1 1,,NAVAL AIR STATION_ JRB 1,,1
N150158,CLEBURNE 1 1,,CLEBURNE 1,,1
N150159,JOSHUA 1 1,,JOSHUA 1,,1
N150160,CLEBURNE 2 1,,CLEBURNE 2,,1
N150161,KEENE 1 1,,KEENE 1,,1
N150162,KEENE 1 2,,KEENE 1,,1
N150163,CLEBURNE 3 1,,CLEBURNE 3,,1
N150164,RIO VISTA 1 1,,RIO VISTA 1,,1
N150165,GODLEY 2 1,,GODLEY 2,,1
N150166,RIO VISTA 2 1,,RIO VISTA 2,,1
N150167,KOPPERL 2 1,,KOPPERL 2,,1
N150168,RIO VISTA 3 1,,RIO VISTA 3,,1
N150169,RIO VISTA 3 2,,RIO VISTA 3,,1
N150170,NEMO 2 1,,NEMO 2,,1
N150171,GODLEY 3 1,,GODLEY 3,,1
N150172,GODLEY 3 2,,GODLEY 3,,1
N150173,CLEBURNE 4 1,,CLEBURNE 4,,1
N150174,CLEBURNE 4 2,,CLEBURNE 4,,1
N150175,CLEBURNE 5 1,,CLEBURNE 5,,1
N150176,KEENE 2 1,,KEENE 2,,1
N150177,BURLESON 1 1,,BURLESON 1,,1
N150178,BURLESON 2 1,,BURLESON 2,,1
N150179,BURLESON 3 1,,BURLESON 3,,1
N150180,BURLESON 3 2,,BURLESON 3,,1
N150181,BURLESON 4 1,,BURLESON 4,,1
N150182,GODLEY 4 1,,GODLEY 4,,1
N150183,GODLEY 4 2,,GODLEY 4,,1
N150184,JOSHUA 2 1,,JOSHUA 2,,1
N150185,CRESSON 3 1,,CRESSON 3,,1
N150186,JOSHUA 3 1,,JOSHUA 3,,1
N150187,CROWLEY 1 1,,CROWLEY 1,,1
N150188,CROWLEY 2 1,,CROWLEY 2,,1
N150189,JOSHUA 4 1,,JOSHUA 4,,1
N150190,JOSHUA 5 1,,JOSHUA 5,,1
N150191,JOSHUA 5 2,,JOSHUA 5,,1
N150192,BURLESON 5 1,,BURLESON 5,,1
N150193,JOSHUA 6 1,,JOSHUA 6,,1
N150194,JOSHUA 6 2,,JOSHUA 6,,1
N150195,JOSHUA 6 3,,JOSHUA 6,,1
N150196,JOSHUA 6 4,,JOSHUA 6,,1
N150197,BURLESON 6 1,,BURLESON 6,,1
N150198,GODLEY 5 1,,GODLEY 5,,1
N150199,FORT WORTH 1 1,,FORT WORTH 1,,1
N150200,FORT WORTH 2 1,,FORT WORTH 2,,1
N150201,FORT WORTH 2 2,,FORT WORTH 2,,1
N150202,FORT WORTH 3 1,,FORT WORTH 3,,1
N150203,FORT WORTH 3 2,,FORT WORTH 3,,1
N150204,FORT WORTH 4 1,,FORT WORTH 4,,1
N150205,FORT WORTH 5 1,,FORT WORTH 5,,1
N150206,FORT WORTH 6 1,,FORT WORTH 6,,1
N150207,FORT WORTH 7 1,,FORT WORTH 7,,1
N150208,FORT WORTH 8 1,,FORT WORTH 8,,1
N150209,FORT WORTH 9 1,,FORT WORTH 9,,1
N150210,FORT WORTH 10 1,,FORT WORTH 10,,1
N150211,FORT WORTH 11 1,,FORT WORTH 11,,1
N150212,FORT WORTH 11 2,,FORT WORTH 11,,1
N150213,FORT WORTH 12 1,,FORT WORTH 12,,1
N150214,FORT WORTH 12 2,,FORT WORTH 12,,1
N150215,FORT WORTH 13 1,,FORT WORTH 13,,1
N150216,FORT WORTH 14 1,,FORT WORTH 14,,1
N150217,NAVAL AIR STATION_ JRB 2 1,,NAVAL AIR STATION_ JRB 2,,1
N150218,FORT WORTH 15 1,,FORT WORTH 15,,1
N150219,FORT WORTH 16 1,,FORT WORTH 16,,1
N150220,FORT WORTH 16 2,,FORT WORTH 16,,1
N150221,FORT WORTH 17 1,,FORT WORTH 17,,1
N150222,HALTOM CITY 4 1,,HALTOM CITY 4,,1
N150223,HALTOM CITY 4 2,,HALTOM CITY 4,,1
N150224,NORTH RICHLAND HILLS 1 1,,NORTH RICHLAND HILLS 1,,1
N150225,NORTH RICHLAND HILLS 2 1,,NORTH RICHLAND HILLS 2,,1
N150226,HALTOM CITY 5 1,,HALTOM CITY 5,,1
N150227,HALTOM CITY 5 2,,HALTOM CITY 5,,1
N150228,NORTH RICHLAND HILLS 3 1,,NORTH RICHLAND HILLS 3,,1
N150229,NORTH RICHLAND HILLS 4 1,,NORTH RICHLAND HILLS 4,,1
N150230,NORTH RICHLAND HILLS 4 2,,NORTH RICHLAND HILLS 4,,1
N150231,HALTOM CITY 6 1,,HALTOM CITY 6,,1
N150232,NORTH RICHLAND HILLS 5 1,,NORTH RICHLAND HILLS 5,,1
N150233,NORTH RICHLAND HILLS 6 1,,NORTH RICHLAND HILLS 6,,1
N150234,NORTH RICHLAND HILLS 7 1,,NORTH RICHLAND HILLS 7,,1
N150235,NORTH RICHLAND HILLS 8 1,,NORTH RICHLAND HILLS 8,,1
N150236,HALTOM CITY 7 1,,HALTOM CITY 7,,1
N150237,KELLER 1 1,,KELLER 1,,1
N150238,KELLER 2 1,,KELLER 2,,1
N150239,NORTH RICHLAND HILLS 9 1,,NORTH RICHLAND HILLS 9,,1
N150240,NORTH RICHLAND HILLS 9 2,,NORTH RICHLAND HILLS 9,,1
N150241,NORTH RICHLAND HILLS 10 1,,NORTH RICHLAND HILLS 10,,1
N150242,HALTOM CITY 8 1,,HALTOM CITY 8,,1
N150243,HALTOM CITY 9 1,,HALTOM CITY 9,,1
N150244,HALTOM CITY 10 1,,HALTOM CITY 10,,1
N150245,KEENE 3 1,,KEENE 3,,1
N150246,PONDER 1 1,,PONDER 1,,1
N150247,JUSTIN 2 1,,JUSTIN 2,,1
N150248,JUSTIN 2 2,,JUSTIN 2,,1
N150249,ARGYLE 1 1,,ARGYLE 1,,1
N150250,PONDER 2 1,,PONDER 2,,1
N150251,ARGYLE 2 1,,ARGYLE 2,,1
N150252,PONDER 3 1,,PONDER 3,,1
N150253,JUSTIN 3 1,,JUSTIN 3,,1
N150254,ARGYLE 3 1,,ARGYLE 3,,1
N150255,ARGYLE 3 2,,ARGYLE 3,,1
N150256,ROANOKE 1 1,,ROANOKE 1,,1
N150257,KELLER 3 1,,KELLER 3,,1
N150258,KELLER 4 1,,KELLER 4,,1
N150259,KELLER 4 2,,KELLER 4,,1
N150260,KELLER 4 3,,KELLER 4,,1
N150261,KELLER 4 4,,KELLER 4,,1
N150262,KELLER 5 1,,KELLER 5,,1
N150263,HASLET 1 1,,HASLET 1,,1
N150264,HASLET 1 2,,HASLET 1,,1
N150265,KELLER 6 1,,KELLER 6,,1
N150266,KELLER 6 2,,KELLER 6,,1
N150267,KELLER 6 3,,KELLER 6,,1
N150268,KELLER 7 1,,KELLER 7,,1
N150269,KELLER 8 1,,KELLER 8,,1
N150270,KELLER 9 1,,KELLER 9,,1
N150271,KELLER 9 2,,KELLER 9,,1
N150272,KELLER 10 1,,KELLER 10,,1
N150273,KELLER 10 2,,KELLER 10,,1
N150274,ROANOKE 2 1,,ROANOKE 2,,1
N150275,KELLER 11 1,,KELLER 11,,1
N150276,HASLET 2 1,,HASLET 2,,1
N150277,BURLESON 7 1,,BURLESON 7,,1
N150278,BURLESON 7 2,,BURLESON 7,,1
N150279,KENNEDALE 5 1,,KENNEDALE 5,,1
N150280,BURLESON 8 1,,BURLESON 8,,1
N150281,BURLESON 9 1,,BURLESON 9,,1
N150282,BURLESON 10 1,,BURLESON 10,,1
N150283,KELLER 12 1,,KELLER 12,,1
N150284,KELLER 12 2,,KELLER 12,,1
N150285,FORT WORTH 18 1,,FORT WORTH 18,,1
N150286,NAVAL AIR STATION_ JRB 3 1,,NAVAL AIR STATION_ JRB 3,,1
N150287,NAVAL AIR STATION_ JRB 3 2,,NAVAL AIR STATION_ JRB 3,,1
N150288,NAVAL AIR STATION_ JRB 4 1,,NAVAL AIR STATION_ JRB 4,,1
N150289,NAVAL AIR STATION_ JRB 5 1,,NAVAL AIR STATION_ JRB 5,,1
N150290,NAVAL AIR STATION_ JRB 5 2,,NAVAL AIR STATION_ JRB 5,,1
N150291,NAVAL AIR STATION_ JRB 5 3,,NAVAL AIR STATION_ JRB 5,,1
N150292,NAVAL AIR STATION_ JRB 5 4,,NAVAL AIR STATION_ JRB 5,,1
N150293,KELLER 13 1,,KELLER 13,,1
N150294,KELLER 13 2,,KELLER 13,,1
N150295,KELLER 13 3,,KELLER 13,,1
N150296,KELLER 13 4,,KELLER 13,,1
N150297,FORT WORTH 19 1,,FORT WORTH 19,,1
N150298,FORT WORTH 19 2,,FORT WORTH 19,,1
N150299,FORT WORTH 20 1,,FORT WORTH 20,,1
N150300,FORT WORTH 20 2,,FORT WORTH 20,,1
N150301,NAVAL AIR STATION_ JRB 6 1,,NAVAL AIR STATION_ JRB 6,,1
N150302,NAVAL AIR STATION_ JRB 7 1,,NAVAL AIR STATION_ JRB 7,,1
N150303,NAVAL AIR STATION_ JRB 8 1,,NAVAL AIR STATION_ JRB 8,,1
N150304,NAVAL AIR STATION_ JRB 9 1,,NAVAL AIR STATION_ JRB 9,,1
N150305,NAVAL AIR STATION_ JRB 10 1,,NAVAL AIR STATION_ JRB 10,,1
N150306,NAVAL AIR STATION_ JRB 11 1,,NAVAL AIR STATION_ JRB 11,,1
N150307,CROWLEY 3 1,,CROWLEY 3,,1
N150308,CROWLEY 3 2,,CROWLEY 3,,1
N150309,CROWLEY 3 3,,CROWLEY 3,,1
N150310,CROWLEY 3 4,,CROWLEY 3,,1
N150311,NAVAL AIR STATION_ JRB 12 1,,NAVAL AIR STATION_ JRB 12,,1
N150312,NAVAL AIR STATION_ JRB 12 2,,NAVAL AIR STATION_ JRB 12,,1
N150313,NAVAL AIR STATION_ JRB 13 1,,NAVAL AIR STATION_ JRB 13,,1
N150314,NAVAL AIR STATION_ JRB 14 1,,NAVAL AIR STATION_ JRB 14,,1
N150315,CROWLEY 4 1,,CROWLEY 4,,1
N150316,NAVAL AIR STATION_ JRB 15 1,,NAVAL AIR STATION_ JRB 15,,1
N150317,NAVAL AIR STATION_ JRB 15 2,,NAVAL AIR STATION_ JRB 15,,1
N150318,NAVAL AIR STATION_ JRB 16 1,,NAVAL AIR STATION_ JRB 16,,1
N150319,NAVAL AIR STATION_ JRB 17 1,,NAVAL AIR STATION_ JRB 17,,1
N150320,SOUTHLAKE 1 1,,SOUTHLAKE 1,,1
N150321,ROANOKE 3 1,,ROANOKE 3,,1
N150322,ROANOKE 4 1,,ROANOKE 4,,1
N150323,COLLEYVILLE 1 1,,COLLEYVILLE 1,,1
N150324,SOUTHLAKE 2 1,,SOUTHLAKE 2,,1
N150325,SOUTHLAKE 2 2,,SOUTHLAKE 2,,1
N150326,COLLEYVILLE 2 1,,COLLEYVILLE 2,,1
N150327,ROANOKE 5 1,,ROANOKE 5,,1
N150328,ROANOKE 5 2,,ROANOKE 5,,1
N150329,CROWLEY 5 1,,CROWLEY 5,,1
N150330,CROWLEY 6 1,,CROWLEY 6,,1
N150331,BURLESON 11 1,,BURLESON 11,,1
N150332,BURLESON 11 2,,BURLESON 11,,1
N150333,BURLESON 11 3,,BURLESON 11,,1
N150334,BURLESON 11 4,,BURLESON 11,,1
N150335,FORT WORTH 21 1,,FORT WORTH 21,,1
N150336,CROWLEY 7 1,,CROWLEY 7,,1
N150337,FORT WORTH 22 1,,FORT WORTH 22,,1
N150338,FORT WORTH 22 2,,FORT WORTH 22,,1
N150339,KENNEDALE 6 1,,KENNEDALE 6,,1
N150340,CROWLEY 8 1,,CROWLEY 8,,1
N150341,KENNEDALE 7 1,,KENNEDALE 7,,1
N150342,KENNEDALE 7 2,,KENNEDALE 7,,1
N150343,KENNEDALE 7 3,,KENNEDALE 7,,1
N150344,CROWLEY 9 1,,CROWLEY 9,,1
N150345,CROWLEY 9 2,,CROWLEY 9,,1
N150346,CROWLEY 10 1,,CROWLEY 10,,1
N150347,CROWLEY 10 2,,CROWLEY 10,,1
N150348,CROWLEY 11 1,,CROWLEY 11,,1
N150349,DENTON 1 1,,DENTON 1,,1
N150350,WICHITA FALLS 4 1,,WICHITA FALLS 4,,1
N150351,SHEPPARD AFB 2 1,,SHEPPARD AFB 2,,1
N150352,WICHITA FALLS 5 1,,WICHITA FALLS 5,,1
N150353,SHEPPARD AFB 3 1,,SHEPPARD AFB 3,,1
N150354,WICHITA FALLS 6 1,,WICHITA FALLS 6,,1
N150355,BURKBURNETT 2 1,,BURKBURNETT 2,,1
N150356,IOWA PARK 3 1,,IOWA PARK 3,,1
N150357,SHEPPARD AFB 4 1,,SHEPPARD AFB 4,,1
N150358,IOWA PARK 4 1,,IOWA PARK 4,,1
N150359,WICHITA FALLS 7 1,,WICHITA FALLS 7,,1
N150360,WICHITA FALLS 8 1,,WICHITA FALLS 8,,1
N150361,WICHITA FALLS 9 1,,WICHITA FALLS 9,,1
N150362,WICHITA FALLS 10 1,,WICHITA FALLS 10,,1
N150363,HARROLD 2 1,,HARROLD 2,,1
N150364,HOLLIDAY 2 1,,HOLLIDAY 2,,1
N150365,WHITNEY 2 1,,WHITNEY 2,,1
N150366,WHITNEY 3 1,,WHITNEY 3,,1
N150367,MINERAL WELLS 3 1,,MINERAL WELLS 3,,1
N150368,MINERAL WELLS 3 2,,MINERAL WELLS 3,,1
N150369,WEATHERFORD 4 1,,WEATHERFORD 4,,1
N150370,WEATHERFORD 4 2,,WEATHERFORD 4,,1
N150371,MINERAL WELLS 4 1,,MINERAL WELLS 4,,1
N150372,ALEDO 3 1,,ALEDO 3,,1
N150373,RAINBOW 2 1,,RAINBOW 2,,1
N150374,WEATHERFORD 5 1,,WEATHERFORD 5,,1
N150375,STEPHENVILLE 5 1,,STEPHENVILLE 5,,1
N150376,STEPHENVILLE 5 2,,STEPHENVILLE 5,,1
N150377,MINERAL WELLS 5 1,,MINERAL WELLS 5,,1
N150378,GLEN ROSE 2 1,,GLEN ROSE 2,,1
N150379,GRANBURY 2 1,,GRANBURY 2,,1
N150380,MINERAL WELLS 6 1,,MINERAL WELLS 6,,1
N150381,STEPHENVILLE 6 1,,STEPHENVILLE 6,,1
N150382,GRANBURY 3 1,,GRANBURY 3,,1
N150383,STEPHENVILLE 7 1,,STEPHENVILLE 7,,1
N150384,SPRINGTOWN 4 1,,SPRINGTOWN 4,,1
N150385,GRAFORD 3 1,,GRAFORD 3,,1
N150386,MINGUS 3 1,,MINGUS 3,,1
N150387,GRAFORD 4 1,,GRAFORD 4,,1
N150388,MINERAL WELLS 7 1,,MINERAL WELLS 7,,1
N150389,MILLSAP 6 1,,MILLSAP 6,,1
N150390,MILLSAP 7 1,,MILLSAP 7,,1
N150391,WEATHERFORD 6 1,,WEATHERFORD 6,,1
N150392,ALEDO 4 1,,ALEDO 4,,1
N150393,CRESSON 4 1,,CRESSON 4,,1
N150394,GRANBURY 4 1,,GRANBURY 4,,1
N150395,AZLE 3 1,,AZLE 3,,1
N150396,AZLE 4 1,,AZLE 4,,1
N150397,AZLE 5 1,,AZLE 5,,1
N150398,AZLE 6 1,,AZLE 6,,1
N150399,ALEDO 5 1,,ALEDO 5,,1
N150400,ALEDO 6 1,,ALEDO 6,,1
N150401,ALEDO 7 1,,ALEDO 7,,1
N150402,CRESSON 5 1,,CRESSON 5,,1
N150403,LIPAN 2 1,,LIPAN 2,,1
N150404,GRANBURY 5 1,,GRANBURY 5,,1
N150405,GRANBURY 6 1,,GRANBURY 6,,1
N150406,GRANBURY 7 1,,GRANBURY 7,,1
N150407,GRANBURY 8 1,,GRANBURY 8,,1
N150408,TOLAR 2 1,,TOLAR 2,,1
N150409,GRANBURY 9 1,,GRANBURY 9,,1
N150410,RAINBOW 3 1,,RAINBOW 3,,1
N150411,GLEN ROSE 3 1,,GLEN ROSE 3,,1
N150412,WEATHERFORD 7 1,,WEATHERFORD 7,,1
N150413,WEATHERFORD 8 1,,WEATHERFORD 8,,1
N150414,AZLE 7 1,,AZLE 7,,1
N150415,GLEN ROSE 4 1,,GLEN ROSE 4,,1
N150416,DECATUR 4 1,,DECATUR 4,,1
N150417,BRIDGEPORT 2 1,,BRIDGEPORT 2,,1
N150418,BOYD 3 1,,BOYD 3,,1
N150419,NEWARK 4 1,,NEWARK 4,,1
N150420,RHOME 3 1,,RHOME 3,,1
N150421,HASLET 3 1,,HASLET 3,,1
N150422,CHICO 4 1,,CHICO 4,,1
N150423,BRIDGEPORT 3 1,,BRIDGEPORT 3,,1
N150424,MUENSTER 4 1,,MUENSTER 4,,1
N150425,ALVORD 2 1,,ALVORD 2,,1
N150426,GRAHAM 3 1,,GRAHAM 3,,1
N150427,GRAHAM 3 2,,GRAHAM 3,,1
N150428,GRAHAM 3 3,,GRAHAM 3,,1
N150429,GRAHAM 3 4,,GRAHAM 3,,1
N150430,KENNEDALE 8 1,,KENNEDALE 8,,1
N150431,KENNEDALE 8 2,,KENNEDALE 8,,1
N150432,KENNEDALE 8 3,,KENNEDALE 8,,1
N150433,KENNEDALE 8 4,,KENNEDALE 8,,1
N150434,GORDON 3 1,,GORDON 3,,1
N150435,GORDON 3 2,,GORDON 3,,1
N150436,GORDON 3 3,,GORDON 3,,1
N150437,GORDON 3 4,,GORDON 3,,1
N150438,GORDON 3 5,,GORDON 3,,1
N150439,GORDON 3 6,,GORDON 3,,1
N150440,GLEN ROSE 5 1,,GLEN ROSE 5,,1
N150441,GLEN ROSE 5 2,,GLEN ROSE 5,,1
N150442,GLEN ROSE 5 3,,GLEN ROSE 5,,1
N150443,GRANBURY 10 1,,GRANBURY 10,,1
N150444,GRANBURY 10 2,,GRANBURY 10,,1
N150445,GRANBURY 10 3,,GRANBURY 10,,1
N150446,GRANBURY 10 4,,GRANBURY 10,,1
N150447,GRANBURY 10 5,,GRANBURY 10,,1
N150448,GRANBURY 10 6,,GRANBURY 10,,1
N150449,WICHITA FALLS 11 1,,WICHITA FALLS 11,,1
N150450,WICHITA FALLS 11 2,,WICHITA FALLS 11,,1
N150451,WICHITA FALLS 11 3,,WICHITA FALLS 11,,1
N150452,WICHITA FALLS 11 4,,WICHITA FALLS 11,,1
N150453,WICHITA FALLS 11 5,,WICHITA FALLS 11,,1
N150454,WICHITA FALLS 11 6,,WICHITA FALLS 11,,1
N150455,SHEPPARD AFB 5 1,,SHEPPARD AFB 5,,1
N150456,SHEPPARD AFB 5 2,,SHEPPARD AFB 5,,1
N150457,SHEPPARD AFB 5 3,,SHEPPARD AFB 5,,1
N150458,SHEPPARD AFB 5 4,,SHEPPARD AFB 5,,1
N150459,SHEPPARD AFB 5 5,,SHEPPARD AFB 5,,1
N150460,JOSHUA 7 1,,JOSHUA 7,,1
N150461,JOSHUA 7 2,,JOSHUA 7,,1
N150462,JOSHUA 7 3,,JOSHUA 7,,1
N150463,JOSHUA 7 4,,JOSHUA 7,,1
N150464,BRIDGEPORT 4 1,,BRIDGEPORT 4,,1
N150465,BRIDGEPORT 4 2,,BRIDGEPORT 4,,1
N150466,BRIDGEPORT 4 3,,BRIDGEPORT 4,,1
N150467,BRIDGEPORT 4 4,,BRIDGEPORT 4,,1
N150468,BRIDGEPORT 4 5,,BRIDGEPORT 4,,1
N150469,BRIDGEPORT 4 6,,BRIDGEPORT 4,,1
N150470,BRIDGEPORT 4 7,,BRIDGEPORT 4,,1
N150471,BRIDGEPORT 4 8,,BRIDGEPORT 4,,1
N150472,BRIDGEPORT 4 9,,BRIDGEPORT 4,,1
N150473,BRIDGEPORT 4 10,,BRIDGEPORT 4,,1
N150474,BRIDGEPORT 4 11,,BRIDGEPORT 4,,1
N150475,RAINBOW 4 1,,RAINBOW 4,,1
N150476,RAINBOW 4 2,,RAINBOW 4,,1
N150477,RAINBOW 4 3,,RAINBOW 4,,1
N150478,RAINBOW 4 4,,RAINBOW 4,,1
N150479,PERRIN 2 1,,PERRIN 2,,1
N150480,PERRIN 2 2,,PERRIN 2,,1
N150481,PERRIN 2 3,,PERRIN 2,,1
N150482,PERRIN 2 4,,PERRIN 2,,1
N150483,PERRIN 2 5,,PERRIN 2,,1
N150484,PERRIN 2 6,,PERRIN 2,,1
N150485,PERRIN 2 7,,PERRIN 2,,1
N150486,PERRIN 2 8,,PERRIN 2,,1
N150487,POOLVILLE 2 1,,POOLVILLE 2,,1
N150488,POOLVILLE 2 2,,POOLVILLE 2,,1
N150489,POOLVILLE 2 3,,POOLVILLE 2,,1
N150490,POOLVILLE 2 4,,POOLVILLE 2,,1
N150491,DESDEMONA 3 1,,DESDEMONA 3,,1
N150492,DESDEMONA 3 2,,DESDEMONA 3,,1
N150493,ALEDO 8 1,,ALEDO 8,,1
N150494,ALEDO 8 2,,ALEDO 8,,1
N150495,BRYSON 1 1,,BRYSON 1,,1
N150496,BRYSON 1 2,,BRYSON 1,,1
N150497,OLNEY 2 1,,OLNEY 2,,1
N150498,OLNEY 2 2,,OLNEY 2,,1
N150499,OLNEY 2 3,,OLNEY 2,,1
N150500,WINDTHORST 2 1,,WINDTHORST 2,,1
N150501,WINDTHORST 2 2,,WINDTHORST 2,,1
N150502,WINDTHORST 2 3,,WINDTHORST 2,,1
N150503,BRYSON 2 1,,BRYSON 2,,1
N150504,BRYSON 2 2,,BRYSON 2,,1
N150505,BRYSON 2 3,,BRYSON 2,,1
N150506,MUENSTER 5 1,,MUENSTER 5,,1
N150507,MUENSTER 5 2,,MUENSTER 5,,1
N150509,ODELL 1 1,,ODELL 1,,1
N150510,ODELL 1 2,,ODELL 1,,1
N150511,JACKSBORO 3 1,,JACKSBORO 3,,1
N150512,JACKSBORO 3 2,,JACKSBORO 3,,1
N150513,WINDTHORST 3 1,,WINDTHORST 3,,1
N150514,WINDTHORST 3 2,,WINDTHORST 3,,1
N150515,WINDTHORST 3 3,,WINDTHORST 3,,1
N150516,WINDTHORST 4 1,,WINDTHORST 4,,1
N150517,WINDTHORST 4 2,,WINDTHORST 4,,1
N150519,SEYMOUR 3 1,,SEYMOUR 3,,1
N150520,SEYMOUR 3 2,,SEYMOUR 3,,1
N150521,RAINBOW 5 1,,RAINBOW 5,,1
N150522,RAINBOW 5 2,,RAINBOW 5,,1
N150523,RAINBOW 5 3,,RAINBOW 5,,1
N150524,RAINBOW 5 4,,RAINBOW 5,,1
N150525,RAINBOW 5 5,,RAINBOW 5,,1
N150526,OKLAUNION 2 1,,OKLAUNION 2,,1
N150527,OKLAUNION 2 2,,OKLAUNION 2,,1
N150528,OKLAUNION 2 3,,OKLAUNION 2,,1
N150529,MUENSTER 6 1,,MUENSTER 6,,1
N150530,MUENSTER 6 2,,MUENSTER 6,,1
N150531,MUENSTER 6 3,,MUENSTER 6,,1
N150532,MINGUS 4 1,,MINGUS 4,,1
N150533,MINGUS 4 2,,MINGUS 4,,1
N150534,MINGUS 4 3,,MINGUS 4,,1
N150535,KENNEDALE 9 1,,KENNEDALE 9,,1
N150536,KENNEDALE 9 2,,KENNEDALE 9,,1
N150537,WALNUT SPRINGS 3 1,,WALNUT SPRINGS 3,,1
N150538,WALNUT SPRINGS 3 2,,WALNUT SPRINGS 3,,1
N150539,DENTON 2 1,,DENTON 2,,1
N150540,DENTON 2 2,,DENTON 2,,1
N150541,DENTON 2 3,,DENTON 2,,1
N150542,DENTON 2 4,,DENTON 2,,1
N150543,DENTON 2 5,,DENTON 2,,1
N150544,DENTON 2 6,,DENTON 2,,1
N150545,DENTON 2 7,,DENTON 2,,1
N150546,DENTON 2 8,,DENTON 2,,1
N150547,DENTON 2 9,,DENTON 2,,1
N150548,SEYMOUR 4 1,,SEYMOUR 4,,1
N150549,SEYMOUR 4 2,,SEYMOUR 4,,1
N150550,VERNON 2 1,,VERNON 2,,1
N150551,VERNON 2 2,,VERNON 2,,1
N150552,VERNON 2 3,,VERNON 2,,1
N150553,BLUM 2 1,,BLUM 2,,1
N150554,BLUM 2 2,,BLUM 2,,1
N160001,OAKVILLE 1 1,,OAKVILLE 1,,1
N160002,OAKVILLE 2 1,,OAKVILLE 2,,1
N160003,ENCINO 1 1,,ENCINO 1,,1
N160004,ARMSTRONG 1 1,,ARMSTRONG 1,,1
N160005,SAN DIEGO 1 1,,SAN DIEGO 1,,1
N160006,SANDIA 1 1,,SANDIA 1,,1
N160007,SANDIA 2 1,,SANDIA 2,,1
N160008,FALFURRIAS 1 1,,FALFURRIAS 1,,1
N160009,PORT ARANSAS 1 1,,PORT ARANSAS 1,,1
N160010,ODEM 1 1,,ODEM 1,,1
N160011,ARANSAS PASS 1 1,,ARANSAS PASS 1,,1
N160012,DRISCOLL 1 1,,DRISCOLL 1,,1
N160013,ROBSTOWN 1 1,,ROBSTOWN 1,,1
N160014,ORANGE GROVE 1 1,,ORANGE GROVE 1,,1
N160015,SINTON 1 1,,SINTON 1,,1
N160016,TAFT 1 1,,TAFT 1,,1
N160017,AGUA DULCE 1 1,,AGUA DULCE 1,,1
N160018,ARANSAS PASS 2 1,,ARANSAS PASS 2,,1
N160019,CORPUS CHRISTI 1 1,,CORPUS CHRISTI 1,,1
N160020,CORPUS CHRISTI 2 1,,CORPUS CHRISTI 2,,1
N160021,SKIDMORE 1 1,,SKIDMORE 1,,1
N160022,FULTON 1 1,,FULTON 1,,1
N160023,TYNAN 1 1,,TYNAN 1,,1
N160024,ORANGE GROVE 2 1,,ORANGE GROVE 2,,1
N160025,MATHIS 1 1,,MATHIS 1,,1
N160026,MATHIS 2 1,,MATHIS 2,,1
N160027,ORANGE GROVE 3 1,,ORANGE GROVE 3,,1
N160028,ALICE 1 1,,ALICE 1,,1
N160029,ALICE 2 1,,ALICE 2,,1
N160030,ODEM 2 1,,ODEM 2,,1
N160031,EDROY 1 1,,EDROY 1,,1
N160032,BANQUETE 1 1,,BANQUETE 1,,1
N160033,SKIDMORE 2 1,,SKIDMORE 2,,1
N160034,SINTON 2 1,,SINTON 2,,1
N160035,BAYSIDE 1 1,,BAYSIDE 1,,1
N160036,TAFT 2 1,,TAFT 2,,1
N160037,ROBSTOWN 2 1,,ROBSTOWN 2,,1
N160038,PORTLAND 1 1,,PORTLAND 1,,1
N160039,ROBSTOWN 3 1,,ROBSTOWN 3,,1
N160040,BEN BOLT 1 1,,BEN BOLT 1,,1
N160041,PREMONT 1 1,,PREMONT 1,,1
N160042,BEN BOLT 2 1,,BEN BOLT 2,,1
N160043,KINGSVILLE 1 1,,KINGSVILLE 1,,1
N160044,KINGSVILLE 2 1,,KINGSVILLE 2,,1
N160045,SARITA 1 1,,SARITA 1,,1
N160046,RIVIERA 1 1,,RIVIERA 1,,1
N160047,BISHOP 1 1,,BISHOP 1,,1
N160048,RIVIERA 2 1,,RIVIERA 2,,1
N160049,AGUA DULCE 2 1,,AGUA DULCE 2,,1
N160050,RIVIERA 3 1,,RIVIERA 3,,1
N160051,GREGORY 1 1,,GREGORY 1,,1
N160052,ARANSAS PASS 3 1,,ARANSAS PASS 3,,1
N160053,PREMONT 2 1,,PREMONT 2,,1
N160054,PREMONT 3 1,,PREMONT 3,,1
N160055,SANDIA 3 1,,SANDIA 3,,1
N160056,TYNAN 2 1,,TYNAN 2,,1
N160057,CORPUS CHRISTI 3 1,,CORPUS CHRISTI 3,,1
N160058,CORPUS CHRISTI 4 1,,CORPUS CHRISTI 4,,1
N160059,BISHOP 2 1,,BISHOP 2,,1
N160060,CORPUS CHRISTI 5 1,,CORPUS CHRISTI 5,,1
N160061,ALICE 3 1,,ALICE 3,,1
N160062,BAYSIDE 2 1,,BAYSIDE 2,,1
N160063,CORPUS CHRISTI 6 1,,CORPUS CHRISTI 6,,1
N160064,RIVIERA 4 1,,RIVIERA 4,,1
N160065,WOODSBORO 1 1,,WOODSBORO 1,,1
N160066,INGLESIDE 1 1,,INGLESIDE 1,,1
N160067,GOLIAD 1 1,,GOLIAD 1,,1
N160068,WEESATCHE 1 1,,WEESATCHE 1,,1
N160069,MEYERSVILLE 1 1,,MEYERSVILLE 1,,1
N160070,NORMANNA 1 1,,NORMANNA 1,,1
N160071,MINERAL 1 1,,MINERAL 1,,1
N160072,BEEVILLE 1 1,,BEEVILLE 1,,1
N160073,NORMANNA 2 1,,NORMANNA 2,,1
N160074,RUNGE 4 1,,RUNGE 4,,1
N160075,GOLIAD 2 1,,GOLIAD 2,,1
N160076,MEYERSVILLE 2 1,,MEYERSVILLE 2,,1
N160077,FANNIN 1 1,,FANNIN 1,,1
N160078,TULETA 1 1,,TULETA 1,,1
N160079,WOODSBORO 2 1,,WOODSBORO 2,,1
N160080,BEEVILLE 2 1,,BEEVILLE 2,,1
N160081,BEEVILLE 2 2,,BEEVILLE 2,,1
N160082,PETTUS 1 1,,PETTUS 1,,1
N160083,BEEVILLE 3 1,,BEEVILLE 3,,1
N160084,BERCLAIR 1 1,,BERCLAIR 1,,1
N160085,BERCLAIR 2 1,,BERCLAIR 2,,1
N160086,GOLIAD 3 1,,GOLIAD 3,,1
N160087,GOLIAD 4 1,,GOLIAD 4,,1
N160088,WEESATCHE 2 1,,WEESATCHE 2,,1
N160089,SKIDMORE 3 1,,SKIDMORE 3,,1
N160090,FANNIN 2 1,,FANNIN 2,,1
N160091,ALICE 4 1,,ALICE 4,,1
N160092,ALICE 5 1,,ALICE 5,,1
N160093,ALICE 5 2,,ALICE 5,,1
N160094,BISHOP 3 1,,BISHOP 3,,1
N160095,MATHIS 3 1,,MATHIS 3,,1
N160096,ORANGE GROVE 4 1,,ORANGE GROVE 4,,1
N160097,KINGSVILLE 3 1,,KINGSVILLE 3,,1
N160098,KINGSVILLE 4 1,,KINGSVILLE 4,,1
N160099,ROBSTOWN 4 1,,ROBSTOWN 4,,1
N160100,NURSERY 1 1,,NURSERY 1,,1
N160101,VANDERBILT 1 1,,VANDERBILT 1,,1
N160102,LOLITA 1 1,,LOLITA 1,,1
N160103,VANDERBILT 2 1,,VANDERBILT 2,,1
N160104,PORT LAVACA 1 1,,PORT LAVACA 1,,1
N160105,NURSERY 2 1,,NURSERY 2,,1
N160106,VICTORIA 1 1,,VICTORIA 1,,1
N160107,FANNIN 3 1,,FANNIN 3,,1
N160108,TIVOLI 1 1,,TIVOLI 1,,1
N160109,AUSTWELL 1 1,,AUSTWELL 1,,1
N160110,ROCKPORT 1 1,,ROCKPORT 1,,1
N160111,INEZ 1 1,,INEZ 1,,1
N160112,TELFERNER 1 1,,TELFERNER 1,,1
N160113,VICTORIA 2 1,,VICTORIA 2,,1
N160114,TELFERNER 2 1,,TELFERNER 2,,1
N160115,BLOOMINGTON 1 1,,BLOOMINGTON 1,,1
N160116,INEZ 2 1,,INEZ 2,,1
N160117,BLOOMINGTON 2 1,,BLOOMINGTON 2,,1
N160118,PLACEDO 1 1,,PLACEDO 1,,1
N160119,PORT LAVACA 2 1,,PORT LAVACA 2,,1
N160120,POINT COMFORT 1 1,,POINT COMFORT 1,,1
N160121,MCFADDIN 1 1,,MCFADDIN 1,,1
N160122,SEADRIFT 1 1,,SEADRIFT 1,,1
N160123,PORT LAVACA 3 1,,PORT LAVACA 3,,1
N160124,PORT LAVACA 4 1,,PORT LAVACA 4,,1
N160125,PORT O CONNOR 1 1,,PORT O CONNOR 1,,1
N160126,REFUGIO 1 1,,REFUGIO 1,,1
N160127,EDNA 4 1,,EDNA 4,,1
N160128,LA SALLE 1 1,,LA SALLE 1,,1
N160129,REFUGIO 2 1,,REFUGIO 2,,1
N160130,PLACEDO 2 1,,PLACEDO 2,,1
N160131,FANNIN 4 1,,FANNIN 4,,1
N160132,AUSTWELL 2 1,,AUSTWELL 2,,1
N160133,INEZ 3 1,,INEZ 3,,1
N160134,AUSTWELL 3 1,,AUSTWELL 3,,1
N160135,FANNIN 5 1,,FANNIN 5,,1
N160136,PORT O CONNOR 2 1,,PORT O CONNOR 2,,1
N160137,TIVOLI 2 1,,TIVOLI 2,,1
N160138,CORPUS CHRISTI 7 1,,CORPUS CHRISTI 7,,1
N160139,CORPUS CHRISTI 8 1,,CORPUS CHRISTI 8,,1
N160140,CORPUS CHRISTI 8 2,,CORPUS CHRISTI 8,,1
N160141,CORPUS CHRISTI 9 1,,CORPUS CHRISTI 9,,1
N160142,CORPUS CHRISTI 10 1,,CORPUS CHRISTI 10,,1
N160143,CORPUS CHRISTI 11 1,,CORPUS CHRISTI 11,,1
N160144,CORPUS CHRISTI 12 1,,CORPUS CHRISTI 12,,1
N160145,ODEM 3 1,,ODEM 3,,1
N160146,ROBSTOWN 5 1,,ROBSTOWN 5,,1
N160147,CORPUS CHRISTI 13 1,,CORPUS CHRISTI 13,,1
N160148,CORPUS CHRISTI 14 1,,CORPUS CHRISTI 14,,1
N160149,CORPUS CHRISTI 15 1,,CORPUS CHRISTI 15,,1
N160150,CORPUS CHRISTI 16 1,,CORPUS CHRISTI 16,,1
N160151,CORPUS CHRISTI 17 1,,CORPUS CHRISTI 17,,1
N160152,CORPUS CHRISTI 18 1,,CORPUS CHRISTI 18,,1
N160153,CORPUS CHRISTI 19 1,,CORPUS CHRISTI 19,,1
N160154,CORPUS CHRISTI 20 1,,CORPUS CHRISTI 20,,1
N160155,PORT ARANSAS 2 1,,PORT ARANSAS 2,,1
N160156,CORPUS CHRISTI 21 1,,CORPUS CHRISTI 21,,1
N160157,CORPUS CHRISTI 22 1,,CORPUS CHRISTI 22,,1
N160158,CORPUS CHRISTI 23 1,,CORPUS CHRISTI 23,,1
N160159,CORPUS CHRISTI 24 1,,CORPUS CHRISTI 24,,1
N160160,CORPUS CHRISTI 25 1,,CORPUS CHRISTI 25,,1
N160161,CORPUS CHRISTI 26 1,,CORPUS CHRISTI 26,,1
N160162,ROBSTOWN 6 1,,ROBSTOWN 6,,1
N160163,ODEM 4 1,,ODEM 4,,1
N160164,EDNA 5 1,,EDNA 5,,1
N160165,TIVOLI 3 1,,TIVOLI 3,,1
N160166,POINT COMFORT 2 1,,POINT COMFORT 2,,1
N160167,PORT LAVACA 5 1,,PORT LAVACA 5,,1
N160168,VICTORIA 3 1,,VICTORIA 3,,1
N160169,POINT COMFORT 3 1,,POINT COMFORT 3,,1
N160170,VICTORIA 4 1,,VICTORIA 4,,1
N160171,VICTORIA 5 1,,VICTORIA 5,,1
N160172,VICTORIA 6 1,,VICTORIA 6,,1
N160173,VICTORIA 7 1,,VICTORIA 7,,1
N160174,VICTORIA 8 1,,VICTORIA 8,,1
N160175,POINT COMFORT 4 1,,POINT COMFORT 4,,1
N160176,VICTORIA 9 1,,VICTORIA 9,,1
N160177,BEEVILLE 4 1,,BEEVILLE 4,,1
N160178,BEEVILLE 5 1,,BEEVILLE 5,,1
N160179,INGLESIDE 2 1,,INGLESIDE 2,,1
N160180,PORTLAND 2 1,,PORTLAND 2,,1
N160181,WOODSBORO 3 1,,WOODSBORO 3,,1
N160182,SINTON 3 1,,SINTON 3,,1
N160183,FULTON 2 1,,FULTON 2,,1
N160184,FULTON 3 1,,FULTON 3,,1
N160185,INGLESIDE 3 1,,INGLESIDE 3,,1
N160186,ARANSAS PASS 4 1,,ARANSAS PASS 4,,1
N160187,GREGORY 2 1,,GREGORY 2,,1
N160188,CORPUS CHRISTI 27 1,,CORPUS CHRISTI 27,,1
N160189,CORPUS CHRISTI 27 2,,CORPUS CHRISTI 27,,1
N160190,CORPUS CHRISTI 27 3,,CORPUS CHRISTI 27,,1
N160191,CORPUS CHRISTI 27 4,,CORPUS CHRISTI 27,,1
N160192,VICTORIA 10 1,,VICTORIA 10,,1
N160193,VICTORIA 10 2,,VICTORIA 10,,1
N160194,VICTORIA 10 3,,VICTORIA 10,,1
N160195,VICTORIA 10 4,,VICTORIA 10,,1
N160196,NURSERY 3 1,,NURSERY 3,,1
N160197,NURSERY 3 2,,NURSERY 3,,1
N160198,NURSERY 3 3,,NURSERY 3,,1
N160199,NURSERY 3 4,,NURSERY 3,,1
N160200,NURSERY 3 5,,NURSERY 3,,1
N160201,NURSERY 3 6,,NURSERY 3,,1
N160202,NURSERY 3 7,,NURSERY 3,,1
N160203,CORPUS CHRISTI 28 1,,CORPUS CHRISTI 28,,1
N160204,CORPUS CHRISTI 28 2,,CORPUS CHRISTI 28,,1
N160205,CORPUS CHRISTI 28 3,,CORPUS CHRISTI 28,,1
N160206,CORPUS CHRISTI 28 4,,CORPUS CHRISTI 28,,1
N160207,CORPUS CHRISTI 28 5,,CORPUS CHRISTI 28,,1
N160208,CORPUS CHRISTI 28 6,,CORPUS CHRISTI 28,,1
N160209,FANNIN 6 1,,FANNIN 6,,1
N160210,FANNIN 6 2,,FANNIN 6,,1
N160211,TIVOLI 4 1,,TIVOLI 4,,1
N160212,TIVOLI 4 2,,TIVOLI 4,,1
N160213,BISHOP 4 1,,BISHOP 4,,1
N160214,BISHOP 4 2,,BISHOP 4,,1
N160215,POINT COMFORT 5 1,,POINT COMFORT 5,,1
N160216,POINT COMFORT 5 2,,POINT COMFORT 5,,1
N160217,POINT COMFORT 5 3,,POINT COMFORT 5,,1
N160218,POINT COMFORT 5 4,,POINT COMFORT 5,,1
N160219,POINT COMFORT 5 5,,POINT COMFORT 5,,1
N160220,POINT COMFORT 5 6,,POINT COMFORT 5,,1
N160221,POINT COMFORT 5 7,,POINT COMFORT 5,,1
N160222,POINT COMFORT 5 8,,POINT COMFORT 5,,1
N160223,POINT COMFORT 5 9,,POINT COMFORT 5,,1
N160224,POINT COMFORT 5 10,,POINT COMFORT 5,,1
N160225,BLOOMINGTON 3 1,,BLOOMINGTON 3,,1
N160226,BLOOMINGTON 3 2,,BLOOMINGTON 3,,1
N160227,CORPUS CHRISTI 29 1,,CORPUS CHRISTI 29,,1
N160228,CORPUS CHRISTI 29 2,,CORPUS CHRISTI 29,,1
N160229,CORPUS CHRISTI 30 1,,CORPUS CHRISTI 30,,1
N160230,CORPUS CHRISTI 30 2,,CORPUS CHRISTI 30,,1
N160231,CORPUS CHRISTI 30 3,,CORPUS CHRISTI 30,,1
N160232,CORPUS CHRISTI 30 4,,CORPUS CHRISTI 30,,1
N160233,CORPUS CHRISTI 30 5,,CORPUS CHRISTI 30,,1
N160234,TIVOLI 5 1,,TIVOLI 5,,1
N160235,TIVOLI 5 2,,TIVOLI 5,,1
N160236,TIVOLI 5 3,,TIVOLI 5,,1
N160237,TIVOLI 5 4,,TIVOLI 5,,1
N160238,TIVOLI 5 5,,TIVOLI 5,,1
N160239,TIVOLI 5 6,,TIVOLI 5,,1
N160240,TIVOLI 5 7,,TIVOLI 5,,1
N160241,BLOOMINGTON 4 1,,BLOOMINGTON 4,,1
N160242,BLOOMINGTON 4 2,,BLOOMINGTON 4,,1
N160243,BLOOMINGTON 4 3,,BLOOMINGTON 4,,1
N160244,BLOOMINGTON 4 4,,BLOOMINGTON 4,,1
N160245,ODEM 5 1,,ODEM 5,,1
N160246,ODEM 5 2,,ODEM 5,,1
N160247,GREGORY 3 1,,GREGORY 3,,1
N160248,GREGORY 3 2,,GREGORY 3,,1
N160249,GREGORY 3 3,,GREGORY 3,,1
N160250,GREGORY 3 4,,GREGORY 3,,1
N160251,GREGORY 3 5,,GREGORY 3,,1
N160252,CORPUS CHRISTI 31 1,,CORPUS CHRISTI 31,,1
N160253,CORPUS CHRISTI 31 2,,CORPUS CHRISTI 31,,1
N160254,CORPUS CHRISTI 31 3,,CORPUS CHRISTI 31,,1
N160255,CORPUS CHRISTI 31 4,,CORPUS CHRISTI 31,,1
N160256,INGLESIDE 4 1,,INGLESIDE 4,,1
N160257,INGLESIDE 4 2,,INGLESIDE 4,,1
N160258,INGLESIDE 4 3,,INGLESIDE 4,,1
N160259,INGLESIDE 4 4,,INGLESIDE 4,,1
N160260,INGLESIDE 4 5,,INGLESIDE 4,,1
N160261,ARMSTRONG 2 1,,ARMSTRONG 2,,1
N160262,ARMSTRONG 2 2,,ARMSTRONG 2,,1
N160263,ARMSTRONG 2 3,,ARMSTRONG 2,,1
N160264,POINT COMFORT 6 1,,POINT COMFORT 6,,1
N160265,POINT COMFORT 6 2,,POINT COMFORT 6,,1
N160266,POINT COMFORT 6 3,,POINT COMFORT 6,,1
N160267,POINT COMFORT 6 4,,POINT COMFORT 6,,1
N160268,ARMSTRONG 3 1,,ARMSTRONG 3,,1
N160269,ARMSTRONG 3 2,,ARMSTRONG 3,,1
N160270,ARMSTRONG 3 3,,ARMSTRONG 3,,1
N160271,PORTLAND 3 1,,PORTLAND 3,,1
N160272,PORTLAND 3 2,,PORTLAND 3,,1
N160273,PORTLAND 3 3,,PORTLAND 3,,1
N160274,RIVIERA 5 1,,RIVIERA 5,,1
N160275,RIVIERA 5 2,,RIVIERA 5,,1
N160276,TAFT 3 1,,TAFT 3,,1
N160277,TAFT 3 2,,TAFT 3,,1
N160278,TAFT 3 3,,TAFT 3,,1
N160279,RIVIERA 6 1,,RIVIERA 6,,1
N160280,RIVIERA 6 2,,RIVIERA 6,,1
N160281,RIVIERA 6 3,,RIVIERA 6,,1
N160282,CORPUS CHRISTI 32 1,,CORPUS CHRISTI 32,,1
N160283,CORPUS CHRISTI 32 2,,CORPUS CHRISTI 32,,1
N160284,BISHOP 5 1,,BISHOP 5,,1
N160285,BISHOP 5 2,,BISHOP 5,,1
N160286,BISHOP 5 3,,BISHOP 5,,1
N160287,ARMSTRONG 4 1,,ARMSTRONG 4,,1
N160288,ARMSTRONG 4 2,,ARMSTRONG 4,,1
N160289,CORPUS CHRISTI 33 1,,CORPUS CHRISTI 33,,1
N160290,CORPUS CHRISTI 33 2,,CORPUS CHRISTI 33,,1
N160291,CORPUS CHRISTI 33 3,,CORPUS CHRISTI 33,,1
N160292,POINT COMFORT 7 1,,POINT COMFORT 7,,1
N160293,POINT COMFORT 7 2,,POINT COMFORT 7,,1
N160294,POINT COMFORT 7 3,,POINT COMFORT 7,,1
N160295,POINT COMFORT 7 4,,POINT COMFORT 7,,1
N160296,BLOOMINGTON 5 1,,BLOOMINGTON 5,,1
N160297,BLOOMINGTON 5 2,,BLOOMINGTON 5,,1
N160298,BLOOMINGTON 5 3,,BLOOMINGTON 5,,1
N160299,MATHIS 4 1,,MATHIS 4,,1
N160300,MATHIS 4 2,,MATHIS 4,,1
N160301,MATHIS 4 3,,MATHIS 4,,1
N160302,GREGORY 4 1,,GREGORY 4,,1
N160303,GREGORY 4 2,,GREGORY 4,,1
N170001,LINDSAY 1 1,,LINDSAY 1,,1
N170002,WHITESBORO 1 1,,WHITESBORO 1,,1
N170003,COLLINSVILLE 1 1,,COLLINSVILLE 1,,1
N170004,GAINESVILLE 1 1,,GAINESVILLE 1,,1
N170005,VALLEY VIEW 1 1,,VALLEY VIEW 1,,1
N170006,THACKERVILLE 1 1,,THACKERVILLE 1,,1
N170007,LINDSAY 2 1,,LINDSAY 2,,1
N170008,SANGER 3 1,,SANGER 3,,1
N170009,WHITESBORO 2 1,,WHITESBORO 2,,1
N170010,MUENSTER 7 1,,MUENSTER 7,,1
N170011,PILOT POINT 1 1,,PILOT POINT 1,,1
N170012,CAMPBELL 1 1,,CAMPBELL 1,,1
N170013,TERRELL 1 1,,TERRELL 1,,1
N170014,CELESTE 1 1,,CELESTE 1,,1
N170015,COMMERCE 1 1,,COMMERCE 1,,1
N170016,CELESTE 2 1,,CELESTE 2,,1
N170017,CADDO MILLS 1 1,,CADDO MILLS 1,,1
N170018,GREENVILLE 1 1,,GREENVILLE 1,,1
N170019,CUMBY 1 1,,CUMBY 1,,1
N170020,LADONIA 1 1,,LADONIA 1,,1
N170021,COMMERCE 2 1,,COMMERCE 2,,1
N170022,CADDO MILLS 2 1,,CADDO MILLS 2,,1
N170023,QUINLAN 1 1,,QUINLAN 1,,1
N170024,QUINLAN 2 1,,QUINLAN 2,,1
N170025,ROYSE CITY 1 1,,ROYSE CITY 1,,1
N170026,TERRELL 2 1,,TERRELL 2,,1
N170027,LONE OAK 1 1,,LONE OAK 1,,1
N170028,QUINLAN 3 1,,QUINLAN 3,,1
N170029,LONE OAK 2 1,,LONE OAK 2,,1
N170030,WILLS POINT 1 1,,WILLS POINT 1,,1
N170031,TERRELL 3 1,,TERRELL 3,,1
N170032,KAUFMAN 7 1,,KAUFMAN 7,,1
N170033,LONE OAK 3 1,,LONE OAK 3,,1
N170034,WILLS POINT 2 1,,WILLS POINT 2,,1
N170035,DENISON 1 1,,DENISON 1,,1
N170036,TOM BEAN 1 1,,TOM BEAN 1,,1
N170037,SOUTHMAYD 1 1,,SOUTHMAYD 1,,1
N170038,RAVENNA 1 1,,RAVENNA 1,,1
N170039,BONHAM 1 1,,BONHAM 1,,1
N170040,RANDOLPH 1 1,,RANDOLPH 1,,1
N170041,WHITEWRIGHT 1 1,,WHITEWRIGHT 1,,1
N170042,SADLER 1 1,,SADLER 1,,1
N170043,SADLER 2 1,,SADLER 2,,1
N170044,GORDONVILLE 1 1,,GORDONVILLE 1,,1
N170045,CARTWRIGHT 1 1,,CARTWRIGHT 1,,1
N170046,BELLS 1 1,,BELLS 1,,1
N170047,RAVENNA 2 1,,RAVENNA 2,,1
N170048,TELEPHONE 1 1,,TELEPHONE 1,,1
N170049,COLLINSVILLE 2 1,,COLLINSVILLE 2,,1
N170050,COLLINSVILLE 3 1,,COLLINSVILLE 3,,1
N170051,TIOGA 1 1,,TIOGA 1,,1
N170052,HOWE 1 1,,HOWE 1,,1
N170053,SHERMAN 1 1,,SHERMAN 1,,1
N170054,BELLS 2 1,,BELLS 2,,1
N170055,ECTOR 1 1,,ECTOR 1,,1
N170056,VAN ALSTYNE 1 1,,VAN ALSTYNE 1,,1
N170057,TRENTON 1 1,,TRENTON 1,,1
N170058,BAILEY 1 1,,BAILEY 1,,1
N170059,WINDOM 1 1,,WINDOM 1,,1
N170060,WOLFE CITY 1 1,,WOLFE CITY 1,,1
N170061,CELESTE 3 1,,CELESTE 3,,1
N170062,KEMP 5 1,,KEMP 5,,1
N170063,BONHAM 2 1,,BONHAM 2,,1
N170064,DENISON 2 1,,DENISON 2,,1
N170065,BONHAM 3 1,,BONHAM 3,,1
N170066,KEMP 6 1,,KEMP 6,,1
N170067,COLBERT 1 1,,COLBERT 1,,1
N170068,BEN FRANKLIN 1 1,,BEN FRANKLIN 1,,1
N170069,SUMNER 1 1,,SUMNER 1,,1
N170070,POWDERLY 1 1,,POWDERLY 1,,1
N170071,HONEY GROVE 1 1,,HONEY GROVE 1,,1
N170072,PARIS 1 1,,PARIS 1,,1
N170073,PARIS 2 1,,PARIS 2,,1
N170074,KLONDIKE 1 1,,KLONDIKE 1,,1
N170075,POWDERLY 2 1,,POWDERLY 2,,1
N170076,TELEPHONE 2 1,,TELEPHONE 2,,1
N170077,PECAN GAP 1 1,,PECAN GAP 1,,1
N170078,BROOKSTON 1 1,,BROOKSTON 1,,1
N170079,ROXTON 1 1,,ROXTON 1,,1
N170080,SUMNER 2 1,,SUMNER 2,,1
N170081,SANGER 4 1,,SANGER 4,,1
N170082,SANGER 4 2,,SANGER 4,,1
N170083,SANGER 5 1,,SANGER 5,,1
N170084,CARROLLTON 9 1,,CARROLLTON 9,,1
N170085,THE COLONY 1 1,,THE COLONY 1,,1
N170086,ADDISON 9 1,,ADDISON 9,,1
N170087,ADDISON 9 2,,ADDISON 9,,1
N170088,ADDISON 10 1,,ADDISON 10,,1
N170089,ADDISON 10 2,,ADDISON 10,,1
N170090,ADDISON 11 1,,ADDISON 11,,1
N170091,THE COLONY 2 1,,THE COLONY 2,,1
N170092,ADDISON 12 1,,ADDISON 12,,1
N170093,ADDISON 12 2,,ADDISON 12,,1
N170094,CARROLLTON 10 1,,CARROLLTON 10,,1
N170095,ADDISON 13 1,,ADDISON 13,,1
N170096,CARROLLTON 11 1,,CARROLLTON 11,,1
N170097,CARROLLTON 11 2,,CARROLLTON 11,,1
N170098,CARROLLTON 11 3,,CARROLLTON 11,,1
N170099,CARROLLTON 11 4,,CARROLLTON 11,,1
N170100,ADDISON 14 1,,ADDISON 14,,1
N170101,ADDISON 14 2,,ADDISON 14,,1
N170102,ADDISON 15 1,,ADDISON 15,,1
N170103,ADDISON 15 2,,ADDISON 15,,1
N170104,ADDISON 16 1,,ADDISON 16,,1
N170105,THE COLONY 3 1,,THE COLONY 3,,1
N170106,CARROLLTON 12 1,,CARROLLTON 12,,1
N170107,CARROLLTON 12 2,,CARROLLTON 12,,1
N170108,PROSPER 1 1,,PROSPER 1,,1
N170109,MCKINNEY 1 1,,MCKINNEY 1,,1
N170110,MCKINNEY 2 1,,MCKINNEY 2,,1
N170111,MCKINNEY 3 1,,MCKINNEY 3,,1
N170112,PLANO 1 1,,PLANO 1,,1
N170113,MCKINNEY 4 1,,MCKINNEY 4,,1
N170114,MCKINNEY 4 2,,MCKINNEY 4,,1
N170115,MCKINNEY 5 1,,MCKINNEY 5,,1
N170116,MCKINNEY 6 1,,MCKINNEY 6,,1
N170117,PROSPER 2 1,,PROSPER 2,,1
N170118,PROSPER 3 1,,PROSPER 3,,1
N170119,PROSPER 3 2,,PROSPER 3,,1
N170120,PROSPER 3 3,,PROSPER 3,,1
N170121,MCKINNEY 7 1,,MCKINNEY 7,,1
N170122,PROSPER 4 1,,PROSPER 4,,1
N170123,PROSPER 5 1,,PROSPER 5,,1
N170124,CELINA 1 1,,CELINA 1,,1
N170125,MCKINNEY 8 1,,MCKINNEY 8,,1
N170126,MCKINNEY 8 2,,MCKINNEY 8,,1
N170127,PROSPER 6 1,,PROSPER 6,,1
N170128,PROSPER 6 2,,PROSPER 6,,1
N170129,MCKINNEY 9 1,,MCKINNEY 9,,1
N170130,ALLEN 1 1,,ALLEN 1,,1
N170131,MCKINNEY 10 1,,MCKINNEY 10,,1
N170132,MCKINNEY 11 1,,MCKINNEY 11,,1
N170133,MCKINNEY 11 2,,MCKINNEY 11,,1
N170134,MCKINNEY 12 1,,MCKINNEY 12,,1
N170135,PLANO 2 1,,PLANO 2,,1
N170136,CELINA 2 1,,CELINA 2,,1
N170137,CELINA 3 1,,CELINA 3,,1
N170138,CELINA 3 2,,CELINA 3,,1
N170139,AUBREY 1 1,,AUBREY 1,,1
N170140,PILOT POINT 2 1,,PILOT POINT 2,,1
N170141,PILOT POINT 3 1,,PILOT POINT 3,,1
N170142,AUBREY 2 1,,AUBREY 2,,1
N170143,PROSPER 7 1,,PROSPER 7,,1
N170144,AUBREY 3 1,,AUBREY 3,,1
N170145,LITTLE ELM 1 1,,LITTLE ELM 1,,1
N170146,LITTLE ELM 1 2,,LITTLE ELM 1,,1
N170147,PROSPER 8 1,,PROSPER 8,,1
N170148,ROYSE CITY 2 1,,ROYSE CITY 2,,1
N170149,ROYSE CITY 2 2,,ROYSE CITY 2,,1
N170150,ROCKWALL 1 1,,ROCKWALL 1,,1
N170151,ROCKWALL 1 2,,ROCKWALL 1,,1
N170152,ROYSE CITY 3 1,,ROYSE CITY 3,,1
N170153,FATE 1 1,,FATE 1,,1
N170154,LAVON 1 1,,LAVON 1,,1
N170155,LAVON 2 1,,LAVON 2,,1
N170156,LAVON 2 2,,LAVON 2,,1
N170157,ROCKWALL 2 1,,ROCKWALL 2,,1
N170158,NEVADA 1 1,,NEVADA 1,,1
N170159,LAVON 3 1,,LAVON 3,,1
N170160,FATE 2 1,,FATE 2,,1
N170161,FATE 3 1,,FATE 3,,1
N170162,ROYSE CITY 4 1,,ROYSE CITY 4,,1
N170163,TERRELL 4 1,,TERRELL 4,,1
N170164,ROCKWALL 3 1,,ROCKWALL 3,,1
N170165,ROCKWALL 4 1,,ROCKWALL 4,,1
N170166,ROCKWALL 5 1,,ROCKWALL 5,,1
N170167,GARLAND 6 1,,GARLAND 6,,1
N170168,WYLIE 1 1,,WYLIE 1,,1
N170169,WYLIE 1 2,,WYLIE 1,,1
N170170,WYLIE 1 3,,WYLIE 1,,1
N170171,SACHSE 1 1,,SACHSE 1,,1
N170172,SACHSE 2 1,,SACHSE 2,,1
N170173,ROWLETT 1 1,,ROWLETT 1,,1
N170174,ROWLETT 1 2,,ROWLETT 1,,1
N170175,ROWLETT 2 1,,ROWLETT 2,,1
N170176,SACHSE 3 1,,SACHSE 3,,1
N170177,ROWLETT 3 1,,ROWLETT 3,,1
N170178,ROWLETT 3 2,,ROWLETT 3,,1
N170179,WYLIE 2 1,,WYLIE 2,,1
N170180,SACHSE 4 1,,SACHSE 4,,1
N170181,SACHSE 4 2,,SACHSE 4,,1
N170182,WYLIE 3 1,,WYLIE 3,,1
N170183,GARLAND 7 1,,GARLAND 7,,1
N170184,GARLAND 7 2,,GARLAND 7,,1
N170185,SACHSE 5 1,,SACHSE 5,,1
N170186,ALLEN 2 1,,ALLEN 2,,1
N170187,ALLEN 3 1,,ALLEN 3,,1
N170188,ALLEN 3 2,,ALLEN 3,,1
N170189,ALLEN 4 1,,ALLEN 4,,1
N170190,SACHSE 6 1,,SACHSE 6,,1
N170191,SACHSE 6 2,,SACHSE 6,,1
N170192,ALLEN 5 1,,ALLEN 5,,1
N170193,ALLEN 6 1,,ALLEN 6,,1
N170194,ALLEN 6 2,,ALLEN 6,,1
N170195,ALLEN 6 3,,ALLEN 6,,1
N170196,ALLEN 6 4,,ALLEN 6,,1
N170197,ALLEN 7 1,,ALLEN 7,,1
N170198,ALLEN 7 2,,ALLEN 7,,1
N170199,ALLEN 8 1,,ALLEN 8,,1
N170200,ALLEN 9 1,,ALLEN 9,,1
N170201,WYLIE 4 1,,WYLIE 4,,1
N170202,PLANO 3 1,,PLANO 3,,1
N170203,PLANO 3 2,,PLANO 3,,1
N170204,ALLEN 10 1,,ALLEN 10,,1
N170205,ALLEN 10 2,,ALLEN 10,,1
N170206,PLANO 4 1,,PLANO 4,,1
N170207,PLANO 4 2,,PLANO 4,,1
N170208,FRISCO 1 1,,FRISCO 1,,1
N170209,FRISCO 1 2,,FRISCO 1,,1
N170210,FRISCO 2 1,,FRISCO 2,,1
N170211,FRISCO 2 2,,FRISCO 2,,1
N170212,FRISCO 3 1,,FRISCO 3,,1
N170213,THE COLONY 4 1,,THE COLONY 4,,1
N170214,FRISCO 4 1,,FRISCO 4,,1
N170215,PROSPER 9 1,,PROSPER 9,,1
N170216,LITTLE ELM 2 1,,LITTLE ELM 2,,1
N170217,THE COLONY 5 1,,THE COLONY 5,,1
N170218,FRISCO 5 1,,FRISCO 5,,1
N170219,FRISCO 5 2,,FRISCO 5,,1
N170220,FRISCO 5 3,,FRISCO 5,,1
N170221,FRISCO 6 1,,FRISCO 6,,1
N170222,FRISCO 7 1,,FRISCO 7,,1
N170223,FRISCO 7 2,,FRISCO 7,,1
N170224,FRISCO 8 1,,FRISCO 8,,1
N170225,CARROLLTON 13 1,,CARROLLTON 13,,1
N170226,ANNA 1 1,,ANNA 1,,1
N170227,ANNA 1 2,,ANNA 1,,1
N170228,BLUE RIDGE 1 1,,BLUE RIDGE 1,,1
N170229,CELINA 4 1,,CELINA 4,,1
N170230,MELISSA 1 1,,MELISSA 1,,1
N170231,ANNA 2 1,,ANNA 2,,1
N170232,MELISSA 2 1,,MELISSA 2,,1
N170233,BLUE RIDGE 2 1,,BLUE RIDGE 2,,1
N170234,BLUE RIDGE 3 1,,BLUE RIDGE 3,,1
N170235,MELISSA 3 1,,MELISSA 3,,1
N170236,MELISSA 3 2,,MELISSA 3,,1
N170237,LEWISVILLE 1 1,,LEWISVILLE 1,,1
N170238,LEWISVILLE 1 2,,LEWISVILLE 1,,1
N170239,LAKE DALLAS 1 1,,LAKE DALLAS 1,,1
N170240,LAKE DALLAS 2 1,,LAKE DALLAS 2,,1
N170241,LEWISVILLE 2 1,,LEWISVILLE 2,,1
N170242,PLANO 5 1,,PLANO 5,,1
N170243,PLANO 5 2,,PLANO 5,,1
N170244,PLANO 6 1,,PLANO 6,,1
N170245,PLANO 7 1,,PLANO 7,,1
N170246,PLANO 8 1,,PLANO 8,,1
N170247,PLANO 8 2,,PLANO 8,,1
N170248,PLANO 9 1,,PLANO 9,,1
N170249,PLANO 9 2,,PLANO 9,,1
N170250,PLANO 10 1,,PLANO 10,,1
N170251,PLANO 11 1,,PLANO 11,,1
N170252,PLANO 12 1,,PLANO 12,,1
N170253,PLANO 12 2,,PLANO 12,,1
N170254,PLANO 13 1,,PLANO 13,,1
N170255,RICHARDSON 2 1,,RICHARDSON 2,,1
N170256,PLANO 14 1,,PLANO 14,,1
N170257,PLANO 15 1,,PLANO 15,,1
N170258,PLANO 15 2,,PLANO 15,,1
N170259,PLANO 15 3,,PLANO 15,,1
N170260,PLANO 15 4,,PLANO 15,,1
N170261,PLANO 16 1,,PLANO 16,,1
N170262,PLANO 17 1,,PLANO 17,,1
N170263,PLANO 18 1,,PLANO 18,,1
N170264,PLANO 19 1,,PLANO 19,,1
N170265,PLANO 20 1,,PLANO 20,,1
N170266,PLANO 21 1,,PLANO 21,,1
N170267,PLANO 22 1,,PLANO 22,,1
N170268,PLANO 23 1,,PLANO 23,,1
N170269,PLANO 23 2,,PLANO 23,,1
N170270,PLANO 24 1,,PLANO 24,,1
N170271,PLANO 25 1,,PLANO 25,,1
N170272,PLANO 26 1,,PLANO 26,,1
N170273,RICHARDSON 3 1,,RICHARDSON 3,,1
N170274,RICHARDSON 4 1,,RICHARDSON 4,,1
N170275,RICHARDSON 5 1,,RICHARDSON 5,,1
N170276,RICHARDSON 6 1,,RICHARDSON 6,,1
N170277,RICHARDSON 6 2,,RICHARDSON 6,,1
N170278,GARLAND 8 1,,GARLAND 8,,1
N170279,RICHARDSON 7 1,,RICHARDSON 7,,1
N170280,GARLAND 9 1,,GARLAND 9,,1
N170281,RICHARDSON 8 1,,RICHARDSON 8,,1
N170282,RICHARDSON 8 2,,RICHARDSON 8,,1
N170283,GARLAND 10 1,,GARLAND 10,,1
N170284,GARLAND 11 1,,GARLAND 11,,1
N170285,RICHARDSON 9 1,,RICHARDSON 9,,1
N170286,RICHARDSON 10 1,,RICHARDSON 10,,1
N170287,RICHARDSON 11 1,,RICHARDSON 11,,1
N170288,RICHARDSON 12 1,,RICHARDSON 12,,1
N170289,RICHARDSON 13 1,,RICHARDSON 13,,1
N170290,RICHARDSON 14 1,,RICHARDSON 14,,1
N170291,RICHARDSON 15 1,,RICHARDSON 15,,1
N170292,RICHARDSON 15 2,,RICHARDSON 15,,1
N170293,RICHARDSON 15 3,,RICHARDSON 15,,1
N170294,RICHARDSON 15 4,,RICHARDSON 15,,1
N170295,GARLAND 12 1,,GARLAND 12,,1
N170296,GARLAND 13 1,,GARLAND 13,,1
N170297,GARLAND 13 2,,GARLAND 13,,1
N170298,RICHARDSON 16 1,,RICHARDSON 16,,1
N170299,RICHARDSON 16 2,,RICHARDSON 16,,1
N170300,RICHARDSON 17 1,,RICHARDSON 17,,1
N170301,RICHARDSON 17 2,,RICHARDSON 17,,1
N170302,RICHARDSON 18 1,,RICHARDSON 18,,1
N170303,RICHARDSON 18 2,,RICHARDSON 18,,1
N170304,RICHARDSON 19 1,,RICHARDSON 19,,1
N170305,RICHARDSON 20 1,,RICHARDSON 20,,1
N170306,PRINCETON 1 1,,PRINCETON 1,,1
N170307,PRINCETON 1 2,,PRINCETON 1,,1
N170308,NEVADA 2 1,,NEVADA 2,,1
N170309,FARMERSVILLE 1 1,,FARMERSVILLE 1,,1
N170310,FARMERSVILLE 1 2,,FARMERSVILLE 1,,1
N170311,PRINCETON 2 1,,PRINCETON 2,,1
N170312,FARMERSVILLE 2 1,,FARMERSVILLE 2,,1
N170313,FARMERSVILLE 3 1,,FARMERSVILLE 3,,1
N170314,LAVON 4 1,,LAVON 4,,1
N170315,JOSEPHINE 1 1,,JOSEPHINE 1,,1
N170316,PRINCETON 3 1,,PRINCETON 3,,1
N170317,ADDISON 17 1,,ADDISON 17,,1
N170318,ADDISON 17 2,,ADDISON 17,,1
N170319,ADDISON 17 3,,ADDISON 17,,1
N170320,ADDISON 17 4,,ADDISON 17,,1
N170321,ADDISON 18 1,,ADDISON 18,,1
N170322,ADDISON 18 2,,ADDISON 18,,1
N170323,ADDISON 19 1,,ADDISON 19,,1
N170324,ADDISON 20 1,,ADDISON 20,,1
N170325,GARLAND 14 1,,GARLAND 14,,1
N170326,GARLAND 15 1,,GARLAND 15,,1
N170327,GARLAND 16 1,,GARLAND 16,,1
N170328,GARLAND 17 1,,GARLAND 17,,1
N170329,GARLAND 18 1,,GARLAND 18,,1
N170330,GARLAND 19 1,,GARLAND 19,,1
N170331,SUNNYVALE 3 1,,SUNNYVALE 3,,1
N170332,SUNNYVALE 3 2,,SUNNYVALE 3,,1
N170333,GARLAND 20 1,,GARLAND 20,,1
N170334,GARLAND 20 2,,GARLAND 20,,1
N170335,GARLAND 21 1,,GARLAND 21,,1
N170336,GARLAND 22 1,,GARLAND 22,,1
N170337,GARLAND 23 1,,GARLAND 23,,1
N170338,GARLAND 24 1,,GARLAND 24,,1
N170339,GARLAND 24 2,,GARLAND 24,,1
N170340,GARLAND 25 1,,GARLAND 25,,1
N170341,GARLAND 26 1,,GARLAND 26,,1
N170342,GARLAND 27 1,,GARLAND 27,,1
N170343,GARLAND 28 1,,GARLAND 28,,1
N170344,ROWLETT 4 1,,ROWLETT 4,,1
N170345,GARLAND 29 1,,GARLAND 29,,1
N170346,GARLAND 30 1,,GARLAND 30,,1
N170347,GARLAND 31 1,,GARLAND 31,,1
N170348,GARLAND 32 1,,GARLAND 32,,1
N170349,GARLAND 33 1,,GARLAND 33,,1
N170350,GARLAND 34 1,,GARLAND 34,,1
N170351,GARLAND 35 1,,GARLAND 35,,1
N170352,GARLAND 36 1,,GARLAND 36,,1
N170353,ROWLETT 5 1,,ROWLETT 5,,1
N170354,GARLAND 37 1,,GARLAND 37,,1
N170355,ROWLETT 6 1,,ROWLETT 6,,1
N170356,GARLAND 38 1,,GARLAND 38,,1
N170357,ROWLETT 7 1,,ROWLETT 7,,1
N170358,GARLAND 39 1,,GARLAND 39,,1
N170359,GARLAND 39 2,,GARLAND 39,,1
N170360,GARLAND 39 3,,GARLAND 39,,1
N170361,GARLAND 39 4,,GARLAND 39,,1
N170362,GARLAND 40 1,,GARLAND 40,,1
N170363,GARLAND 41 1,,GARLAND 41,,1
N170364,GARLAND 42 1,,GARLAND 42,,1
N170365,GARLAND 43 1,,GARLAND 43,,1
N170366,MESQUITE 34 1,,MESQUITE 34,,1
N170367,ROWLETT 8 1,,ROWLETT 8,,1
N170368,GARLAND 44 1,,GARLAND 44,,1
N170369,ROWLETT 9 1,,ROWLETT 9,,1
N170370,GARLAND 45 1,,GARLAND 45,,1
N170371,GARLAND 46 1,,GARLAND 46,,1
N170372,GARLAND 47 1,,GARLAND 47,,1
N170373,GARLAND 48 1,,GARLAND 48,,1
N170374,GARLAND 49 1,,GARLAND 49,,1
N170375,GARLAND 50 1,,GARLAND 50,,1
N170376,GARLAND 51 1,,GARLAND 51,,1
N170377,GARLAND 52 1,,GARLAND 52,,1
N170378,GARLAND 53 1,,GARLAND 53,,1
N170379,GARLAND 54 1,,GARLAND 54,,1
N170380,GARLAND 55 1,,GARLAND 55,,1
N170381,MESQUITE 35 1,,MESQUITE 35,,1
N170382,GARLAND 56 1,,GARLAND 56,,1
N170383,GARLAND 57 1,,GARLAND 57,,1
N170384,MESQUITE 36 1,,MESQUITE 36,,1
N170385,ROWLETT 10 1,,ROWLETT 10,,1
N170386,ROWLETT 11 1,,ROWLETT 11,,1
N170387,ROWLETT 12 1,,ROWLETT 12,,1
N170388,ROWLETT 13 1,,ROWLETT 13,,1
N170389,SUNNYVALE 4 1,,SUNNYVALE 4,,1
N170390,ROWLETT 14 1,,ROWLETT 14,,1
N170391,MESQUITE 37 1,,MESQUITE 37,,1
N170392,MESQUITE 38 1,,MESQUITE 38,,1
N170393,MESQUITE 39 1,,MESQUITE 39,,1
N170394,SUNNYVALE 5 1,,SUNNYVALE 5,,1
N170395,GARLAND 58 1,,GARLAND 58,,1
N170396,GARLAND 59 1,,GARLAND 59,,1
N170397,GARLAND 60 1,,GARLAND 60,,1
N170398,ROWLETT 15 1,,ROWLETT 15,,1
N170399,GARLAND 61 1,,GARLAND 61,,1
N170400,GARLAND 62 1,,GARLAND 62,,1
N170401,GARLAND 63 1,,GARLAND 63,,1
N170402,GARLAND 64 1,,GARLAND 64,,1
N170403,GARLAND 65 1,,GARLAND 65,,1
N170404,GARLAND 66 1,,GARLAND 66,,1
N170405,GARLAND 67 1,,GARLAND 67,,1
N170406,GARLAND 68 1,,GARLAND 68,,1
N170407,GARLAND 69 1,,GARLAND 69,,1
N170408,GARLAND 70 1,,GARLAND 70,,1
N170409,GARLAND 71 1,,GARLAND 71,,1
N170410,MESQUITE 40 1,,MESQUITE 40,,1
N170411,GARLAND 72 1,,GARLAND 72,,1
N170412,GARLAND 73 1,,GARLAND 73,,1
N170413,GARLAND 74 1,,GARLAND 74,,1
N170414,GARLAND 75 1,,GARLAND 75,,1
N170415,GARLAND 76 1,,GARLAND 76,,1
N170416,GARLAND 77 1,,GARLAND 77,,1
N170417,GARLAND 78 1,,GARLAND 78,,1
N170418,GARLAND 79 1,,GARLAND 79,,1
N170419,GARLAND 80 1,,GARLAND 80,,1
N170420,GARLAND 81 1,,GARLAND 81,,1
N170421,GARLAND 82 1,,GARLAND 82,,1
N170422,GARLAND 83 1,,GARLAND 83,,1
N170423,GARLAND 84 1,,GARLAND 84,,1
N170424,GARLAND 85 1,,GARLAND 85,,1
N170425,GARLAND 86 1,,GARLAND 86,,1
N170426,GARLAND 87 1,,GARLAND 87,,1
N170427,DENTON 3 1,,DENTON 3,,1
N170428,DENTON 3 2,,DENTON 3,,1
N170429,DENTON 3 3,,DENTON 3,,1
N170430,DENTON 3 4,,DENTON 3,,1
N170431,LITTLE ELM 3 1,,LITTLE ELM 3,,1
N170432,LITTLE ELM 3 2,,LITTLE ELM 3,,1
N170433,LAKE DALLAS 3 1,,LAKE DALLAS 3,,1
N170434,LAKE DALLAS 4 1,,LAKE DALLAS 4,,1
N170435,LAKE DALLAS 4 2,,LAKE DALLAS 4,,1
N170436,DENTON 4 1,,DENTON 4,,1
N170437,DENTON 5 1,,DENTON 5,,1
N170438,DENTON 6 1,,DENTON 6,,1
N170439,DENTON 6 2,,DENTON 6,,1
N170440,AUBREY 4 1,,AUBREY 4,,1
N170441,AUBREY 5 1,,AUBREY 5,,1
N170442,DENTON 7 1,,DENTON 7,,1
N170443,DENTON 7 2,,DENTON 7,,1
N170444,DENTON 8 1,,DENTON 8,,1
N170445,GAINESVILLE 2 1,,GAINESVILLE 2,,1
N170446,GAINESVILLE 3 1,,GAINESVILLE 3,,1
N170447,VALLEY VIEW 2 1,,VALLEY VIEW 2,,1
N170448,LINDSAY 3 1,,LINDSAY 3,,1
N170449,COLLINSVILLE 4 1,,COLLINSVILLE 4,,1
N170450,GAINESVILLE 4 1,,GAINESVILLE 4,,1
N170451,GAINESVILLE 4 2,,GAINESVILLE 4,,1
N170452,GAINESVILLE 5 1,,GAINESVILLE 5,,1
N170453,GAINESVILLE 6 1,,GAINESVILLE 6,,1
N170454,PARIS 3 1,,PARIS 3,,1
N170455,PARIS 4 1,,PARIS 4,,1
N170456,POWDERLY 3 1,,POWDERLY 3,,1
N170457,HONEY GROVE 2 1,,HONEY GROVE 2,,1
N170458,COOPER 1 1,,COOPER 1,,1
N170459,ROXTON 2 1,,ROXTON 2,,1
N170460,PARIS 5 1,,PARIS 5,,1
N170461,TOM BEAN 2 1,,TOM BEAN 2,,1
N170462,BONHAM 4 1,,BONHAM 4,,1
N170463,BONHAM 4 2,,BONHAM 4,,1
N170464,SHERMAN 2 1,,SHERMAN 2,,1
N170465,SHERMAN 3 1,,SHERMAN 3,,1
N170466,DENISON 3 1,,DENISON 3,,1
N170467,VAN ALSTYNE 2 1,,VAN ALSTYNE 2,,1
N170468,DENISON 4 1,,DENISON 4,,1
N170469,DENISON 5 1,,DENISON 5,,1
N170470,GUNTER 1 1,,GUNTER 1,,1
N170471,POTTSBORO 1 1,,POTTSBORO 1,,1
N170472,WHITESBORO 3 1,,WHITESBORO 3,,1
N170473,TIOGA 2 1,,TIOGA 2,,1
N170474,SAVOY 1 1,,SAVOY 1,,1
N170475,TRENTON 2 1,,TRENTON 2,,1
N170476,COLBERT 2 1,,COLBERT 2,,1
N170477,DENISON 6 1,,DENISON 6,,1
N170478,HOWE 2 1,,HOWE 2,,1
N170479,SHERMAN 4 1,,SHERMAN 4,,1
N170480,SHERMAN 4 2,,SHERMAN 4,,1
N170482,DENISON 7 1,,DENISON 7,,1
N170483,POTTSBORO 2 1,,POTTSBORO 2,,1
N170484,HOWE 3 1,,HOWE 3,,1
N170485,GREENVILLE 2 1,,GREENVILLE 2,,1
N170486,GREENVILLE 3 1,,GREENVILLE 3,,1
N170487,LONE OAK 4 1,,LONE OAK 4,,1
N170488,CADDO MILLS 3 1,,CADDO MILLS 3,,1
N170489,WOLFE CITY 2 1,,WOLFE CITY 2,,1
N170490,CADDO MILLS 4 1,,CADDO MILLS 4,,1
N170491,COMMERCE 3 1,,COMMERCE 3,,1
N170492,LEONARD 1 1,,LEONARD 1,,1
N170493,GREENVILLE 4 1,,GREENVILLE 4,,1
N170494,GREENVILLE 5 1,,GREENVILLE 5,,1
N170495,GREENVILLE 6 1,,GREENVILLE 6,,1
N170496,CUMBY 2 1,,CUMBY 2,,1
N170497,ROYSE CITY 5 1,,ROYSE CITY 5,,1
N170498,QUINLAN 4 1,,QUINLAN 4,,1
N170499,QUINLAN 5 1,,QUINLAN 5,,1
N170500,QUINLAN 6 1,,QUINLAN 6,,1
N170501,TERRELL 5 1,,TERRELL 5,,1
N170502,COMMERCE 4 1,,COMMERCE 4,,1
N170503,CADDO MILLS 5 1,,CADDO MILLS 5,,1
N170504,WOLFE CITY 3 1,,WOLFE CITY 3,,1
N170505,GREENVILLE 7 1,,GREENVILLE 7,,1
N170506,FORNEY 4 1,,FORNEY 4,,1
N170507,TERRELL 6 1,,TERRELL 6,,1
N170508,TERRELL 7 1,,TERRELL 7,,1
N170509,FORNEY 5 1,,FORNEY 5,,1
N170510,FORNEY 6 1,,FORNEY 6,,1
N170511,TERRELL 8 1,,TERRELL 8,,1
N170512,TERRELL 9 1,,TERRELL 9,,1
N170513,TERRELL 9 2,,TERRELL 9,,1
N170514,TERRELL 10 1,,TERRELL 10,,1
N170515,LEWISVILLE 3 1,,LEWISVILLE 3,,1
N170516,LEWISVILLE 3 2,,LEWISVILLE 3,,1
N170517,SUNNYVALE 6 1,,SUNNYVALE 6,,1
N170518,SUNNYVALE 6 2,,SUNNYVALE 6,,1
N170519,SUNNYVALE 6 3,,SUNNYVALE 6,,1
N170520,LAVON 5 1,,LAVON 5,,1
N170521,LAVON 5 2,,LAVON 5,,1
N170522,LAVON 5 3,,LAVON 5,,1
N170523,LAVON 5 4,,LAVON 5,,1
N170524,LAVON 5 5,,LAVON 5,,1
N170525,LAVON 5 6,,LAVON 5,,1
N170526,GREENVILLE 8 1,,GREENVILLE 8,,1
N170527,GREENVILLE 8 2,,GREENVILLE 8,,1
N170528,GREENVILLE 8 3,,GREENVILLE 8,,1
N170529,GREENVILLE 8 4,,GREENVILLE 8,,1
N170530,GREENVILLE 8 5,,GREENVILLE 8,,1
N170531,DENTON 9 1,,DENTON 9,,1
N170532,DENTON 9 2,,DENTON 9,,1
N170533,DENTON 9 3,,DENTON 9,,1
N170534,CARTWRIGHT 2 1,,CARTWRIGHT 2,,1
N170535,CARTWRIGHT 2 2,,CARTWRIGHT 2,,1
N170536,CARTWRIGHT 2 3,,CARTWRIGHT 2,,1
N170537,CARTWRIGHT 2 4,,CARTWRIGHT 2,,1
N170538,PARIS 6 1,,PARIS 6,,1
N170539,PARIS 6 2,,PARIS 6,,1
N170540,PARIS 6 3,,PARIS 6,,1
N170541,PARIS 6 4,,PARIS 6,,1
N170542,PARIS 6 5,,PARIS 6,,1
N170543,LEWISVILLE 4 1,,LEWISVILLE 4,,1
N170544,LEWISVILLE 4 2,,LEWISVILLE 4,,1
N170545,LEWISVILLE 4 3,,LEWISVILLE 4,,1
N170546,LEWISVILLE 4 4,,LEWISVILLE 4,,1
N170547,LEWISVILLE 4 5,,LEWISVILLE 4,,1
N170548,PARIS 7 1,,PARIS 7,,1
N170549,PARIS 7 2,,PARIS 7,,1
N170550,PARIS 7 3,,PARIS 7,,1
N170551,PARIS 7 4,,PARIS 7,,1
N170552,PARIS 7 5,,PARIS 7,,1
N170553,PARIS 7 6,,PARIS 7,,1
N170554,PARIS 7 7,,PARIS 7,,1
N170555,PARIS 7 8,,PARIS 7,,1
N170556,DENTON 10 1,,DENTON 10,,1
N170557,DENTON 10 2,,DENTON 10,,1
N170558,LEWISVILLE 5 1,,LEWISVILLE 5,,1
N170559,LEWISVILLE 5 2,,LEWISVILLE 5,,1
N170560,LEWISVILLE 5 3,,LEWISVILLE 5,,1
N170561,LEWISVILLE 5 4,,LEWISVILLE 5,,1
N170562,SHERMAN 5 1,,SHERMAN 5,,1
N170563,SHERMAN 5 2,,SHERMAN 5,,1
N170564,SHERMAN 5 3,,SHERMAN 5,,1
N170565,SHERMAN 5 4,,SHERMAN 5,,1
N170566,AUBREY 6 1,,AUBREY 6,,1
N170567,AUBREY 6 2,,AUBREY 6,,1
N170568,SOUTHMAYD 2 1,,SOUTHMAYD 2,,1
N170569,SOUTHMAYD 2 2,,SOUTHMAYD 2,,1
N170570,COLLINSVILLE 5 1,,COLLINSVILLE 5,,1
N170571,COLLINSVILLE 5 2,,COLLINSVILLE 5,,1
N170572,COLLINSVILLE 6 1,,COLLINSVILLE 6,,1
N170573,COLLINSVILLE 6 2,,COLLINSVILLE 6,,1
N170574,GAINESVILLE 7 1,,GAINESVILLE 7,,1
N170575,GAINESVILLE 7 2,,GAINESVILLE 7,,1
N170576,WHITEWRIGHT 2 1,,WHITEWRIGHT 2,,1
N170577,WHITEWRIGHT 2 2,,WHITEWRIGHT 2,,1
N170578,CADDO MILLS 6 1,,CADDO MILLS 6,,1
N170579,CADDO MILLS 6 2,,CADDO MILLS 6,,1
N170580,SHERMAN 6 1,,SHERMAN 6,,1
N170581,SHERMAN 6 2,,SHERMAN 6,,1
N170582,GREENVILLE 9 1,,GREENVILLE 9,,1
N170583,GREENVILLE 9 2,,GREENVILLE 9,,1
N170584,FRISCO 9 1,,FRISCO 9,,1
N170585,FRISCO 9 2,,FRISCO 9,,1
N180001,EAGLE PASS 1 1,,EAGLE PASS 1,,1
N180002,QUEMADO 1 1,,QUEMADO 1,,1
N180004,EAGLE PASS 2 1,,EAGLE PASS 2,,1
N180005,LAREDO 1 1,,LAREDO 1,,1
N180006,LAREDO 2 1,,LAREDO 2,,1
N180007,LAREDO 3 1,,LAREDO 3,,1
N180008,LAREDO 4 1,,LAREDO 4,,1
N180009,LAREDO 5 1,,LAREDO 5,,1
N180010,LAREDO 6 1,,LAREDO 6,,1
N180011,LAREDO 7 1,,LAREDO 7,,1
N180012,LAREDO 8 1,,LAREDO 8,,1
N180013,LAREDO 9 1,,LAREDO 9,,1
N180014,LAREDO 9 2,,LAREDO 9,,1
N180015,LAREDO 10 1,,LAREDO 10,,1
N180016,LAREDO 11 1,,LAREDO 11,,1
N180017,LAREDO 12 1,,LAREDO 12,,1
N180018,LAREDO 13 1,,LAREDO 13,,1
N180019,LAREDO 14 1,,LAREDO 14,,1
N180020,LAREDO 15 1,,LAREDO 15,,1
N180021,LAREDO 16 1,,LAREDO 16,,1
N180022,OILTON 1 1,,OILTON 1,,1
N180023,LAREDO 17 1,,LAREDO 17,,1
N180024,LAREDO 18 1,,LAREDO 18,,1
N180025,LAREDO 19 1,,LAREDO 19,,1
N180026,LAREDO 20 1,,LAREDO 20,,1
N180027,LAREDO 20 2,,LAREDO 20,,1
N180028,LAREDO 21 1,,LAREDO 21,,1
N180029,MIRANDO CITY 1 1,,MIRANDO CITY 1,,1
N180030,LAREDO 22 1,,LAREDO 22,,1
N180031,LAREDO 23 1,,LAREDO 23,,1
N180032,LAREDO 24 1,,LAREDO 24,,1
N180033,LAREDO 25 1,,LAREDO 25,,1
N180034,FREER 1 1,,FREER 1,,1
N180035,BENAVIDES 1 1,,BENAVIDES 1,,1
N180036,ZAPATA 1 1,,ZAPATA 1,,1
N180037,REALITOS 1 1,,REALITOS 1,,1
N180038,HEBBRONVILLE 1 1,,HEBBRONVILLE 1,,1
N180039,HEBBRONVILLE 2 1,,HEBBRONVILLE 2,,1
N180040,LOPENO 1 1,,LOPENO 1,,1
N180041,FREER 2 1,,FREER 2,,1
N180042,SAN ISIDRO 1 1,,SAN ISIDRO 1,,1
N180044,CRYSTAL CITY 1 1,,CRYSTAL CITY 1,,1
N180045,CRYSTAL CITY 1 2,,CRYSTAL CITY 1,,1
N180046,CRYSTAL CITY 1 3,,CRYSTAL CITY 1,,1
N180047,ARTESIA WELLS 1 1,,ARTESIA WELLS 1,,1
N180048,CARRIZO SPRINGS 1 1,,CARRIZO SPRINGS 1,,1
N180049,ASHERTON 1 1,,ASHERTON 1,,1
N180050,BIG WELLS 1 1,,BIG WELLS 1,,1
N180051,COTULLA 1 1,,COTULLA 1,,1
N180052,ENCINAL 1 1,,ENCINAL 1,,1
N180053,EL INDIO 1 1,,EL INDIO 1,,1
N180054,QUEMADO 2 1,,QUEMADO 2,,1
N180055,CATARINA 1 1,,CATARINA 1,,1
N180056,ENCINAL 2 1,,ENCINAL 2,,1
N180057,ENCINAL 3 1,,ENCINAL 3,,1
N180058,OILTON 2 1,,OILTON 2,,1
N180059,ENCINAL 4 1,,ENCINAL 4,,1
N180060,LAREDO 26 1,,LAREDO 26,,1
N180061,MIRANDO CITY 2 1,,MIRANDO CITY 2,,1
N180062,BRUNI 1 1,,BRUNI 1,,1
N180063,LA PRYOR 2 1,,LA PRYOR 2,,1
N180064,EL INDIO 2 1,,EL INDIO 2,,1
N180065,ENCINAL 5 1,,ENCINAL 5,,1
N180066,ENCINAL 6 1,,ENCINAL 6,,1
N180067,FREER 3 1,,FREER 3,,1
N180068,LAREDO 27 1,,LAREDO 27,,1
N180069,EAGLE PASS 3 1,,EAGLE PASS 3,,1
N180070,ENCINAL 7 1,,ENCINAL 7,,1
N180071,ENCINAL 8 1,,ENCINAL 8,,1
N180072,OILTON 3 1,,OILTON 3,,1
N180073,QUEMADO 3 1,,QUEMADO 3,,1
N180074,CATARINA 2 1,,CATARINA 2,,1
N180075,ENCINAL 9 1,,ENCINAL 9,,1
N180076,LA PRYOR 3 1,,LA PRYOR 3,,1
N180077,QUEMADO 4 1,,QUEMADO 4,,1
N180078,ARTESIA WELLS 2 1,,ARTESIA WELLS 2,,1
N180079,EAGLE PASS 4 1,,EAGLE PASS 4,,1
N180080,CARRIZO SPRINGS 2 1,,CARRIZO SPRINGS 2,,1
N180081,MIRANDO CITY 3 1,,MIRANDO CITY 3,,1
N180082,FREER 4 1,,FREER 4,,1
N180083,MIRANDO CITY 4 1,,MIRANDO CITY 4,,1
N180084,SAN YGNACIO 1 1,,SAN YGNACIO 1,,1
N180085,OILTON 4 1,,OILTON 4,,1
N180086,EL INDIO 3 1,,EL INDIO 3,,1
N180087,MIRANDO CITY 5 1,,MIRANDO CITY 5,,1
N180088,EAGLE PASS 5 1,,EAGLE PASS 5,,1
N180089,LAREDO 28 1,,LAREDO 28,,1
N180090,LAREDO 29 1,,LAREDO 29,,1
N180091,LAREDO 30 1,,LAREDO 30,,1
N180092,ROMA 1 1,,ROMA 1,,1
N180093,RIO GRANDE CITY 1 1,,RIO GRANDE CITY 1,,1
N180094,SALINENO 1 1,,SALINENO 1,,1
N180095,RIO GRANDE CITY 2 1,,RIO GRANDE CITY 2,,1
N180096,RIO GRANDE CITY 3 1,,RIO GRANDE CITY 3,,1
N180097,ROMA 2 1,,ROMA 2,,1
N180098,LOPENO 2 1,,LOPENO 2,,1
N180099,ROMA 3 1,,ROMA 3,,1
N180100,RIO GRANDE CITY 4 1,,RIO GRANDE CITY 4,,1
N180101,ROMA 4 1,,ROMA 4,,1
N180102,SAN ISIDRO 2 1,,SAN ISIDRO 2,,1
N180103,ROMA 5 1,,ROMA 5,,1
N180104,GRULLA 1 1,,GRULLA 1,,1
N180105,ROMA 6 1,,ROMA 6,,1
N180106,ROMA 7 1,,ROMA 7,,1
N180107,QUEMADO 5 1,,QUEMADO 5,,1
N180108,QUEMADO 5 2,,QUEMADO 5,,1
N180109,QUEMADO 5 3,,QUEMADO 5,,1
N180110,LAREDO 31 1,,LAREDO 31,,1
N180111,LAREDO 31 2,,LAREDO 31,,1
N180112,LAREDO 31 3,,LAREDO 31,,1
N180113,FALCON HEIGHTS 1 1,,FALCON HEIGHTS 1,,1
N180114,FALCON HEIGHTS 1 2,,FALCON HEIGHTS 1,,1
N180115,FALCON HEIGHTS 1 3,,FALCON HEIGHTS 1,,1
N180116,FALCON HEIGHTS 1 4,,FALCON HEIGHTS 1,,1
N180117,FALCON HEIGHTS 1 5,,FALCON HEIGHTS 1,,1
N180118,OILTON 5 1,,OILTON 5,,1
N180119,OILTON 5 2,,OILTON 5,,1
N180120,MIRANDO CITY 6 1,,MIRANDO CITY 6,,1
N180121,MIRANDO CITY 6 2,,MIRANDO CITY 6,,1
N180122,RIO GRANDE CITY 5 1,,RIO GRANDE CITY 5,,1
N180123,RIO GRANDE CITY 5 2,,RIO GRANDE CITY 5,,1
N180124,GRULLA 2 1,,GRULLA 2,,1
N180125,GRULLA 2 2,,GRULLA 2,,1
N180126,GRULLA 2 3,,GRULLA 2,,1
N180127,HEBBRONVILLE 3 1,,HEBBRONVILLE 3,,1
N180128,HEBBRONVILLE 3 2,,HEBBRONVILLE 3,,1
N180129,MIRANDO CITY 7 1,,MIRANDO CITY 7,,1
N180130,MIRANDO CITY 7 2,,MIRANDO CITY 7,,1
N180131,MIRANDO CITY 7 3,,MIRANDO CITY 7,,1
N180132,BRUNI 2 1,,BRUNI 2,,1
N180133,BRUNI 2 2,,BRUNI 2,,1
N180134,BRUNI 2 3,,BRUNI 2,,1
N180135,LOPENO 3 1,,LOPENO 3,,1
N180136,LOPENO 3 2,,LOPENO 3,,1
N180137,LOPENO 3 3,,LOPENO 3,,1
N180138,BRUNI 3 1,,BRUNI 3,,1
N180139,BRUNI 3 2,,BRUNI 3,,1
N180140,BRUNI 3 3,,BRUNI 3,,1
N180141,RIO GRANDE CITY 6 1,,RIO GRANDE CITY 6,,1
N180142,RIO GRANDE CITY 6 2,,RIO GRANDE CITY 6,,1
N180143,RIO GRANDE CITY 6 3,,RIO GRANDE CITY 6,,1
N180144,BRUNI 4 1,,BRUNI 4,,1
N180145,BRUNI 4 2,,BRUNI 4,,1
N190001,AMARILLO 1 1,,AMARILLO 1,,1
N190002,CANYON 1 1,,CANYON 1,,1
N190003,HAPPY 1 1,,HAPPY 1,,1
N190004,AMARILLO 2 1,,AMARILLO 2,,1
N190005,UMBARGER 1 1,,UMBARGER 1,,1
N190006,AMARILLO 3 1,,AMARILLO 3,,1
N190007,WAYSIDE 1 1,,WAYSIDE 1,,1
N190008,UMBARGER 2 1,,UMBARGER 2,,1
N190009,HAPPY 2 1,,HAPPY 2,,1
N190010,BOYS RANCH 1 1,,BOYS RANCH 1,,1
N190011,MASTERSON 1 1,,MASTERSON 1,,1
N190012,FRITCH 1 1,,FRITCH 1,,1
N190013,AMARILLO 4 1,,AMARILLO 4,,1
N190014,CANYON 2 1,,CANYON 2,,1
N190015,CANYON 3 1,,CANYON 3,,1
N190016,HAPPY 3 1,,HAPPY 3,,1
N190017,AMARILLO 5 1,,AMARILLO 5,,1
N190018,PANHANDLE 1 1,,PANHANDLE 1,,1
N190019,BOYS RANCH 2 1,,BOYS RANCH 2,,1
N190020,BOYS RANCH 3 1,,BOYS RANCH 3,,1
N190021,PAMPA 1 1,,PAMPA 1,,1
N190022,PANHANDLE 2 1,,PANHANDLE 2,,1
N190023,PANHANDLE 3 1,,PANHANDLE 3,,1
N190024,ESTELLINE 1 1,,ESTELLINE 1,,1
N190025,MIAMI 1 1,,MIAMI 1,,1
N190026,WHEELER 1 1,,WHEELER 1,,1
N190027,BRISCOE 1 1,,BRISCOE 1,,1
N190028,GROOM 1 1,,GROOM 1,,1
N190029,SHAMROCK 1 1,,SHAMROCK 1,,1
N190030,LELIA LAKE 1 1,,LELIA LAKE 1,,1
N190031,CLAUDE 1 1,,CLAUDE 1,,1
N190032,SHAMROCK 2 1,,SHAMROCK 2,,1
N190033,WELLINGTON 1 1,,WELLINGTON 1,,1
N190034,LAKEVIEW 1 1,,LAKEVIEW 1,,1
N190035,MIAMI 2 1,,MIAMI 2,,1
N190036,WELLINGTON 2 1,,WELLINGTON 2,,1
N190037,RALLS 1 1,,RALLS 1,,1
N190038,LOCKNEY 1 1,,LOCKNEY 1,,1
N190039,CROSBYTON 1 1,,CROSBYTON 1,,1
N190040,POST 1 1,,POST 1,,1
N190041,QUITAQUE 1 1,,QUITAQUE 1,,1
N190042,MATADOR 1 1,,MATADOR 1,,1
N190043,SPUR 1 1,,SPUR 1,,1
N190044,JAYTON 1 1,,JAYTON 1,,1
N190045,DICKENS 1 1,,DICKENS 1,,1
N190046,SPUR 2 1,,SPUR 2,,1
N190047,GIRARD 1 1,,GIRARD 1,,1
N190048,ROTAN 1 1,,ROTAN 1,,1
N190049,SLATON 1 1,,SLATON 1,,1
N190050,LOCKNEY 2 1,,LOCKNEY 2,,1
N190051,CROWELL 1 1,,CROWELL 1,,1
N190052,CHILDRESS 1 1,,CHILDRESS 1,,1
N190053,CHILLICOTHE 1 1,,CHILLICOTHE 1,,1
N190054,BENJAMIN 1 1,,BENJAMIN 1,,1
N190055,PADUCAH 1 1,,PADUCAH 1,,1
N190056,O BRIEN 1 1,,O BRIEN 1,,1
N190057,ASPERMONT 1 1,,ASPERMONT 1,,1
N190058,CHILDRESS 2 1,,CHILDRESS 2,,1
N190059,CHILDRESS 2 2,,CHILDRESS 2,,1
N190060,SUMMERFIELD 1 1,,SUMMERFIELD 1,,1
N190061,TULIA 1 1,,TULIA 1,,1
N190062,TULIA 1 2,,TULIA 1,,1
N190063,WILDORADO 1 1,,WILDORADO 1,,1
N190064,HAPPY 4 1,,HAPPY 4,,1
N190065,HART 1 1,,HART 1,,1
N190066,KRESS 1 1,,KRESS 1,,1
N190067,DIMMITT 1 1,,DIMMITT 1,,1
N190068,VEGA 1 1,,VEGA 1,,1
N190069,HEREFORD 1 1,,HEREFORD 1,,1
N190070,SUMMERFIELD 2 1,,SUMMERFIELD 2,,1
N190071,WAYSIDE 2 1,,WAYSIDE 2,,1
N190072,BOYS RANCH 4 1,,BOYS RANCH 4,,1
N190073,SPRINGLAKE 1 1,,SPRINGLAKE 1,,1
N190074,IRA 1 1,,IRA 1,,1
N190075,GAIL 1 1,,GAIL 1,,1
N190076,IRA 2 1,,IRA 2,,1
N190077,AMARILLO 6 1,,AMARILLO 6,,1
N190078,AMARILLO 7 1,,AMARILLO 7,,1
N190079,AMARILLO 8 1,,AMARILLO 8,,1
N190080,AMARILLO 9 1,,AMARILLO 9,,1
N190081,AMARILLO 10 1,,AMARILLO 10,,1
N190082,BUSHLAND 1 1,,BUSHLAND 1,,1
N190083,AMARILLO 11 1,,AMARILLO 11,,1
N190084,AMARILLO 12 1,,AMARILLO 12,,1
N190085,AMARILLO 12 2,,AMARILLO 12,,1
N190086,AMARILLO 13 1,,AMARILLO 13,,1
N190087,AMARILLO 14 1,,AMARILLO 14,,1
N190088,CANYON 4 1,,CANYON 4,,1
N190089,AMARILLO 15 1,,AMARILLO 15,,1
N190090,CANYON 5 1,,CANYON 5,,1
N190091,CANYON 6 1,,CANYON 6,,1
N190092,AMARILLO 16 1,,AMARILLO 16,,1
N190093,CANYON 7 1,,CANYON 7,,1
N190094,AMARILLO 17 1,,AMARILLO 17,,1
N190095,AMARILLO 18 1,,AMARILLO 18,,1
N190096,AMARILLO 19 1,,AMARILLO 19,,1
N190097,AMARILLO 20 1,,AMARILLO 20,,1
N190098,AMARILLO 21 1,,AMARILLO 21,,1
N190099,AMARILLO 22 1,,AMARILLO 22,,1
N190100,AMARILLO 23 1,,AMARILLO 23,,1
N190101,AMARILLO 24 1,,AMARILLO 24,,1
N190102,AMARILLO 25 1,,AMARILLO 25,,1
N190103,AMARILLO 26 1,,AMARILLO 26,,1
N190104,FLUVANNA 1 1,,FLUVANNA 1,,1
N190105,FLUVANNA 1 2,,FLUVANNA 1,,1
N190106,FLUVANNA 1 3,,FLUVANNA 1,,1
N190107,SNYDER 1 1,,SNYDER 1,,1
N190108,SNYDER 1 2,,SNYDER 1,,1
N190109,SNYDER 1 3,,SNYDER 1,,1
N190110,FLUVANNA 2 1,,FLUVANNA 2,,1
N190111,FLUVANNA 2 2,,FLUVANNA 2,,1
N190112,IRA 3 1,,IRA 3,,1
N190113,IRA 3 2,,IRA 3,,1
N190114,IRA 3 3,,IRA 3,,1
N190115,DOUGHERTY 1 1,,DOUGHERTY 1,,1
N190116,DOUGHERTY 1 2,,DOUGHERTY 1,,1
N190117,MCADOO 1 1,,MCADOO 1,,1
N190118,MCADOO 1 2,,MCADOO 1,,1
N190119,ODONNELL 1 1,,ODONNELL 1,,1
N190120,ODONNELL 1 2,,ODONNELL 1,,1
N190121,ODONNELL 2 1,,ODONNELL 2,,1
N190122,ODONNELL 2 2,,ODONNELL 2,,1
N190123,ODONNELL 2 3,,ODONNELL 2,,1
N190124,ODONNELL 2 4,,ODONNELL 2,,1
N190125,ROTAN 2 1,,ROTAN 2,,1
N190126,ROTAN 2 2,,ROTAN 2,,1
N190127,WHITE DEER 1 1,,WHITE DEER 1,,1
N190128,WHITE DEER 1 2,,WHITE DEER 1,,1
N190129,WHITE DEER 1 3,,WHITE DEER 1,,1
N190131,PANHANDLE 4 1,,PANHANDLE 4,,1
N190132,PANHANDLE 4 2,,PANHANDLE 4,,1
N190133,PANHANDLE 5 1,,PANHANDLE 5,,1
N190134,PANHANDLE 5 2,,PANHANDLE 5,,1
N190135,PANHANDLE 6 1,,PANHANDLE 6,,1
N190136,PANHANDLE 6 2,,PANHANDLE 6,,1
N190138,MOBEETIE 1 1,,MOBEETIE 1,,1
N190139,MOBEETIE 1 2,,MOBEETIE 1,,1
N190141,DOUGHERTY 2 1,,DOUGHERTY 2,,1
N190142,DOUGHERTY 2 2,,DOUGHERTY 2,,1
N190143,SOUTH PLAINS 1 1,,SOUTH PLAINS 1,,1
N190144,SOUTH PLAINS 1 2,,SOUTH PLAINS 1,,1
N190145,SOUTH PLAINS 1 3,,SOUTH PLAINS 1,,1
N190146,UMBARGER 3 1,,UMBARGER 3,,1
N190147,UMBARGER 3 2,,UMBARGER 3,,1
N190148,ADRIAN 1 1,,ADRIAN 1,,1
N190149,ADRIAN 1 2,,ADRIAN 1,,1
N190151,ADRIAN 2 1,,ADRIAN 2,,1
N190152,ADRIAN 2 2,,ADRIAN 2,,1
N190154,SUMMERFIELD 3 1,,SUMMERFIELD 3,,1
N190155,SUMMERFIELD 3 2,,SUMMERFIELD 3,,1
N190156,GROOM 2 1,,GROOM 2,,1
N190157,GROOM 2 2,,GROOM 2,,1
N190158,FLUVANNA 3 1,,FLUVANNA 3,,1
N190159,FLUVANNA 3 2,,FLUVANNA 3,,1
N190160,LOCKNEY 3 1,,LOCKNEY 3,,1
N190161,LOCKNEY 3 2,,LOCKNEY 3,,1
N190162,LOCKNEY 3 3,,LOCKNEY 3,,1
N190163,UMBARGER 4 1,,UMBARGER 4,,1
N190164,UMBARGER 4 2,,UMBARGER 4,,1
N190165,UMBARGER 4 3,,UMBARGER 4,,1
N190166,GOREE 1 1,,GOREE 1,,1
N190167,GOREE 1 2,,GOREE 1,,1
N190168,SILVERTON 1 1,,SILVERTON 1,,1
N190169,SILVERTON 1 2,,SILVERTON 1,,1
N190170,LOCKNEY 4 1,,LOCKNEY 4,,1
N190171,LOCKNEY 4 2,,LOCKNEY 4,,1
N190172,LOCKNEY 4 3,,LOCKNEY 4,,1
N190173,FLOYDADA 1 1,,FLOYDADA 1,,1
N190174,FLOYDADA 1 2,,FLOYDADA 1,,1
N190176,ENOCHS 1 1,,ENOCHS 1,,1
N190177,ENOCHS 1 2,,ENOCHS 1,,1
N190178,FLOYDADA 2 1,,FLOYDADA 2,,1
N190179,FLOYDADA 2 2,,FLOYDADA 2,,1
N190180,FLOYDADA 2 3,,FLOYDADA 2,,1
N190181,FLOYDADA 2 4,,FLOYDADA 2,,1
N190182,FLOYDADA 2 5,,FLOYDADA 2,,1
N190183,GROOM 3 1,,GROOM 3,,1
N190184,GROOM 3 2,,GROOM 3,,1
N190185,GROOM 3 3,,GROOM 3,,1
N190186,ODELL 2 1,,ODELL 2,,1
N190187,ODELL 2 2,,ODELL 2,,1
N190188,UMBARGER 5 1,,UMBARGER 5,,1
N190189,UMBARGER 5 2,,UMBARGER 5,,1
N190190,UMBARGER 5 3,,UMBARGER 5,,1
N190191,SNYDER 2 1,,SNYDER 2,,1
N190192,SNYDER 2 2,,SNYDER 2,,1
N190193,SNYDER 2 3,,SNYDER 2,,1
N190194,CROWELL 2 1,,CROWELL 2,,1
N190195,CROWELL 2 2,,CROWELL 2,,1
N190196,CROWELL 2 3,,CROWELL 2,,1
N190197,FLUVANNA 4 1,,FLUVANNA 4,,1
N190198,FLUVANNA 4 2,,FLUVANNA 4,,1
N190200,TAHOKA 1 1,,TAHOKA 1,,1
N190201,TAHOKA 1 2,,TAHOKA 1,,1
N190202,CHILLICOTHE 2 1,,CHILLICOTHE 2,,1
N190203,CHILLICOTHE 2 2,,CHILLICOTHE 2,,1
N190204,CHILLICOTHE 3 1,,CHILLICOTHE 3,,1
N190205,CHILLICOTHE 3 2,,CHILLICOTHE 3,,1
N190206,CHILLICOTHE 3 3,,CHILLICOTHE 3,,1
N190207,WILDORADO 2 1,,WILDORADO 2,,1
N190208,WILDORADO 2 2,,WILDORADO 2,,1
N190209,WILDORADO 2 3,,WILDORADO 2,,1
N200001,WESLACO 1 1,,WESLACO 1,,1
N200002,WESLACO 2 1,,WESLACO 2,,1
N200003,WESLACO 3 1,,WESLACO 3,,1
N200004,WESLACO 3 2,,WESLACO 3,,1
N200005,DONNA 1 1,,DONNA 1,,1
N200006,ELSA 1 1,,ELSA 1,,1
N200007,WESLACO 4 1,,WESLACO 4,,1
N200008,DONNA 2 1,,DONNA 2,,1
N200009,MERCEDES 1 1,,MERCEDES 1,,1
N200010,WESLACO 5 1,,WESLACO 5,,1
N200011,ELSA 2 1,,ELSA 2,,1
N200012,PROGRESO 1 1,,PROGRESO 1,,1
N200013,SANTA MARIA 1 1,,SANTA MARIA 1,,1
N200014,LA FERIA 1 1,,LA FERIA 1,,1
N200015,DONNA 3 1,,DONNA 3,,1
N200016,WESLACO 6 1,,WESLACO 6,,1
N200017,SAN BENITO 1 1,,SAN BENITO 1,,1
N200018,SAN BENITO 2 1,,SAN BENITO 2,,1
N200019,LOS INDIOS 1 1,,LOS INDIOS 1,,1
N200020,OLMITO 1 1,,OLMITO 1,,1
N200021,SAN BENITO 3 1,,SAN BENITO 3,,1
N200022,SAN BENITO 4 1,,SAN BENITO 4,,1
N200023,HARLINGEN 1 1,,HARLINGEN 1,,1
N200024,OLMITO 2 1,,OLMITO 2,,1
N200025,LOS FRESNOS 1 1,,LOS FRESNOS 1,,1
N200026,OLMITO 3 1,,OLMITO 3,,1
N200027,RIO HONDO 1 1,,RIO HONDO 1,,1
N200028,SAN BENITO 5 1,,SAN BENITO 5,,1
N200029,MISSION 1 1,,MISSION 1,,1
N200030,MISSION 1 2,,MISSION 1,,1
N200031,MISSION 2 1,,MISSION 2,,1
N200032,MISSION 3 1,,MISSION 3,,1
N200033,MISSION 4 1,,MISSION 4,,1
N200034,MISSION 5 1,,MISSION 5,,1
N200035,MISSION 6 1,,MISSION 6,,1
N200036,MISSION 7 1,,MISSION 7,,1
N200037,MCALLEN 1 1,,MCALLEN 1,,1
N200038,MCALLEN 2 1,,MCALLEN 2,,1
N200039,MISSION 8 1,,MISSION 8,,1
N200040,MCALLEN 3 1,,MCALLEN 3,,1
N200041,MISSION 9 1,,MISSION 9,,1
N200042,MCALLEN 4 1,,MCALLEN 4,,1
N200043,HIDALGO 1 1,,HIDALGO 1,,1
N200044,PROGRESO 2 1,,PROGRESO 2,,1
N200045,HARLINGEN 2 1,,HARLINGEN 2,,1
N200046,LOS INDIOS 2 1,,LOS INDIOS 2,,1
N200047,RIO HONDO 2 1,,RIO HONDO 2,,1
N200048,LYFORD 1 1,,LYFORD 1,,1
N200049,EDINBURG 1 1,,EDINBURG 1,,1
N200050,RAYMONDVILLE 1 1,,RAYMONDVILLE 1,,1
N200051,SOUTH PADRE ISLAND 1 1,,SOUTH PADRE ISLAND 1,,1
N200052,SOUTH PADRE ISLAND 2 1,,SOUTH PADRE ISLAND 2,,1
N200053,OLMITO 4 1,,OLMITO 4,,1
N200054,PORT ISABEL 1 1,,PORT ISABEL 1,,1
N200055,DELMITA 1 1,,DELMITA 1,,1
N200056,LINN 1 1,,LINN 1,,1
N200057,HARGILL 1 1,,HARGILL 1,,1
N200058,HARGILL 2 1,,HARGILL 2,,1
N200059,HARGILL 3 1,,HARGILL 3,,1
N200060,EDCOUCH 1 1,,EDCOUCH 1,,1
N200061,SAN PERLITA 1 1,,SAN PERLITA 1,,1
N200062,EDINBURG 2 1,,EDINBURG 2,,1
N200063,HIDALGO 2 1,,HIDALGO 2,,1
N200064,LA VILLA 1 1,,LA VILLA 1,,1
N200065,COMBES 1 1,,COMBES 1,,1
N200066,RIO HONDO 3 1,,RIO HONDO 3,,1
N200067,SANTA ELENA 1 1,,SANTA ELENA 1,,1
N200068,SULLIVAN CITY 1 1,,SULLIVAN CITY 1,,1
N200069,ENCINO 2 1,,ENCINO 2,,1
N200070,SANTA MARIA 2 1,,SANTA MARIA 2,,1
N200071,PENITAS 1 1,,PENITAS 1,,1
N200072,RAYMONDVILLE 2 1,,RAYMONDVILLE 2,,1
N200073,LASARA 1 1,,LASARA 1,,1
N200074,LASARA 2 1,,LASARA 2,,1
N200075,LOS FRESNOS 2 1,,LOS FRESNOS 2,,1
N200076,ENCINO 3 1,,ENCINO 3,,1
N200077,SAN ISIDRO 3 1,,SAN ISIDRO 3,,1
N200078,GRULLA 3 1,,GRULLA 3,,1
N200079,PORT ISABEL 2 1,,PORT ISABEL 2,,1
N200080,PORT ISABEL 3 1,,PORT ISABEL 3,,1
N200081,EDINBURG 3 1,,EDINBURG 3,,1
N200082,LA BLANCA 1 1,,LA BLANCA 1,,1
N200083,EDINBURG 4 1,,EDINBURG 4,,1
N200084,EDINBURG 5 1,,EDINBURG 5,,1
N200085,EDINBURG 6 1,,EDINBURG 6,,1
N200086,LA BLANCA 2 1,,LA BLANCA 2,,1
N200087,EDINBURG 7 1,,EDINBURG 7,,1
N200088,EDINBURG 8 1,,EDINBURG 8,,1
N200089,EDCOUCH 2 1,,EDCOUCH 2,,1
N200090,EDINBURG 9 1,,EDINBURG 9,,1
N200091,EDINBURG 10 1,,EDINBURG 10,,1
N200092,HARGILL 4 1,,HARGILL 4,,1
N200093,LA BLANCA 3 1,,LA BLANCA 3,,1
N200094,EDINBURG 11 1,,EDINBURG 11,,1
N200095,LA BLANCA 4 1,,LA BLANCA 4,,1
N200096,EDINBURG 12 1,,EDINBURG 12,,1
N200097,EDINBURG 13 1,,EDINBURG 13,,1
N200098,BROWNSVILLE 1 1,,BROWNSVILLE 1,,1
N200099,BROWNSVILLE 2 1,,BROWNSVILLE 2,,1
N200100,BROWNSVILLE 3 1,,BROWNSVILLE 3,,1
N200101,BROWNSVILLE 4 1,,BROWNSVILLE 4,,1
N200102,BROWNSVILLE 5 1,,BROWNSVILLE 5,,1
N200103,BROWNSVILLE 6 1,,BROWNSVILLE 6,,1
N200104,BROWNSVILLE 7 1,,BROWNSVILLE 7,,1
N200105,BROWNSVILLE 8 1,,BROWNSVILLE 8,,1
N200106,OLMITO 5 1,,OLMITO 5,,1
N200107,OLMITO 6 1,,OLMITO 6,,1
N200108,OLMITO 7 1,,OLMITO 7,,1
N200109,OLMITO 8 1,,OLMITO 8,,1
N200110,BROWNSVILLE 9 1,,BROWNSVILLE 9,,1
N200111,PORT ISABEL 4 1,,PORT ISABEL 4,,1
N200112,BROWNSVILLE 10 1,,BROWNSVILLE 10,,1
N200113,BROWNSVILLE 11 1,,BROWNSVILLE 11,,1
N200114,OLMITO 9 1,,OLMITO 9,,1
N200115,BROWNSVILLE 12 1,,BROWNSVILLE 12,,1
N200116,BROWNSVILLE 13 1,,BROWNSVILLE 13,,1
N200117,BROWNSVILLE 14 1,,BROWNSVILLE 14,,1
N200118,BROWNSVILLE 14 2,,BROWNSVILLE 14,,1
N200119,OLMITO 10 1,,OLMITO 10,,1
N200120,MCALLEN 5 1,,MCALLEN 5,,1
N200121,HIDALGO 3 1,,HIDALGO 3,,1
N200122,MCALLEN 6 1,,MCALLEN 6,,1
N200123,MCALLEN 7 1,,MCALLEN 7,,1
N200124,MCALLEN 8 1,,MCALLEN 8,,1
N200125,SAN JUAN 1 1,,SAN JUAN 1,,1
N200126,PHARR 1 1,,PHARR 1,,1
N200127,MCALLEN 9 1,,MCALLEN 9,,1
N200128,MCALLEN 9 2,,MCALLEN 9,,1
N200129,SAN JUAN 2 1,,SAN JUAN 2,,1
N200130,SAN JUAN 3 1,,SAN JUAN 3,,1
N200131,SAN JUAN 4 1,,SAN JUAN 4,,1
N200132,SAN JUAN 5 1,,SAN JUAN 5,,1
N200133,HIDALGO 4 1,,HIDALGO 4,,1
N200134,MCALLEN 10 1,,MCALLEN 10,,1
N200135,MCALLEN 11 1,,MCALLEN 11,,1
N200136,EDINBURG 14 1,,EDINBURG 14,,1
N200137,SAN JUAN 6 1,,SAN JUAN 6,,1
N200138,LA JOYA 1 1,,LA JOYA 1,,1
N200139,GRULLA 4 1,,GRULLA 4,,1
N200140,SULLIVAN CITY 2 1,,SULLIVAN CITY 2,,1
N200141,COMBES 2 1,,COMBES 2,,1
N200142,COMBES 3 1,,COMBES 3,,1
N200143,HARLINGEN 3 1,,HARLINGEN 3,,1
N200144,HARLINGEN 3 2,,HARLINGEN 3,,1
N200145,COMBES 4 1,,COMBES 4,,1
N200146,RAYMONDVILLE 3 1,,RAYMONDVILLE 3,,1
N200147,LA FERIA 2 1,,LA FERIA 2,,1
N200148,PORT MANSFIELD 1 1,,PORT MANSFIELD 1,,1
N200149,SANTA ROSA 1 1,,SANTA ROSA 1,,1
N200150,LA FERIA 3 1,,LA FERIA 3,,1
N200151,SAN PERLITA 2 1,,SAN PERLITA 2,,1
N200152,LA FERIA 4 1,,LA FERIA 4,,1
N200153,HARLINGEN 4 1,,HARLINGEN 4,,1
N200154,HARLINGEN 5 1,,HARLINGEN 5,,1
N200155,BROWNSVILLE 15 1,,BROWNSVILLE 15,,1
N200156,BROWNSVILLE 15 2,,BROWNSVILLE 15,,1
N200157,BROWNSVILLE 15 3,,BROWNSVILLE 15,,1
N200158,BROWNSVILLE 15 4,,BROWNSVILLE 15,,1
N200159,BROWNSVILLE 15 5,,BROWNSVILLE 15,,1
N200160,BROWNSVILLE 15 6,,BROWNSVILLE 15,,1
N200161,SANTA ROSA 2 1,,SANTA ROSA 2,,1
N200162,SANTA ROSA 2 2,,SANTA ROSA 2,,1
N200163,SANTA ROSA 2 3,,SANTA ROSA 2,,1
N200164,SANTA ROSA 2 4,,SANTA ROSA 2,,1
N200165,SANTA ROSA 2 5,,SANTA ROSA 2,,1
N200166,SANTA ROSA 2 6,,SANTA ROSA 2,,1
N200167,EDINBURG 15 1,,EDINBURG 15,,1
N200168,EDINBURG 15 2,,EDINBURG 15,,1
N200169,EDINBURG 15 3,,EDINBURG 15,,1
N200170,EDINBURG 15 4,,EDINBURG 15,,1
N200171,EDINBURG 16 1,,EDINBURG 16,,1
N200172,EDINBURG 16 2,,EDINBURG 16,,1
N200173,EDINBURG 16 3,,EDINBURG 16,,1
N200174,EDINBURG 16 4,,EDINBURG 16,,1
N200175,PENITAS 2 1,,PENITAS 2,,1
N200176,PENITAS 2 2,,PENITAS 2,,1
N200177,PENITAS 2 3,,PENITAS 2,,1
N200178,PENITAS 2 4,,PENITAS 2,,1
N200179,PENITAS 2 5,,PENITAS 2,,1
N200180,HARLINGEN 6 1,,HARLINGEN 6,,1
N200181,HARLINGEN 6 2,,HARLINGEN 6,,1
N200182,LYFORD 2 1,,LYFORD 2,,1
N200183,LYFORD 2 2,,LYFORD 2,,1
N200184,LYFORD 2 3,,LYFORD 2,,1
N200185,RAYMONDVILLE 4 1,,RAYMONDVILLE 4,,1
N200186,RAYMONDVILLE 4 2,,RAYMONDVILLE 4,,1
N200187,SAN PERLITA 3 1,,SAN PERLITA 3,,1
N200188,SAN PERLITA 3 2,,SAN PERLITA 3,,1
N200189,SAN PERLITA 3 3,,SAN PERLITA 3,,1
N200190,RIO HONDO 4 1,,RIO HONDO 4,,1
N200191,RIO HONDO 4 2,,RIO HONDO 4,,1
N200192,RIO HONDO 4 3,,RIO HONDO 4,,1
N200193,HARGILL 5 1,,HARGILL 5,,1
N200194,HARGILL 5 2,,HARGILL 5,,1
N200195,HARGILL 5 3,,HARGILL 5,,1
N200196,HARGILL 5 4,,HARGILL 5,,1
N200197,HARGILL 5 5,,HARGILL 5,,1
N200198,HARGILL 5 6,,HARGILL 5,,1
N200199,HARGILL 5 7,,HARGILL 5,,1
N200200,HARGILL 5 8,,HARGILL 5,,1
N200201,HARGILL 5 9,,HARGILL 5,,1
N200202,HARGILL 5 10,,HARGILL 5,,1
N200203,LOS FRESNOS 3 1,,LOS FRESNOS 3,,1
N200204,LOS FRESNOS 3 2,,LOS FRESNOS 3,,1
N200205,SULLIVAN CITY 3 1,,SULLIVAN CITY 3,,1
N200206,SULLIVAN CITY 3 2,,SULLIVAN CITY 3,,1
N200207,SULLIVAN CITY 3 3,,SULLIVAN CITY 3,,1
N210001,GATESVILLE 1 1,,GATESVILLE 1,,1
N210002,IREDELL 2 1,,IREDELL 2,,1
N210003,CRANFILLS GAP 1 1,,CRANFILLS GAP 1,,1
N210004,IREDELL 3 1,,IREDELL 3,,1
N210005,JONESBORO 1 1,,JONESBORO 1,,1
N210006,JONESBORO 2 1,,JONESBORO 2,,1
N210007,CRANFILLS GAP 2 1,,CRANFILLS GAP 2,,1
N210008,MERIDIAN 2 1,,MERIDIAN 2,,1
N210009,CLIFTON 1 1,,CLIFTON 1,,1
N210010,CHINA SPRING 1 1,,CHINA SPRING 1,,1
N210011,VALLEY MILLS 1 1,,VALLEY MILLS 1,,1
N210012,CHINA SPRING 2 1,,CHINA SPRING 2,,1
N210013,AQUILLA 1 1,,AQUILLA 1,,1
N210014,OGLESBY 1 1,,OGLESBY 1,,1
N210015,VALLEY MILLS 2 1,,VALLEY MILLS 2,,1
N210016,CRAWFORD 1 1,,CRAWFORD 1,,1
N210017,OGLESBY 2 1,,OGLESBY 2,,1
N210018,CLIFTON 2 1,,CLIFTON 2,,1
N210019,GATESVILLE 2 1,,GATESVILLE 2,,1
N210020,CLIFTON 3 1,,CLIFTON 3,,1
N210021,CRANFILLS GAP 3 1,,CRANFILLS GAP 3,,1
N210022,GATESVILLE 3 1,,GATESVILLE 3,,1
N210023,GATESVILLE 4 1,,GATESVILLE 4,,1
N210024,BERTRAM 1 1,,BERTRAM 1,,1
N210025,LOMETA 1 1,,LOMETA 1,,1
N210026,LOMETA 2 1,,LOMETA 2,,1
N210027,LAMPASAS 1 1,,LAMPASAS 1,,1
N210028,BURNET 1 1,,BURNET 1,,1
N210029,BURNET 2 1,,BURNET 2,,1
N210030,BERTRAM 2 1,,BERTRAM 2,,1
N210031,LIBERTY HILL 3 1,,LIBERTY HILL 3,,1
N210032,BERTRAM 3 1,,BERTRAM 3,,1
N210033,EVANT 1 1,,EVANT 1,,1
N210034,LOMETA 3 1,,LOMETA 3,,1
N210035,PURMELA 1 1,,PURMELA 1,,1
N210036,EVANT 2 1,,EVANT 2,,1
N210037,COPPERAS COVE 1 1,,COPPERAS COVE 1,,1
N210038,GATESVILLE 5 1,,GATESVILLE 5,,1
N210039,GATESVILLE 6 1,,GATESVILLE 6,,1
N210040,OGLESBY 3 1,,OGLESBY 3,,1
N210041,LOMETA 4 1,,LOMETA 4,,1
N210042,LAMPASAS 2 1,,LAMPASAS 2,,1
N210043,EVANT 3 1,,EVANT 3,,1
N210044,LAMPASAS 3 1,,LAMPASAS 3,,1
N210045,LAMPASAS 4 1,,LAMPASAS 4,,1
N210046,KEMPNER 1 1,,KEMPNER 1,,1
N210047,KEMPNER 2 1,,KEMPNER 2,,1
N210048,KEMPNER 3 1,,KEMPNER 3,,1
N210049,FORT HOOD 1 1,,FORT HOOD 1,,1
N210050,BURNET 3 1,,BURNET 3,,1
N210051,BERTRAM 4 1,,BERTRAM 4,,1
N210052,BEND 1 1,,BEND 1,,1
N210053,BURNET 4 1,,BURNET 4,,1
N210054,BRIGGS 1 1,,BRIGGS 1,,1
N210055,BRIGGS 2 1,,BRIGGS 2,,1
N210056,OGLESBY 4 1,,OGLESBY 4,,1
N210057,BEND 2 1,,BEND 2,,1
N210058,BURNET 5 1,,BURNET 5,,1
N210059,MOODY 1 1,,MOODY 1,,1
N210060,EVANT 4 1,,EVANT 4,,1
N210061,BEND 3 1,,BEND 3,,1
N210062,DE LEON 1 1,,DE LEON 1,,1
N210063,5_1_2021 1,,5_1_2021,,1
N210064,5_2_2021 1,,5_2_2021,,1
N210065,BLANKET 1 1,,BLANKET 1,,1
N210066,BROOKESMITH 1 1,,BROOKESMITH 1,,1
N210067,ZEPHYR 1 1,,ZEPHYR 1,,1
N210068,EARLY 1 1,,EARLY 1,,1
N210069,SIDNEY 1 1,,SIDNEY 1,,1
N210070,COMANCHE 1 1,,COMANCHE 1,,1
N210071,GUSTINE 1 1,,GUSTINE 1,,1
N210072,ENERGY 1 1,,ENERGY 1,,1
N210073,PRIDDY 1 1,,PRIDDY 1,,1
N210074,MULLIN 1 1,,MULLIN 1,,1
N210075,MULLIN 2 1,,MULLIN 2,,1
N210076,PRIDDY 2 1,,PRIDDY 2,,1
N210077,PRIDDY 3 1,,PRIDDY 3,,1
N210078,MULLIN 3 1,,MULLIN 3,,1
N210079,GOLDTHWAITE 1 1,,GOLDTHWAITE 1,,1
N210080,GOLDTHWAITE 2 1,,GOLDTHWAITE 2,,1
N210081,GORMAN 2 1,,GORMAN 2,,1
N210082,DE LEON 2 1,,DE LEON 2,,1
N210083,CARLTON 1 1,,CARLTON 1,,1
N210084,CARLTON 2 1,,CARLTON 2,,1
N210085,POTTSVILLE 1 1,,POTTSVILLE 1,,1
N210086,HAMILTON 1 1,,HAMILTON 1,,1
N210087,HAMILTON 2 1,,HAMILTON 2,,1
N210088,HAMILTON 3 1,,HAMILTON 3,,1
N210089,PURMELA 2 1,,PURMELA 2,,1
N210090,HICO 1 1,,HICO 1,,1
N210091,HICO 1 2,,HICO 1,,1
N210092,HICO 1 3,,HICO 1,,1
N210093,HICO 1 4,,HICO 1,,1
N210094,GOLDTHWAITE 3 1,,GOLDTHWAITE 3,,1
N210095,EVANT 5 1,,EVANT 5,,1
N210096,DUBLIN 4 1,,DUBLIN 4,,1
N210097,COMANCHE 2 1,,COMANCHE 2,,1
N210098,GUSTINE 2 1,,GUSTINE 2,,1
N210099,ZEPHYR 2 1,,ZEPHYR 2,,1
N210100,GOLDTHWAITE 4 1,,GOLDTHWAITE 4,,1
N210101,HICO 2 1,,HICO 2,,1
N210102,MULLIN 4 1,,MULLIN 4,,1
N210103,EARLY 2 1,,EARLY 2,,1
N210104,DAVILLA 1 1,,DAVILLA 1,,1
N210105,LOTT 1 1,,LOTT 1,,1
N210106,LOTT 2 1,,LOTT 2,,1
N210107,ROSEBUD 1 1,,ROSEBUD 1,,1
N210108,BUCKHOLTS 1 1,,BUCKHOLTS 1,,1
N210109,BUCKHOLTS 2 1,,BUCKHOLTS 2,,1
N210110,EDDY 1 1,,EDDY 1,,1
N210111,BURLINGTON 1 1,,BURLINGTON 1,,1
N210112,ROGERS 1 1,,ROGERS 1,,1
N210113,LOTT 3 1,,LOTT 3,,1
N210114,SATIN 1 1,,SATIN 1,,1
N210115,MART 1 1,,MART 1,,1
N210116,MARLIN 1 1,,MARLIN 1,,1
N210117,RIESEL 1 1,,RIESEL 1,,1
N210118,RICHLAND SPRINGS 1 1,,RICHLAND SPRINGS 1,,1
N210119,SAN SABA 1 1,,SAN SABA 1,,1
N210120,BEND 4 1,,BEND 4,,1
N210121,VALLEY SPRING 1 1,,VALLEY SPRING 1,,1
N210122,BLUFFTON 1 1,,BLUFFTON 1,,1
N210123,SAN SABA 2 1,,SAN SABA 2,,1
N210124,WACO 1 1,,WACO 1,,1
N210125,WOODWAY 1 1,,WOODWAY 1,,1
N210126,HEWITT 1 1,,HEWITT 1,,1
N210127,RIESEL 2 1,,RIESEL 2,,1
N210128,WACO 2 1,,WACO 2,,1
N210129,WACO 2 2,,WACO 2,,1
N210130,WACO 3 1,,WACO 3,,1
N210131,WACO 3 2,,WACO 3,,1
N210132,WACO 4 1,,WACO 4,,1
N210133,WACO 5 1,,WACO 5,,1
N210134,WACO 5 2,,WACO 5,,1
N210135,WACO 6 1,,WACO 6,,1
N210136,WACO 7 1,,WACO 7,,1
N210137,WACO 8 1,,WACO 8,,1
N210138,LORENA 1 1,,LORENA 1,,1
N210139,AXTELL 1 1,,AXTELL 1,,1
N210140,RIESEL 3 1,,RIESEL 3,,1
N210141,MART 2 1,,MART 2,,1
N210142,RIESEL 4 1,,RIESEL 4,,1
N210143,HEWITT 2 1,,HEWITT 2,,1
N210144,HEWITT 3 1,,HEWITT 3,,1
N210145,HEWITT 3 2,,HEWITT 3,,1
N210146,HEWITT 3 3,,HEWITT 3,,1
N210147,WACO 9 1,,WACO 9,,1
N210148,WACO 9 2,,WACO 9,,1
N210149,WACO 9 3,,WACO 9,,1
N210150,WACO 9 4,,WACO 9,,1
N210151,WACO 10 1,,WACO 10,,1
N210152,WOODWAY 2 1,,WOODWAY 2,,1
N210153,ROGERS 2 1,,ROGERS 2,,1
N210154,BELTON 1 1,,BELTON 1,,1
N210155,SALADO 1 1,,SALADO 1,,1
N210156,SALADO 1 2,,SALADO 1,,1
N210157,SALADO 2 1,,SALADO 2,,1
N210158,LITTLE RIVER ACADEMY 1 1,,LITTLE RIVER ACADEMY 1,,1
N210159,SALADO 3 1,,SALADO 3,,1
N210160,HOLLAND 1 1,,HOLLAND 1,,1
N210161,BARTLETT 1 1,,BARTLETT 1,,1
N210162,BARTLETT 1 2,,BARTLETT 1,,1
N210163,HOLLAND 2 1,,HOLLAND 2,,1
N210164,BARTLETT 2 1,,BARTLETT 2,,1
N210165,JARRELL 1 1,,JARRELL 1,,1
N210166,KILLEEN 1 1,,KILLEEN 1,,1
N210167,KILLEEN 1 2,,KILLEEN 1,,1
N210168,KILLEEN 2 1,,KILLEEN 2,,1
N210169,KILLEEN 2 2,,KILLEEN 2,,1
N210170,FORT HOOD 2 1,,FORT HOOD 2,,1
N210171,KILLEEN 3 1,,KILLEEN 3,,1
N210172,KILLEEN 3 2,,KILLEEN 3,,1
N210173,KILLEEN 3 3,,KILLEEN 3,,1
N210174,FORT HOOD 3 1,,FORT HOOD 3,,1
N210175,KILLEEN 4 1,,KILLEEN 4,,1
N210176,KILLEEN 4 2,,KILLEEN 4,,1
N210177,KILLEEN 5 1,,KILLEEN 5,,1
N210178,FLORENCE 1 1,,FLORENCE 1,,1
N210179,HARKER HEIGHTS 1 1,,HARKER HEIGHTS 1,,1
N210180,HARKER HEIGHTS 2 1,,HARKER HEIGHTS 2,,1
N210181,KILLEEN 6 1,,KILLEEN 6,,1
N210182,NOLANVILLE 1 1,,NOLANVILLE 1,,1
N210183,HARKER HEIGHTS 3 1,,HARKER HEIGHTS 3,,1
N210184,FORT HOOD 4 1,,FORT HOOD 4,,1
N210185,FORT HOOD 4 2,,FORT HOOD 4,,1
N210186,HARKER HEIGHTS 4 1,,HARKER HEIGHTS 4,,1
N210187,HARKER HEIGHTS 4 2,,HARKER HEIGHTS 4,,1
N210188,HARKER HEIGHTS 4 3,,HARKER HEIGHTS 4,,1
N210189,HARKER HEIGHTS 4 4,,HARKER HEIGHTS 4,,1
N210190,HARKER HEIGHTS 5 1,,HARKER HEIGHTS 5,,1
N210191,KILLEEN 7 1,,KILLEEN 7,,1
N210192,ELM MOTT 1 1,,ELM MOTT 1,,1
N210193,ELM MOTT 1 2,,ELM MOTT 1,,1
N210194,CHINA SPRING 3 1,,CHINA SPRING 3,,1
N210195,AXTELL 2 1,,AXTELL 2,,1
N210196,AXTELL 2 2,,AXTELL 2,,1
N210197,WEST 1 1,,WEST 1,,1
N210198,WEST 1 2,,WEST 1,,1
N210199,WEST 1 3,,WEST 1,,1
N210200,WEST 1 4,,WEST 1,,1
N210201,CHINA SPRING 4 1,,CHINA SPRING 4,,1
N210202,WEST 2 1,,WEST 2,,1
N210203,AQUILLA 2 1,,AQUILLA 2,,1
N210204,CHINA SPRING 5 1,,CHINA SPRING 5,,1
N210205,CHINA SPRING 5 2,,CHINA SPRING 5,,1
N210206,ELM MOTT 2 1,,ELM MOTT 2,,1
N210207,ELM MOTT 3 1,,ELM MOTT 3,,1
N210208,CHINA SPRING 6 1,,CHINA SPRING 6,,1
N210209,WEST 3 1,,WEST 3,,1
N210210,GRANGER 2 1,,GRANGER 2,,1
N210211,GRANGER 3 1,,GRANGER 3,,1
N210212,MC GREGOR 1 1,,MC GREGOR 1,,1
N210213,HEWITT 4 1,,HEWITT 4,,1
N210214,HEWITT 5 1,,HEWITT 5,,1
N210215,HEWITT 5 2,,HEWITT 5,,1
N210216,BRUCEVILLE 1 1,,BRUCEVILLE 1,,1
N210217,MC GREGOR 2 1,,MC GREGOR 2,,1
N210218,MC GREGOR 2 2,,MC GREGOR 2,,1
N210219,CRAWFORD 2 1,,CRAWFORD 2,,1
N210220,CRAWFORD 3 1,,CRAWFORD 3,,1
N210221,VALLEY MILLS 3 1,,VALLEY MILLS 3,,1
N210222,CRAWFORD 4 1,,CRAWFORD 4,,1
N210223,WOODWAY 3 1,,WOODWAY 3,,1
N210224,WOODWAY 4 1,,WOODWAY 4,,1
N210225,HEWITT 6 1,,HEWITT 6,,1
N210226,BRUCEVILLE 2 1,,BRUCEVILLE 2,,1
N210227,LORENA 2 1,,LORENA 2,,1
N210228,MOODY 2 1,,MOODY 2,,1
N210229,BRUCEVILLE 3 1,,BRUCEVILLE 3,,1
N210230,WOODWAY 5 1,,WOODWAY 5,,1
N210231,MC GREGOR 3 1,,MC GREGOR 3,,1
N210232,HEWITT 7 1,,HEWITT 7,,1
N210233,MC GREGOR 4 1,,MC GREGOR 4,,1
N210234,LIBERTY HILL 4 1,,LIBERTY HILL 4,,1
N210235,FLORENCE 2 1,,FLORENCE 2,,1
N210236,GEORGETOWN 6 1,,GEORGETOWN 6,,1
N210237,JARRELL 2 1,,JARRELL 2,,1
N210238,LIBERTY HILL 5 1,,LIBERTY HILL 5,,1
N210239,FLORENCE 3 1,,FLORENCE 3,,1
N210240,FLORENCE 4 1,,FLORENCE 4,,1
N210241,GEORGETOWN 7 1,,GEORGETOWN 7,,1
N210242,GEORGETOWN 8 1,,GEORGETOWN 8,,1
N210243,GEORGETOWN 8 2,,GEORGETOWN 8,,1
N210244,GEORGETOWN 9 1,,GEORGETOWN 9,,1
N210245,GEORGETOWN 10 1,,GEORGETOWN 10,,1
N210246,FLORENCE 5 1,,FLORENCE 5,,1
N210247,JARRELL 3 1,,JARRELL 3,,1
N210248,JARRELL 3 2,,JARRELL 3,,1
N210249,LIBERTY HILL 6 1,,LIBERTY HILL 6,,1
N210250,LIBERTY HILL 7 1,,LIBERTY HILL 7,,1
N210251,LIBERTY HILL 7 2,,LIBERTY HILL 7,,1
N210252,LITTLE RIVER ACADEMY 2 1,,LITTLE RIVER ACADEMY 2,,1
N210253,LITTLE RIVER ACADEMY 2 2,,LITTLE RIVER ACADEMY 2,,1
N210254,TROY 1 1,,TROY 1,,1
N210255,TROY 1 2,,TROY 1,,1
N210256,TEMPLE 1 1,,TEMPLE 1,,1
N210257,BELTON 2 1,,BELTON 2,,1
N210258,BELTON 2 2,,BELTON 2,,1
N210259,TROY 2 1,,TROY 2,,1
N210260,BELTON 3 1,,BELTON 3,,1
N210261,BELTON 4 1,,BELTON 4,,1
N210262,LITTLE RIVER ACADEMY 3 1,,LITTLE RIVER ACADEMY 3,,1
N210263,MOODY 3 1,,MOODY 3,,1
N210264,MOODY 3 2,,MOODY 3,,1
N210265,MOODY 4 1,,MOODY 4,,1
N210266,MOODY 5 1,,MOODY 5,,1
N210267,BELTON 5 1,,BELTON 5,,1
N210268,BELTON 5 2,,BELTON 5,,1
N210269,TEMPLE 2 1,,TEMPLE 2,,1
N210270,TEMPLE 3 1,,TEMPLE 3,,1
N210271,TEMPLE 4 1,,TEMPLE 4,,1
N210272,LITTLE RIVER ACADEMY 4 1,,LITTLE RIVER ACADEMY 4,,1
N210273,BURLINGTON 2 1,,BURLINGTON 2,,1
N210274,TROY 3 1,,TROY 3,,1
N210275,TEMPLE 5 1,,TEMPLE 5,,1
N210276,TEMPLE 5 2,,TEMPLE 5,,1
N210277,TEMPLE 5 3,,TEMPLE 5,,1
N210278,TEMPLE 6 1,,TEMPLE 6,,1
N210279,TEMPLE 6 2,,TEMPLE 6,,1
N210280,BELTON 6 1,,BELTON 6,,1
N210281,MOODY 6 1,,MOODY 6,,1
N210282,COPPERAS COVE 2 1,,COPPERAS COVE 2,,1
N210283,BURNET 6 1,,BURNET 6,,1
N210284,LAMPASAS 5 1,,LAMPASAS 5,,1
N210285,KEMPNER 4 1,,KEMPNER 4,,1
N210286,BERTRAM 5 1,,BERTRAM 5,,1
N210287,LOMETA 5 1,,LOMETA 5,,1
N210288,KEMPNER 5 1,,KEMPNER 5,,1
N210289,FORT HOOD 5 1,,FORT HOOD 5,,1
N210290,KEMPNER 6 1,,KEMPNER 6,,1
N210291,BUCHANAN DAM 1 1,,BUCHANAN DAM 1,,1
N210292,KEMPNER 7 1,,KEMPNER 7,,1
N210293,BURNET 7 1,,BURNET 7,,1
N210294,COPPERAS COVE 3 1,,COPPERAS COVE 3,,1
N210295,EARLY 3 1,,EARLY 3,,1
N210296,GOLDTHWAITE 5 1,,GOLDTHWAITE 5,,1
N210297,DE LEON 3 1,,DE LEON 3,,1
N210298,COMANCHE 3 1,,COMANCHE 3,,1
N210299,BLANKET 2 1,,BLANKET 2,,1
N210301,BROWNWOOD 1 1,,BROWNWOOD 1,,1
N210302,DUBLIN 5 1,,DUBLIN 5,,1
N210303,CLIFTON 4 1,,CLIFTON 4,,1
N210304,MERIDIAN 3 1,,MERIDIAN 3,,1
N210305,HAMILTON 4 1,,HAMILTON 4,,1
N210306,GATESVILLE 7 1,,GATESVILLE 7,,1
N210307,GATESVILLE 7 2,,GATESVILLE 7,,1
N210308,GATESVILLE 7 3,,GATESVILLE 7,,1
N210309,GATESVILLE 7 4,,GATESVILLE 7,,1
N210310,GATESVILLE 8 1,,GATESVILLE 8,,1
N210311,VALLEY MILLS 4 1,,VALLEY MILLS 4,,1
N210312,OGLESBY 5 1,,OGLESBY 5,,1
N210313,HICO 3 1,,HICO 3,,1
N210314,MARLIN 2 1,,MARLIN 2,,1
N210315,CHILTON 1 1,,CHILTON 1,,1
N210316,ROSEBUD 2 1,,ROSEBUD 2,,1
N210317,BUCHANAN DAM 2 1,,BUCHANAN DAM 2,,1
N210318,BUCHANAN DAM 2 2,,BUCHANAN DAM 2,,1
N210319,BUCHANAN DAM 2 3,,BUCHANAN DAM 2,,1
N210320,BUCHANAN DAM 2 4,,BUCHANAN DAM 2,,1
N210321,BUCHANAN DAM 3 1,,BUCHANAN DAM 3,,1
N210322,BUCHANAN DAM 3 2,,BUCHANAN DAM 3,,1
N210323,WHITNEY 4 1,,WHITNEY 4,,1
N210324,WHITNEY 4 2,,WHITNEY 4,,1
N210325,WHITNEY 4 3,,WHITNEY 4,,1
N210326,WHITNEY 5 1,,WHITNEY 5,,1
N210327,WHITNEY 5 2,,WHITNEY 5,,1
N210328,WHITNEY 5 3,,WHITNEY 5,,1
N210329,WHITNEY 5 4,,WHITNEY 5,,1
N210330,WHITNEY 5 5,,WHITNEY 5,,1
N210331,WHITNEY 5 6,,WHITNEY 5,,1
N210332,RIESEL 5 1,,RIESEL 5,,1
N210333,RIESEL 5 2,,RIESEL 5,,1
N210334,RIESEL 5 3,,RIESEL 5,,1
N210335,TEMPLE 7 1,,TEMPLE 7,,1
N210336,TEMPLE 7 2,,TEMPLE 7,,1
N210337,TEMPLE 7 3,,TEMPLE 7,,1
N210338,TEMPLE 7 4,,TEMPLE 7,,1
N210339,TEMPLE 7 5,,TEMPLE 7,,1
N210340,TEMPLE 7 6,,TEMPLE 7,,1
N210341,TEMPLE 7 7,,TEMPLE 7,,1
N210342,GOLDTHWAITE 6 1,,GOLDTHWAITE 6,,1
N210343,GOLDTHWAITE 6 2,,GOLDTHWAITE 6,,1
N210344,GOLDTHWAITE 6 3,,GOLDTHWAITE 6,,1
N210345,GOLDTHWAITE 6 4,,GOLDTHWAITE 6,,1
N210346,GOLDTHWAITE 6 5,,GOLDTHWAITE 6,,1
N210347,COMANCHE 4 1,,COMANCHE 4,,1
N210348,COMANCHE 4 2,,COMANCHE 4,,1
N210349,COMANCHE 4 3,,COMANCHE 4,,1
N210350,FORT HOOD 6 1,,FORT HOOD 6,,1
N210351,FORT HOOD 6 2,,FORT HOOD 6,,1
N210352,PRIDDY 4 1,,PRIDDY 4,,1
N210353,PRIDDY 4 2,,PRIDDY 4,,1
N210354,PRIDDY 4 3,,PRIDDY 4,,1
N210355,MERIDIAN 4 1,,MERIDIAN 4,,1
N210356,MERIDIAN 4 2,,MERIDIAN 4,,1
N210357,EDDY 2 1,,EDDY 2,,1
N210358,EDDY 2 2,,EDDY 2,,1
N210359,HEWITT 8 1,,HEWITT 8,,1
N210360,HEWITT 8 2,,HEWITT 8,,1
N220001,PECOS 1 1,,PECOS 1,,1
N220003,MARFA 1 1,,MARFA 1,,1
N220004,SALT FLAT 1 1,,SALT FLAT 1,,1
N220005,VAN HORN 1 1,,VAN HORN 1,,1
N220006,TERLINGUA 1 1,,TERLINGUA 1,,1
N220007,TERLINGUA 2 1,,TERLINGUA 2,,1
N220008,IRAAN 1 1,,IRAAN 1,,1
N220009,SANDERSON 1 1,,SANDERSON 1,,1
N220010,FORT DAVIS 1 1,,FORT DAVIS 1,,1
N220011,PRESIDIO 1 1,,PRESIDIO 1,,1
N220013,PRESIDIO 2 1,,PRESIDIO 2,,1
N220014,PECOS 2 1,,PECOS 2,,1
N220015,BALMORHEA 1 1,,BALMORHEA 1,,1
N220016,COYANOSA 1 1,,COYANOSA 1,,1
N220017,FORT STOCKTON 1 1,,FORT STOCKTON 1,,1
N220018,FORT STOCKTON 2 1,,FORT STOCKTON 2,,1
N220019,MARFA 2 1,,MARFA 2,,1
N220020,MARATHON 1 1,,MARATHON 1,,1
N220021,MC CAMEY 1 1,,MC CAMEY 1,,1
N220022,MARFA 3 1,,MARFA 3,,1
N220023,SANDERSON 2 1,,SANDERSON 2,,1
N220024,VALENTINE 1 1,,VALENTINE 1,,1
N220025,PRESIDIO 3 1,,PRESIDIO 3,,1
N220026,SHEFFIELD 1 1,,SHEFFIELD 1,,1
N220027,SHEFFIELD 2 1,,SHEFFIELD 2,,1
N220028,DRYDEN 1 1,,DRYDEN 1,,1
N220029,LANGTRY 1 1,,LANGTRY 1,,1
N220030,NOTREES 1 1,,NOTREES 1,,1
N220031,BIG SPRING 1 1,,BIG SPRING 1,,1
N220032,KNOTT 1 1,,KNOTT 1,,1
N220033,ODESSA 1 1,,ODESSA 1,,1
N220034,GARDENDALE 1 1,,GARDENDALE 1,,1
N220035,MIDLAND 1 1,,MIDLAND 1,,1
N220036,MIDLAND 2 1,,MIDLAND 2,,1
N220037,COAHOMA 1 1,,COAHOMA 1,,1
N220038,STANTON 1 1,,STANTON 1,,1
N220039,BIG SPRING 2 1,,BIG SPRING 2,,1
N220040,NOTREES 2 1,,NOTREES 2,,1
N220041,GARDENDALE 2 1,,GARDENDALE 2,,1
N220042,MIDLAND 3 1,,MIDLAND 3,,1
N220043,MIDKIFF 1 1,,MIDKIFF 1,,1
N220044,GOLDSMITH 1 1,,GOLDSMITH 1,,1
N220045,KNOTT 2 1,,KNOTT 2,,1
N220046,BIG SPRING 3 1,,BIG SPRING 3,,1
N220047,COAHOMA 2 1,,COAHOMA 2,,1
N220048,KNOTT 3 1,,KNOTT 3,,1
N220049,MIDLAND 4 1,,MIDLAND 4,,1
N220050,ODESSA 2 1,,ODESSA 2,,1
N220051,MIDKIFF 2 1,,MIDKIFF 2,,1
N220052,NOTREES 3 1,,NOTREES 3,,1
N220053,ODESSA 3 1,,ODESSA 3,,1
N220054,NOTREES 4 1,,NOTREES 4,,1
N220055,GOLDSMITH 2 1,,GOLDSMITH 2,,1
N220056,MIDLAND 5 1,,MIDLAND 5,,1
N220057,FORSAN 1 1,,FORSAN 1,,1
N220058,COAHOMA 3 1,,COAHOMA 3,,1
N220059,COAHOMA 4 1,,COAHOMA 4,,1
N220060,TARZAN 1 1,,TARZAN 1,,1
N220061,LAMESA 1 1,,LAMESA 1,,1
N220062,STANTON 2 1,,STANTON 2,,1
N220063,ACKERLY 1 1,,ACKERLY 1,,1
N220064,FORSAN 2 1,,FORSAN 2,,1
N220065,IRA 4 1,,IRA 4,,1
N220066,GARDEN CITY 1 1,,GARDEN CITY 1,,1
N220067,ANDREWS 1 1,,ANDREWS 1,,1
N220068,MONAHANS 1 1,,MONAHANS 1,,1
N220069,TARZAN 2 1,,TARZAN 2,,1
N220070,KERMIT 1 1,,KERMIT 1,,1
N220071,BARSTOW 1 1,,BARSTOW 1,,1
N220072,CRANE 1 1,,CRANE 1,,1
N220073,GARDEN CITY 2 1,,GARDEN CITY 2,,1
N220074,MIDKIFF 3 1,,MIDKIFF 3,,1
N220075,RANKIN 1 1,,RANKIN 1,,1
N220076,ANDREWS 2 1,,ANDREWS 2,,1
N220077,MENTONE 1 1,,MENTONE 1,,1
N220078,GRANDFALLS 1 1,,GRANDFALLS 1,,1
N220079,ODESSA 4 1,,ODESSA 4,,1
N220080,ODESSA 5 1,,ODESSA 5,,1
N220081,ODESSA 6 1,,ODESSA 6,,1
N220082,ODESSA 7 1,,ODESSA 7,,1
N220083,ODESSA 8 1,,ODESSA 8,,1
N220084,GARDENDALE 3 1,,GARDENDALE 3,,1
N220085,ODESSA 9 1,,ODESSA 9,,1
N220086,ODESSA 10 1,,ODESSA 10,,1
N220087,ODESSA 11 1,,ODESSA 11,,1
N220088,ODESSA 12 1,,ODESSA 12,,1
N220089,ODESSA 13 1,,ODESSA 13,,1
N220090,ODESSA 14 1,,ODESSA 14,,1
N220091,MIDLAND 6 1,,MIDLAND 6,,1
N220092,MIDLAND 7 1,,MIDLAND 7,,1
N220093,MIDLAND 8 1,,MIDLAND 8,,1
N220094,GARDENDALE 4 1,,GARDENDALE 4,,1
N220095,MIDLAND 9 1,,MIDLAND 9,,1
N220096,MIDLAND 10 1,,MIDLAND 10,,1
N220097,MIDLAND 11 1,,MIDLAND 11,,1
N220098,MIDLAND 12 1,,MIDLAND 12,,1
N220099,MIDLAND 13 1,,MIDLAND 13,,1
N220100,MIDLAND 13 2,,MIDLAND 13,,1
N220101,MIDLAND 14 1,,MIDLAND 14,,1
N220102,MIDLAND 15 1,,MIDLAND 15,,1
N220103,MIDLAND 16 1,,MIDLAND 16,,1
N220104,MIDLAND 17 1,,MIDLAND 17,,1
N220105,MIDLAND 18 1,,MIDLAND 18,,1
N220106,MIDLAND 19 1,,MIDLAND 19,,1
N220107,MIDLAND 20 1,,MIDLAND 20,,1
N220108,MIDLAND 21 1,,MIDLAND 21,,1
N220109,MIDLAND 22 1,,MIDLAND 22,,1
N220110,MIDLAND 23 1,,MIDLAND 23,,1
N220111,BIG SPRING 4 1,,BIG SPRING 4,,1
N220112,BIG SPRING 5 1,,BIG SPRING 5,,1
N220113,BIG SPRING 6 1,,BIG SPRING 6,,1
N220114,BIG SPRING 7 1,,BIG SPRING 7,,1
N220115,ODESSA 15 1,,ODESSA 15,,1
N220116,ODESSA 16 1,,ODESSA 16,,1
N220117,ODESSA 17 1,,ODESSA 17,,1
N220118,GOLDSMITH 3 1,,GOLDSMITH 3,,1
N220119,WICKETT 1 1,,WICKETT 1,,1
N220120,WICKETT 1 2,,WICKETT 1,,1
N220121,WICKETT 1 3,,WICKETT 1,,1
N220122,WICKETT 1 4,,WICKETT 1,,1
N220123,WICKETT 1 5,,WICKETT 1,,1
N220124,WICKETT 1 6,,WICKETT 1,,1
N220125,WICKETT 1 7,,WICKETT 1,,1
N220126,WICKETT 1 8,,WICKETT 1,,1
N220127,WICKETT 1 9,,WICKETT 1,,1
N220128,BIG SPRING 8 1,,BIG SPRING 8,,1
N220129,BIG SPRING 8 2,,BIG SPRING 8,,1
N220130,BIG SPRING 8 3,,BIG SPRING 8,,1
N220131,BIG SPRING 8 4,,BIG SPRING 8,,1
N220132,BIG SPRING 8 5,,BIG SPRING 8,,1
N220133,BIG SPRING 8 6,,BIG SPRING 8,,1
N220134,BIG SPRING 8 7,,BIG SPRING 8,,1
N220135,BIG SPRING 9 1,,BIG SPRING 9,,1
N220136,BIG SPRING 9 2,,BIG SPRING 9,,1
N220137,IRAAN 2 1,,IRAAN 2,,1
N220138,IRAAN 2 2,,IRAAN 2,,1
N220139,IRAAN 2 3,,IRAAN 2,,1
N220140,IRAAN 2 4,,IRAAN 2,,1
N220141,ODESSA 18 1,,ODESSA 18,,1
N220142,ODESSA 18 2,,ODESSA 18,,1
N220143,ODESSA 18 3,,ODESSA 18,,1
N220144,ODESSA 18 4,,ODESSA 18,,1
N220145,ODESSA 18 5,,ODESSA 18,,1
N220146,ODESSA 18 6,,ODESSA 18,,1
N220147,ODESSA 18 7,,ODESSA 18,,1
N220148,MC CAMEY 2 1,,MC CAMEY 2,,1
N220149,MC CAMEY 2 2,,MC CAMEY 2,,1
N220150,IRAAN 3 1,,IRAAN 3,,1
N220151,IRAAN 3 2,,IRAAN 3,,1
N220152,IMPERIAL 1 1,,IMPERIAL 1,,1
N220153,IMPERIAL 1 2,,IMPERIAL 1,,1
N220154,IMPERIAL 2 1,,IMPERIAL 2,,1
N220155,IMPERIAL 2 2,,IMPERIAL 2,,1
N220156,IMPERIAL 2 3,,IMPERIAL 2,,1
N220157,IRAAN 4 1,,IRAAN 4,,1
N220158,IRAAN 4 2,,IRAAN 4,,1
N220159,IRAAN 4 3,,IRAAN 4,,1
N220160,ODESSA 19 1,,ODESSA 19,,1
N220161,ODESSA 19 2,,ODESSA 19,,1
N220162,ODESSA 19 3,,ODESSA 19,,1
N220163,ODESSA 19 4,,ODESSA 19,,1
N220164,ODESSA 19 5,,ODESSA 19,,1
N220165,ODESSA 19 6,,ODESSA 19,,1
N220166,ODESSA 19 7,,ODESSA 19,,1
N220167,ODESSA 19 8,,ODESSA 19,,1
N220168,FORSAN 3 1,,FORSAN 3,,1
N220169,FORSAN 3 2,,FORSAN 3,,1
N220170,FORSAN 4 1,,FORSAN 4,,1
N220171,FORSAN 4 2,,FORSAN 4,,1
N220172,LENORAH 1 1,,LENORAH 1,,1
N220173,LENORAH 1 2,,LENORAH 1,,1
N220174,LENORAH 1 3,,LENORAH 1,,1
N220175,BIG SPRING 10 1,,BIG SPRING 10,,1
N220176,BIG SPRING 10 2,,BIG SPRING 10,,1
N220177,IRAAN 5 1,,IRAAN 5,,1
N220178,IRAAN 5 2,,IRAAN 5,,1
N220179,FORSAN 5 1,,FORSAN 5,,1
N220180,FORSAN 5 2,,FORSAN 5,,1
N220181,FORSAN 5 3,,FORSAN 5,,1
N220182,FORSAN 6 1,,FORSAN 6,,1
N220183,FORSAN 6 2,,FORSAN 6,,1
N220184,FORSAN 7 1,,FORSAN 7,,1
N220185,FORSAN 7 2,,FORSAN 7,,1
N220186,FORSAN 7 3,,FORSAN 7,,1
N220187,FORSAN 8 1,,FORSAN 8,,1
N220188,FORSAN 8 2,,FORSAN 8,,1
N220189,GOLDSMITH 4 1,,GOLDSMITH 4,,1
N220190,GOLDSMITH 4 2,,GOLDSMITH 4,,1
N220191,GOLDSMITH 4 3,,GOLDSMITH 4,,1
N220192,GOLDSMITH 4 4,,GOLDSMITH 4,,1
N220194,FORT STOCKTON 3 1,,FORT STOCKTON 3,,1
N220195,FORT STOCKTON 3 2,,FORT STOCKTON 3,,1
N220197,GOLDSMITH 5 1,,GOLDSMITH 5,,1
N220198,GOLDSMITH 5 2,,GOLDSMITH 5,,1
N220199,GOLDSMITH 5 3,,GOLDSMITH 5,,1
N220200,PRESIDIO 4 1,,PRESIDIO 4,,1
N220201,PRESIDIO 4 2,,PRESIDIO 4,,1
N220202,SARAGOSA 1 1,,SARAGOSA 1,,1
N220203,SARAGOSA 1 2,,SARAGOSA 1,,1
N220204,MC CAMEY 3 1,,MC CAMEY 3,,1
N220205,MC CAMEY 3 2,,MC CAMEY 3,,1
N220206,MC CAMEY 3 3,,MC CAMEY 3,,1
N220208,ACKERLY 2 1,,ACKERLY 2,,1
N220209,ACKERLY 2 2,,ACKERLY 2,,1
N220210,GARDEN CITY 3 1,,GARDEN CITY 3,,1
N220211,GARDEN CITY 3 2,,GARDEN CITY 3,,1
N220212,GARDEN CITY 3 3,,GARDEN CITY 3,,1
N220213,GARDEN CITY 3 4,,GARDEN CITY 3,,1
N220214,GARDEN CITY 3 5,,GARDEN CITY 3,,1
N220215,GARDEN CITY 4 1,,GARDEN CITY 4,,1
N220216,GARDEN CITY 4 2,,GARDEN CITY 4,,1
N220218,SARAGOSA 2 1,,SARAGOSA 2,,1
N220219,SARAGOSA 2 2,,SARAGOSA 2,,1
N220221,FORT STOCKTON 4 1,,FORT STOCKTON 4,,1
N220222,FORT STOCKTON 4 2,,FORT STOCKTON 4,,1
N220223,MC CAMEY 4 1,,MC CAMEY 4,,1
N220224,MC CAMEY 4 2,,MC CAMEY 4,,1
N220225,MC CAMEY 4 3,,MC CAMEY 4,,1
N220227,LAMESA 2 1,,LAMESA 2,,1
N220228,LAMESA 2 2,,LAMESA 2,,1
N220229,MC CAMEY 5 1,,MC CAMEY 5,,1
N220230,MC CAMEY 5 2,,MC CAMEY 5,,1
N220231,PRESIDIO 5 1,,PRESIDIO 5,,1
N220232,PRESIDIO 5 2,,PRESIDIO 5,,1
N220233,MC CAMEY 6 1,,MC CAMEY 6,,1
N220234,MC CAMEY 6 2,,MC CAMEY 6,,1
N220235,MC CAMEY 7 1,,MC CAMEY 7,,1
N220236,MC CAMEY 7 2,,MC CAMEY 7,,1
N220238,MARATHON 2 1,,MARATHON 2,,1
N220239,MARATHON 2 2,,MARATHON 2,,1
N220240,MARATHON 2 3,,MARATHON 2,,1
N220241,MARATHON 2 4,,MARATHON 2,,1
N220242,BIG SPRING 11 1,,BIG SPRING 11,,1
N220243,BIG SPRING 11 2,,BIG SPRING 11,,1
N220244,MC CAMEY 8 1,,MC CAMEY 8,,1
N220245,MC CAMEY 8 2,,MC CAMEY 8,,1
N220246,LAMESA 3 1,,LAMESA 3,,1
N220247,LAMESA 3 2,,LAMESA 3,,1
N220248,KERMIT 2 1,,KERMIT 2,,1
N220249,KERMIT 2 2,,KERMIT 2,,1
N220250,KERMIT 2 3,,KERMIT 2,,1
N220252,PECOS 3 1,,PECOS 3,,1
N220253,PECOS 3 2,,PECOS 3,,1
N220255,ANDREWS 3 1,,ANDREWS 3,,1
N220256,ANDREWS 3 2,,ANDREWS 3,,1
N230001,SCHULENBURG 2 1,,SCHULENBURG 2,,1
N230002,SCHULENBURG 3 1,,SCHULENBURG 3,,1
N230003,OAKLAND 1 1,,OAKLAND 1,,1
N230004,WEIMAR 1 1,,WEIMAR 1,,1
N230005,WEIMAR 2 1,,WEIMAR 2,,1
N230006,ROCK ISLAND 1 1,,ROCK ISLAND 1,,1
N230007,SHERIDAN 1 1,,SHERIDAN 1,,1
N230008,GLIDDEN 1 1,,GLIDDEN 1,,1
N230009,SHERIDAN 2 1,,SHERIDAN 2,,1
N230010,DIME BOX 1 1,,DIME BOX 1,,1
N230011,CARMINE 1 1,,CARMINE 1,,1
N230012,LEXINGTON 1 1,,LEXINGTON 1,,1
N230013,LEXINGTON 2 1,,LEXINGTON 2,,1
N230014,LINCOLN 2 1,,LINCOLN 2,,1
N230015,LEDBETTER 1 1,,LEDBETTER 1,,1
N230016,BRENHAM 1 1,,BRENHAM 1,,1
N230017,BRENHAM 2 1,,BRENHAM 2,,1
N230018,BURTON 1 1,,BURTON 1,,1
N230019,ROUND TOP 1 1,,ROUND TOP 1,,1
N230020,LA GRANGE 2 1,,LA GRANGE 2,,1
N230021,ROUND TOP 2 1,,ROUND TOP 2,,1
N230022,LA GRANGE 3 1,,LA GRANGE 3,,1
N230023,FAYETTEVILLE 1 1,,FAYETTEVILLE 1,,1
N230024,BURTON 2 1,,BURTON 2,,1
N230025,INDUSTRY 1 1,,INDUSTRY 1,,1
N230026,INDUSTRY 2 1,,INDUSTRY 2,,1
N230027,BLEIBLERVILLE 1 1,,BLEIBLERVILLE 1,,1
N230028,NEW ULM 1 1,,NEW ULM 1,,1
N230029,GLIDDEN 2 1,,GLIDDEN 2,,1
N230030,GLIDDEN 3 1,,GLIDDEN 3,,1
N230031,DIME BOX 2 1,,DIME BOX 2,,1
N230033,COLUMBUS 1 1,,COLUMBUS 1,,1
N230034,ELLINGER 1 1,,ELLINGER 1,,1
N230035,SCHULENBURG 4 1,,SCHULENBURG 4,,1
N230036,GIDDINGS 2 1,,GIDDINGS 2,,1
N230037,SEALY 6 1,,SEALY 6,,1
N230038,HEMPSTEAD 1 1,,HEMPSTEAD 1,,1
N230039,SEALY 7 1,,SEALY 7,,1
N230040,BELLVILLE 1 1,,BELLVILLE 1,,1
N230041,ALLEYTON 1 1,,ALLEYTON 1,,1
N230042,BELLVILLE 2 1,,BELLVILLE 2,,1
N230043,BRENHAM 3 1,,BRENHAM 3,,1
N230044,BRENHAM 4 1,,BRENHAM 4,,1
N230045,WASHINGTON 1 1,,WASHINGTON 1,,1
N230046,WASHINGTON 2 1,,WASHINGTON 2,,1
N230047,WASHINGTON 3 1,,WASHINGTON 3,,1
N230048,WASHINGTON 4 1,,WASHINGTON 4,,1
N230049,CHAPPELL HILL 1 1,,CHAPPELL HILL 1,,1
N230050,CHAPPELL HILL 2 1,,CHAPPELL HILL 2,,1
N230051,PRAIRIE VIEW 2 1,,PRAIRIE VIEW 2,,1
N230052,HEMPSTEAD 2 1,,HEMPSTEAD 2,,1
N230053,PLANTERSVILLE 1 1,,PLANTERSVILLE 1,,1
N230054,PRAIRIE VIEW 3 1,,PRAIRIE VIEW 3,,1
N230055,BLEIBLERVILLE 2 1,,BLEIBLERVILLE 2,,1
N230056,BELLVILLE 3 1,,BELLVILLE 3,,1
N230057,BLEIBLERVILLE 3 1,,BLEIBLERVILLE 3,,1
N230058,CAT SPRING 1 1,,CAT SPRING 1,,1
N230059,CAT SPRING 2 1,,CAT SPRING 2,,1
N230060,ALLEYTON 2 1,,ALLEYTON 2,,1
N230061,ALLEYTON 3 1,,ALLEYTON 3,,1
N230062,ALTAIR 2 1,,ALTAIR 2,,1
N230063,PRAIRIE VIEW 4 1,,PRAIRIE VIEW 4,,1
N230064,HEMPSTEAD 3 1,,HEMPSTEAD 3,,1
N230065,SEALY 8 1,,SEALY 8,,1
N230066,BELLVILLE 4 1,,BELLVILLE 4,,1
N230067,SCHULENBURG 5 1,,SCHULENBURG 5,,1
N230068,BRENHAM 5 1,,BRENHAM 5,,1
N230069,BRENHAM 5 2,,BRENHAM 5,,1
N230070,LA GRANGE 4 1,,LA GRANGE 4,,1
N230071,COLUMBUS 2 1,,COLUMBUS 2,,1
N230072,HEMPSTEAD 4 1,,HEMPSTEAD 4,,1
N230073,HEMPSTEAD 4 2,,HEMPSTEAD 4,,1
N230074,BRENHAM 6 1,,BRENHAM 6,,1
N230075,GIDDINGS 3 1,,GIDDINGS 3,,1
N230076,GIDDINGS 4 1,,GIDDINGS 4,,1
N230077,COLUMBUS 3 1,,COLUMBUS 3,,1
N230078,HEMPSTEAD 5 1,,HEMPSTEAD 5,,1
N230079,NAVASOTA 1 1,,NAVASOTA 1,,1
N230080,IOLA 1 1,,IOLA 1,,1
N230081,IOLA 1 2,,IOLA 1,,1
N230082,MADISONVILLE 1 1,,MADISONVILLE 1,,1
N230083,MIDWAY 1 1,,MIDWAY 1,,1
N230084,COLLEGE STATION 1 1,,COLLEGE STATION 1,,1
N230085,HUNTSVILLE 1 1,,HUNTSVILLE 1,,1
N230086,PLANTERSVILLE 2 1,,PLANTERSVILLE 2,,1
N230087,DODGE 1 1,,DODGE 1,,1
N230088,RICHARDS 1 1,,RICHARDS 1,,1
N230089,SNOOK 1 1,,SNOOK 1,,1
N230090,IOLA 2 1,,IOLA 2,,1
N230091,IOLA 3 1,,IOLA 3,,1
N230092,SHIRO 1 1,,SHIRO 1,,1
N230093,ANDERSON 1 1,,ANDERSON 1,,1
N230094,BEDIAS 1 1,,BEDIAS 1,,1
N230095,WASHINGTON 5 1,,WASHINGTON 5,,1
N230096,PLANTERSVILLE 3 1,,PLANTERSVILLE 3,,1
N230097,PLANTERSVILLE 4 1,,PLANTERSVILLE 4,,1
N230098,MADISONVILLE 2 1,,MADISONVILLE 2,,1
N230099,MIDWAY 2 1,,MIDWAY 2,,1
N230100,NORTH ZULCH 1 1,,NORTH ZULCH 1,,1
N230101,NORTH ZULCH 2 1,,NORTH ZULCH 2,,1
N230102,MADISONVILLE 3 1,,MADISONVILLE 3,,1
N230103,MIDWAY 3 1,,MIDWAY 3,,1
N230104,HUNTSVILLE 2 1,,HUNTSVILLE 2,,1
N230105,RIVERSIDE 1 1,,RIVERSIDE 1,,1
N230106,SHIRO 2 1,,SHIRO 2,,1
N230107,PLANTERSVILLE 5 1,,PLANTERSVILLE 5,,1
N230108,NORMANGEE 1 1,,NORMANGEE 1,,1
N230109,NORTH ZULCH 3 1,,NORTH ZULCH 3,,1
N230110,IOLA 4 1,,IOLA 4,,1
N230111,NAVASOTA 2 1,,NAVASOTA 2,,1
N230112,HUNTSVILLE 3 1,,HUNTSVILLE 3,,1
N230113,NEW WAVERLY 6 1,,NEW WAVERLY 6,,1
N230114,LEONA 1 1,,LEONA 1,,1
N230115,LOVELADY 1 1,,LOVELADY 1,,1
N230116,NAVASOTA 3 1,,NAVASOTA 3,,1
N230117,HEARNE 1 1,,HEARNE 1,,1
N230118,CALDWELL 1 1,,CALDWELL 1,,1
N230119,MILANO 1 1,,MILANO 1,,1
N230120,ROCKDALE 1 1,,ROCKDALE 1,,1
N230121,ROCKDALE 2 1,,ROCKDALE 2,,1
N230122,ROSEBUD 3 1,,ROSEBUD 3,,1
N230123,MILANO 2 1,,MILANO 2,,1
N230124,DIME BOX 3 1,,DIME BOX 3,,1
N230125,GAUSE 1 1,,GAUSE 1,,1
N230126,CALDWELL 2 1,,CALDWELL 2,,1
N230127,CALDWELL 3 1,,CALDWELL 3,,1
N230128,MUMFORD 1 1,,MUMFORD 1,,1
N230129,HEARNE 2 1,,HEARNE 2,,1
N230130,SOMERVILLE 1 1,,SOMERVILLE 1,,1
N230131,SNOOK 2 1,,SNOOK 2,,1
N230132,BRYAN 1 1,,BRYAN 1,,1
N230133,SNOOK 3 1,,SNOOK 3,,1
N230134,CALVERT 1 1,,CALVERT 1,,1
N230135,CAMERON 1 1,,CAMERON 1,,1
N230136,CALVERT 2 1,,CALVERT 2,,1
N230137,CAMERON 2 1,,CAMERON 2,,1
N230138,CAMERON 3 1,,CAMERON 3,,1
N230139,MILANO 3 1,,MILANO 3,,1
N230140,CALDWELL 4 1,,CALDWELL 4,,1
N230141,SOMERVILLE 2 1,,SOMERVILLE 2,,1
N230142,REAGAN 1 1,,REAGAN 1,,1
N230143,CALVERT 3 1,,CALVERT 3,,1
N230144,FRANKLIN 1 1,,FRANKLIN 1,,1
N230145,ROCKDALE 3 1,,ROCKDALE 3,,1
N230146,HEARNE 3 1,,HEARNE 3,,1
N230147,HEARNE 4 1,,HEARNE 4,,1
N230148,SNOOK 4 1,,SNOOK 4,,1
N230149,BREMOND 1 1,,BREMOND 1,,1
N230150,MEXIA 1 1,,MEXIA 1,,1
N230151,DONIE 1 1,,DONIE 1,,1
N230152,DONIE 2 1,,DONIE 2,,1
N230153,BREMOND 2 1,,BREMOND 2,,1
N230154,MART 3 1,,MART 3,,1
N230155,TEAGUE 1 1,,TEAGUE 1,,1
N230156,GROESBECK 1 1,,GROESBECK 1,,1
N230157,GROESBECK 2 1,,GROESBECK 2,,1
N230158,THORNTON 1 1,,THORNTON 1,,1
N230159,KOSSE 1 1,,KOSSE 1,,1
N230160,TEAGUE 2 1,,TEAGUE 2,,1
N230161,BUFFALO 1 1,,BUFFALO 1,,1
N230162,JEWETT 1 1,,JEWETT 1,,1
N230163,BUFFALO 2 1,,BUFFALO 2,,1
N230164,JEWETT 2 1,,JEWETT 2,,1
N230165,KOSSE 2 1,,KOSSE 2,,1
N230166,KOSSE 3 1,,KOSSE 3,,1
N230167,FRANKLIN 2 1,,FRANKLIN 2,,1
N230168,FRANKLIN 3 1,,FRANKLIN 3,,1
N230169,FLYNN 1 1,,FLYNN 1,,1
N230170,JEWETT 3 1,,JEWETT 3,,1
N230171,LEONA 2 1,,LEONA 2,,1
N230172,NORMANGEE 2 1,,NORMANGEE 2,,1
N230173,MARQUEZ 1 1,,MARQUEZ 1,,1
N230174,MARQUEZ 2 1,,MARQUEZ 2,,1
N230175,REAGAN 2 1,,REAGAN 2,,1
N230176,GROESBECK 3 1,,GROESBECK 3,,1
N230177,FRANKLIN 4 1,,FRANKLIN 4,,1
N230178,BUFFALO 3 1,,BUFFALO 3,,1
N230179,MART 4 1,,MART 4,,1
N230180,THORNTON 2 1,,THORNTON 2,,1
N230181,CENTERVILLE 1 1,,CENTERVILLE 1,,1
N230182,BUFFALO 4 1,,BUFFALO 4,,1
N230183,CENTERVILLE 2 1,,CENTERVILLE 2,,1
N230184,CROCKETT 1 1,,CROCKETT 1,,1
N230185,LOVELADY 2 1,,LOVELADY 2,,1
N230186,CROCKETT 2 1,,CROCKETT 2,,1
N230187,PENNINGTON 1 1,,PENNINGTON 1,,1
N230188,CENTERVILLE 3 1,,CENTERVILLE 3,,1
N230189,LOVELADY 3 1,,LOVELADY 3,,1
N230190,CENTERVILLE 4 1,,CENTERVILLE 4,,1
N230191,RICHARDS 2 1,,RICHARDS 2,,1
N230192,PLANTERSVILLE 6 1,,PLANTERSVILLE 6,,1
N230193,MONTGOMERY 5 1,,MONTGOMERY 5,,1
N230194,MONTGOMERY 6 1,,MONTGOMERY 6,,1
N230195,MONTGOMERY 7 1,,MONTGOMERY 7,,1
N230196,RICHARDS 3 1,,RICHARDS 3,,1
N230197,PLANTERSVILLE 7 1,,PLANTERSVILLE 7,,1
N230198,JEWETT 4 1,,JEWETT 4,,1
N230199,FRANKLIN 5 1,,FRANKLIN 5,,1
N230200,LEONA 3 1,,LEONA 3,,1
N230201,NORMANGEE 3 1,,NORMANGEE 3,,1
N230202,NORMANGEE 4 1,,NORMANGEE 4,,1
N230203,NORTH ZULCH 4 1,,NORTH ZULCH 4,,1
N230204,MADISONVILLE 4 1,,MADISONVILLE 4,,1
N230205,BEDIAS 2 1,,BEDIAS 2,,1
N230206,BRYAN 2 1,,BRYAN 2,,1
N230207,CALDWELL 5 1,,CALDWELL 5,,1
N230208,CALDWELL 5 2,,CALDWELL 5,,1
N230209,BRYAN 3 1,,BRYAN 3,,1
N230210,BRYAN 4 1,,BRYAN 4,,1
N230211,COLLEGE STATION 2 1,,COLLEGE STATION 2,,1
N230212,NAVASOTA 4 1,,NAVASOTA 4,,1
N230213,HEARNE 5 1,,HEARNE 5,,1
N230214,CAMERON 4 1,,CAMERON 4,,1
N230215,BRYAN 5 1,,BRYAN 5,,1
N230216,COLLEGE STATION 3 1,,COLLEGE STATION 3,,1
N230217,SOMERVILLE 3 1,,SOMERVILLE 3,,1
N230218,ROCKDALE 4 1,,ROCKDALE 4,,1
N230219,BRYAN 6 1,,BRYAN 6,,1
N230220,BRYAN 7 1,,BRYAN 7,,1
N230221,ROCKDALE 5 1,,ROCKDALE 5,,1
N230222,BRYAN 8 1,,BRYAN 8,,1
N230223,BRYAN 9 1,,BRYAN 9,,1
N230224,COLLEGE STATION 4 1,,COLLEGE STATION 4,,1
N230225,COLLEGE STATION 5 1,,COLLEGE STATION 5,,1
N230226,COLLEGE STATION 6 1,,COLLEGE STATION 6,,1
N230227,SNOOK 5 1,,SNOOK 5,,1
N230228,SOMERVILLE 4 1,,SOMERVILLE 4,,1
N230229,COLLEGE STATION 7 1,,COLLEGE STATION 7,,1
N230230,COLLEGE STATION 8 1,,COLLEGE STATION 8,,1
N230231,COLLEGE STATION 9 1,,COLLEGE STATION 9,,1
N230232,COLLEGE STATION 10 1,,COLLEGE STATION 10,,1
N230233,CALVERT 4 1,,CALVERT 4,,1
N230234,NAVASOTA 5 1,,NAVASOTA 5,,1
N230235,NAVASOTA 5 2,,NAVASOTA 5,,1
N230236,BRYAN 10 1,,BRYAN 10,,1
N230237,COLLEGE STATION 11 1,,COLLEGE STATION 11,,1
N230238,BRYAN 11 1,,BRYAN 11,,1
N230239,BRYAN 12 1,,BRYAN 12,,1
N230240,ROCKDALE 6 1,,ROCKDALE 6,,1
N230241,TEAGUE 3 1,,TEAGUE 3,,1
N230242,MEXIA 2 1,,MEXIA 2,,1
N230243,MEXIA 2 2,,MEXIA 2,,1
N230244,KIRVIN 1 1,,KIRVIN 1,,1
N230245,GROESBECK 4 1,,GROESBECK 4,,1
N230246,KOSSE 4 1,,KOSSE 4,,1
N230247,BREMOND 3 1,,BREMOND 3,,1
N230248,THORNTON 3 1,,THORNTON 3,,1
N230249,BUFFALO 5 1,,BUFFALO 5,,1
N230250,HUNTSVILLE 4 1,,HUNTSVILLE 4,,1
N230251,NEW WAVERLY 7 1,,NEW WAVERLY 7,,1
N230252,HUNTSVILLE 5 1,,HUNTSVILLE 5,,1
N230253,LOVELADY 4 1,,LOVELADY 4,,1
N230254,RIVERSIDE 2 1,,RIVERSIDE 2,,1
N230256,HUNTSVILLE 6 1,,HUNTSVILLE 6,,1
N230257,DONIE 3 1,,DONIE 3,,1
N230258,DONIE 3 2,,DONIE 3,,1
N230259,DONIE 3 3,,DONIE 3,,1
N230260,DONIE 3 4,,DONIE 3,,1
N230261,BRYAN 13 1,,BRYAN 13,,1
N230262,BRYAN 13 2,,BRYAN 13,,1
N230263,FAYETTEVILLE 2 1,,FAYETTEVILLE 2,,1
N230264,FAYETTEVILLE 2 2,,FAYETTEVILLE 2,,1
N230265,FAYETTEVILLE 2 3,,FAYETTEVILLE 2,,1
N230266,FAYETTEVILLE 2 4,,FAYETTEVILLE 2,,1
N230267,FRANKLIN 6 1,,FRANKLIN 6,,1
N230268,FRANKLIN 6 2,,FRANKLIN 6,,1
N230269,FRANKLIN 6 3,,FRANKLIN 6,,1
N230270,FRANKLIN 6 4,,FRANKLIN 6,,1
N230271,FRANKLIN 6 5,,FRANKLIN 6,,1
N230272,FRANKLIN 6 6,,FRANKLIN 6,,1
N230273,MUMFORD 2 1,,MUMFORD 2,,1
N230274,MUMFORD 2 2,,MUMFORD 2,,1
N230275,MUMFORD 2 3,,MUMFORD 2,,1
N230276,MUMFORD 2 4,,MUMFORD 2,,1
N230277,BREMOND 4 1,,BREMOND 4,,1
N230278,BREMOND 4 2,,BREMOND 4,,1
N230279,BREMOND 4 3,,BREMOND 4,,1
N230280,BREMOND 4 4,,BREMOND 4,,1
N230281,BREMOND 4 5,,BREMOND 4,,1
N230282,BREMOND 4 6,,BREMOND 4,,1
N230283,SHIRO 3 1,,SHIRO 3,,1
N230284,SHIRO 3 2,,SHIRO 3,,1
N230285,SHIRO 3 3,,SHIRO 3,,1
N230286,SHIRO 3 4,,SHIRO 3,,1
N230287,SHIRO 3 5,,SHIRO 3,,1
N230288,COLLEGE STATION 12 1,,COLLEGE STATION 12,,1
N230289,COLLEGE STATION 12 2,,COLLEGE STATION 12,,1
N230290,COLLEGE STATION 12 3,,COLLEGE STATION 12,,1
N230291,COLLEGE STATION 12 4,,COLLEGE STATION 12,,1
N230292,ROCK ISLAND 2 1,,ROCK ISLAND 2,,1
N230293,ROCK ISLAND 2 2,,ROCK ISLAND 2,,1
N230294,ROCK ISLAND 2 3,,ROCK ISLAND 2,,1
N230295,ROCK ISLAND 2 4,,ROCK ISLAND 2,,1
N230296,MARLIN 3 1,,MARLIN 3,,1
N230297,MARLIN 3 2,,MARLIN 3,,1
N240001,ROCKSPRINGS 1 1,,ROCKSPRINGS 1,,1
N240002,JUNCTION 1 1,,JUNCTION 1,,1
N240003,HEXT 1 1,,HEXT 1,,1
N240004,MENARD 1 1,,MENARD 1,,1
N240005,OZONA 1 1,,OZONA 1,,1
N240006,ELDORADO 1 1,,ELDORADO 1,,1
N240007,ELDORADO 2 1,,ELDORADO 2,,1
N240008,FORT MC KAVETT 1 1,,FORT MC KAVETT 1,,1
N240009,OZONA 2 1,,OZONA 2,,1
N240010,SONORA 1 1,,SONORA 1,,1
N240011,ROOSEVELT 1 1,,ROOSEVELT 1,,1
N240012,JUNCTION 2 1,,JUNCTION 2,,1
N240013,JUNCTION 2 2,,JUNCTION 2,,1
N240014,JUNCTION 2 3,,JUNCTION 2,,1
N240015,JUNCTION 2 4,,JUNCTION 2,,1
N240016,ROCKSPRINGS 2 1,,ROCKSPRINGS 2,,1
N240017,ROCKSPRINGS 3 1,,ROCKSPRINGS 3,,1
N240018,MOUNTAIN HOME 4 1,,MOUNTAIN HOME 4,,1
N240019,ELDORADO 3 1,,ELDORADO 3,,1
N240020,OZONA 3 1,,OZONA 3,,1
N240021,FORT MC KAVETT 2 1,,FORT MC KAVETT 2,,1
N240022,LAUGHLIN A F B 1 1,,LAUGHLIN A F B 1,,1
N240023,LAUGHLIN A F B 2 1,,LAUGHLIN A F B 2,,1
N240024,LAUGHLIN A F B 3 1,,LAUGHLIN A F B 3,,1
N240025,LAUGHLIN A F B 4 1,,LAUGHLIN A F B 4,,1
N240026,LAUGHLIN A F B 5 1,,LAUGHLIN A F B 5,,1
N240027,COMSTOCK 1 1,,COMSTOCK 1,,1
N240028,DEL RIO 1 1,,DEL RIO 1,,1
N240030,LAUGHLIN A F B 6 1,,LAUGHLIN A F B 6,,1
N240031,LAUGHLIN A F B 6 2,,LAUGHLIN A F B 6,,1
N240032,LAUGHLIN A F B 6 3,,LAUGHLIN A F B 6,,1
N240033,LAUGHLIN A F B 7 1,,LAUGHLIN A F B 7,,1
N240034,DEL RIO 2 1,,DEL RIO 2,,1
N240035,LAUGHLIN A F B 8 1,,LAUGHLIN A F B 8,,1
N240036,LANGTRY 2 1,,LANGTRY 2,,1
N240037,COMSTOCK 2 1,,COMSTOCK 2,,1
N240038,DEL RIO 3 1,,DEL RIO 3,,1
N240039,DEL RIO 4 1,,DEL RIO 4,,1
N240040,COMSTOCK 3 1,,COMSTOCK 3,,1
N240041,COMSTOCK 4 1,,COMSTOCK 4,,1
N240042,DEL RIO 5 1,,DEL RIO 5,,1
N240043,DEL RIO 6 1,,DEL RIO 6,,1
N240044,LANGTRY 3 1,,LANGTRY 3,,1
N240045,COMSTOCK 5 1,,COMSTOCK 5,,1
N240046,LANGTRY 4 1,,LANGTRY 4,,1
N240047,LANGTRY 5 1,,LANGTRY 5,,1
N240048,SONORA 2 1,,SONORA 2,,1
N240049,LANGTRY 6 1,,LANGTRY 6,,1
N240050,LAUGHLIN A F B 9 1,,LAUGHLIN A F B 9,,1
N240051,COMSTOCK 6 1,,COMSTOCK 6,,1
N240052,DEL RIO 7 1,,DEL RIO 7,,1
N240053,COMSTOCK 7 1,,COMSTOCK 7,,1
N240054,LANGTRY 7 1,,LANGTRY 7,,1
N240055,DEL RIO 8 1,,DEL RIO 8,,1
N240056,DEL RIO 9 1,,DEL RIO 9,,1
N240058,COMSTOCK 8 1,,COMSTOCK 8,,1
N240059,MOUNTAIN HOME 5 1,,MOUNTAIN HOME 5,,1
N240060,DYESS AFB 1 1,,DYESS AFB 1,,1
N240061,DYESS AFB 2 1,,DYESS AFB 2,,1
N240062,ABILENE 1 1,,ABILENE 1,,1
N240063,TYE 1 1,,TYE 1,,1
N240064,BUFFALO GAP 1 1,,BUFFALO GAP 1,,1
N240065,LAWN 1 1,,LAWN 1,,1
N240066,OVALO 1 1,,OVALO 1,,1
N240067,MERKEL 1 1,,MERKEL 1,,1
N240068,TYE 2 1,,TYE 2,,1
N240069,TUSCOLA 1 1,,TUSCOLA 1,,1
N240070,CLYDE 1 1,,CLYDE 1,,1
N240071,WINGATE 1 1,,WINGATE 1,,1
N240072,MERKEL 2 1,,MERKEL 2,,1
N240073,TUSCOLA 2 1,,TUSCOLA 2,,1
N240074,OVALO 2 1,,OVALO 2,,1
N240075,NOLAN 1 1,,NOLAN 1,,1
N240076,ABILENE 2 1,,ABILENE 2,,1
N240077,WALL 1 1,,WALL 1,,1
N240078,MILES 1 1,,MILES 1,,1
N240079,GOODFELLOW AFB 1 1,,GOODFELLOW AFB 1,,1
N240080,CARLSBAD 1 1,,CARLSBAD 1,,1
N240081,KNICKERBOCKER 1 1,,KNICKERBOCKER 1,,1
N240082,TENNYSON 1 1,,TENNYSON 1,,1
N240083,SAN ANGELO 1 1,,SAN ANGELO 1,,1
N240084,GOODFELLOW AFB 2 1,,GOODFELLOW AFB 2,,1
N240085,KNICKERBOCKER 2 1,,KNICKERBOCKER 2,,1
N240086,KNICKERBOCKER 3 1,,KNICKERBOCKER 3,,1
N240087,WALL 2 1,,WALL 2,,1
N240088,WALL 3 1,,WALL 3,,1
N240089,CHRISTOVAL 1 1,,CHRISTOVAL 1,,1
N240090,EOLA 1 1,,EOLA 1,,1
N240091,CHRISTOVAL 2 1,,CHRISTOVAL 2,,1
N240092,WATER VALLEY 1 1,,WATER VALLEY 1,,1
N240093,KNICKERBOCKER 4 1,,KNICKERBOCKER 4,,1
N240094,CARLSBAD 2 1,,CARLSBAD 2,,1
N240095,BANGS 1 1,,BANGS 1,,1
N240096,BURKETT 1 1,,BURKETT 1,,1
N240097,BROOKESMITH 2 1,,BROOKESMITH 2,,1
N240098,BROWNWOOD 2 1,,BROWNWOOD 2,,1
N240099,RISING STAR 1 1,,RISING STAR 1,,1
N240100,BANGS 2 1,,BANGS 2,,1
N240101,RULE 1 1,,RULE 1,,1
N240102,KNOX CITY 1 1,,KNOX CITY 1,,1
N240103,WEINERT 1 1,,WEINERT 1,,1
N240104,HASKELL 1 1,,HASKELL 1,,1
N240105,MELVIN 1 1,,MELVIN 1,,1
N240106,BRADY 1 1,,BRADY 1,,1
N240107,GOULDBUSK 1 1,,GOULDBUSK 1,,1
N240108,VOCA 1 1,,VOCA 1,,1
N240109,EDEN 1 1,,EDEN 1,,1
N240110,BRADY 2 1,,BRADY 2,,1
N240111,ART 1 1,,ART 1,,1
N240112,MASON 1 1,,MASON 1,,1
N240113,ROCHELLE 1 1,,ROCHELLE 1,,1
N240114,STERLING CITY 1 1,,STERLING CITY 1,,1
N240115,HERMLEIGH 1 1,,HERMLEIGH 1,,1
N240116,COLORADO CITY 1 1,,COLORADO CITY 1,,1
N240117,COLORADO CITY 2 1,,COLORADO CITY 2,,1
N240118,WINTERS 1 1,,WINTERS 1,,1
N240119,LORAINE 1 1,,LORAINE 1,,1
N240120,SWEETWATER 1 1,,SWEETWATER 1,,1
N240121,NOVICE 1 1,,NOVICE 1,,1
N240122,BALLINGER 1 1,,BALLINGER 1,,1
N240123,ROWENA 1 1,,ROWENA 1,,1
N240124,PAINT ROCK 1 1,,PAINT ROCK 1,,1
N240125,ANSON 1 1,,ANSON 1,,1
N240126,HAWLEY 1 1,,HAWLEY 1,,1
N240127,ROBERT LEE 1 1,,ROBERT LEE 1,,1
N240128,MERTZON 1 1,,MERTZON 1,,1
N240129,BLACKWELL 1 1,,BLACKWELL 1,,1
N240130,NORTON 1 1,,NORTON 1,,1
N240131,ROBY 1 1,,ROBY 1,,1
N240132,HAMLIN 1 1,,HAMLIN 1,,1
N240133,NOLAN 2 1,,NOLAN 2,,1
N240134,VOSS 1 1,,VOSS 1,,1
N240135,ROBERT LEE 2 1,,ROBERT LEE 2,,1
N240136,ROBY 2 1,,ROBY 2,,1
N240137,GOLDSBORO 1 1,,GOLDSBORO 1,,1
N240138,WATER VALLEY 2 1,,WATER VALLEY 2,,1
N240139,WINGATE 2 1,,WINGATE 2,,1
N240140,CLYDE 2 1,,CLYDE 2,,1
N240141,ABILENE 3 1,,ABILENE 3,,1
N240142,COLEMAN 1 1,,COLEMAN 1,,1
N240143,SANTA ANNA 1 1,,SANTA ANNA 1,,1
N240144,CROSS PLAINS 1 1,,CROSS PLAINS 1,,1
N240145,MORAN 1 1,,MORAN 1,,1
N240146,BAIRD 1 1,,BAIRD 1,,1
N240147,CISCO 1 1,,CISCO 1,,1
N240148,COLEMAN 2 1,,COLEMAN 2,,1
N240149,RISING STAR 2 1,,RISING STAR 2,,1
N240150,CLYDE 3 1,,CLYDE 3,,1
N240151,LUEDERS 1 1,,LUEDERS 1,,1
N240152,BURKETT 2 1,,BURKETT 2,,1
N240153,MERKEL 3 1,,MERKEL 3,,1
N240154,DYESS AFB 3 1,,DYESS AFB 3,,1
N240155,BUFFALO GAP 2 1,,BUFFALO GAP 2,,1
N240156,BUFFALO GAP 3 1,,BUFFALO GAP 3,,1
N240157,OVALO 3 1,,OVALO 3,,1
N240158,MERKEL 4 1,,MERKEL 4,,1
N240159,DYESS AFB 4 1,,DYESS AFB 4,,1
N240160,DYESS AFB 5 1,,DYESS AFB 5,,1
N240161,DYESS AFB 6 1,,DYESS AFB 6,,1
N240162,ABILENE 4 1,,ABILENE 4,,1
N240163,DYESS AFB 7 1,,DYESS AFB 7,,1
N240164,DYESS AFB 8 1,,DYESS AFB 8,,1
N240165,BUFFALO GAP 4 1,,BUFFALO GAP 4,,1
N240166,DYESS AFB 9 1,,DYESS AFB 9,,1
N240167,DYESS AFB 9 2,,DYESS AFB 9,,1
N240168,DYESS AFB 9 3,,DYESS AFB 9,,1
N240169,DYESS AFB 9 4,,DYESS AFB 9,,1
N240170,DYESS AFB 10 1,,DYESS AFB 10,,1
N240171,ABILENE 5 1,,ABILENE 5,,1
N240172,GOODFELLOW AFB 3 1,,GOODFELLOW AFB 3,,1
N240173,GOODFELLOW AFB 4 1,,GOODFELLOW AFB 4,,1
N240174,GOODFELLOW AFB 5 1,,GOODFELLOW AFB 5,,1
N240175,GOODFELLOW AFB 6 1,,GOODFELLOW AFB 6,,1
N240176,GOODFELLOW AFB 7 1,,GOODFELLOW AFB 7,,1
N240177,KNICKERBOCKER 5 1,,KNICKERBOCKER 5,,1
N240178,KNICKERBOCKER 6 1,,KNICKERBOCKER 6,,1
N240179,GOODFELLOW AFB 8 1,,GOODFELLOW AFB 8,,1
N240180,GOODFELLOW AFB 9 1,,GOODFELLOW AFB 9,,1
N240181,GOODFELLOW AFB 9 2,,GOODFELLOW AFB 9,,1
N240182,GOODFELLOW AFB 9 3,,GOODFELLOW AFB 9,,1
N240183,GOODFELLOW AFB 9 4,,GOODFELLOW AFB 9,,1
N240184,GOODFELLOW AFB 10 1,,GOODFELLOW AFB 10,,1
N240185,GOODFELLOW AFB 11 1,,GOODFELLOW AFB 11,,1
N240186,GOODFELLOW AFB 12 1,,GOODFELLOW AFB 12,,1
N240187,SAN ANGELO 2 1,,SAN ANGELO 2,,1
N240188,GOODFELLOW AFB 13 1,,GOODFELLOW AFB 13,,1
N240189,GOODFELLOW AFB 14 1,,GOODFELLOW AFB 14,,1
N240190,BROWNWOOD 3 1,,BROWNWOOD 3,,1
N240191,BANGS 3 1,,BANGS 3,,1
N240192,5_3_2021 1,,5_3_2021,,1
N240193,BROWNWOOD 4 1,,BROWNWOOD 4,,1
N240194,COLORADO CITY 3 1,,COLORADO CITY 3,,1
N240195,COLORADO CITY 3 2,,COLORADO CITY 3,,1
N240196,COLORADO CITY 3 3,,COLORADO CITY 3,,1
N240197,COLORADO CITY 3 4,,COLORADO CITY 3,,1
N240198,COLORADO CITY 3 5,,COLORADO CITY 3,,1
N240199,COLORADO CITY 3 6,,COLORADO CITY 3,,1
N240200,COLORADO CITY 3 7,,COLORADO CITY 3,,1
N240201,LAUGHLIN A F B 10 1,,LAUGHLIN A F B 10,,1
N240202,LAUGHLIN A F B 10 2,,LAUGHLIN A F B 10,,1
N240203,SILVER 1 1,,SILVER 1,,1
N240204,SILVER 1 2,,SILVER 1,,1
N240205,SILVER 1 3,,SILVER 1,,1
N240206,SILVER 1 4,,SILVER 1,,1
N240207,SILVER 1 5,,SILVER 1,,1
N240208,TRENT 1 1,,TRENT 1,,1
N240209,TRENT 1 2,,TRENT 1,,1
N240210,TRENT 1 3,,TRENT 1,,1
N240211,SWEETWATER 2 1,,SWEETWATER 2,,1
N240212,SWEETWATER 2 2,,SWEETWATER 2,,1
N240213,SWEETWATER 3 1,,SWEETWATER 3,,1
N240214,SWEETWATER 3 2,,SWEETWATER 3,,1
N240215,NOLAN 3 1,,NOLAN 3,,1
N240216,NOLAN 3 2,,NOLAN 3,,1
N240217,NOLAN 3 3,,NOLAN 3,,1
N240218,TYE 3 1,,TYE 3,,1
N240219,TYE 3 2,,TYE 3,,1
N240220,WINGATE 3 1,,WINGATE 3,,1
N240221,WINGATE 3 2,,WINGATE 3,,1
N240222,WINGATE 3 3,,WINGATE 3,,1
N240223,WINGATE 3 4,,WINGATE 3,,1
N240224,MARYNEAL 1 1,,MARYNEAL 1,,1
N240225,MARYNEAL 1 2,,MARYNEAL 1,,1
N240226,MARYNEAL 2 1,,MARYNEAL 2,,1
N240227,MARYNEAL 2 2,,MARYNEAL 2,,1
N240228,MARYNEAL 2 3,,MARYNEAL 2,,1
N240229,MARYNEAL 3 1,,MARYNEAL 3,,1
N240230,MARYNEAL 3 2,,MARYNEAL 3,,1
N240231,ABILENE 6 1,,ABILENE 6,,1
N240232,ABILENE 6 2,,ABILENE 6,,1
N240233,ABILENE 6 3,,ABILENE 6,,1
N240234,ABILENE 7 1,,ABILENE 7,,1
N240235,ABILENE 7 2,,ABILENE 7,,1
N240236,ABILENE 7 3,,ABILENE 7,,1
N240237,NOLAN 4 1,,NOLAN 4,,1
N240238,NOLAN 4 2,,NOLAN 4,,1
N240239,NOLAN 4 3,,NOLAN 4,,1
N240240,LORAINE 2 1,,LORAINE 2,,1
N240241,LORAINE 2 2,,LORAINE 2,,1
N240242,LORAINE 3 1,,LORAINE 3,,1
N240243,LORAINE 3 2,,LORAINE 3,,1
N240244,LORAINE 3 3,,LORAINE 3,,1
N240245,HERMLEIGH 2 1,,HERMLEIGH 2,,1
N240246,HERMLEIGH 2 2,,HERMLEIGH 2,,1
N240247,NOLAN 5 1,,NOLAN 5,,1
N240248,NOLAN 5 2,,NOLAN 5,,1
N240249,MERKEL 5 1,,MERKEL 5,,1
N240250,MERKEL 5 2,,MERKEL 5,,1
N240251,SILVER 2 1,,SILVER 2,,1
N240252,SILVER 2 2,,SILVER 2,,1
N240253,SILVER 2 3,,SILVER 2,,1
N240254,SILVER 2 4,,SILVER 2,,1
N240255,SILVER 2 5,,SILVER 2,,1
N240256,SILVER 2 6,,SILVER 2,,1
N240257,STERLING CITY 2 1,,STERLING CITY 2,,1
N240258,STERLING CITY 2 2,,STERLING CITY 2,,1
N240259,STERLING CITY 2 3,,STERLING CITY 2,,1
N240260,STERLING CITY 2 4,,STERLING CITY 2,,1
N240261,STERLING CITY 2 5,,STERLING CITY 2,,1
N240262,BLACKWELL 2 1,,BLACKWELL 2,,1
N240263,BLACKWELL 2 2,,BLACKWELL 2,,1
N240264,BLACKWELL 2 3,,BLACKWELL 2,,1
N240265,BLACKWELL 2 4,,BLACKWELL 2,,1
N240266,BLACKWELL 2 5,,BLACKWELL 2,,1
N240267,HERMLEIGH 3 1,,HERMLEIGH 3,,1
N240268,HERMLEIGH 3 2,,HERMLEIGH 3,,1
N240269,HERMLEIGH 3 3,,HERMLEIGH 3,,1
N240270,LUEDERS 2 1,,LUEDERS 2,,1
N240271,LUEDERS 2 2,,LUEDERS 2,,1
N240272,LUEDERS 2 3,,LUEDERS 2,,1
N240273,STERLING CITY 3 1,,STERLING CITY 3,,1
N240274,STERLING CITY 3 2,,STERLING CITY 3,,1
N240275,STERLING CITY 3 3,,STERLING CITY 3,,1
N240276,HERMLEIGH 4 1,,HERMLEIGH 4,,1
N240277,HERMLEIGH 4 2,,HERMLEIGH 4,,1
N240278,HERMLEIGH 4 3,,HERMLEIGH 4,,1
N240279,ROSCOE 1 1,,ROSCOE 1,,1
N240280,ROSCOE 1 2,,ROSCOE 1,,1
N240281,KNICKERBOCKER 7 1,,KNICKERBOCKER 7,,1
N240282,KNICKERBOCKER 7 2,,KNICKERBOCKER 7,,1
N240283,LORAINE 4 1,,LORAINE 4,,1
N240284,LORAINE 4 2,,LORAINE 4,,1
N240285,LORAINE 4 3,,LORAINE 4,,1
N240286,HASKELL 2 1,,HASKELL 2,,1
N240287,HASKELL 2 2,,HASKELL 2,,1
N240288,HASKELL 2 3,,HASKELL 2,,1
N240290,DEL RIO 10 1,,DEL RIO 10,,1
N240291,DEL RIO 10 2,,DEL RIO 10,,1
N240292,WEINERT 2 1,,WEINERT 2,,1
N240293,WEINERT 2 2,,WEINERT 2,,1
N240295,DOOLE 1 1,,DOOLE 1,,1
N240296,DOOLE 1 2,,DOOLE 1,,1
N240297,SILVER 3 1,,SILVER 3,,1
N240298,SILVER 3 2,,SILVER 3,,1
N240299,WEINERT 3 1,,WEINERT 3,,1
N240300,WEINERT 3 2,,WEINERT 3,,1
N240301,WEINERT 3 3,,WEINERT 3,,1
N240302,BARNHART 1 1,,BARNHART 1,,1
N240303,BARNHART 1 2,,BARNHART 1,,1
N240304,BARNHART 1 3,,BARNHART 1,,1
N240305,EDEN 2 1,,EDEN 2,,1
N240306,EDEN 2 2,,EDEN 2,,1
N240307,EDEN 2 3,,EDEN 2,,1
N240308,ELDORADO 4 1,,ELDORADO 4,,1
N240309,ELDORADO 4 2,,ELDORADO 4,,1
N240310,ELDORADO 4 3,,ELDORADO 4,,1
N240311,ELDORADO 4 4,,ELDORADO 4,,1
N240312,ELDORADO 4 5,,ELDORADO 4,,1
N240313,HEXT 2 1,,HEXT 2,,1
N240314,HEXT 2 2,,HEXT 2,,1
N240315,BARNHART 2 1,,BARNHART 2,,1
N240316,BARNHART 2 2,,BARNHART 2,,1
N240317,BARNHART 2 3,,BARNHART 2,,1
N240318,OZONA 4 1,,OZONA 4,,1
N240319,OZONA 4 2,,OZONA 4,,1
N240320,OZONA 4 3,,OZONA 4,,1
N250001,FRUITVALE 1 1,,FRUITVALE 1,,1
N250002,LARUE 1 1,,LARUE 1,,1
N250003,ATHENS 1 1,,ATHENS 1,,1
N250004,MABANK 2 1,,MABANK 2,,1
N250005,LINDALE 1 1,,LINDALE 1,,1
N250006,MALAKOFF 1 1,,MALAKOFF 1,,1
N250007,MURCHISON 1 1,,MURCHISON 1,,1
N250008,VAN 1 1,,VAN 1,,1
N250009,LINDALE 2 1,,LINDALE 2,,1
N250010,BEN WHEELER 1 1,,BEN WHEELER 1,,1
N250011,BEN WHEELER 2 1,,BEN WHEELER 2,,1
N250012,TYLER 1 1,,TYLER 1,,1
N250013,BROWNSBORO 1 1,,BROWNSBORO 1,,1
N250014,LARUE 2 1,,LARUE 2,,1
N250015,FRANKSTON 1 1,,FRANKSTON 1,,1
N250016,CAYUGA 1 1,,CAYUGA 1,,1
N250017,CANTON 1 1,,CANTON 1,,1
N250018,FRUITVALE 2 1,,FRUITVALE 2,,1
N250019,CANTON 2 1,,CANTON 2,,1
N250020,GRAND SALINE 1 1,,GRAND SALINE 1,,1
N250021,EUSTACE 1 1,,EUSTACE 1,,1
N250022,ATHENS 2 1,,ATHENS 2,,1
N250023,LARUE 3 1,,LARUE 3,,1
N250024,MINEOLA 1 1,,MINEOLA 1,,1
N250025,MURCHISON 2 1,,MURCHISON 2,,1
N250026,BEN WHEELER 3 1,,BEN WHEELER 3,,1
N250027,ALBA 1 1,,ALBA 1,,1
N250028,CHANDLER 1 1,,CHANDLER 1,,1
N250029,EDGEWOOD 1 1,,EDGEWOOD 1,,1
N250030,CUMBY 3 1,,CUMBY 3,,1
N250031,CUMBY 4 1,,CUMBY 4,,1
N250032,LONE OAK 5 1,,LONE OAK 5,,1
N250034,POINT 1 1,,POINT 1,,1
N250035,EMORY 1 1,,EMORY 1,,1
N250036,EDGEWOOD 2 1,,EDGEWOOD 2,,1
N250037,DIBOLL 1 1,,DIBOLL 1,,1
N250038,CUSHING 1 1,,CUSHING 1,,1
N250039,POLLOK 1 1,,POLLOK 1,,1
N250040,NACOGDOCHES 1 1,,NACOGDOCHES 1,,1
N250041,CUSHING 2 1,,CUSHING 2,,1
N250042,SACUL 1 1,,SACUL 1,,1
N250043,ALTO 1 1,,ALTO 1,,1
N250044,ALTO 2 1,,ALTO 2,,1
N250045,WELLS 1 1,,WELLS 1,,1
N250046,RATCLIFF 1 1,,RATCLIFF 1,,1
N250047,GARRISON 1 1,,GARRISON 1,,1
N250048,DOUGLASS 1 1,,DOUGLASS 1,,1
N250049,GARRISON 2 1,,GARRISON 2,,1
N250050,GARRISON 3 1,,GARRISON 3,,1
N250051,NACOGDOCHES 2 1,,NACOGDOCHES 2,,1
N250052,DOUGLASS 2 1,,DOUGLASS 2,,1
N250053,WODEN 1 1,,WODEN 1,,1
N250054,POLLOK 2 1,,POLLOK 2,,1
N250055,LUFKIN 1 1,,LUFKIN 1,,1
N250056,LUFKIN 2 1,,LUFKIN 2,,1
N250057,CHIRENO 1 1,,CHIRENO 1,,1
N250058,ETOILE 1 1,,ETOILE 1,,1
N250059,LUFKIN 3 1,,LUFKIN 3,,1
N250060,LUFKIN 4 1,,LUFKIN 4,,1
N250061,HUNTINGTON 1 1,,HUNTINGTON 1,,1
N250062,HUNTINGTON 2 1,,HUNTINGTON 2,,1
N250063,ZAVALLA 1 1,,ZAVALLA 1,,1
N250064,CHESTER 1 1,,CHESTER 1,,1
N250065,ZAVALLA 2 1,,ZAVALLA 2,,1
N250066,POLLOK 3 1,,POLLOK 3,,1
N250067,GARRISON 4 1,,GARRISON 4,,1
N250068,DIBOLL 2 1,,DIBOLL 2,,1
N250069,MOUNT ENTERPRISE 1 1,,MOUNT ENTERPRISE 1,,1
N250070,CUSHING 3 1,,CUSHING 3,,1
N250071,WODEN 2 1,,WODEN 2,,1
N250072,NACOGDOCHES 3 1,,NACOGDOCHES 3,,1
N250073,ETOILE 2 1,,ETOILE 2,,1
N250074,CAYUGA 2 1,,CAYUGA 2,,1
N250075,KERENS 1 1,,KERENS 1,,1
N250076,PICKTON 1 1,,PICKTON 1,,1
N250077,WINFIELD 1 1,,WINFIELD 1,,1
N250078,COOKVILLE 1 1,,COOKVILLE 1,,1
N250079,COMO 1 1,,COMO 1,,1
N250080,COOKVILLE 2 1,,COOKVILLE 2,,1
N250081,BRASHEAR 1 1,,BRASHEAR 1,,1
N250082,SULPHUR SPRINGS 1 1,,SULPHUR SPRINGS 1,,1
N250083,COMO 2 1,,COMO 2,,1
N250084,QUITMAN 1 1,,QUITMAN 1,,1
N250085,MOUNT VERNON 1 1,,MOUNT VERNON 1,,1
N250086,YANTIS 1 1,,YANTIS 1,,1
N250087,QUITMAN 2 1,,QUITMAN 2,,1
N250088,WINNSBORO 1 1,,WINNSBORO 1,,1
N250089,WINNSBORO 2 1,,WINNSBORO 2,,1
N250090,QUITMAN 3 1,,QUITMAN 3,,1
N250091,SCROGGINS 1 1,,SCROGGINS 1,,1
N250092,WINFIELD 2 1,,WINFIELD 2,,1
N250093,WINNSBORO 3 1,,WINNSBORO 3,,1
N250094,ALBA 2 1,,ALBA 2,,1
N250095,ALBA 3 1,,ALBA 3,,1
N250096,MINEOLA 2 1,,MINEOLA 2,,1
N250097,HAWKINS 1 1,,HAWKINS 1,,1
N250098,SULPHUR SPRINGS 2 1,,SULPHUR SPRINGS 2,,1
N250099,SULPHUR SPRINGS 3 1,,SULPHUR SPRINGS 3,,1
N250100,DIKE 1 1,,DIKE 1,,1
N250101,MOUNT PLEASANT 1 1,,MOUNT PLEASANT 1,,1
N250102,COOKVILLE 3 1,,COOKVILLE 3,,1
N250103,HAWKINS 2 1,,HAWKINS 2,,1
N250104,TALCO 1 1,,TALCO 1,,1
N250105,MINEOLA 3 1,,MINEOLA 3,,1
N250106,WINFIELD 3 1,,WINFIELD 3,,1
N250107,WINFIELD 4 1,,WINFIELD 4,,1
N250108,BRASHEAR 2 1,,BRASHEAR 2,,1
N250109,KIRVIN 2 1,,KIRVIN 2,,1
N250110,FAIRFIELD 1 1,,FAIRFIELD 1,,1
N250111,FAIRFIELD 2 1,,FAIRFIELD 2,,1
N250112,KIRVIN 3 1,,KIRVIN 3,,1
N250113,NEW SUMMERFIELD 1 1,,NEW SUMMERFIELD 1,,1
N250114,GALLATIN 1 1,,GALLATIN 1,,1
N250115,NEW LONDON 1 1,,NEW LONDON 1,,1
N250116,LANEVILLE 1 1,,LANEVILLE 1,,1
N250117,LONG BRANCH 1 1,,LONG BRANCH 1,,1
N250118,GALLATIN 2 1,,GALLATIN 2,,1
N250119,ARP 1 1,,ARP 1,,1
N250120,OVERTON 1 1,,OVERTON 1,,1
N250121,HENDERSON 1 1,,HENDERSON 1,,1
N250122,WINONA 1 1,,WINONA 1,,1
N250123,ARP 2 1,,ARP 2,,1
N250124,ARP 3 1,,ARP 3,,1
N250125,BULLARD 1 1,,BULLARD 1,,1
N250126,BULLARD 2 1,,BULLARD 2,,1
N250127,CUNEY 1 1,,CUNEY 1,,1
N250128,TROUP 1 1,,TROUP 1,,1
N250129,HENDERSON 2 1,,HENDERSON 2,,1
N250130,HENDERSON 3 1,,HENDERSON 3,,1
N250131,LANEVILLE 2 1,,LANEVILLE 2,,1
N250132,GALLATIN 3 1,,GALLATIN 3,,1
N250133,REKLAW 1 1,,REKLAW 1,,1
N250134,REKLAW 2 1,,REKLAW 2,,1
N250135,CUSHING 4 1,,CUSHING 4,,1
N250136,RUSK 1 1,,RUSK 1,,1
N250137,MOUNT ENTERPRISE 2 1,,MOUNT ENTERPRISE 2,,1
N250138,ARP 4 1,,ARP 4,,1
N250139,EASTON 1 1,,EASTON 1,,1
N250140,NEW LONDON 2 1,,NEW LONDON 2,,1
N250141,JACKSONVILLE 1 1,,JACKSONVILLE 1,,1
N250142,KILGORE 1 1,,KILGORE 1,,1
N250143,TATUM 1 1,,TATUM 1,,1
N250144,LONG BRANCH 2 1,,LONG BRANCH 2,,1
N250145,TROUP 2 1,,TROUP 2,,1
N250146,WINONA 2 1,,WINONA 2,,1
N250147,PATTONVILLE 1 1,,PATTONVILLE 1,,1
N250148,SULPHUR BLUFF 1 1,,SULPHUR BLUFF 1,,1
N250149,BLOSSOM 1 1,,BLOSSOM 1,,1
N250150,BAGWELL 1 1,,BAGWELL 1,,1
N250151,CLARKSVILLE 1 1,,CLARKSVILLE 1,,1
N250152,BLOSSOM 2 1,,BLOSSOM 2,,1
N250153,BLOSSOM 3 1,,BLOSSOM 3,,1
N250154,LAKE CREEK 1 1,,LAKE CREEK 1,,1
N250155,DEPORT 1 1,,DEPORT 1,,1
N250156,CLARKSVILLE 2 1,,CLARKSVILLE 2,,1
N250157,CLARKSVILLE 3 1,,CLARKSVILLE 3,,1
N250158,BOGATA 1 1,,BOGATA 1,,1
N250159,BOGATA 2 1,,BOGATA 2,,1
N250160,AVERY 1 1,,AVERY 1,,1
N250161,MOUNT PLEASANT 2 1,,MOUNT PLEASANT 2,,1
N250162,AVERY 2 1,,AVERY 2,,1
N250163,COOPER 2 1,,COOPER 2,,1
N250165,AVERY 3 1,,AVERY 3,,1
N250166,BOGATA 3 1,,BOGATA 3,,1
N250167,DETROIT 1 1,,DETROIT 1,,1
N250168,BAGWELL 2 1,,BAGWELL 2,,1
N250169,OAKWOOD 1 1,,OAKWOOD 1,,1
N250170,TENNESSEE COLONY 1 1,,TENNESSEE COLONY 1,,1
N250171,GRAPELAND 1 1,,GRAPELAND 1,,1
N250172,MONTALBA 1 1,,MONTALBA 1,,1
N250173,OAKWOOD 2 1,,OAKWOOD 2,,1
N250174,NECHES 1 1,,NECHES 1,,1
N250175,ELKHART 1 1,,ELKHART 1,,1
N250176,ELKHART 2 1,,ELKHART 2,,1
N250177,OAKWOOD 3 1,,OAKWOOD 3,,1
N250178,ELKHART 3 1,,ELKHART 3,,1
N250179,LATEXO 1 1,,LATEXO 1,,1
N250180,PALESTINE 1 1,,PALESTINE 1,,1
N250181,RUSK 2 1,,RUSK 2,,1
N250182,GRAPELAND 2 1,,GRAPELAND 2,,1
N250183,GRAPELAND 3 1,,GRAPELAND 3,,1
N250184,ELKHART 4 1,,ELKHART 4,,1
N250185,LATEXO 2 1,,LATEXO 2,,1
N250186,LATEXO 3 1,,LATEXO 3,,1
N250187,KENNARD 1 1,,KENNARD 1,,1
N250188,RATCLIFF 2 1,,RATCLIFF 2,,1
N250189,MONTALBA 2 1,,MONTALBA 2,,1
N250190,PALESTINE 2 1,,PALESTINE 2,,1
N250191,TENNESSEE COLONY 2 1,,TENNESSEE COLONY 2,,1
N250192,GRAPELAND 4 1,,GRAPELAND 4,,1
N250193,CAYUGA 3 1,,CAYUGA 3,,1
N250194,NECHES 2 1,,NECHES 2,,1
N250195,NECHES 3 1,,NECHES 3,,1
N250196,RUSK 3 1,,RUSK 3,,1
N250197,TYLER 2 1,,TYLER 2,,1
N250198,TROUP 3 1,,TROUP 3,,1
N250199,TYLER 3 1,,TYLER 3,,1
N250200,TYLER 4 1,,TYLER 4,,1
N250201,HENDERSON 4 1,,HENDERSON 4,,1
N250202,TYLER 5 1,,TYLER 5,,1
N250203,TYLER 6 1,,TYLER 6,,1
N250204,QUITMAN 4 1,,QUITMAN 4,,1
N250205,NEW SUMMERFIELD 2 1,,NEW SUMMERFIELD 2,,1
N250206,WINONA 3 1,,WINONA 3,,1
N250207,KILGORE 2 1,,KILGORE 2,,1
N250208,TYLER 7 1,,TYLER 7,,1
N250209,HENDERSON 5 1,,HENDERSON 5,,1
N250210,JACKSONVILLE 2 1,,JACKSONVILLE 2,,1
N250211,BROWNSBORO 2 1,,BROWNSBORO 2,,1
N250212,JACKSONVILLE 3 1,,JACKSONVILLE 3,,1
N250213,WINONA 4 1,,WINONA 4,,1
N250214,WHITEHOUSE 1 1,,WHITEHOUSE 1,,1
N250215,TYLER 8 1,,TYLER 8,,1
N250216,TYLER 9 1,,TYLER 9,,1
N250217,HENDERSON 6 1,,HENDERSON 6,,1
N250218,HENDERSON 6 2,,HENDERSON 6,,1
N250219,HAWKINS 3 1,,HAWKINS 3,,1
N250220,TYLER 10 1,,TYLER 10,,1
N250221,TYLER 11 1,,TYLER 11,,1
N250222,TYLER 12 1,,TYLER 12,,1
N250223,TYLER 13 1,,TYLER 13,,1
N250224,TYLER 13 2,,TYLER 13,,1
N250225,ARP 5 1,,ARP 5,,1
N250226,TYLER 14 1,,TYLER 14,,1
N250227,TATUM 2 1,,TATUM 2,,1
N250228,FRANKSTON 2 1,,FRANKSTON 2,,1
N250229,HENDERSON 7 1,,HENDERSON 7,,1
N250230,WHITEHOUSE 2 1,,WHITEHOUSE 2,,1
N250231,CHANDLER 2 1,,CHANDLER 2,,1
N250232,MINEOLA 4 1,,MINEOLA 4,,1
N250233,MINEOLA 5 1,,MINEOLA 5,,1
N250234,MINEOLA 5 2,,MINEOLA 5,,1
N250235,HAWKINS 4 1,,HAWKINS 4,,1
N250236,VAN 2 1,,VAN 2,,1
N250237,LINDALE 3 1,,LINDALE 3,,1
N250238,TYLER 15 1,,TYLER 15,,1
N250239,FLINT 1 1,,FLINT 1,,1
N250240,TYLER 16 1,,TYLER 16,,1
N250241,TYLER 17 1,,TYLER 17,,1
N250242,ARP 6 1,,ARP 6,,1
N250243,NEW LONDON 3 1,,NEW LONDON 3,,1
N250244,CHANDLER 3 1,,CHANDLER 3,,1
N250245,FLINT 2 1,,FLINT 2,,1
N250246,CUNEY 2 1,,CUNEY 2,,1
N250247,FLINT 3 1,,FLINT 3,,1
N250248,FLINT 4 1,,FLINT 4,,1
N250249,WHITEHOUSE 3 1,,WHITEHOUSE 3,,1
N250250,BULLARD 3 1,,BULLARD 3,,1
N250251,BULLARD 4 1,,BULLARD 4,,1
N250252,WHITEHOUSE 4 1,,WHITEHOUSE 4,,1
N250253,EASTON 2 1,,EASTON 2,,1
N250254,HENDERSON 8 1,,HENDERSON 8,,1
N250255,MURCHISON 3 1,,MURCHISON 3,,1
N250256,MURCHISON 4 1,,MURCHISON 4,,1
N250257,JACKSONVILLE 4 1,,JACKSONVILLE 4,,1
N250258,JACKSONVILLE 4 2,,JACKSONVILLE 4,,1
N250259,TYLER 18 1,,TYLER 18,,1
N250260,TYLER 19 1,,TYLER 19,,1
N250261,LINDALE 4 1,,LINDALE 4,,1
N250262,SULPHUR SPRINGS 4 1,,SULPHUR SPRINGS 4,,1
N250263,PARIS 8 1,,PARIS 8,,1
N250264,CLARKSVILLE 4 1,,CLARKSVILLE 4,,1
N250265,MOUNT PLEASANT 3 1,,MOUNT PLEASANT 3,,1
N250266,WINFIELD 5 1,,WINFIELD 5,,1
N250267,WINNSBORO 4 1,,WINNSBORO 4,,1
N250268,PARIS 9 1,,PARIS 9,,1
N250269,BLOSSOM 4 1,,BLOSSOM 4,,1
N250270,DEPORT 2 1,,DEPORT 2,,1
N250271,TALCO 2 1,,TALCO 2,,1
N250272,MOUNT VERNON 2 1,,MOUNT VERNON 2,,1
N250273,DAINGERFIELD 1 1,,DAINGERFIELD 1,,1
N250275,MOUNT PLEASANT 4 1,,MOUNT PLEASANT 4,,1
N250277,SULPHUR SPRINGS 5 1,,SULPHUR SPRINGS 5,,1
N250278,FAIRFIELD 3 1,,FAIRFIELD 3,,1
N250279,DIBOLL 3 1,,DIBOLL 3,,1
N250280,LUFKIN 5 1,,LUFKIN 5,,1
N250281,LUFKIN 6 1,,LUFKIN 6,,1
N250282,LUFKIN 7 1,,LUFKIN 7,,1
N250283,ZAVALLA 3 1,,ZAVALLA 3,,1
N250284,SULPHUR SPRINGS 6 1,,SULPHUR SPRINGS 6,,1
N250285,ALBA 4 1,,ALBA 4,,1
N250286,EMORY 2 1,,EMORY 2,,1
N250287,YANTIS 2 1,,YANTIS 2,,1
N250288,ELKHART 5 1,,ELKHART 5,,1
N250289,FAIRFIELD 4 1,,FAIRFIELD 4,,1
N250291,PALESTINE 3 1,,PALESTINE 3,,1
N250292,PALESTINE 4 1,,PALESTINE 4,,1
N250294,CROCKETT 3 1,,CROCKETT 3,,1
N250295,PALESTINE 5 1,,PALESTINE 5,,1
N250296,GRAPELAND 5 1,,GRAPELAND 5,,1
N250297,STREETMAN 1 1,,STREETMAN 1,,1
N250298,PALESTINE 6 1,,PALESTINE 6,,1
N250299,OAKWOOD 4 1,,OAKWOOD 4,,1
N250300,LATEXO 4 1,,LATEXO 4,,1
N250301,NACOGDOCHES 4 1,,NACOGDOCHES 4,,1
N250303,NACOGDOCHES 5 1,,NACOGDOCHES 5,,1
N250304,NACOGDOCHES 5 2,,NACOGDOCHES 5,,1
N250305,NACOGDOCHES 5 3,,NACOGDOCHES 5,,1
N250306,ALTO 3 1,,ALTO 3,,1
N250307,NACOGDOCHES 6 1,,NACOGDOCHES 6,,1
N250308,NACOGDOCHES 7 1,,NACOGDOCHES 7,,1
N250309,REKLAW 3 1,,REKLAW 3,,1
N250310,RUSK 4 1,,RUSK 4,,1
N250311,MOUNT ENTERPRISE 3 1,,MOUNT ENTERPRISE 3,,1
N250312,GARRISON 5 1,,GARRISON 5,,1
N250313,TATUM 3 1,,TATUM 3,,1
N250314,WODEN 3 1,,WODEN 3,,1
N250315,EUSTACE 2 1,,EUSTACE 2,,1
N250316,MABANK 3 1,,MABANK 3,,1
N250317,ATHENS 3 1,,ATHENS 3,,1
N250318,TRINIDAD 2 1,,TRINIDAD 2,,1
N250319,WILLS POINT 3 1,,WILLS POINT 3,,1
N250320,ATHENS 4 1,,ATHENS 4,,1
N250321,EDGEWOOD 3 1,,EDGEWOOD 3,,1
N250322,GRAND SALINE 2 1,,GRAND SALINE 2,,1
N250323,CANTON 3 1,,CANTON 3,,1
N250324,TRINIDAD 3 1,,TRINIDAD 3,,1
N250325,KERENS 2 1,,KERENS 2,,1
N250326,MALAKOFF 2 1,,MALAKOFF 2,,1
N250327,BEN WHEELER 4 1,,BEN WHEELER 4,,1
N250328,ATHENS 5 1,,ATHENS 5,,1
N250329,ATHENS 5 2,,ATHENS 5,,1
N250330,TRINIDAD 4 1,,TRINIDAD 4,,1
N250331,LUFKIN 8 1,,LUFKIN 8,,1
N250332,DIBOLL 4 1,,DIBOLL 4,,1
N250333,LUFKIN 9 1,,LUFKIN 9,,1
N250334,LUFKIN 10 1,,LUFKIN 10,,1
N250335,LUFKIN 11 1,,LUFKIN 11,,1
N250336,KENNARD 2 1,,KENNARD 2,,1
N250337,LUFKIN 12 1,,LUFKIN 12,,1
N250338,WELLS 2 1,,WELLS 2,,1
N250339,POLLOK 4 1,,POLLOK 4,,1
N250340,LUFKIN 13 1,,LUFKIN 13,,1
N250341,LUFKIN 14 1,,LUFKIN 14,,1
N250343,LUFKIN 15 1,,LUFKIN 15,,1
N250344,LUFKIN 16 1,,LUFKIN 16,,1
N250345,REKLAW 4 1,,REKLAW 4,,1
N250346,REKLAW 4 2,,REKLAW 4,,1
N250347,REKLAW 4 3,,REKLAW 4,,1
N250348,REKLAW 4 4,,REKLAW 4,,1
N250349,REKLAW 4 5,,REKLAW 4,,1
N250350,REKLAW 4 6,,REKLAW 4,,1
N250351,REKLAW 4 7,,REKLAW 4,,1
N250352,TRINIDAD 5 1,,TRINIDAD 5,,1
N250353,TRINIDAD 5 2,,TRINIDAD 5,,1
N250354,TRINIDAD 5 3,,TRINIDAD 5,,1
N250355,TRINIDAD 5 4,,TRINIDAD 5,,1
N250356,TRINIDAD 5 5,,TRINIDAD 5,,1
N250357,TATUM 4 1,,TATUM 4,,1
N250358,TATUM 4 2,,TATUM 4,,1
N250359,TATUM 4 3,,TATUM 4,,1
N250360,TATUM 4 4,,TATUM 4,,1
N250361,LONG BRANCH 3 1,,LONG BRANCH 3,,1
N250362,LONG BRANCH 3 2,,LONG BRANCH 3,,1
N250363,LONG BRANCH 3 3,,LONG BRANCH 3,,1
N250364,LONG BRANCH 3 4,,LONG BRANCH 3,,1
N250365,LONG BRANCH 3 5,,LONG BRANCH 3,,1
N250366,FAIRFIELD 5 1,,FAIRFIELD 5,,1
N250367,FAIRFIELD 5 2,,FAIRFIELD 5,,1
N250368,FAIRFIELD 5 3,,FAIRFIELD 5,,1
N250369,FAIRFIELD 5 4,,FAIRFIELD 5,,1
N250370,FAIRFIELD 5 5,,FAIRFIELD 5,,1
N250371,FAIRFIELD 5 6,,FAIRFIELD 5,,1
N250372,FAIRFIELD 5 7,,FAIRFIELD 5,,1
N250373,SACUL 2 1,,SACUL 2,,1
N250374,SACUL 2 2,,SACUL 2,,1
N250375,BLOSSOM 5 1,,BLOSSOM 5,,1
N250376,BLOSSOM 5 2,,BLOSSOM 5,,1
N260001,HILLSBORO 1 1,,HILLSBORO 1,,1
N260002,WHITNEY 6 1,,WHITNEY 6,,1
N260003,BRANDON 1 1,,BRANDON 1,,1
N260004,ITASCA 1 1,,ITASCA 1,,1
N260005,PENELOPE 1 1,,PENELOPE 1,,1
N260006,ITASCA 2 1,,ITASCA 2,,1
N260007,BYNUM 1 1,,BYNUM 1,,1
N260008,MALONE 1 1,,MALONE 1,,1
N260009,HUBBARD 1 1,,HUBBARD 1,,1
N260010,MERTENS 1 1,,MERTENS 1,,1
N260011,LEROY 1 1,,LEROY 1,,1
N260012,MILFORD 1 1,,MILFORD 1,,1
N260013,MAYPEARL 1 1,,MAYPEARL 1,,1
N260014,MIDLOTHIAN 1 1,,MIDLOTHIAN 1,,1
N260015,MIDLOTHIAN 2 1,,MIDLOTHIAN 2,,1
N260016,FORRESTON 1 1,,FORRESTON 1,,1
N260017,MERTENS 2 1,,MERTENS 2,,1
N260018,FROST 1 1,,FROST 1,,1
N260019,MILFORD 2 1,,MILFORD 2,,1
N260020,MOUNT CALM 1 1,,MOUNT CALM 1,,1
N260021,LEROY 2 1,,LEROY 2,,1
N260022,KENNEDALE 10 1,,KENNEDALE 10,,1
N260023,KENNEDALE 10 2,,KENNEDALE 10,,1
N260024,KENNEDALE 11 1,,KENNEDALE 11,,1
N260025,KENNEDALE 11 2,,KENNEDALE 11,,1
N260026,KENNEDALE 12 1,,KENNEDALE 12,,1
N260027,HURST 1 1,,HURST 1,,1
N260028,KENNEDALE 13 1,,KENNEDALE 13,,1
N260029,CEDAR HILL 1 1,,CEDAR HILL 1,,1
N260030,GRAND PRAIRIE 4 1,,GRAND PRAIRIE 4,,1
N260031,GRAND PRAIRIE 5 1,,GRAND PRAIRIE 5,,1
N260032,GRAND PRAIRIE 6 1,,GRAND PRAIRIE 6,,1
N260033,GRAND PRAIRIE 7 1,,GRAND PRAIRIE 7,,1
N260034,GRAND PRAIRIE 7 2,,GRAND PRAIRIE 7,,1
N260035,GRAND PRAIRIE 8 1,,GRAND PRAIRIE 8,,1
N260036,GRAND PRAIRIE 8 2,,GRAND PRAIRIE 8,,1
N260037,GRAND PRAIRIE 9 1,,GRAND PRAIRIE 9,,1
N260038,GRAND PRAIRIE 10 1,,GRAND PRAIRIE 10,,1
N260039,GRAND PRAIRIE 10 2,,GRAND PRAIRIE 10,,1
N260040,GRAND PRAIRIE 10 3,,GRAND PRAIRIE 10,,1
N260041,GRAND PRAIRIE 10 4,,GRAND PRAIRIE 10,,1
N260042,GRAND PRAIRIE 11 1,,GRAND PRAIRIE 11,,1
N260043,GRAND PRAIRIE 11 2,,GRAND PRAIRIE 11,,1
N260044,CEDAR HILL 2 1,,CEDAR HILL 2,,1
N260045,CEDAR HILL 2 2,,CEDAR HILL 2,,1
N260046,GRAND PRAIRIE 12 1,,GRAND PRAIRIE 12,,1
N260047,IRVING 6 1,,IRVING 6,,1
N260048,IRVING 6 2,,IRVING 6,,1
N260049,GRAND PRAIRIE 13 1,,GRAND PRAIRIE 13,,1
N260050,GRAND PRAIRIE 13 2,,GRAND PRAIRIE 13,,1
N260051,IRVING 7 1,,IRVING 7,,1
N260052,GRAND PRAIRIE 14 1,,GRAND PRAIRIE 14,,1
N260053,GRAND PRAIRIE 15 1,,GRAND PRAIRIE 15,,1
N260054,GRAND PRAIRIE 16 1,,GRAND PRAIRIE 16,,1
N260055,GRAND PRAIRIE 17 1,,GRAND PRAIRIE 17,,1
N260056,IRVING 8 1,,IRVING 8,,1
N260057,IRVING 9 1,,IRVING 9,,1
N260058,GRAND PRAIRIE 18 1,,GRAND PRAIRIE 18,,1
N260059,GRAND PRAIRIE 19 1,,GRAND PRAIRIE 19,,1
N260060,GRAND PRAIRIE 20 1,,GRAND PRAIRIE 20,,1
N260061,ARLINGTON 1 1,,ARLINGTON 1,,1
N260062,ARLINGTON 2 1,,ARLINGTON 2,,1
N260063,ARLINGTON 2 2,,ARLINGTON 2,,1
N260064,MANSFIELD 1 1,,MANSFIELD 1,,1
N260065,MANSFIELD 1 2,,MANSFIELD 1,,1
N260066,ARLINGTON 3 1,,ARLINGTON 3,,1
N260067,ARLINGTON 4 1,,ARLINGTON 4,,1
N260068,ARLINGTON 5 1,,ARLINGTON 5,,1
N260069,MANSFIELD 2 1,,MANSFIELD 2,,1
N260070,MANSFIELD 3 1,,MANSFIELD 3,,1
N260071,MANSFIELD 4 1,,MANSFIELD 4,,1
N260072,KENNEDALE 14 1,,KENNEDALE 14,,1
N260073,ARLINGTON 6 1,,ARLINGTON 6,,1
N260074,ARLINGTON 6 2,,ARLINGTON 6,,1
N260075,ARLINGTON 7 1,,ARLINGTON 7,,1
N260076,MANSFIELD 5 1,,MANSFIELD 5,,1
N260077,MANSFIELD 5 2,,MANSFIELD 5,,1
N260078,MANSFIELD 6 1,,MANSFIELD 6,,1
N260079,ARLINGTON 8 1,,ARLINGTON 8,,1
N260080,MANSFIELD 7 1,,MANSFIELD 7,,1
N260081,ARLINGTON 9 1,,ARLINGTON 9,,1
N260082,ARLINGTON 10 1,,ARLINGTON 10,,1
N260083,ARLINGTON 11 1,,ARLINGTON 11,,1
N260084,CEDAR HILL 3 1,,CEDAR HILL 3,,1
N260085,CEDAR HILL 3 2,,CEDAR HILL 3,,1
N260086,HURST 2 1,,HURST 2,,1
N260087,HURST 3 1,,HURST 3,,1
N260088,ALVARADO 1 1,,ALVARADO 1,,1
N260089,ALVARADO 1 2,,ALVARADO 1,,1
N260090,GRANDVIEW 1 1,,GRANDVIEW 1,,1
N260091,GRANDVIEW 1 2,,GRANDVIEW 1,,1
N260092,VENUS 1 1,,VENUS 1,,1
N260093,VENUS 1 2,,VENUS 1,,1
N260094,GRANDVIEW 2 1,,GRANDVIEW 2,,1
N260095,ALVARADO 2 1,,ALVARADO 2,,1
N260096,GRANDVIEW 3 1,,GRANDVIEW 3,,1
N260097,GRANDVIEW 4 1,,GRANDVIEW 4,,1
N260098,ALVARADO 3 1,,ALVARADO 3,,1
N260099,COPPELL 7 1,,COPPELL 7,,1
N260100,COPPELL 8 1,,COPPELL 8,,1
N260101,GRAPEVINE 1 1,,GRAPEVINE 1,,1
N260102,GRAPEVINE 2 1,,GRAPEVINE 2,,1
N260103,COPPELL 9 1,,COPPELL 9,,1
N260104,COPPELL 9 2,,COPPELL 9,,1
N260105,COPPELL 10 1,,COPPELL 10,,1
N260106,COPPELL 10 2,,COPPELL 10,,1
N260107,COPPELL 10 3,,COPPELL 10,,1
N260108,LEWISVILLE 6 1,,LEWISVILLE 6,,1
N260109,LEWISVILLE 6 2,,LEWISVILLE 6,,1
N260110,LEWISVILLE 6 3,,LEWISVILLE 6,,1
N260111,LEWISVILLE 6 4,,LEWISVILLE 6,,1
N260112,FLOWER MOUND 1 1,,FLOWER MOUND 1,,1
N260113,LAKE DALLAS 5 1,,LAKE DALLAS 5,,1
N260114,LAKE DALLAS 5 2,,LAKE DALLAS 5,,1
N260115,LEWISVILLE 7 1,,LEWISVILLE 7,,1
N260116,FLOWER MOUND 2 1,,FLOWER MOUND 2,,1
N260117,FLOWER MOUND 2 2,,FLOWER MOUND 2,,1
N260118,FLOWER MOUND 3 1,,FLOWER MOUND 3,,1
N260119,CEDAR HILL 4 1,,CEDAR HILL 4,,1
N260120,CEDAR HILL 4 2,,CEDAR HILL 4,,1
N260121,CEDAR HILL 4 3,,CEDAR HILL 4,,1
N260122,DUNCANVILLE 15 1,,DUNCANVILLE 15,,1
N260123,DUNCANVILLE 15 2,,DUNCANVILLE 15,,1
N260124,DUNCANVILLE 16 1,,DUNCANVILLE 16,,1
N260125,CEDAR HILL 5 1,,CEDAR HILL 5,,1
N260126,CEDAR HILL 6 1,,CEDAR HILL 6,,1
N260127,CEDAR HILL 7 1,,CEDAR HILL 7,,1
N260128,MANSFIELD 8 1,,MANSFIELD 8,,1
N260129,MANSFIELD 8 2,,MANSFIELD 8,,1
N260130,LILLIAN 1 1,,LILLIAN 1,,1
N260131,LILLIAN 2 1,,LILLIAN 2,,1
N260132,LILLIAN 3 1,,LILLIAN 3,,1
N260133,LILLIAN 4 1,,LILLIAN 4,,1
N260134,LILLIAN 4 2,,LILLIAN 4,,1
N260135,VENUS 2 1,,VENUS 2,,1
N260136,MANSFIELD 9 1,,MANSFIELD 9,,1
N260137,BEDFORD 1 1,,BEDFORD 1,,1
N260138,BEDFORD 1 2,,BEDFORD 1,,1
N260139,BEDFORD 1 3,,BEDFORD 1,,1
N260140,BEDFORD 2 1,,BEDFORD 2,,1
N260141,HURST 4 1,,HURST 4,,1
N260142,HURST 4 2,,HURST 4,,1
N260143,BEDFORD 3 1,,BEDFORD 3,,1
N260144,BEDFORD 3 2,,BEDFORD 3,,1
N260145,COLLEYVILLE 3 1,,COLLEYVILLE 3,,1
N260146,COLLEYVILLE 3 2,,COLLEYVILLE 3,,1
N260147,EULESS 1 1,,EULESS 1,,1
N260148,COLLEYVILLE 4 1,,COLLEYVILLE 4,,1
N260149,BEDFORD 4 1,,BEDFORD 4,,1
N260150,EULESS 2 1,,EULESS 2,,1
N260151,EULESS 3 1,,EULESS 3,,1
N260152,EULESS 3 2,,EULESS 3,,1
N260153,COLLEYVILLE 5 1,,COLLEYVILLE 5,,1
N260154,GRAPEVINE 3 1,,GRAPEVINE 3,,1
N260155,SOUTHLAKE 3 1,,SOUTHLAKE 3,,1
N260156,SOUTHLAKE 3 2,,SOUTHLAKE 3,,1
N260157,SOUTHLAKE 4 1,,SOUTHLAKE 4,,1
N260158,GRAPEVINE 4 1,,GRAPEVINE 4,,1
N260159,GRAPEVINE 4 2,,GRAPEVINE 4,,1
N260160,SOUTHLAKE 5 1,,SOUTHLAKE 5,,1
N260161,COLLEYVILLE 6 1,,COLLEYVILLE 6,,1
N260162,COLLEYVILLE 7 1,,COLLEYVILLE 7,,1
N260163,SOUTHLAKE 6 1,,SOUTHLAKE 6,,1
N260164,FLOWER MOUND 4 1,,FLOWER MOUND 4,,1
N260165,ARGYLE 4 1,,ARGYLE 4,,1
N260166,ARGYLE 5 1,,ARGYLE 5,,1
N260167,ARLINGTON 12 1,,ARLINGTON 12,,1
N260168,ARLINGTON 13 1,,ARLINGTON 13,,1
N260169,ARLINGTON 14 1,,ARLINGTON 14,,1
N260170,ARLINGTON 14 2,,ARLINGTON 14,,1
N260171,GRAND PRAIRIE 21 1,,GRAND PRAIRIE 21,,1
N260172,HURST 5 1,,HURST 5,,1
N260173,GRAND PRAIRIE 22 1,,GRAND PRAIRIE 22,,1
N260174,GRAND PRAIRIE 22 2,,GRAND PRAIRIE 22,,1
N260175,GRAND PRAIRIE 23 1,,GRAND PRAIRIE 23,,1
N260176,GRAND PRAIRIE 23 2,,GRAND PRAIRIE 23,,1
N260177,HURST 6 1,,HURST 6,,1
N260178,ARLINGTON 15 1,,ARLINGTON 15,,1
N260179,HURST 7 1,,HURST 7,,1
N260180,HURST 8 1,,HURST 8,,1
N260181,HURST 9 1,,HURST 9,,1
N260182,HURST 9 2,,HURST 9,,1
N260183,GRAND PRAIRIE 24 1,,GRAND PRAIRIE 24,,1
N260184,DENTON 11 1,,DENTON 11,,1
N260185,HILLSBORO 2 1,,HILLSBORO 2,,1
N260186,HILLSBORO 2 2,,HILLSBORO 2,,1
N260187,ITASCA 3 1,,ITASCA 3,,1
N260188,HUBBARD 2 1,,HUBBARD 2,,1
N260189,CEDAR HILL 8 1,,CEDAR HILL 8,,1
N260190,CEDAR HILL 9 1,,CEDAR HILL 9,,1
N260191,MIDLOTHIAN 3 1,,MIDLOTHIAN 3,,1
N260192,WAXAHACHIE 6 1,,WAXAHACHIE 6,,1
N260193,MIDLOTHIAN 4 1,,MIDLOTHIAN 4,,1
N260194,MIDLOTHIAN 5 1,,MIDLOTHIAN 5,,1
N260195,MIDLOTHIAN 6 1,,MIDLOTHIAN 6,,1
N260196,MIDLOTHIAN 7 1,,MIDLOTHIAN 7,,1
N260197,MIDLOTHIAN 8 1,,MIDLOTHIAN 8,,1
N260198,MAYPEARL 2 1,,MAYPEARL 2,,1
N260199,ITALY 2 1,,ITALY 2,,1
N260200,MIDLOTHIAN 9 1,,MIDLOTHIAN 9,,1
N260201,HURST 10 1,,HURST 10,,1
N260202,HURST 10 2,,HURST 10,,1
N260203,HURST 10 3,,HURST 10,,1
N260204,HURST 10 4,,HURST 10,,1
N260205,HURST 10 5,,HURST 10,,1
N260206,VENUS 3 1,,VENUS 3,,1
N260207,VENUS 3 2,,VENUS 3,,1
N260208,VENUS 3 3,,VENUS 3,,1
N260209,VENUS 3 4,,VENUS 3,,1
N260210,VENUS 3 5,,VENUS 3,,1
N260211,VENUS 3 6,,VENUS 3,,1
N260212,VENUS 3 7,,VENUS 3,,1
N260213,VENUS 3 8,,VENUS 3,,1
N260214,COPPELL 11 1,,COPPELL 11,,1
N260215,COPPELL 11 2,,COPPELL 11,,1
N260216,COPPELL 11 3,,COPPELL 11,,1
N260217,COPPELL 11 4,,COPPELL 11,,1
N260218,COPPELL 11 5,,COPPELL 11,,1
N260219,COPPELL 11 6,,COPPELL 11,,1
N260220,EULESS 4 1,,EULESS 4,,1
N260221,EULESS 4 2,,EULESS 4,,1
N270001,STONEWALL 2 1,,STONEWALL 2,,1
N270002,STONEWALL 2 2,,STONEWALL 2,,1
N270003,JOHNSON CITY 1 1,,JOHNSON CITY 1,,1
N270004,JOHNSON CITY 2 1,,JOHNSON CITY 2,,1
N270005,BLANCO 1 1,,BLANCO 1,,1
N270006,WIMBERLEY 1 1,,WIMBERLEY 1,,1
N270007,STONEWALL 3 1,,STONEWALL 3,,1
N270008,JOHNSON CITY 3 1,,JOHNSON CITY 3,,1
N270009,HYE 1 1,,HYE 1,,1
N270010,BLANCO 2 1,,BLANCO 2,,1
N270011,HYE 2 1,,HYE 2,,1
N270012,WILLOW CITY 3 1,,WILLOW CITY 3,,1
N270013,WAELDER 1 1,,WAELDER 1,,1
N270014,GONZALES 1 1,,GONZALES 1,,1
N270015,SWEET HOME 1 1,,SWEET HOME 1,,1
N270016,HALLETTSVILLE 1 1,,HALLETTSVILLE 1,,1
N270017,WAELDER 2 1,,WAELDER 2,,1
N270018,FLATONIA 1 1,,FLATONIA 1,,1
N270019,FLATONIA 2 1,,FLATONIA 2,,1
N270020,GONZALES 2 1,,GONZALES 2,,1
N270021,COST 1 1,,COST 1,,1
N270022,GONZALES 3 1,,GONZALES 3,,1
N270023,WESTHOFF 1 1,,WESTHOFF 1,,1
N270024,GONZALES 4 1,,GONZALES 4,,1
N270025,SHINER 1 1,,SHINER 1,,1
N270026,SHINER 2 1,,SHINER 2,,1
N270028,SHINER 3 1,,SHINER 3,,1
N270029,SWEET HOME 2 1,,SWEET HOME 2,,1
N270030,SWEET HOME 3 1,,SWEET HOME 3,,1
N270031,SWEET HOME 4 1,,SWEET HOME 4,,1
N270032,CUERO 1 1,,CUERO 1,,1
N270033,YOAKUM 1 1,,YOAKUM 1,,1
N270034,YOAKUM 2 1,,YOAKUM 2,,1
N270035,YOAKUM 3 1,,YOAKUM 3,,1
N270036,HARWOOD 1 1,,HARWOOD 1,,1
N270037,FLATONIA 3 1,,FLATONIA 3,,1
N270038,SCHULENBURG 6 1,,SCHULENBURG 6,,1
N270039,MOULTON 1 1,,MOULTON 1,,1
N270040,SCHULENBURG 7 1,,SCHULENBURG 7,,1
N270041,OAKLAND 2 1,,OAKLAND 2,,1
N270042,MOULTON 2 1,,MOULTON 2,,1
N270043,HALLETTSVILLE 2 1,,HALLETTSVILLE 2,,1
N270044,HALLETTSVILLE 3 1,,HALLETTSVILLE 3,,1
N270045,HALLETTSVILLE 4 1,,HALLETTSVILLE 4,,1
N270046,HALLETTSVILLE 5 1,,HALLETTSVILLE 5,,1
N270047,EDNA 6 1,,EDNA 6,,1
N270048,WRIGHTSBORO 1 1,,WRIGHTSBORO 1,,1
N270049,CUERO 2 1,,CUERO 2,,1
N270050,COST 2 1,,COST 2,,1
N270051,HALLETTSVILLE 6 1,,HALLETTSVILLE 6,,1
N270052,YOAKUM 4 1,,YOAKUM 4,,1
N270053,MAXWELL 1 1,,MAXWELL 1,,1
N270054,DALE 2 1,,DALE 2,,1
N270055,MARTINDALE 1 1,,MARTINDALE 1,,1
N270056,LOCKHART 1 1,,LOCKHART 1,,1
N270057,DALE 3 1,,DALE 3,,1
N270058,LULING 1 1,,LULING 1,,1
N270059,ROSANKY 2 1,,ROSANKY 2,,1
N270060,WAELDER 3 1,,WAELDER 3,,1
N270061,HARWOOD 2 1,,HARWOOD 2,,1
N270062,LULING 2 1,,LULING 2,,1
N270063,LOCKHART 2 1,,LOCKHART 2,,1
N270064,DALE 4 1,,DALE 4,,1
N270065,PRAIRIE LEA 1 1,,PRAIRIE LEA 1,,1
N270066,LEESVILLE 1 1,,LEESVILLE 1,,1
N270067,PANDORA 1 1,,PANDORA 1,,1
N270068,GILLETT 1 1,,GILLETT 1,,1
N270069,NIXON 1 1,,NIXON 1,,1
N270070,SMILEY 1 1,,SMILEY 1,,1
N270071,WRIGHTSBORO 2 1,,WRIGHTSBORO 2,,1
N270072,LEESVILLE 2 1,,LEESVILLE 2,,1
N270073,JOHNSON CITY 4 1,,JOHNSON CITY 4,,1
N270074,BLANCO 3 1,,BLANCO 3,,1
N270075,CUERO 3 1,,CUERO 3,,1
N270076,YORKTOWN 1 1,,YORKTOWN 1,,1
N270077,WESTHOFF 2 1,,WESTHOFF 2,,1
N270078,NORDHEIM 2 1,,NORDHEIM 2,,1
N270079,NORDHEIM 3 1,,NORDHEIM 3,,1
N270080,CUERO 4 1,,CUERO 4,,1
N270081,YORKTOWN 2 1,,YORKTOWN 2,,1
N270082,CUERO 5 1,,CUERO 5,,1
N270083,NURSERY 4 1,,NURSERY 4,,1
N270084,EDNA 7 1,,EDNA 7,,1
N270085,NURSERY 5 1,,NURSERY 5,,1
N270086,INEZ 4 1,,INEZ 4,,1
N270087,NURSERY 6 1,,NURSERY 6,,1
N270088,CUERO 6 1,,CUERO 6,,1
N270089,YORKTOWN 3 1,,YORKTOWN 3,,1
N270090,SWEET HOME 5 1,,SWEET HOME 5,,1
N270091,SHINER 4 1,,SHINER 4,,1
N270092,LOCKHART 3 1,,LOCKHART 3,,1
N270094,GONZALES 5 1,,GONZALES 5,,1
N270095,NIXON 2 1,,NIXON 2,,1
N270096,LULING 3 1,,LULING 3,,1
N270097,MOULTON 3 1,,MOULTON 3,,1
N270098,HALLETTSVILLE 7 1,,HALLETTSVILLE 7,,1
N270099,KYLE 1 1,,KYLE 1,,1
N270100,KYLE 1 2,,KYLE 1,,1
N270101,KYLE 2 1,,KYLE 2,,1
N270102,KYLE 2 2,,KYLE 2,,1
N270103,KYLE 3 1,,KYLE 3,,1
N270104,MANCHACA 12 1,,MANCHACA 12,,1
N270105,KYLE 4 1,,KYLE 4,,1
N270106,SEGUIN 1 1,,SEGUIN 1,,1
N270107,MC QUEENEY 1 1,,MC QUEENEY 1,,1
N270108,MC QUEENEY 2 1,,MC QUEENEY 2,,1
N270109,SEGUIN 2 1,,SEGUIN 2,,1
N270110,SEGUIN 3 1,,SEGUIN 3,,1
N270111,SEGUIN 4 1,,SEGUIN 4,,1
N270112,SEGUIN 5 1,,SEGUIN 5,,1
N270113,LA VERNIA 3 1,,LA VERNIA 3,,1
N270114,LA VERNIA 3 2,,LA VERNIA 3,,1
N270115,KINGSBURY 1 1,,KINGSBURY 1,,1
N270116,KINGSBURY 2 1,,KINGSBURY 2,,1
N270117,KINGSBURY 3 1,,KINGSBURY 3,,1
N270118,KINGSBURY 4 1,,KINGSBURY 4,,1
N270119,KINGSBURY 5 1,,KINGSBURY 5,,1
N270120,LA VERNIA 4 1,,LA VERNIA 4,,1
N270121,SEGUIN 6 1,,SEGUIN 6,,1
N270122,SEGUIN 6 2,,SEGUIN 6,,1
N270123,MC QUEENEY 3 1,,MC QUEENEY 3,,1
N270124,SEGUIN 7 1,,SEGUIN 7,,1
N270125,CANYON LAKE 1 1,,CANYON LAKE 1,,1
N270126,FISCHER 1 1,,FISCHER 1,,1
N270127,SPRING BRANCH 5 1,,SPRING BRANCH 5,,1
N270128,SPRING BRANCH 6 1,,SPRING BRANCH 6,,1
N270129,CANYON LAKE 2 1,,CANYON LAKE 2,,1
N270130,CANYON LAKE 3 1,,CANYON LAKE 3,,1
N270131,CANYON LAKE 4 1,,CANYON LAKE 4,,1
N270132,FISCHER 2 1,,FISCHER 2,,1
N270133,CANYON LAKE 5 1,,CANYON LAKE 5,,1
N270134,CANYON LAKE 5 2,,CANYON LAKE 5,,1
N270135,CANYON LAKE 6 1,,CANYON LAKE 6,,1
N270136,DRIPPING SPRINGS 8 1,,DRIPPING SPRINGS 8,,1
N270137,DRIPPING SPRINGS 9 1,,DRIPPING SPRINGS 9,,1
N270138,DRIFTWOOD 4 1,,DRIFTWOOD 4,,1
N270139,DRIFTWOOD 5 1,,DRIFTWOOD 5,,1
N270140,WIMBERLEY 2 1,,WIMBERLEY 2,,1
N270141,WIMBERLEY 2 2,,WIMBERLEY 2,,1
N270142,WIMBERLEY 3 1,,WIMBERLEY 3,,1
N270143,WIMBERLEY 4 1,,WIMBERLEY 4,,1
N270144,FISCHER 3 1,,FISCHER 3,,1
N270145,WIMBERLEY 5 1,,WIMBERLEY 5,,1
N270146,DRIFTWOOD 6 1,,DRIFTWOOD 6,,1
N270147,WIMBERLEY 6 1,,WIMBERLEY 6,,1
N270148,DRIFTWOOD 7 1,,DRIFTWOOD 7,,1
N270149,DRIFTWOOD 7 2,,DRIFTWOOD 7,,1
N270150,WIMBERLEY 7 1,,WIMBERLEY 7,,1
N270151,SAN MARCOS 1 1,,SAN MARCOS 1,,1
N270152,SAN MARCOS 1 2,,SAN MARCOS 1,,1
N270153,SAN MARCOS 2 1,,SAN MARCOS 2,,1
N270154,SAN MARCOS 2 2,,SAN MARCOS 2,,1
N270155,SAN MARCOS 2 3,,SAN MARCOS 2,,1
N270156,SAN MARCOS 3 1,,SAN MARCOS 3,,1
N270157,SAN MARCOS 3 2,,SAN MARCOS 3,,1
N270158,SAN MARCOS 4 1,,SAN MARCOS 4,,1
N270159,SAN MARCOS 5 1,,SAN MARCOS 5,,1
N270160,SAN MARCOS 5 2,,SAN MARCOS 5,,1
N270161,SAN MARCOS 6 1,,SAN MARCOS 6,,1
N270162,MARTINDALE 2 1,,MARTINDALE 2,,1
N270163,MARTINDALE 3 1,,MARTINDALE 3,,1
N270164,FENTRESS 1 1,,FENTRESS 1,,1
N270165,NEW BRAUNFELS 1 1,,NEW BRAUNFELS 1,,1
N270166,NEW BRAUNFELS 2 1,,NEW BRAUNFELS 2,,1
N270167,NEW BRAUNFELS 2 2,,NEW BRAUNFELS 2,,1
N270168,NEW BRAUNFELS 3 1,,NEW BRAUNFELS 3,,1
N270169,NEW BRAUNFELS 3 2,,NEW BRAUNFELS 3,,1
N270170,NEW BRAUNFELS 4 1,,NEW BRAUNFELS 4,,1
N270171,NEW BRAUNFELS 5 1,,NEW BRAUNFELS 5,,1
N270172,NEW BRAUNFELS 6 1,,NEW BRAUNFELS 6,,1
N270173,NEW BRAUNFELS 7 1,,NEW BRAUNFELS 7,,1
N270174,NEW BRAUNFELS 8 1,,NEW BRAUNFELS 8,,1
N270175,NEW BRAUNFELS 9 1,,NEW BRAUNFELS 9,,1
N270176,CIBOLO 8 1,,CIBOLO 8,,1
N270177,NEW BRAUNFELS 10 1,,NEW BRAUNFELS 10,,1
N270178,NEW BRAUNFELS 11 1,,NEW BRAUNFELS 11,,1
N270179,NEW BRAUNFELS 12 1,,NEW BRAUNFELS 12,,1
N270180,NEW BRAUNFELS 12 2,,NEW BRAUNFELS 12,,1
N270181,NEW BRAUNFELS 12 3,,NEW BRAUNFELS 12,,1
N270182,MC QUEENEY 4 1,,MC QUEENEY 4,,1
N270183,CIBOLO 9 1,,CIBOLO 9,,1
N270184,MARION 1 1,,MARION 1,,1
N270185,CANYON LAKE 7 1,,CANYON LAKE 7,,1
N270186,CANYON LAKE 7 2,,CANYON LAKE 7,,1
N270187,MC QUEENEY 5 1,,MC QUEENEY 5,,1
N270188,MC QUEENEY 5 2,,MC QUEENEY 5,,1
N270189,MC QUEENEY 5 3,,MC QUEENEY 5,,1
N270190,MC QUEENEY 5 4,,MC QUEENEY 5,,1
N270191,MC QUEENEY 6 1,,MC QUEENEY 6,,1
N270192,MC QUEENEY 6 2,,MC QUEENEY 6,,1
N270193,COST 3 1,,COST 3,,1
N270194,COST 3 2,,COST 3,,1
N270195,GONZALES 6 1,,GONZALES 6,,1
N270196,GONZALES 6 2,,GONZALES 6,,1
N270197,SEGUIN 8 1,,SEGUIN 8,,1
N270198,SEGUIN 8 2,,SEGUIN 8,,1
N270199,SEGUIN 8 3,,SEGUIN 8,,1
N270200,SEGUIN 8 4,,SEGUIN 8,,1
N270201,SEGUIN 9 1,,SEGUIN 9,,1
N270202,SEGUIN 9 2,,SEGUIN 9,,1
N270203,GONZALES 7 1,,GONZALES 7,,1
N270204,GONZALES 7 2,,GONZALES 7,,1
N270205,GONZALES 7 3,,GONZALES 7,,1
N270206,SEGUIN 10 1,,SEGUIN 10,,1
N270207,SEGUIN 10 2,,SEGUIN 10,,1
N270208,SEGUIN 10 3,,SEGUIN 10,,1
N270209,SEGUIN 10 4,,SEGUIN 10,,1
N270210,SEGUIN 10 5,,SEGUIN 10,,1
N270211,SAN MARCOS 7 1,,SAN MARCOS 7,,1
N270212,SAN MARCOS 7 2,,SAN MARCOS 7,,1
N270213,SAN MARCOS 7 3,,SAN MARCOS 7,,1
N270214,SAN MARCOS 7 4,,SAN MARCOS 7,,1
N270215,SAN MARCOS 7 5,,SAN MARCOS 7,,1
N270216,MARION 2 1,,MARION 2,,1
N270217,MARION 2 2,,MARION 2,,1
N270218,MARION 2 3,,MARION 2,,1
N270219,MARION 2 4,,MARION 2,,1
N270220,MARION 2 5,,MARION 2,,1
N270221,MARION 2 6,,MARION 2,,1
N270222,MARION 2 7,,MARION 2,,1
N270223,NEW BRAUNFELS 13 1,,NEW BRAUNFELS 13,,1
N270224,NEW BRAUNFELS 13 2,,NEW BRAUNFELS 13,,1
N270225,DUNCANVILLE 14 1,,DUNCANVILLE 14,,1
