State,Enode,GenMw,LoadMw,GenNode,LoadNode
0,N110001,0.000,0.218,0,0
0,N110002,0.000,0.000,0,0
0,N110003,0.000,0.000,0,0
0,N110004,0.000,0.000,0,0
0,N110005,0.000,79.700,0,0
0,N110006,0.000,0.000,0,0
0,N110007,0.000,0.000,0,0
0,N110008,0.000,0.000,0,0
0,N110009,0.000,5.900,0,0
0,N110010,0.000,0.000,0,0
0,N110011,0.000,0.000,0,0
0,N110012,0.000,0.000,0,0
0,N110013,0.000,15.300,0,0
0,N110014,0.000,0.000,0,0
0,N110015,0.000,0.000,0,0
0,N110016,0.000,0.000,0,0
0,N110017,0.000,11.000,0,0
0,N110018,0.000,0.000,0,0
0,N110019,0.000,0.000,0,0
0,N110020,0.000,0.000,0,0
0,N110021,0.000,8.300,0,0
0,N110022,0.000,0.000,0,0
0,N110023,0.000,0.000,0,0
0,N110024,0.000,0.000,0,0
0,N110025,0.000,7.300,0,0
0,N110026,0.000,0.000,0,0
0,N110027,0.000,0.000,0,0
0,N110028,0.000,0.000,0,0
0,N110029,0.000,7.700,0,0
0,N110030,0.000,0.000,0,0
0,N110031,0.000,0.000,0,0
0,N110032,0.000,0.000,0,0
0,N110033,0.000,7.500,0,0
0,N110034,0.000,0.000,0,0
0,N110035,0.000,0.000,0,0
0,N110036,0.000,0.000,0,0
0,N110037,0.000,4.250,0,0
0,N110038,0.000,0.000,0,0
0,N110039,0.000,0.000,0,0
0,N110040,0.000,0.000,0,0
0,N110041,0.000,2.560,0,0
0,N110042,0.000,0.000,0,0
0,N110043,0.000,0.000,0,0
0,N110044,0.000,0.000,0,0
0,N110045,0.000,1.730,0,0
0,N110046,0.000,0.000,0,0
0,N110047,0.000,0.000,0,0
0,N110048,0.000,0.000,0,0
0,N110049,0.000,3.090,0,0
0,N110050,0.000,0.000,0,0
0,N110051,0.000,0.000,0,0
0,N110052,0.000,0.000,0,0
0,N110053,0.000,4.250,0,0
0,N110054,0.000,0.000,0,0
0,N110055,0.000,0.000,0,0
0,N110056,0.000,0.000,0,0
0,N110057,0.000,0.610,0,0
0,N110058,0.000,0.000,0,0
0,N110059,0.000,0.000,0,0
0,N110060,0.000,0.000,0,0
0,N110061,0.000,1.580,0,0
0,N110062,0.000,0.000,0,0
0,N110063,0.000,0.000,0,0
0,N110064,0.000,0.000,0,0
0,N110065,0.000,3.240,0,0
0,N110066,0.000,0.000,0,0
0,N110067,0.000,0.000,0,0
0,N110068,0.000,0.000,0,0
0,N110069,0.000,10.400,0,0
0,N110070,0.000,0.000,0,0
0,N110071,0.000,0.000,0,0
0,N110072,0.000,0.000,0,0
0,N110073,0.000,5.700,0,0
0,N110074,0.000,0.000,0,0
0,N110075,0.000,0.000,0,0
0,N110076,0.000,0.000,0,0
0,N110077,0.000,2.410,0,0
0,N110078,0.000,0.000,0,0
0,N110079,0.000,0.000,0,0
0,N110080,0.000,0.000,0,0
0,N110081,0.000,4.700,0,0
0,N110082,0.000,0.000,0,0
0,N110083,0.000,0.000,0,0
0,N110084,0.000,0.000,0,0
0,N110085,0.000,4.070,0,0
0,N110086,0.000,0.000,0,0
0,N110087,0.000,0.000,0,0
0,N110088,0.000,0.000,0,0
0,N110089,0.000,3.890,0,0
0,N110090,0.000,0.000,0,0
0,N110091,0.000,0.000,0,0
0,N110092,0.000,0.000,0,0
0,N110093,0.000,0.580,0,0
0,N110094,0.000,0.000,0,0
0,N110095,0.000,0.000,0,0
0,N110096,0.000,115.000,0,0
0,N110097,0.000,1.950,0,0
0,N110098,0.000,0.000,0,0
0,N110099,0.000,0.000,0,0
0,N110100,0.000,0.000,0,0
0,N110101,0.000,0.990,0,0
0,N110102,0.000,0.000,0,0
0,N110103,0.000,0.000,0,0
0,N110104,0.000,0.000,0,0
0,N110105,0.000,4.800,0,0
0,N110106,0.000,0.000,0,0
0,N110107,0.000,0.000,0,0
0,N110108,0.000,0.000,0,0
0,N110109,0.000,0.090,0,0
0,N110110,0.000,0.000,0,0
0,N110111,0.000,0.000,0,0
0,N110112,0.000,0.000,0,0
0,N110113,0.000,0.660,0,0
0,N110114,0.000,0.000,0,0
0,N110115,0.000,0.000,0,0
0,N110116,0.000,0.000,0,0
0,N110117,0.000,4.700,0,0
0,N110118,0.000,0.630,0,0
0,N110119,0.000,1.950,0,0
0,N110120,0.000,2.180,0,0
0,N110121,0.000,0.490,0,0
0,N110122,0.000,0.920,0,0
0,N110123,0.000,111.140,0,0
0,N110124,0.000,0.460,0,0
0,N110125,0.000,26.800,0,0
0,N110126,0.000,0.000,0,0
0,N110127,0.000,222.500,0,0
0,N110128,0.000,41.400,0,0
0,N110129,0.000,37.700,0,0
0,N110130,0.000,10.300,0,0
0,N110131,0.000,15.500,0,0
0,N110132,0.000,100.500,0,0
0,N110133,0.000,6.300,0,0
0,N110134,0.000,4.600,0,0
0,N110135,0.000,21.800,0,0
0,N110136,0.000,9.500,0,0
0,N110137,0.000,14.200,0,0
0,N110138,0.000,14.900,0,0
0,N110139,0.000,0.480,0,0
0,N110140,0.000,9.400,0,0
0,N110141,0.000,18.100,0,0
0,N110142,0.000,21.460,0,0
0,N110143,0.000,6.300,0,0
0,N110144,0.000,68.940,0,0
0,N110145,0.000,1.880,0,0
0,N110146,0.000,0.960,0,0
0,N110147,0.000,6.500,0,0
0,N110148,0.000,2.860,0,0
0,N110149,0.000,9.800,0,0
0,N110150,0.000,5.200,0,0
0,N110151,0.000,6.400,0,0
0,N110152,0.000,4.070,0,0
0,N110153,0.000,5.400,0,0
0,N110154,0.000,5.700,0,0
0,N110155,0.000,4.900,0,0
0,N110156,0.000,4.600,0,0
0,N110157,0.000,6.300,0,0
0,N110158,0.000,2.860,0,0
0,N110159,0.000,2.790,0,0
0,N110160,0.000,0.000,0,0
0,N110161,0.000,11.140,0,0
0,N110162,0.000,0.000,0,0
0,N110163,0.000,42.100,0,0
0,N110164,0.000,30.200,0,0
0,N110165,0.000,0.000,0,0
0,N110166,0.000,37.900,0,0
0,N110167,0.000,25.700,0,0
0,N110168,0.000,26.400,0,0
0,N110169,0.000,0.000,0,0
0,N110170,0.000,40.200,0,0
0,N110171,0.000,4.900,0,0
0,N110172,0.000,0.000,0,0
0,N110173,0.000,54.700,0,0
0,N110174,0.000,0.000,0,0
0,N110175,0.000,43.100,0,0
0,N110176,0.000,0.000,0,0
0,N110177,0.000,76.900,0,0
0,N110178,0.000,33.300,0,0
0,N110179,0.000,23.400,0,0
0,N110180,0.000,10.000,0,0
0,N110181,0.000,17.200,0,0
0,N110182,0.000,6.400,0,0
0,N110183,0.000,9.200,0,0
0,N110184,0.000,5.300,0,0
0,N110185,0.000,3.890,0,0
0,N110186,0.000,5.300,0,0
0,N110187,0.000,16.900,0,0
0,N110188,0.000,0.000,0,0
0,N110189,0.000,7.900,0,0
0,N110190,0.000,0.000,0,0
0,N110191,0.000,0.000,0,0
0,N110192,0.000,6.400,0,0
0,N110193,0.000,5.700,0,0
0,N110194,0.000,3.610,0,0
0,N110195,0.000,4.800,0,0
0,N110196,0.000,2.410,0,0
0,N110197,0.000,8.000,0,0
0,N110198,0.000,16.100,0,0
0,N110199,0.000,4.800,0,0
0,N110200,0.000,7.300,0,0
0,N110201,0.000,4.420,0,0
0,N110202,0.000,3.240,0,0
0,N110203,0.000,3.010,0,0
0,N110204,0.000,1.330,0,0
0,N110205,0.000,3.690,0,0
0,N110206,0.000,5.800,0,0
0,N110207,0.000,3.890,0,0
0,N110208,0.000,5.300,0,0
0,N110209,0.000,8.000,0,0
0,N110210,0.000,7.500,0,0
0,N110211,0.000,5.300,0,0
0,N110212,0.000,63.700,0,0
0,N110213,0.000,6.800,0,0
0,N110214,0.000,4.900,0,0
0,N110215,0.000,5.400,0,0
0,N110216,0.000,8.700,0,0
0,N110217,0.000,7.000,0,0
0,N110218,0.000,4.330,0,0
0,N110219,0.000,3.690,0,0
0,N110220,0.000,3.890,0,0
0,N110221,0.000,1.950,0,0
0,N110222,0.000,3.390,0,0
0,N110223,0.000,7.400,0,0
0,N110224,0.000,3.800,0,0
0,N110225,0.000,5.600,0,0
0,N110226,0.000,6.000,0,0
0,N110227,0.000,2.490,0,0
0,N110228,0.000,3.090,0,0
0,N110229,0.000,4.600,0,0
0,N110230,0.000,2.180,0,0
0,N110231,0.000,1.800,0,0
0,N110232,0.000,6.200,0,0
0,N110233,0.000,2.860,0,0
0,N110234,0.000,3.240,0,0
0,N110235,0.000,5.000,0,0
0,N110236,0.000,3.010,0,0
0,N110237,0.000,1.320,0,0
0,N110238,0.000,6.100,0,0
0,N110239,0.000,4.330,0,0
0,N110240,0.000,5.700,0,0
0,N110241,0.000,1.950,0,0
0,N110242,0.000,4.600,0,0
0,N110243,0.000,4.800,0,0
0,N110244,0.000,4.250,0,0
0,N110245,0.000,5.400,0,0
0,N110246,0.000,6.500,0,0
0,N110247,0.000,4.250,0,0
0,N110248,0.000,5.600,0,0
0,N110249,0.000,5.600,0,0
0,N110250,0.000,4.500,0,0
0,N110251,0.000,5.000,0,0
0,N110252,0.000,2.790,0,0
0,N110253,0.000,4.250,0,0
0,N110254,0.000,5.700,0,0
0,N110255,0.000,7.600,0,0
0,N110256,0.000,5.600,0,0
0,N110257,0.000,5.700,0,0
0,N110258,0.000,2.260,0,0
0,N110259,0.000,7.200,0,0
0,N110260,0.000,1.140,0,0
0,N110261,0.000,8.900,0,0
0,N110262,0.000,0.000,0,0
0,N110263,0.000,8.900,0,0
0,N110264,0.000,4.600,0,0
0,N110265,0.000,7.400,0,0
0,N110266,0.000,7.200,0,0
0,N110267,0.000,6.700,0,0
0,N110268,0.000,16.100,0,0
0,N110269,0.000,6.800,0,0
0,N110270,0.000,4.250,0,0
0,N110271,0.000,6.800,0,0
0,N110272,0.000,8.000,0,0
0,N110273,0.000,0.000,0,0
0,N110274,0.000,7.600,0,0
0,N110275,0.000,9.300,0,0
0,N110276,0.000,5.100,0,0
0,N110277,0.000,10.590,0,0
0,N110278,0.000,11.460,0,0
0,N110279,0.000,1.060,0,0
0,N110280,0.000,2.410,0,0
0,N110281,0.000,1.650,0,0
0,N110282,0.000,1.050,0,0
0,N110283,0.000,1.800,0,0
0,N110284,0.000,1.060,0,0
0,N110285,0.000,0.750,0,0
0,N110286,0.000,1.180,0,0
0,N110287,0.000,0.900,0,0
0,N110288,0.000,5.600,0,0
0,N110289,0.000,0.000,0,0
0,N110290,0.000,14.000,0,0
0,N110291,0.000,0.000,0,0
0,N110292,0.000,7.300,0,0
0,N110293,0.000,0.000,0,0
0,N110294,0.000,12.600,0,0
0,N110295,0.000,0.000,0,0
0,N110296,0.000,19.200,0,0
0,N110297,0.000,0.000,0,0
0,N110298,0.000,0.000,0,0
0,N110299,0.000,8.800,0,0
0,N110300,0.000,9.000,0,0
0,N110301,0.000,9.800,0,0
0,N110302,0.000,4.250,0,0
0,N110303,0.000,5.700,0,0
0,N110304,0.000,8.100,0,0
0,N110305,0.000,12.300,0,0
0,N110306,0.000,11.800,0,0
0,N110307,0.000,2.030,0,0
0,N110308,0.000,5.000,0,0
0,N110309,0.000,0.000,0,0
0,N110310,0.000,23.800,0,0
0,N110311,0.000,11.100,0,0
0,N110312,0.000,2.490,0,0
0,N110313,0.000,37.900,0,0
0,N110314,0.000,28.100,0,0
0,N110315,0.000,35.000,0,0
0,N110316,0.000,16.200,0,0
0,N110317,0.000,0.000,0,0
0,N110318,0.000,43.700,0,0
0,N110319,0.000,34.900,0,0
0,N110320,0.000,37.300,0,0
0,N110321,0.000,38.400,0,0
0,N110322,0.000,37.900,0,0
0,N110323,0.000,34.100,0,0
0,N110324,0.000,19.400,0,0
0,N110325,0.000,0.000,0,0
0,N110326,0.000,48.000,0,0
0,N110327,0.000,34.900,0,0
0,N110328,0.000,30.800,0,0
0,N110329,0.000,0.000,0,0
0,N110330,0.000,38.400,0,0
0,N110331,0.000,0.000,0,0
0,N110332,0.000,40.400,0,0
0,N110333,0.000,1.280,0,0
0,N110334,0.000,0.000,0,0
0,N110335,0.000,57.900,0,0
0,N110336,0.000,0.000,0,0
0,N110337,0.000,66.500,0,0
0,N110338,0.000,110.600,0,0
0,N110339,0.000,46.400,0,0
0,N110340,0.000,176.900,0,0
0,N110341,0.000,48.100,0,0
0,N110342,0.000,0.000,0,0
0,N110343,0.000,0.000,0,0
0,N110344,0.000,10.900,0,0
0,N110345,0.000,20.300,0,0
0,N110346,0.000,5.700,0,0
0,N110347,0.000,9.300,0,0
0,N110348,0.000,8.200,0,0
0,N110349,0.000,2.640,0,0
0,N110350,0.000,18.300,0,0
0,N110351,0.000,3.240,0,0
0,N110352,0.000,3.160,0,0
0,N110353,0.000,0.000,0,0
0,N110354,0.000,34.900,0,0
0,N110355,0.000,34.300,0,0
0,N110356,0.000,18.800,0,0
0,N110357,0.000,0.000,0,0
0,N110358,0.000,10.900,0,0
0,N110359,0.000,12.900,0,0
0,N110360,0.000,8.000,0,0
0,N110361,0.000,4.330,0,0
0,N110362,0.000,11.500,0,0
0,N110363,0.000,4.800,0,0
0,N110364,0.000,54.800,0,0
0,N110365,0.000,0.000,0,0
0,N110366,0.000,42.800,0,0
0,N110367,0.000,20.500,0,0
0,N110368,0.000,0.000,0,0
0,N110369,0.000,21.700,0,0
0,N110370,0.000,24.300,0,0
0,N110371,0.000,12.900,0,0
0,N110372,0.000,10.100,0,0
0,N110373,0.000,9.700,0,0
0,N110374,0.000,18.900,0,0
0,N110375,0.000,0.000,0,0
0,N110376,0.000,19.500,0,0
0,N110377,0.000,11.900,0,0
0,N110378,0.000,15.700,0,0
0,N110379,0.000,18.600,0,0
0,N110380,0.000,13.800,0,0
0,N110381,0.000,0.000,0,0
0,N110382,0.000,35.200,0,0
0,N110383,0.000,0.000,0,0
0,N110384,0.000,30.500,0,0
0,N110385,0.000,5.700,0,0
0,N110386,0.000,4.070,0,0
0,N110387,0.000,0.000,0,0
0,N110388,0.000,31.800,0,0
0,N110389,0.000,33.100,0,0
0,N110390,0.000,51.500,0,0
0,N110391,0.000,31.800,0,0
0,N110392,0.000,0.000,0,0
0,N110393,0.000,65.700,0,0
0,N110394,0.000,23.400,0,0
0,N110395,0.000,0.000,0,0
0,N110396,0.000,22.000,0,0
0,N110397,0.000,0.000,0,0
0,N110398,0.000,0.000,0,0
0,N110399,0.000,11.500,0,0
0,N110400,0.000,23.400,0,0
0,N110401,0.000,52.800,0,0
0,N110402,0.000,5.500,0,0
0,N110403,0.000,0.013,0,0
0,N110404,0.000,185.800,0,0
0,N110405,0.000,52.700,0,0
0,N110406,0.000,40.800,0,0
0,N110407,0.000,39.500,0,0
0,N110408,0.000,43.500,0,0
0,N110409,0.000,4.600,0,0
0,N110410,0.000,0.000,0,0
0,N110411,0.000,49.000,0,0
0,N110412,0.000,0.000,0,0
0,N110413,0.000,0.000,0,0
0,N110414,0.000,0.000,0,0
0,N110415,0.000,47.100,0,0
0,N110416,0.000,39.400,0,0
0,N110417,0.000,0.000,0,0
0,N110418,0.000,0.000,0,0
0,N110419,0.000,46.500,0,0
0,N110420,0.000,31.300,0,0
0,N110421,0.000,0.000,0,0
0,N110422,0.000,45.800,0,0
0,N110423,0.000,24.500,0,0
0,N110424,0.000,50.000,0,0
0,N110425,0.000,42.400,0,0
0,N110426,0.000,20.800,0,0
0,N110427,0.000,27.800,0,0
0,N110428,0.000,52.200,0,0
0,N110429,0.000,0.000,0,0
0,N110430,0.000,56.100,0,0
0,N110431,0.000,30.100,0,0
0,N110432,0.000,0.000,0,0
0,N110433,0.000,22.600,0,0
0,N110434,0.000,0.000,0,0
0,N110435,0.000,0.000,0,0
0,N110436,0.000,29.900,0,0
0,N110437,0.000,19.700,0,0
0,N110438,0.000,0.000,0,0
0,N110439,0.000,20.200,0,0
0,N110440,0.000,0.000,0,0
0,N110441,0.000,0.000,0,0
0,N110442,0.000,160.500,0,0
0,N110443,0.000,0.000,0,0
0,N110444,0.000,0.000,0,0
0,N110445,0.000,0.000,0,0
0,N110446,0.000,38.100,0,0
0,N110447,0.000,3.540,0,0
0,N110448,0.000,24.000,0,0
0,N110449,0.000,318.400,0,0
0,N110450,0.000,19.000,0,0
0,N110451,0.000,23.900,0,0
0,N110452,0.000,21.500,0,0
0,N110453,0.000,14.500,0,0
0,N110454,0.000,19.600,0,0
0,N110455,0.000,19.400,0,0
0,N110456,0.000,18.100,0,0
0,N110457,0.000,13.800,0,0
0,N110458,0.000,0.000,0,0
0,N110459,0.000,31.400,0,0
0,N110460,0.000,21.800,0,0
0,N110461,0.000,11.100,0,0
0,N110462,0.000,0.000,0,0
0,N110463,0.000,32.400,0,0
0,N110464,0.000,23.200,0,0
0,N110465,0.000,0.000,0,0
0,N110466,0.000,19.800,0,0
0,N110467,0.000,32.400,0,0
0,N110468,0.000,19.300,0,0
0,N110469,0.000,9.600,0,0
0,N110470,0.000,21.400,0,0
0,N110471,0.000,15.700,0,0
0,N110472,0.000,12.000,0,0
0,N110473,0.000,17.200,0,0
0,N110474,0.000,24.300,0,0
0,N110475,0.000,12.300,0,0
0,N110476,0.000,18.600,0,0
0,N110477,0.000,15.700,0,0
0,N110478,0.000,7.700,0,0
0,N110479,0.000,25.500,0,0
0,N110480,0.000,0.000,0,0
0,N110481,0.000,18.500,0,0
0,N110482,0.000,0.000,0,0
0,N110483,0.000,32.800,0,0
0,N110484,0.000,221.100,0,0
0,N110485,0.000,56.900,0,0
0,N110486,0.000,25.300,0,0
0,N110487,0.000,24.700,0,0
0,N110488,0.000,6.500,0,0
0,N110489,0.000,14.300,0,0
0,N110490,0.000,18.800,0,0
0,N110491,0.000,0.057,0,0
0,N110492,0.000,0.000,0,0
0,N110493,0.000,48.500,0,0
0,N110494,0.000,0.000,0,0
0,N110495,0.000,11.300,0,0
0,N110496,0.000,8.100,0,0
0,N110497,0.000,6.500,0,0
0,N110498,0.000,4.250,0,0
0,N110499,0.000,2.560,0,0
0,N110500,0.000,0.000,0,0
0,N110501,0.000,13.000,0,0
0,N110502,0.000,0.000,0,0
0,N110503,0.000,11.200,0,0
0,N110504,0.000,0.256,0,0
0,N110505,0.000,7.000,0,0
0,N110506,0.000,21.200,0,0
0,N110507,0.000,0.000,0,0
0,N110508,0.000,23.200,0,0
0,N110509,0.000,28.800,0,0
0,N110510,0.000,24.100,0,0
0,N110511,0.000,17.400,0,0
0,N110512,0.000,19.400,0,0
0,N110513,0.000,0.000,0,0
0,N110514,0.000,30.600,0,0
0,N110515,0.000,18.800,0,0
0,N110516,0.000,21.200,0,0
0,N110517,0.000,12.900,0,0
0,N110518,0.000,0.000,0,0
0,N110519,0.000,29.500,0,0
0,N110520,0.000,14.700,0,0
0,N110521,0.000,29.500,0,0
0,N110522,0.000,2.560,0,0
0,N110523,0.000,14.700,0,0
0,N110524,0.000,0.000,0,0
0,N110525,0.000,28.400,0,0
0,N110526,0.000,0.000,0,0
0,N110527,0.000,27.800,0,0
0,N110528,0.000,0.000,0,0
0,N110529,0.000,21.200,0,0
0,N110530,0.000,14.900,0,0
0,N110531,0.000,24.900,0,0
0,N110532,0.000,18.900,0,0
0,N110533,0.000,45.600,0,0
0,N110534,0.000,0.000,0,0
0,N110535,0.000,21.300,0,0
0,N110536,0.000,29.600,0,0
0,N110537,0.000,28.100,0,0
0,N110538,0.000,17.200,0,0
0,N110539,0.000,30.400,0,0
0,N110540,0.000,18.200,0,0
0,N110541,0.000,0.000,0,0
0,N110542,0.000,25.500,0,0
0,N110543,0.000,15.700,0,0
0,N110544,0.000,27.200,0,0
0,N110545,0.000,7.100,0,0
0,N110546,0.000,23.400,0,0
0,N110547,0.000,6.500,0,0
0,N110548,0.000,14.800,0,0
0,N110549,0.000,14.100,0,0
0,N110550,0.000,76.200,0,0
0,N110551,0.000,15.500,0,0
0,N110552,0.000,3.890,0,0
0,N110553,0.000,0.000,0,0
0,N110554,0.000,9.000,0,0
0,N110555,0.000,0.226,0,0
0,N110556,0.000,35.500,0,0
0,N110557,0.000,22.300,0,0
0,N110558,0.000,30.300,0,0
0,N110559,0.000,23.800,0,0
0,N110560,0.000,32.400,0,0
0,N110561,0.000,0.000,0,0
0,N110562,0.000,17.300,0,0
0,N110563,0.000,0.000,0,0
0,N110564,0.000,0.000,0,0
0,N110565,0.000,10.400,0,0
0,N110566,0.000,0.000,0,0
0,N110567,0.000,18.200,0,0
0,N110568,0.000,0.000,0,0
0,N110569,0.000,12.400,0,0
0,N110570,0.000,6.500,0,0
0,N110571,0.000,10.700,0,0
0,N110572,0.000,3.760,0,0
0,N110573,0.000,2.110,0,0
0,N110574,0.000,29.600,0,0
0,N110575,0.000,0.000,0,0
0,N110576,0.000,42.800,0,0
0,N110577,0.000,28.000,0,0
0,N110578,0.000,30.300,0,0
0,N110579,0.000,0.000,0,0
0,N110580,0.000,10.300,0,0
0,N110581,0.000,0.000,0,0
0,N110582,0.000,31.200,0,0
0,N110583,0.000,24.700,0,0
0,N110584,0.000,51.000,0,0
0,N110585,0.000,0.000,0,0
0,N110586,0.000,0.000,0,0
0,N110587,0.000,54.300,0,0
0,N110588,0.000,0.000,0,0
0,N110589,0.000,57.900,0,0
0,N110590,0.000,25.100,0,0
0,N110591,0.000,0.000,0,0
0,N110592,0.000,29.800,0,0
0,N110593,0.000,24.900,0,0
0,N110594,0.000,18.700,0,0
0,N110595,0.000,11.900,0,0
0,N110596,0.000,5.700,0,0
0,N110597,0.000,0.000,0,0
0,N110598,0.000,22.200,0,0
0,N110599,0.000,10.300,0,0
0,N110600,0.000,10.900,0,0
0,N110601,0.000,1.460,0,0
0,N110602,0.000,6.300,0,0
0,N110603,0.000,7.500,0,0
0,N110604,0.000,7.300,0,0
0,N110605,0.000,2.860,0,0
0,N110606,0.000,0.000,0,0
0,N110607,0.000,7.600,0,0
0,N110608,0.000,4.700,0,0
0,N110609,0.000,7.100,0,0
0,N110610,0.000,6.000,0,0
0,N110611,0.000,0.369,0,0
0,N110612,0.000,3.240,0,0
0,N110613,0.000,4.330,0,0
0,N110614,0.000,3.460,0,0
0,N110615,0.000,6.400,0,0
0,N110616,0.000,5.400,0,0
0,N110617,0.000,3.540,0,0
0,N110618,0.000,3.240,0,0
0,N110619,0.000,0.930,0,0
0,N110620,0.000,2.710,0,0
0,N110621,0.000,5.700,0,0
0,N110622,0.000,0.740,0,0
0,N110623,0.000,6.500,0,0
0,N110624,0.000,2.260,0,0
0,N110625,0.000,6.800,0,0
0,N110626,0.000,1.420,0,0
0,N110627,0.000,4.800,0,0
0,N110628,0.000,5.700,0,0
0,N110629,0.000,0.540,0,0
0,N110630,0.000,4.500,0,0
0,N110631,0.000,3.800,0,0
0,N110632,0.000,4.250,0,0
0,N110633,0.000,3.460,0,0
0,N110634,0.000,4.900,0,0
0,N110635,0.000,0.000,0,0
0,N110636,0.000,5.600,0,0
0,N110637,0.000,2.340,0,0
0,N110638,0.000,5.300,0,0
0,N110639,0.000,2.340,0,0
0,N110640,0.000,3.760,0,0
0,N110641,0.000,6.100,0,0
0,N110642,0.000,1.650,0,0
0,N110643,0.000,5.000,0,0
0,N110644,0.000,2.260,0,0
0,N110645,0.000,2.940,0,0
0,N110646,0.000,4.600,0,0
0,N110647,0.000,5.300,0,0
0,N110648,0.000,2.260,0,0
0,N110649,0.000,5.400,0,0
0,N110650,0.000,1.650,0,0
0,N110651,0.000,2.490,0,0
0,N110652,0.000,0.376,0,0
0,N110653,0.000,6.300,0,0
0,N110654,0.000,3.160,0,0
0,N110655,0.000,0.000,0,0
0,N110656,0.000,4.160,0,0
0,N110657,0.000,0.960,0,0
0,N110658,0.000,5.100,0,0
0,N110659,0.000,3.390,0,0
0,N110660,0.000,1.730,0,0
0,N110661,0.000,3.540,0,0
0,N110662,0.000,1.950,0,0
0,N110663,0.000,1.200,0,0
0,N110664,0.000,2.340,0,0
0,N110665,0.000,7.100,0,0
0,N110666,0.000,7.100,0,0
0,N110667,0.000,5.100,0,0
0,N110668,0.000,10.500,0,0
0,N110669,0.000,7.300,0,0
0,N110670,0.000,7.300,0,0
0,N110671,0.000,6.600,0,0
0,N110672,0.000,4.900,0,0
0,N110673,0.000,6.500,0,0
0,N110674,0.000,8.500,0,0
0,N110675,0.000,4.250,0,0
0,N110676,0.000,4.160,0,0
0,N110677,0.000,7.500,0,0
0,N110678,0.000,6.900,0,0
0,N110679,0.000,4.700,0,0
0,N110680,0.000,7.200,0,0
0,N110681,0.000,1.180,0,0
0,N110682,0.000,1.070,0,0
0,N110683,0.000,1.880,0,0
0,N110684,0.000,1.060,0,0
0,N110685,0.000,1.800,0,0
0,N110686,0.000,1.360,0,0
0,N110687,0.000,1.030,0,0
0,N110688,0.000,6.100,0,0
0,N110689,0.000,0.188,0,0
0,N110690,0.000,35.000,0,0
0,N110691,0.000,36.800,0,0
0,N110692,0.000,34.300,0,0
0,N110693,0.000,25.800,0,0
0,N110694,0.000,24.900,0,0
0,N110695,0.000,0.000,0,0
0,N110696,0.000,44.300,0,0
0,N110697,0.000,0.000,0,0
0,N110698,0.000,34.300,0,0
0,N110699,0.000,0.000,0,0
0,N110700,0.000,0.000,0,0
0,N110701,0.000,0.000,0,0
0,N110702,0.000,37.300,0,0
0,N110703,0.000,0.000,0,0
0,N110704,0.000,38.000,0,0
0,N110705,0.000,48.800,0,0
0,N110706,0.000,41.400,0,0
0,N110707,0.000,11.900,0,0
0,N110708,0.000,29.800,0,0
0,N110709,0.000,36.500,0,0
0,N110710,0.000,0.000,0,0
0,N110711,0.000,62.700,0,0
0,N110712,0.000,0.000,0,0
0,N110713,0.000,60.400,0,0
0,N110714,0.000,34.100,0,0
0,N110715,0.000,2.940,0,0
0,N110716,0.000,3.010,0,0
0,N110717,0.000,12.200,0,0
0,N110718,0.000,2.940,0,0
0,N110719,0.000,0.000,0,0
0,N110720,0.000,10.200,0,0
0,N110721,0.000,6.800,0,0
0,N110722,0.000,11.300,0,0
0,N110723,0.000,2.560,0,0
0,N110724,0.000,0.065,0,0
0,N110725,0.000,0.000,0,0
0,N110726,0.000,33.600,0,0
0,N110727,0.000,0.000,0,0
0,N110728,0.000,0.000,0,0
0,N110729,0.000,0.000,0,0
0,N110730,0.000,1.580,0,0
0,N110731,0.000,4.330,0,0
0,N110732,0.000,11.100,0,0
0,N110733,0.000,7.100,0,0
0,N110734,0.000,3.610,0,0
0,N110735,0.000,0.000,0,0
0,N110736,0.000,6.800,0,0
0,N110737,0.000,67.200,0,0
0,N110738,0.000,1.280,0,0
0,N110739,0.000,3.760,0,0
0,N110740,0.000,1.580,0,0
0,N110741,0.000,6.700,0,0
0,N110742,0.000,0.000,0,0
0,N110743,0.000,89.300,0,0
0,N110744,0.000,40.100,0,0
0,N110745,0.000,70.800,0,0
0,N110746,0.000,31.200,0,0
0,N110747,0.000,0.000,0,0
0,N110748,0.000,0.000,0,0
0,N110749,0.000,27.900,0,0
0,N110750,0.000,0.000,0,0
0,N110751,0.000,40.000,0,0
0,N110752,0.000,11.900,0,0
0,N110753,0.000,0.000,0,0
0,N110754,0.000,25.900,0,0
0,N110755,0.000,29.600,0,0
0,N110756,0.000,9.300,0,0
0,N110757,0.000,72.500,0,0
0,N110758,0.000,33.900,0,0
0,N110759,0.000,17.200,0,0
0,N110760,0.000,19.300,0,0
0,N110761,0.000,13.200,0,0
0,N110762,0.000,0.000,0,0
0,N110763,0.000,46.600,0,0
0,N110764,0.000,27.300,0,0
0,N110765,0.000,13.300,0,0
0,N110766,0.000,2.260,0,0
0,N110767,0.000,0.000,0,0
0,N110768,0.000,9.600,0,0
0,N110769,0.000,7.300,0,0
0,N110770,0.000,26.500,0,0
0,N110771,0.000,42.200,0,0
0,N110772,0.000,0.000,0,0
0,N110773,0.000,50.200,0,0
0,N110774,0.000,0.000,0,0
0,N110775,0.000,0.000,0,0
0,N110776,0.000,44.100,0,0
0,N110777,0.000,33.600,0,0
0,N110778,0.000,36.100,0,0
0,N110779,0.000,12.700,0,0
0,N110780,0.000,49.000,0,0
0,N110781,0.000,0.000,0,0
0,N110782,0.000,45.800,0,0
0,N110783,0.000,32.600,0,0
0,N110784,0.000,33.400,0,0
0,N110785,0.000,21.800,0,0
0,N110786,0.000,10.700,0,0
0,N110787,0.000,29.600,0,0
0,N110788,0.000,0.000,0,0
0,N110789,0.000,99.800,0,0
0,N110790,0.000,0.000,0,0
0,N110791,0.000,94.000,0,0
0,N110792,0.000,42.300,0,0
0,N110793,0.000,62.800,0,0
0,N110794,0.000,42.300,0,0
0,N110795,0.000,29.500,0,0
0,N110796,0.000,0.000,0,0
0,N110797,0.000,55.400,0,0
0,N110798,0.000,47.900,0,0
0,N110799,0.000,0.000,0,0
0,N110800,0.000,48.800,0,0
0,N110801,0.000,0.000,0,0
0,N110802,0.000,51.900,0,0
0,N110803,0.000,0.000,0,0
0,N110804,0.000,58.800,0,0
0,N110805,0.000,14.900,0,0
0,N110806,0.000,21.000,0,0
0,N110807,0.000,0.000,0,0
0,N110808,0.000,25.600,0,0
0,N110809,0.000,19.900,0,0
0,N110810,0.000,19.200,0,0
0,N110811,0.000,20.800,0,0
0,N110812,0.000,31.800,0,0
0,N110813,0.000,23.000,0,0
0,N110814,0.000,10.500,0,0
0,N110815,0.000,14.300,0,0
0,N110816,0.000,10.500,0,0
0,N110817,0.000,12.000,0,0
0,N110818,0.000,0.000,0,0
0,N110819,0.000,23.400,0,0
0,N110820,0.000,22.300,0,0
0,N110821,0.000,14.900,0,0
0,N110822,0.000,11.100,0,0
0,N110823,0.000,28.100,0,0
0,N110824,0.000,0.000,0,0
0,N110825,0.000,30.300,0,0
0,N110826,0.000,0.000,0,0
0,N110827,0.000,0.000,0,0
0,N110828,0.000,62.800,0,0
0,N110829,0.000,22.100,0,0
0,N110830,0.000,0.000,0,0
0,N110831,0.000,35.700,0,0
0,N110832,0.000,22.900,0,0
0,N110833,0.000,18.800,0,0
0,N110834,0.000,23.800,0,0
0,N110835,0.000,18.800,0,0
0,N110836,0.000,28.500,0,0
0,N110837,0.000,36.500,0,0
0,N110838,0.000,21.500,0,0
0,N110839,0.000,19.000,0,0
0,N110840,0.000,0.000,0,0
0,N110841,0.000,20.200,0,0
0,N110842,0.000,24.300,0,0
0,N110843,0.000,13.800,0,0
0,N110844,0.000,18.200,0,0
0,N110845,0.000,16.300,0,0
0,N110846,0.000,25.500,0,0
0,N110847,0.000,15.000,0,0
0,N110848,0.000,8.200,0,0
0,N110849,0.000,9.700,0,0
0,N110850,0.000,20.300,0,0
0,N110851,0.000,34.700,0,0
0,N110852,0.000,0.000,0,0
0,N110853,0.000,36.800,0,0
0,N110854,0.000,0.000,0,0
0,N110855,0.000,27.100,0,0
0,N110856,0.000,0.000,0,0
0,N110857,0.000,51.100,0,0
0,N110858,0.000,0.000,0,0
0,N110859,0.000,33.500,0,0
0,N110860,0.000,0.000,0,0
0,N110861,0.000,24.100,0,0
0,N110862,0.000,3.980,0,0
0,N110863,0.000,7.300,0,0
0,N110864,0.000,5.500,0,0
0,N110865,0.000,25.400,0,0
0,N110866,0.000,0.000,0,0
0,N110867,0.000,21.000,0,0
0,N110868,0.000,0.000,0,0
0,N110869,0.000,41.000,0,0
0,N110870,0.000,12.300,0,0
0,N110871,0.000,21.800,0,0
0,N110872,0.000,7.200,0,0
0,N110873,0.000,0.000,0,0
0,N110874,0.000,19.200,0,0
0,N110875,0.000,34.200,0,0
0,N110876,0.000,20.600,0,0
0,N110877,0.000,0.000,0,0
0,N110878,0.000,32.000,0,0
0,N110879,0.000,0.000,0,0
0,N110880,0.000,47.900,0,0
0,N110881,0.000,0.000,0,0
0,N110882,0.000,27.900,0,0
0,N110883,0.000,0.000,0,0
0,N110884,0.000,0.000,0,0
0,N110885,0.000,34.900,0,0
0,N110886,0.000,25.100,0,0
0,N110887,0.000,0.000,0,0
0,N110888,0.000,57.100,0,0
0,N110889,0.000,0.000,0,0
0,N110890,0.000,26.000,0,0
0,N110891,0.000,0.000,0,0
0,N110892,0.000,0.000,0,0
0,N110893,0.000,9.600,0,0
0,N110894,0.000,8.000,0,0
0,N110895,0.000,14.100,0,0
0,N110896,0.000,7.300,0,0
0,N110897,0.000,0.000,0,0
0,N110898,0.000,23.400,0,0
0,N110899,0.000,0.000,0,0
0,N110900,0.000,35.100,0,0
0,N110901,0.000,0.000,0,0
0,N110902,0.000,0.000,0,0
0,N110903,0.000,28.500,0,0
0,N110904,0.000,0.000,0,0
0,N110905,0.000,33.400,0,0
0,N110906,0.000,21.800,0,0
0,N110907,0.000,20.000,0,0
0,N110908,0.000,20.500,0,0
0,N110909,0.000,23.800,0,0
0,N110910,0.000,28.200,0,0
0,N110911,0.000,8.300,0,0
0,N110912,0.000,22.800,0,0
0,N110913,0.000,23.700,0,0
0,N110914,0.000,0.000,0,0
0,N110915,0.000,30.000,0,0
0,N110916,0.000,176.900,0,0
0,N110917,0.000,34.900,0,0
0,N110918,0.000,21.400,0,0
0,N110919,0.000,0.000,0,0
0,N110920,0.000,27.800,0,0
0,N110921,0.000,0.000,0,0
0,N110922,0.000,31.200,0,0
0,N110923,0.000,16.200,0,0
0,N110924,0.000,18.000,0,0
0,N110925,0.000,16.600,0,0
0,N110926,0.000,0.000,0,0
0,N110927,0.000,28.000,0,0
0,N110928,0.000,0.000,0,0
0,N110929,0.000,0.000,0,0
0,N110930,0.000,8.300,0,0
0,N110931,0.000,5.200,0,0
0,N110932,0.000,14.400,0,0
0,N110933,0.000,5.900,0,0
0,N110934,0.000,7.700,0,0
0,N110935,0.000,17.800,0,0
0,N110936,0.000,20.300,0,0
0,N110937,0.000,0.000,0,0
0,N110938,0.000,34.600,0,0
0,N110939,0.000,0.000,0,0
0,N110940,0.000,0.000,0,0
0,N110941,0.000,0.000,0,0
0,N110942,0.000,41.000,0,0
0,N110943,0.000,0.000,0,0
0,N110944,0.000,176.900,0,0
0,N110945,0.000,37.700,0,0
0,N110946,0.000,18.300,0,0
0,N110947,0.000,0.000,0,0
0,N110948,0.000,27.200,0,0
0,N110949,0.000,4.800,0,0
0,N110950,0.000,2.560,0,0
0,N110951,0.000,0.000,0,0
0,N110952,0.000,44.300,0,0
0,N110953,0.000,0.000,0,0
0,N110954,0.000,24.300,0,0
0,N110955,0.000,0.000,0,0
0,N110956,0.000,0.000,0,0
0,N110957,0.000,22.300,0,0
0,N110958,0.000,0.000,0,0
0,N110959,0.000,0.000,0,0
0,N110960,0.000,23.000,0,0
0,N110961,0.000,0.000,0,0
0,N110962,0.000,38.100,0,0
0,N110963,0.000,0.000,0,0
0,N110964,0.000,0.000,0,0
0,N110965,0.000,14.800,0,0
0,N110966,0.000,0.000,0,0
0,N110967,0.000,17.400,0,0
0,N110968,0.000,0.000,0,0
0,N110969,0.000,0.000,0,0
0,N110970,0.000,0.000,0,0
0,N110971,0.000,17.100,0,0
0,N110972,0.000,0.000,0,0
0,N110973,0.000,0.000,0,0
0,N110974,0.000,47.100,0,0
0,N110975,0.000,0.000,0,0
0,N110976,0.000,36.000,0,0
0,N110977,0.000,0.000,0,0
0,N110978,0.000,0.000,0,0
0,N110979,0.000,35.400,0,0
0,N110980,0.000,1.090,0,0
0,N110981,0.000,1.950,0,0
0,N110982,0.000,98.200,0,0
0,N110983,0.000,30.700,0,0
0,N110984,0.000,0.000,0,0
0,N110985,0.000,0.000,0,0
0,N110986,0.000,9.100,0,0
0,N110987,0.000,86.700,0,0
0,N110988,0.000,43.900,0,0
0,N110989,0.000,0.000,0,0
0,N110990,0.000,0.000,0,0
0,N110991,0.000,19.600,0,0
0,N110992,0.000,0.000,0,0
0,N110993,0.000,42.700,0,0
0,N110994,0.000,41.800,0,0
0,N110995,0.000,48.300,0,0
0,N110996,0.000,38.100,0,0
0,N110997,0.000,30.400,0,0
0,N110998,0.000,0.000,0,0
0,N110999,0.000,31.100,0,0
0,N111000,0.000,0.000,0,0
0,N111001,0.000,42.100,0,0
0,N111002,0.000,0.000,0,0
0,N111003,0.000,43.400,0,0
0,N111004,0.000,0.000,0,0
0,N111005,0.000,46.300,0,0
0,N111006,0.000,0.000,0,0
0,N111007,0.000,50.400,0,0
0,N111008,0.000,21.100,0,0
0,N111009,0.000,28.200,0,0
0,N111010,0.000,28.200,0,0
0,N111011,0.000,31.300,0,0
0,N111012,0.000,6.300,0,0
0,N111013,0.000,4.700,0,0
0,N111014,0.000,0.000,0,0
0,N111015,0.000,57.900,0,0
0,N111016,0.000,35.200,0,0
0,N111017,0.000,61.600,0,0
0,N111018,0.000,21.300,0,0
0,N111019,0.000,125.600,0,0
0,N111020,0.000,13.300,0,0
0,N111022,0.000,0.000,0,0
0,N111023,0.000,15.100,0,0
0,N111024,0.000,2.640,0,0
0,N111025,0.000,3.160,0,0
0,N111026,0.000,0.000,0,0
0,N111027,0.000,1.880,0,0
0,N111028,0.000,1.190,0,0
0,N111029,0.000,1.350,0,0
0,N111030,0.000,1.650,0,0
0,N111031,0.000,0.361,0,0
0,N111032,0.000,36.800,0,0
0,N111033,0.000,0.000,0,0
0,N111034,0.000,38.700,0,0
0,N111035,0.000,0.000,0,0
0,N111036,0.000,0.000,0,0
0,N111037,0.000,41.200,0,0
0,N111038,0.000,34.100,0,0
0,N111039,0.000,34.900,0,0
0,N111040,0.000,41.900,0,0
0,N111041,0.000,36.900,0,0
0,N111042,0.000,0.000,0,0
0,N111043,0.000,45.500,0,0
0,N111044,0.000,35.100,0,0
0,N111045,0.000,0.000,0,0
0,N111046,0.000,24.100,0,0
0,N111047,0.000,20.300,0,0
0,N111048,0.000,0.000,0,0
0,N111049,0.000,45.900,0,0
0,N111050,0.000,49.500,0,0
0,N111051,0.000,0.000,0,0
0,N111052,0.000,52.200,0,0
0,N111053,0.000,0.000,0,0
0,N111054,0.000,45.900,0,0
0,N111055,0.000,0.000,0,0
0,N111056,0.000,22.700,0,0
0,N111057,0.000,0.000,0,0
0,N111058,0.000,46.900,0,0
0,N111059,0.000,12.800,0,0
0,N111060,0.000,19.300,0,0
0,N111061,0.000,0.000,0,0
0,N111062,0.000,35.100,0,0
0,N111063,0.000,0.000,0,0
0,N111064,0.000,0.000,0,0
0,N111065,0.000,9.000,0,0
0,N111066,0.000,4.800,0,0
0,N111067,0.000,0.000,0,0
0,N111068,0.000,128.300,0,0
0,N111069,0.000,58.600,0,0
0,N111070,0.000,0.000,0,0
0,N111071,0.000,0.000,0,0
0,N111072,0.000,0.000,0,0
0,N111073,0.000,53.100,0,0
0,N111074,0.000,23.600,0,0
0,N111075,0.000,11.700,0,0
0,N111076,0.000,8.900,0,0
0,N111077,0.000,7.800,0,0
0,N111078,0.000,486.500,0,0
0,N111079,0.000,19.300,0,0
0,N111080,0.000,4.700,0,0
0,N111081,0.000,3.890,0,0
0,N111082,0.000,0.000,0,0
0,N111083,0.000,27.100,0,0
0,N111084,0.000,81.900,0,0
0,N111085,0.000,47.000,0,0
0,N111086,0.000,20.300,0,0
0,N111087,0.000,13.200,0,0
0,N111088,0.000,0.000,0,0
0,N111089,0.000,26.300,0,0
0,N111090,0.000,13.800,0,0
0,N111091,0.000,99.800,0,0
0,N111092,0.000,7.800,0,0
0,N111093,0.000,0.389,0,0
0,N111094,0.000,2.640,0,0
0,N111095,0.000,58.600,0,0
0,N111096,0.000,0.000,0,0
0,N111097,0.000,39.400,0,0
0,N111098,0.000,0.000,0,0
0,N111099,0.000,32.800,0,0
0,N111100,0.000,0.000,0,0
0,N111101,0.000,29.300,0,0
0,N111102,0.000,0.000,0,0
0,N111103,0.000,0.000,0,0
0,N111104,0.000,27.600,0,0
0,N111105,0.000,0.000,0,0
0,N111106,0.000,41.500,0,0
0,N111107,0.000,38.900,0,0
0,N111108,0.000,32.800,0,0
0,N111109,0.000,35.300,0,0
0,N111110,0.000,34.700,0,0
0,N111111,0.000,42.200,0,0
0,N111112,0.000,30.900,0,0
0,N111113,0.000,0.000,0,0
0,N111114,0.000,9.300,0,0
0,N111115,0.000,15.500,0,0
0,N111116,0.000,34.900,0,0
0,N111117,0.000,0.000,0,0
0,N111118,0.000,64.600,0,0
0,N111119,0.000,0.000,0,0
0,N111120,0.000,0.000,0,0
0,N111121,0.000,33.200,0,0
0,N111122,0.000,0.000,0,0
0,N111123,0.000,46.500,0,0
0,N111124,0.000,24.600,0,0
0,N111125,0.000,0.376,0,0
0,N111126,0.000,1.580,0,0
0,N111127,0.000,0.001,0,0
0,N111128,0.000,3.010,0,0
0,N111129,0.000,9.000,0,0
0,N111130,0.000,0.000,0,0
0,N111131,0.000,22.700,0,0
0,N111132,0.000,3.800,0,0
0,N111133,0.000,15.700,0,0
0,N111134,0.000,14.500,0,0
0,N111135,0.000,0.000,0,0
0,N111136,0.000,24.900,0,0
0,N111137,0.000,0.000,0,0
0,N111138,0.000,5.300,0,0
0,N111139,0.000,1.500,0,0
0,N111140,0.000,0.000,0,0
0,N111141,0.000,1.020,0,0
0,N111142,0.000,20.800,0,0
0,N111143,0.000,0.000,0,0
0,N111144,0.000,13.000,0,0
0,N111145,0.000,0.000,0,0
0,N111146,0.000,0.000,0,0
0,N111147,0.000,0.000,0,0
0,N111148,0.000,46.900,0,0
0,N111149,0.000,22.900,0,0
0,N111150,0.000,0.000,0,0
0,N111151,0.000,51.700,0,0
0,N111152,0.000,30.300,0,0
0,N111153,0.000,26.600,0,0
0,N111154,0.000,0.000,0,0
0,N111155,0.000,41.000,0,0
0,N111156,0.000,0.000,0,0
0,N111157,0.000,40.300,0,0
0,N111158,0.000,0.000,0,0
0,N111159,0.000,0.000,0,0
0,N111160,0.000,0.000,0,0
0,N111161,0.000,42.800,0,0
0,N111162,0.000,33.500,0,0
0,N111163,0.000,35.800,0,0
0,N111164,0.000,20.700,0,0
0,N111165,0.000,27.300,0,0
0,N111166,0.000,26.900,0,0
0,N111167,0.000,0.000,0,0
0,N111168,0.000,38.800,0,0
0,N111169,0.000,0.000,0,0
0,N111170,0.000,23.400,0,0
0,N111171,0.000,0.000,0,0
0,N111172,0.000,102.600,0,0
0,N111173,0.000,43.800,0,0
0,N111174,0.000,0.000,0,0
0,N111175,0.000,30.000,0,0
0,N111176,0.000,0.000,0,0
0,N111177,0.000,50.400,0,0
0,N111178,0.000,20.200,0,0
0,N111179,0.000,10.800,0,0
0,N111180,0.000,0.000,0,0
0,N111181,0.000,0.000,0,0
0,N111182,0.000,0.000,0,0
0,N111183,0.000,0.000,0,0
0,N111184,0.000,0.000,0,0
0,N111185,0.000,0.000,0,0
0,N111186,0.000,0.000,0,0
0,N111187,0.000,0.000,0,0
0,N111188,0.000,0.000,0,0
0,N111189,0.000,0.000,0,0
0,N111190,0.000,0.000,0,0
0,N111191,0.000,0.000,0,0
0,N111192,0.000,0.000,0,0
0,N111193,0.000,0.000,0,0
0,N111194,0.000,0.000,0,0
0,N111195,0.000,0.000,0,0
0,N111196,0.000,0.000,0,0
0,N111197,0.000,0.000,0,0
0,N111198,0.000,0.000,0,0
0,N111199,0.000,0.000,0,0
0,N111200,0.000,0.000,0,0
0,N111201,0.000,0.000,0,0
0,N111202,0.000,0.000,0,0
0,N111203,0.000,0.000,0,0
0,N111204,0.000,0.000,0,0
0,N111205,0.000,0.000,0,0
0,N111206,0.000,0.000,0,0
0,N111207,0.000,0.000,0,0
0,N111208,0.000,0.000,0,0
0,N111209,0.000,0.000,0,0
0,N111210,0.000,0.000,0,0
0,N111211,0.000,0.000,0,0
0,N111212,0.000,0.000,0,0
0,N111213,0.000,0.000,0,0
0,N111214,0.000,0.000,0,0
0,N111215,0.000,0.000,0,0
0,N111216,0.000,0.000,0,0
0,N111217,0.000,0.000,0,0
0,N111218,0.000,0.000,0,0
0,N111219,0.000,0.000,0,0
0,N111220,0.000,0.000,0,0
0,N111221,0.000,0.000,0,0
0,N111222,0.000,0.000,0,0
0,N111223,0.000,0.000,0,0
0,N111224,0.000,0.000,0,0
0,N111225,0.000,0.000,0,0
0,N111226,0.000,0.000,0,0
0,N111227,0.000,0.000,0,0
0,N111228,0.000,0.000,0,0
0,N111229,0.000,0.000,0,0
0,N111230,0.000,0.000,0,0
0,N111231,0.000,0.000,0,0
0,N111232,0.000,0.000,0,0
0,N111233,0.000,0.000,0,0
0,N111234,0.000,0.000,0,0
0,N111235,0.000,0.000,0,0
0,N111236,0.000,0.000,0,0
0,N111237,0.000,0.000,0,0
0,N111238,0.000,0.000,0,0
0,N111239,0.000,0.000,0,0
0,N111240,0.000,0.000,0,0
0,N111241,0.000,0.000,0,0
0,N111242,0.000,0.000,0,0
0,N111243,0.000,0.000,0,0
0,N111244,0.000,0.000,0,0
0,N111245,0.000,92.100,0,0
0,N111246,0.000,0.000,0,0
0,N111247,0.000,0.000,0,0
0,N111248,0.000,0.000,0,0
0,N111249,0.000,0.000,0,0
0,N111250,0.000,0.000,0,0
0,N111251,0.000,0.000,0,0
0,N111252,0.000,0.000,0,0
0,N111253,0.000,0.000,0,0
0,N111254,0.000,0.000,0,0
0,N111255,0.000,15.500,0,0
0,N111256,0.000,0.000,0,0
0,N111257,0.000,0.000,0,0
0,N111258,0.000,0.000,0,0
0,N111259,0.000,0.000,0,0
0,N111260,0.000,0.000,0,0
0,N111261,0.000,0.000,0,0
0,N111262,0.000,0.000,0,0
0,N111263,0.000,7.300,0,0
0,N111264,0.000,0.000,0,0
0,N111265,0.000,0.000,0,0
0,N111266,0.000,0.000,0,0
0,N111267,0.000,0.000,0,0
0,N111268,0.000,0.000,0,0
0,N111269,0.000,0.000,0,0
0,N111270,0.000,0.000,0,0
0,N111271,0.000,0.000,0,0
0,N111272,0.000,0.000,0,0
0,N111273,0.000,0.000,0,0
0,N111274,0.000,0.000,0,0
0,N111275,0.000,0.000,0,0
0,N111276,0.000,0.000,0,0
0,N111277,0.000,0.000,0,0
0,N111278,0.000,0.000,0,0
0,N111279,0.000,0.000,0,0
0,N111280,0.000,0.000,0,0
0,N111281,0.000,0.000,0,0
0,N111282,0.000,0.000,0,0
0,N111283,0.000,0.000,0,0
0,N111284,0.000,0.000,0,0
0,N111285,0.000,0.000,0,0
0,N111286,0.000,0.000,0,0
0,N111287,0.000,0.000,0,0
0,N111288,0.000,0.000,0,0
0,N111289,0.000,0.000,0,0
0,N111290,0.000,0.000,0,0
0,N111291,0.000,0.000,0,0
0,N111292,0.000,0.000,0,0
0,N111293,0.000,0.000,0,0
0,N111294,0.000,0.000,0,0
0,N111295,0.000,0.000,0,0
0,N111296,0.000,0.000,0,0
0,N111297,0.000,0.000,0,0
0,N111298,0.000,0.000,0,0
0,N111299,0.000,0.000,0,0
0,N111300,0.000,11.900,0,0
0,N111301,0.000,0.000,0,0
0,N111302,0.000,0.000,0,0
0,N111303,0.000,0.000,0,0
0,N111304,0.000,0.000,0,0
0,N111305,0.000,0.000,0,0
0,N111306,0.000,0.000,0,0
0,N111307,0.000,0.000,0,0
0,N111308,0.000,0.000,0,0
0,N111309,0.000,0.000,0,0
0,N111310,0.000,0.000,0,0
0,N111311,0.000,0.000,0,0
0,N111312,0.000,0.000,0,0
0,N111313,0.000,0.000,0,0
0,N111314,0.000,0.000,0,0
0,N111315,0.000,0.000,0,0
0,N111316,0.000,0.000,0,0
0,N111317,0.000,0.000,0,0
0,N111318,0.000,0.000,0,0
0,N111319,0.000,0.000,0,0
0,N111320,0.000,0.000,0,0
0,N111321,0.000,0.000,0,0
0,N111322,0.000,0.000,0,0
0,N111323,0.000,12.300,0,0
0,N111324,0.000,0.000,0,0
0,N111325,0.000,0.000,0,0
0,N111326,0.000,0.000,0,0
0,N111327,0.000,0.000,0,0
0,N111328,0.000,0.000,0,0
0,N111329,0.000,0.000,0,0
0,N111330,0.000,0.000,0,0
0,N111331,0.000,0.000,0,0
0,N111332,0.000,6.200,0,0
0,N111333,0.000,0.000,0,0
0,N111334,0.000,0.000,0,0
0,N111335,0.000,0.000,0,0
0,N111336,0.000,0.000,0,0
0,N111337,0.000,0.000,0,0
0,N111338,0.000,0.000,0,0
0,N111339,0.000,0.000,0,0
0,N111340,0.000,0.000,0,0
0,N111341,0.000,0.000,0,0
0,N111342,0.000,16.100,0,0
0,N111343,0.000,0.000,0,0
0,N111344,0.000,0.000,0,0
0,N111345,0.000,0.000,0,0
0,N111346,0.000,0.000,0,0
0,N111347,0.000,0.000,0,0
0,N111348,0.000,0.000,0,0
0,N111349,0.000,0.000,0,0
0,N111350,0.000,0.000,0,0
0,N111351,0.000,0.000,0,0
0,N111352,0.000,0.000,0,0
0,N111353,0.000,0.000,0,0
0,N111354,0.000,0.000,0,0
0,N111355,0.000,0.000,0,0
0,N111356,0.000,0.000,0,0
0,N111357,0.000,0.000,0,0
0,N111358,0.000,0.000,0,0
0,N111359,0.000,0.000,0,0
0,N111360,0.000,0.000,0,0
0,N111361,0.000,0.000,0,0
0,N111362,0.000,0.000,0,0
0,N111363,0.000,0.000,0,0
0,N111364,0.000,0.000,0,0
0,N111365,0.000,0.000,0,0
0,N111366,0.000,0.000,0,0
0,N111367,0.000,0.000,0,0
0,N111368,0.000,0.000,0,0
0,N111369,0.000,0.000,0,0
0,N111370,0.000,0.000,0,0
0,N111371,0.000,9.800,0,0
0,N111372,0.000,0.000,0,0
0,N111373,0.000,0.000,0,0
0,N111374,0.000,0.000,0,0
0,N111375,0.000,0.000,0,0
0,N111376,0.000,0.000,0,0
0,N111377,0.000,20.700,0,0
0,N111378,0.000,0.000,0,0
0,N111379,0.000,13.400,0,0
0,N111380,0.000,0.000,0,0
0,N111381,0.000,6.000,0,0
0,N111382,0.000,0.000,0,0
0,N111383,0.000,5.300,0,0
0,N111384,0.000,0.000,0,0
0,N111385,0.000,0.000,0,0
0,N111386,0.000,0.000,0,0
0,N111387,0.000,26.500,0,0
0,N111388,0.000,0.000,0,0
0,N111389,0.000,0.000,0,0
0,N111390,0.000,0.000,0,0
0,N111391,0.000,0.000,0,0
0,N111392,0.000,0.000,0,0
0,N111393,0.000,0.000,0,0
0,N111394,0.000,0.000,0,0
0,N111395,0.000,0.000,0,0
0,N111396,0.000,0.000,0,0
0,N111397,0.000,0.000,0,0
0,N111398,0.000,0.000,0,0
0,N111399,0.000,0.000,0,0
0,N111400,0.000,0.000,0,0
0,N111401,0.000,0.000,0,0
0,N111402,0.000,0.000,0,0
0,N111403,0.000,0.000,0,0
0,N111404,0.000,0.000,0,0
0,N111405,0.000,0.000,0,0
0,N111406,0.000,0.000,0,0
0,N111407,0.000,0.000,0,0
0,N111408,0.000,0.000,0,0
0,N111409,0.000,0.000,0,0
0,N111410,0.000,0.000,0,0
0,N111411,0.000,0.000,0,0
0,N111412,0.000,0.000,0,0
0,N111413,0.000,0.000,0,0
0,N111414,0.000,0.000,0,0
0,N111415,0.000,0.000,0,0
0,N111416,0.000,0.000,0,0
0,N120001,0.000,42.000,0,0
0,N120002,0.000,15.700,0,0
0,N120003,0.000,0.000,0,0
0,N120004,0.000,2.110,0,0
0,N120005,0.000,2.340,0,0
0,N120006,0.000,8.500,0,0
0,N120007,0.000,5.000,0,0
0,N120008,0.000,17.000,0,0
0,N120009,0.000,0.000,0,0
0,N120010,0.000,2.110,0,0
0,N120011,0.000,0.000,0,0
0,N120012,0.000,5.200,0,0
0,N120013,0.000,6.900,0,0
0,N120014,0.000,0.000,0,0
0,N120015,0.000,12.800,0,0
0,N120016,0.000,0.000,0,0
0,N120017,0.000,12.300,0,0
0,N120018,0.000,2.860,0,0
0,N120019,0.000,3.460,0,0
0,N120020,0.000,1.210,0,0
0,N120021,0.000,1.950,0,0
0,N120022,0.000,71.400,0,0
0,N120023,0.000,2.180,0,0
0,N120024,0.000,0.720,0,0
0,N120025,0.000,3.310,0,0
0,N120026,0.000,2.180,0,0
0,N120027,0.000,2.640,0,0
0,N120028,0.000,0.750,0,0
0,N120029,0.000,0.264,0,0
0,N120030,0.000,3.980,0,0
0,N120031,0.000,0.000,0,0
0,N120032,0.000,2.180,0,0
0,N120033,0.000,1.650,0,0
0,N120034,0.000,5.400,0,0
0,N120035,0.000,1.880,0,0
0,N120036,0.000,9.600,0,0
0,N120037,0.000,3.980,0,0
0,N120038,0.000,2.490,0,0
0,N120039,0.000,0.770,0,0
0,N120040,0.000,0.960,0,0
0,N120041,0.000,1.950,0,0
0,N120042,0.000,4.700,0,0
0,N120043,0.000,3.690,0,0
0,N120044,0.000,1.800,0,0
0,N120045,0.000,2.710,0,0
0,N120046,0.000,0.165,0,0
0,N120047,0.000,0.950,0,0
0,N120048,0.000,0.780,0,0
0,N120049,0.000,1.430,0,0
0,N120050,0.000,0.480,0,0
0,N120051,0.000,0.830,0,0
0,N120052,0.000,0.530,0,0
0,N120053,0.000,1.880,0,0
0,N120054,0.000,0.880,0,0
0,N120055,0.000,0.249,0,0
0,N120056,0.000,3.610,0,0
0,N120057,0.000,1.730,0,0
0,N120058,0.000,1.880,0,0
0,N120059,0.000,0.073,0,0
0,N120060,0.000,0.279,0,0
0,N120061,0.000,1.140,0,0
0,N120062,0.000,0.264,0,0
0,N120063,0.000,0.264,0,0
0,N120064,0.000,0.760,0,0
0,N120065,0.000,1.340,0,0
0,N120066,0.000,3.160,0,0
0,N120067,0.000,0.180,0,0
0,N120068,0.000,1.340,0,0
0,N120069,0.000,3.010,0,0
0,N120070,0.000,0.690,0,0
0,N120071,0.000,0.339,0,0
0,N120072,0.000,0.211,0,0
0,N120073,0.000,0.930,0,0
0,N120074,0.000,2.710,0,0
0,N120075,0.000,1.880,0,0
0,N120076,0.000,2.410,0,0
0,N120077,0.000,4.420,0,0
0,N120078,0.000,1.800,0,0
0,N120079,0.000,3.160,0,0
0,N120080,0.000,4.700,0,0
0,N120081,0.000,1.060,0,0
0,N120082,0.000,2.410,0,0
0,N120083,0.000,7.300,0,0
0,N120084,0.000,2.860,0,0
0,N120085,0.000,6.800,0,0
0,N120086,0.000,4.700,0,0
0,N120087,0.000,3.910,0,0
0,N120088,0.000,1.140,0,0
0,N120089,0.000,1.380,0,0
0,N120090,0.000,0.880,0,0
0,N120091,0.000,11.100,0,0
0,N120092,0.000,0.690,0,0
0,N120093,0.000,4.700,0,0
0,N120094,0.000,1.580,0,0
0,N120095,0.000,3.690,0,0
0,N120096,0.000,2.640,0,0
0,N120097,0.000,4.900,0,0
0,N120098,0.000,2.030,0,0
0,N120099,0.000,0.346,0,0
0,N120100,0.000,1.950,0,0
0,N120101,0.000,1.040,0,0
0,N120103,0.000,2.710,0,0
0,N120104,0.000,5.300,0,0
0,N120105,0.000,3.090,0,0
0,N120106,0.000,2.860,0,0
0,N120107,0.000,0.910,0,0
0,N120108,0.000,1.730,0,0
0,N120109,0.000,5.100,0,0
0,N120110,0.000,2.710,0,0
0,N120111,0.000,5.400,0,0
0,N120112,0.000,9.300,0,0
0,N120113,0.000,3.610,0,0
0,N120114,0.000,1.800,0,0
0,N120115,0.000,3.890,0,0
0,N120116,0.000,0.286,0,0
0,N120117,0.000,0.188,0,0
0,N120118,0.000,2.260,0,0
0,N120119,0.000,0.075,0,0
0,N120120,0.000,5.300,0,0
0,N120121,0.000,0.380,0,0
0,N120122,0.000,0.143,0,0
0,N120123,0.000,0.407,0,0
0,N120124,0.000,1.100,0,0
0,N120125,0.000,1.730,0,0
0,N120126,0.000,0.416,0,0
0,N120127,0.000,4.700,0,0
0,N120128,0.000,1.730,0,0
0,N120129,0.000,0.490,0,0
0,N120130,0.000,25.600,0,0
0,N120131,0.000,21.400,0,0
0,N120132,0.000,4.330,0,0
0,N120133,0.000,8.800,0,0
0,N120134,0.000,9.600,0,0
0,N120135,0.000,4.420,0,0
0,N120136,0.000,2.110,0,0
0,N120137,0.000,9.300,0,0
0,N120138,0.000,3.460,0,0
0,N120139,0.000,0.800,0,0
0,N120140,0.000,3.160,0,0
0,N120141,0.000,3.240,0,0
0,N120142,0.000,1.490,0,0
0,N120143,0.000,1.190,0,0
0,N120144,0.000,1.130,0,0
0,N120145,0.000,2.710,0,0
0,N120146,0.000,1.370,0,0
0,N120147,0.000,7.600,0,0
0,N120148,0.000,0.000,0,0
0,N120149,0.000,20.200,0,0
0,N120150,0.000,74.400,0,0
0,N120151,0.000,0.000,0,0
0,N120152,0.000,40.500,0,0
0,N120153,0.000,14.000,0,0
0,N120154,0.000,14.800,0,0
0,N120155,0.000,1.500,0,0
0,N120156,0.000,7.800,0,0
0,N120157,0.000,16.500,0,0
0,N120158,0.000,17.800,0,0
0,N120159,0.000,5.000,0,0
0,N120160,0.000,8.000,0,0
0,N120161,0.000,15.700,0,0
0,N120162,0.000,9.600,0,0
0,N120163,0.000,4.070,0,0
0,N120164,0.000,3.760,0,0
0,N120165,0.000,6.700,0,0
0,N120166,0.000,2.790,0,0
0,N120167,0.000,3.240,0,0
0,N120168,0.000,10.800,0,0
0,N120169,0.000,1.730,0,0
0,N120170,0.000,1.730,0,0
0,N120171,0.000,6.600,0,0
0,N120172,0.000,7.000,0,0
0,N120173,0.000,1.650,0,0
0,N120174,0.000,8.900,0,0
0,N120175,0.000,19.300,0,0
0,N120176,0.000,7.300,0,0
0,N120177,0.000,14.100,0,0
0,N120178,0.000,2.110,0,0
0,N120179,0.000,15.700,0,0
0,N120180,0.000,2.260,0,0
0,N120181,0.000,4.250,0,0
0,N120182,0.000,1.360,0,0
0,N120183,0.000,2.560,0,0
0,N120184,0.000,6.800,0,0
0,N120185,0.000,1.380,0,0
0,N120186,0.000,8.500,0,0
0,N120187,0.000,15.700,0,0
0,N120188,0.000,3.090,0,0
0,N120189,0.000,14.200,0,0
0,N120190,0.000,0.940,0,0
0,N120191,0.000,5.300,0,0
0,N120192,0.000,1.800,0,0
0,N120193,0.000,1.270,0,0
0,N120194,0.000,1.430,0,0
0,N120195,0.000,0.780,0,0
0,N120196,0.000,2.560,0,0
0,N120197,0.000,16.200,0,0
0,N120198,0.000,0.000,0,0
0,N120199,0.000,17.300,0,0
0,N120200,0.000,6.300,0,0
0,N120201,0.000,7.300,0,0
0,N120202,0.000,2.940,0,0
0,N120203,0.000,17.300,0,0
0,N120204,0.000,2.560,0,0
0,N120205,0.000,0.000,0,0
0,N120206,0.000,16.900,0,0
0,N120207,0.000,0.000,0,0
0,N120208,0.000,0.000,0,0
0,N120209,0.000,8.900,0,0
0,N120210,0.000,1.260,0,0
0,N120211,0.000,0.000,0,0
0,N120212,0.000,21.200,0,0
0,N120213,0.000,6.200,0,0
0,N120214,0.000,7.600,0,0
0,N120215,0.000,6.100,0,0
0,N120216,0.000,8.400,0,0
0,N120217,0.000,8.000,0,0
0,N120218,0.000,5.100,0,0
0,N120219,0.000,6.700,0,0
0,N120220,0.000,0.425,0,0
0,N120221,0.000,11.100,0,0
0,N120222,0.000,0.000,0,0
0,N120223,0.000,46.900,0,0
0,N120224,0.000,10.410,0,0
0,N120225,0.000,26.900,0,0
0,N120226,0.000,28.800,0,0
0,N120227,0.000,0.000,0,0
0,N120228,0.000,31.000,0,0
0,N120229,0.000,20.800,0,0
0,N120230,0.000,23.600,0,0
0,N120231,0.000,19.900,0,0
0,N120232,0.000,18.100,0,0
0,N120233,0.000,30.900,0,0
0,N120234,0.000,26.200,0,0
0,N120235,0.000,0.000,0,0
0,N120236,0.000,21.700,0,0
0,N120237,0.000,24.900,0,0
0,N120238,0.000,16.000,0,0
0,N120239,0.000,61.900,0,0
0,N120240,0.000,25.000,0,0
0,N120241,0.000,0.000,0,0
0,N120242,0.000,16.800,0,0
0,N120243,0.000,16.200,0,0
0,N120244,0.000,6.100,0,0
0,N120245,0.000,0.000,0,0
0,N120246,0.000,38.100,0,0
0,N120247,0.000,29.800,0,0
0,N120248,0.000,81.400,0,0
0,N120249,0.000,32.600,0,0
0,N120250,0.000,5.700,0,0
0,N120251,0.000,29.800,0,0
0,N120252,0.000,0.000,0,0
0,N120253,0.000,39.700,0,0
0,N120254,0.000,5.700,0,0
0,N120255,0.000,10.800,0,0
0,N120256,0.000,4.250,0,0
0,N120257,0.000,2.640,0,0
0,N120258,0.000,0.000,0,0
0,N120259,0.000,57.700,0,0
0,N120260,0.000,0.000,0,0
0,N120261,0.000,28.000,0,0
0,N120262,0.000,24.900,0,0
0,N120263,0.000,24.600,0,0
0,N120264,0.000,24.500,0,0
0,N120265,0.000,25.500,0,0
0,N120266,0.000,24.100,0,0
0,N120267,0.000,29.000,0,0
0,N120268,0.000,0.000,0,0
0,N120269,0.000,24.300,0,0
0,N120270,0.000,14.400,0,0
0,N120271,0.000,28.500,0,0
0,N120272,0.000,26.200,0,0
0,N120273,0.000,20.400,0,0
0,N120274,0.000,23.400,0,0
0,N120275,0.000,0.000,0,0
0,N120276,0.000,28.800,0,0
0,N120277,0.000,0.000,0,0
0,N120278,0.000,29.200,0,0
0,N120279,0.000,0.000,0,0
0,N120280,0.000,30.300,0,0
0,N120281,0.000,22.900,0,0
0,N120282,0.000,25.100,0,0
0,N120283,0.000,29.400,0,0
0,N120284,0.000,14.900,0,0
0,N120285,0.000,27.600,0,0
0,N120286,0.000,12.500,0,0
0,N120287,0.000,0.000,0,0
0,N120288,0.000,24.400,0,0
0,N120289,0.000,0.000,0,0
0,N120290,0.000,18.800,0,0
0,N120291,0.000,10.600,0,0
0,N120292,0.000,0.000,0,0
0,N120293,0.000,5.100,0,0
0,N120294,0.000,6.100,0,0
0,N120295,0.000,8.800,0,0
0,N120296,0.000,1.270,0,0
0,N120297,0.000,3.890,0,0
0,N120298,0.000,15.000,0,0
0,N120299,0.000,1.880,0,0
0,N120300,0.000,12.100,0,0
0,N120301,0.000,28.800,0,0
0,N120302,0.000,0.000,0,0
0,N120303,0.000,9.900,0,0
0,N120304,0.000,13.300,0,0
0,N120305,0.000,17.200,0,0
0,N120306,0.000,18.100,0,0
0,N120307,0.000,9.600,0,0
0,N120308,0.000,5.200,0,0
0,N120309,0.000,0.000,0,0
0,N120310,0.000,54.600,0,0
0,N120311,0.000,0.000,0,0
0,N120312,0.000,54.600,0,0
0,N120313,0.000,0.000,0,0
0,N120314,0.000,0.000,0,0
0,N120315,0.000,0.000,0,0
0,N120316,0.000,43.500,0,0
0,N120317,0.000,0.000,0,0
0,N120318,0.000,51.800,0,0
0,N120319,0.000,0.000,0,0
0,N120320,0.000,43.000,0,0
0,N120321,0.000,0.000,0,0
0,N120322,0.000,35.600,0,0
0,N120323,0.000,23.900,0,0
0,N120324,0.000,30.300,0,0
0,N120325,0.000,9.100,0,0
0,N120326,0.000,0.000,0,0
0,N120327,0.000,25.500,0,0
0,N120328,0.000,0.000,0,0
0,N120329,0.000,34.900,0,0
0,N120330,0.000,0.000,0,0
0,N120331,0.000,43.900,0,0
0,N120332,0.000,23.400,0,0
0,N120333,0.000,27.900,0,0
0,N120334,0.000,20.000,0,0
0,N120335,0.000,6.900,0,0
0,N120336,0.000,0.000,0,0
0,N120337,0.000,44.000,0,0
0,N120338,0.000,0.000,0,0
0,N120339,0.000,62.000,0,0
0,N120340,0.000,0.000,0,0
0,N120341,0.000,74.100,0,0
0,N120342,0.000,17.400,0,0
0,N120343,0.000,10.300,0,0
0,N120344,0.000,6.700,0,0
0,N120345,0.000,6.800,0,0
0,N120346,0.000,5.300,0,0
0,N120347,0.000,6.200,0,0
0,N120348,0.000,6.000,0,0
0,N120349,0.000,2.260,0,0
0,N120350,0.000,0.650,0,0
0,N120351,0.000,0.000,0,0
0,N120352,0.000,0.000,0,0
0,N120353,0.000,21.100,0,0
0,N120354,0.000,0.000,0,0
0,N120355,0.000,0.000,0,0
0,N120356,0.000,68.100,0,0
0,N120357,0.000,20.900,0,0
0,N120358,0.000,0.000,0,0
0,N120359,0.000,0.000,0,0
0,N120360,0.000,18.200,0,0
0,N120361,0.000,16.700,0,0
0,N120362,0.000,11.900,0,0
0,N120363,0.000,0.000,0,0
0,N120364,0.000,37.800,0,0
0,N120365,0.000,28.300,0,0
0,N120366,0.000,26.300,0,0
0,N120367,0.000,18.800,0,0
0,N120368,0.000,23.400,0,0
0,N120369,0.000,0.000,0,0
0,N120370,0.000,38.100,0,0
0,N120371,0.000,0.000,0,0
0,N120372,0.000,29.800,0,0
0,N120373,0.000,18.200,0,0
0,N120374,0.000,0.000,0,0
0,N120375,0.000,30.500,0,0
0,N120376,0.000,24.600,0,0
0,N120377,0.000,14.400,0,0
0,N120378,0.000,17.300,0,0
0,N120379,0.000,19.100,0,0
0,N120380,0.000,0.000,0,0
0,N120381,0.000,20.500,0,0
0,N120382,0.000,21.400,0,0
0,N120383,0.000,29.300,0,0
0,N120384,0.000,17.800,0,0
0,N120385,0.000,14.200,0,0
0,N120386,0.000,24.000,0,0
0,N120387,0.000,36.600,0,0
0,N120388,0.000,35.800,0,0
0,N120389,0.000,23.400,0,0
0,N120390,0.000,0.000,0,0
0,N120391,0.000,41.000,0,0
0,N120392,0.000,30.300,0,0
0,N120393,0.000,33.900,0,0
0,N120394,0.000,27.900,0,0
0,N120395,0.000,9.000,0,0
0,N120396,0.000,0.000,0,0
0,N120397,0.000,83.500,0,0
0,N120398,0.000,0.000,0,0
0,N120399,0.000,34.000,0,0
0,N120400,0.000,31.800,0,0
0,N120401,0.000,0.000,0,0
0,N120402,0.000,38.500,0,0
0,N120403,0.000,0.000,0,0
0,N120404,0.000,18.000,0,0
0,N120405,0.000,42.400,0,0
0,N120406,0.000,0.000,0,0
0,N120407,0.000,32.800,0,0
0,N120408,0.000,29.800,0,0
0,N120409,0.000,34.800,0,0
0,N120410,0.000,4.800,0,0
0,N120411,0.000,0.000,0,0
0,N120412,0.000,51.700,0,0
0,N120413,0.000,42.800,0,0
0,N120414,0.000,28.700,0,0
0,N120415,0.000,0.000,0,0
0,N120416,0.000,91.100,0,0
0,N120417,0.000,38.900,0,0
0,N120418,0.000,0.000,0,0
0,N120419,0.000,17.400,0,0
0,N120420,0.000,11.200,0,0
0,N120421,0.000,18.800,0,0
0,N120422,0.000,26.300,0,0
0,N120423,0.000,28.000,0,0
0,N120424,0.000,3.890,0,0
0,N120425,0.000,5.800,0,0
0,N120426,0.000,18.800,0,0
0,N120427,0.000,61.900,0,0
0,N120428,0.000,34.300,0,0
0,N120429,0.000,21.800,0,0
0,N120430,0.000,14.500,0,0
0,N120431,0.000,39.600,0,0
0,N120432,0.000,10.300,0,0
0,N120433,0.000,0.000,0,0
0,N120434,0.000,0.000,0,0
0,N120435,0.000,0.000,0,0
0,N120436,0.000,0.000,0,0
0,N120437,0.000,0.000,0,0
0,N120438,0.000,0.000,0,0
0,N120439,0.000,0.000,0,0
0,N120440,0.000,0.000,0,0
0,N120441,0.000,8.900,0,0
0,N120442,0.000,0.000,0,0
0,N120443,0.000,0.000,0,0
0,N120444,0.000,0.000,0,0
0,N120445,0.000,0.000,0,0
0,N120446,0.000,0.000,0,0
0,N120447,0.000,0.000,0,0
0,N120448,0.000,0.000,0,0
0,N120449,0.000,0.000,0,0
0,N120450,0.000,0.000,0,0
0,N120451,0.000,0.000,0,0
0,N120452,0.000,0.000,0,0
0,N120453,0.000,0.000,0,0
0,N120454,0.000,0.000,0,0
0,N120455,0.000,0.000,0,0
0,N120456,0.000,0.000,0,0
0,N120457,0.000,0.000,0,0
0,N120458,0.000,0.000,0,0
0,N120459,0.000,0.000,0,0
0,N120460,0.000,0.000,0,0
0,N120461,0.000,0.000,0,0
0,N120462,0.000,0.000,0,0
0,N120463,0.000,0.000,0,0
0,N120464,0.000,0.000,0,0
0,N120466,0.000,0.000,0,0
0,N120467,0.000,0.000,0,0
0,N120468,0.000,0.000,0,0
0,N120469,0.000,0.000,0,0
0,N120470,0.000,0.000,0,0
0,N120471,0.000,0.000,0,0
0,N120472,0.000,0.000,0,0
0,N120473,0.000,0.000,0,0
0,N120474,0.000,0.000,0,0
0,N120475,0.000,8.100,0,0
0,N120476,0.000,0.000,0,0
0,N120477,0.000,0.000,0,0
0,N120478,0.000,0.000,0,0
0,N120479,0.000,0.000,0,0
0,N120480,0.000,0.000,0,0
0,N120481,0.000,0.000,0,0
0,N120482,0.000,0.000,0,0
0,N120483,0.000,0.000,0,0
0,N120484,0.000,0.000,0,0
0,N120485,0.000,0.000,0,0
0,N120486,0.000,0.000,0,0
0,N120487,0.000,0.000,0,0
0,N120488,0.000,0.000,0,0
0,N120489,0.000,0.000,0,0
0,N120490,0.000,0.000,0,0
0,N120492,0.000,1.800,0,0
0,N120493,0.000,0.000,0,0
0,N120494,0.000,0.000,0,0
0,N120495,0.000,0.000,0,0
0,N120496,0.000,0.000,0,0
0,N120497,0.000,0.000,0,0
0,N120498,0.000,0.000,0,0
0,N120499,0.000,0.000,0,0
0,N120500,0.000,0.000,0,0
0,N120501,0.000,0.000,0,0
0,N120502,0.000,0.000,0,0
0,N120503,0.000,0.000,0,0
0,N120504,0.000,0.000,0,0
0,N120505,0.000,0.000,0,0
0,N120506,0.000,11.600,0,0
0,N120507,0.000,0.000,0,0
0,N120508,0.000,0.000,0,0
0,N120509,0.000,0.000,0,0
0,N120511,0.000,26.700,0,0
0,N120512,0.000,0.000,0,0
0,N120513,0.000,0.000,0,0
0,N120514,0.000,0.000,0,0
0,N120515,0.000,0.000,0,0
0,N120516,0.000,0.000,0,0
0,N120517,0.000,0.000,0,0
0,N120518,0.000,0.000,0,0
0,N120519,0.000,7.700,0,0
0,N120520,0.000,0.000,0,0
0,N120521,0.000,0.000,0,0
0,N120522,0.000,0.000,0,0
0,N120523,0.000,0.000,0,0
0,N120524,0.000,0.000,0,0
0,N120525,0.000,0.000,0,0
0,N120526,0.000,0.000,0,0
0,N130001,0.000,10.000,0,0
0,N130002,0.000,8.500,0,0
0,N130003,0.000,4.800,0,0
0,N130004,0.000,44.700,0,0
0,N130005,0.000,10.300,0,0
0,N130006,0.000,10.500,0,0
0,N130007,0.000,4.800,0,0
0,N130008,0.000,4.160,0,0
0,N130009,0.000,0.930,0,0
0,N130010,0.000,3.540,0,0
0,N130011,0.000,6.800,0,0
0,N130012,0.000,15.700,0,0
0,N130013,0.000,8.400,0,0
0,N130014,0.000,0.083,0,0
0,N130015,0.000,6.100,0,0
0,N130016,0.000,41.100,0,0
0,N130017,0.000,3.980,0,0
0,N130018,0.000,16.900,0,0
0,N130019,0.000,10.200,0,0
0,N130020,0.000,1.800,0,0
0,N130021,0.000,2.180,0,0
0,N130022,0.000,0.990,0,0
0,N130023,0.000,3.240,0,0
0,N130024,0.000,1.650,0,0
0,N130025,0.000,0.530,0,0
0,N130026,0.000,4.800,0,0
0,N130027,0.000,1.730,0,0
0,N130028,0.000,6.500,0,0
0,N130029,0.000,1.380,0,0
0,N130030,0.000,4.700,0,0
0,N130031,0.000,14.560,0,0
0,N130032,0.000,1.420,0,0
0,N130033,0.000,5.300,0,0
0,N130034,0.000,2.490,0,0
0,N130035,0.000,0.000,0,0
0,N130036,0.000,35.600,0,0
0,N130037,0.000,0.000,0,0
0,N130038,0.000,34.600,0,0
0,N130039,0.000,0.000,0,0
0,N130040,0.000,45.600,0,0
0,N130041,0.000,0.000,0,0
0,N130042,0.000,30.900,0,0
0,N130043,0.000,0.380,0,0
0,N130044,0.000,8.600,0,0
0,N130045,0.000,15.400,0,0
0,N130046,0.000,44.800,0,0
0,N130047,0.000,14.400,0,0
0,N130048,0.000,31.100,0,0
0,N130049,0.000,46.400,0,0
0,N130050,0.000,38.900,0,0
0,N130051,0.000,0.000,0,0
0,N130052,0.000,39.800,0,0
0,N130053,0.000,0.000,0,0
0,N130054,0.000,54.400,0,0
0,N130055,0.000,49.100,0,0
0,N130056,0.000,22.600,0,0
0,N130057,0.000,19.700,0,0
0,N130058,0.000,34.500,0,0
0,N130059,0.000,35.700,0,0
0,N130060,0.000,20.300,0,0
0,N130061,0.000,27.300,0,0
0,N130062,0.000,25.700,0,0
0,N130063,0.000,12.400,0,0
0,N130064,0.000,23.500,0,0
0,N130065,0.000,34.400,0,0
0,N130066,0.000,0.000,0,0
0,N130067,0.000,71.000,0,0
0,N130068,0.000,0.000,0,0
0,N130069,0.000,35.300,0,0
0,N130070,0.000,34.500,0,0
0,N130071,0.000,22.900,0,0
0,N130072,0.000,19.800,0,0
0,N130073,0.000,56.500,0,0
0,N130074,0.000,0.000,0,0
0,N130075,0.000,55.700,0,0
0,N130076,0.000,0.000,0,0
0,N130077,0.000,35.400,0,0
0,N130078,0.000,44.000,0,0
0,N130079,0.000,10.900,0,0
0,N130080,0.000,0.000,0,0
0,N130081,0.000,72.600,0,0
0,N130082,0.000,0.000,0,0
0,N130083,0.000,50.300,0,0
0,N130084,0.000,28.200,0,0
0,N130085,0.000,20.000,0,0
0,N130086,0.000,30.600,0,0
0,N130087,0.000,21.000,0,0
0,N130088,0.000,42.900,0,0
0,N130089,0.000,21.300,0,0
0,N130090,0.000,0.000,0,0
0,N130091,0.000,26.300,0,0
0,N130092,0.000,19.300,0,0
0,N130093,0.000,8.100,0,0
0,N130094,0.000,16.400,0,0
0,N130095,0.000,28.600,0,0
0,N130096,0.000,0.000,0,0
0,N130097,0.000,37.700,0,0
0,N130098,0.000,29.600,0,0
0,N130099,0.000,28.600,0,0
0,N130100,0.000,0.000,0,0
0,N130101,0.000,29.400,0,0
0,N130102,0.000,0.000,0,0
0,N130103,0.000,39.400,0,0
0,N130104,0.000,61.900,0,0
0,N130105,0.000,47.900,0,0
0,N130106,0.000,79.600,0,0
0,N130107,0.000,64.100,0,0
0,N130108,0.000,36.400,0,0
0,N130109,0.000,0.000,0,0
0,N130110,0.000,35.400,0,0
0,N130111,0.000,70.200,0,0
0,N130112,0.000,42.400,0,0
0,N130113,0.000,0.000,0,0
0,N130114,0.000,52.400,0,0
0,N130115,0.000,25.200,0,0
0,N130116,0.000,47.700,0,0
0,N130117,0.000,43.800,0,0
0,N130118,0.000,0.000,0,0
0,N130119,0.000,57.200,0,0
0,N130120,0.000,26.400,0,0
0,N130121,0.000,0.000,0,0
0,N130122,0.000,56.500,0,0
0,N130123,0.000,0.000,0,0
0,N130124,0.000,67.500,0,0
0,N130125,0.000,30.200,0,0
0,N130126,0.000,0.000,0,0
0,N130127,0.000,55.000,0,0
0,N130128,0.000,42.800,0,0
0,N130129,0.000,36.000,0,0
0,N130130,0.000,35.700,0,0
0,N130131,0.000,0.000,0,0
0,N130132,0.000,51.800,0,0
0,N130133,0.000,0.000,0,0
0,N130134,0.000,54.100,0,0
0,N130135,0.000,25.800,0,0
0,N130136,0.000,42.700,0,0
0,N130137,0.000,51.300,0,0
0,N130138,0.000,0.000,0,0
0,N130139,0.000,48.800,0,0
0,N130140,0.000,54.300,0,0
0,N130141,0.000,0.000,0,0
0,N130142,0.000,58.000,0,0
0,N130143,0.000,0.000,0,0
0,N130144,0.000,46.800,0,0
0,N130145,0.000,0.000,0,0
0,N130146,0.000,0.000,0,0
0,N130147,0.000,30.900,0,0
0,N130148,0.000,22.200,0,0
0,N130149,0.000,21.900,0,0
0,N130150,0.000,37.800,0,0
0,N130151,0.000,40.400,0,0
0,N130152,0.000,0.000,0,0
0,N130153,0.000,55.500,0,0
0,N130154,0.000,0.000,0,0
0,N130155,0.000,43.300,0,0
0,N130156,0.000,26.400,0,0
0,N130157,0.000,27.700,0,0
0,N130158,0.000,73.400,0,0
0,N130159,0.000,34.900,0,0
0,N130160,0.000,0.000,0,0
0,N130161,0.000,67.100,0,0
0,N130162,0.000,0.000,0,0
0,N130163,0.000,81.500,0,0
0,N130164,0.000,0.000,0,0
0,N130165,0.000,60.000,0,0
0,N130166,0.000,0.000,0,0
0,N130167,0.000,0.000,0,0
0,N130168,0.000,4.070,0,0
0,N130169,0.000,5.800,0,0
0,N130170,0.000,5.600,0,0
0,N130171,0.000,0.590,0,0
0,N130172,0.000,5.400,0,0
0,N130173,0.000,7.300,0,0
0,N130174,0.000,6.300,0,0
0,N130175,0.000,0.000,0,0
0,N130176,0.000,10.760,0,0
0,N130177,0.000,6.500,0,0
0,N130178,0.000,7.400,0,0
0,N130179,0.000,4.420,0,0
0,N130180,0.000,3.980,0,0
0,N130181,0.000,17.440,0,0
0,N130182,0.000,3.890,0,0
0,N130183,0.000,4.600,0,0
0,N130184,0.000,5.700,0,0
0,N130185,0.000,2.790,0,0
0,N130186,0.000,6.100,0,0
0,N130187,0.000,7.100,0,0
0,N130188,0.000,5.400,0,0
0,N130189,0.000,14.800,0,0
0,N130190,0.000,0.000,0,0
0,N130191,0.000,5.000,0,0
0,N130192,0.000,0.000,0,0
0,N130193,0.000,0.000,0,0
0,N130194,0.000,14.500,0,0
0,N130195,0.000,4.700,0,0
0,N130196,0.000,7.000,0,0
0,N130197,0.000,20.000,0,0
0,N130198,0.000,9.650,0,0
0,N130199,0.000,5.400,0,0
0,N130200,0.000,2.490,0,0
0,N130201,0.000,4.330,0,0
0,N130202,0.000,5.500,0,0
0,N130203,0.000,20.140,0,0
0,N130204,0.000,3.610,0,0
0,N130205,0.000,5.200,0,0
0,N130206,0.000,3.610,0,0
0,N130207,0.000,14.850,0,0
0,N130208,0.000,3.890,0,0
0,N130209,0.000,5.800,0,0
0,N130210,0.000,0.960,0,0
0,N130211,0.000,5.000,0,0
0,N130212,0.000,13.100,0,0
0,N130213,0.000,3.240,0,0
0,N130214,0.000,2.710,0,0
0,N130215,0.000,6.800,0,0
0,N130216,0.000,5.300,0,0
0,N130217,0.000,5.200,0,0
0,N130218,0.000,0.830,0,0
0,N130219,0.000,3.460,0,0
0,N130220,0.000,0.000,0,0
0,N130221,0.000,17.050,0,0
0,N130222,0.000,17.290,0,0
0,N130223,0.000,4.420,0,0
0,N130224,0.000,9.200,0,0
0,N130225,0.000,13.290,0,0
0,N130226,0.000,5.600,0,0
0,N130227,0.000,0.000,0,0
0,N130228,0.000,6.100,0,0
0,N130229,0.000,1.880,0,0
0,N130230,0.000,5.700,0,0
0,N130231,0.000,1.500,0,0
0,N130232,0.000,3.610,0,0
0,N130233,0.000,3.890,0,0
0,N130234,0.000,5.400,0,0
0,N130235,0.000,3.760,0,0
0,N130236,0.000,1.040,0,0
0,N130237,0.000,1.490,0,0
0,N130238,0.000,4.420,0,0
0,N130239,0.000,4.330,0,0
0,N130240,0.000,3.390,0,0
0,N130241,0.000,2.110,0,0
0,N130242,0.000,5.300,0,0
0,N130243,0.000,2.410,0,0
0,N130244,0.000,2.560,0,0
0,N130245,0.000,6.600,0,0
0,N130246,0.000,4.800,0,0
0,N130247,0.000,2.340,0,0
0,N130248,0.000,3.090,0,0
0,N130249,0.000,5.200,0,0
0,N130250,0.000,2.640,0,0
0,N130251,0.000,2.260,0,0
0,N130252,0.000,11.190,0,0
0,N130253,0.000,0.470,0,0
0,N130254,0.000,12.950,0,0
0,N130255,0.000,19.700,0,0
0,N130256,0.000,7.000,0,0
0,N130257,0.000,5.000,0,0
0,N130258,0.000,0.000,0,0
0,N130259,0.000,5.800,0,0
0,N130260,0.000,19.990,0,0
0,N130261,0.000,2.860,0,0
0,N130262,0.000,9.610,0,0
0,N130263,0.000,8.640,0,0
0,N130264,0.000,1.880,0,0
0,N130265,0.000,1.060,0,0
0,N130266,0.000,0.135,0,0
0,N130267,0.000,1.650,0,0
0,N130268,0.000,1.320,0,0
0,N130269,0.000,5.870,0,0
0,N130270,0.000,0.158,0,0
0,N130271,0.000,0.000,0,0
0,N130272,0.000,31.300,0,0
0,N130273,0.000,26.400,0,0
0,N130274,0.000,30.600,0,0
0,N130275,0.000,37.000,0,0
0,N130276,0.000,13.700,0,0
0,N130277,0.000,31.200,0,0
0,N130278,0.000,40.600,0,0
0,N130279,0.000,12.000,0,0
0,N130280,0.000,0.000,0,0
0,N130281,0.000,24.100,0,0
0,N130282,0.000,32.600,0,0
0,N130283,0.000,18.100,0,0
0,N130284,0.000,30.300,0,0
0,N130285,0.000,28.300,0,0
0,N130286,0.000,0.000,0,0
0,N130287,0.000,27.200,0,0
0,N130288,0.000,35.400,0,0
0,N130289,0.000,25.100,0,0
0,N130290,0.000,22.300,0,0
0,N130291,0.000,13.800,0,0
0,N130292,0.000,19.500,0,0
0,N130293,0.000,0.000,0,0
0,N130294,0.000,49.000,0,0
0,N130295,0.000,0.000,0,0
0,N130296,0.000,0.000,0,0
0,N130297,0.000,0.000,0,0
0,N130298,0.000,51.600,0,0
0,N130299,0.000,30.200,0,0
0,N130300,0.000,17.800,0,0
0,N130301,0.000,26.400,0,0
0,N130302,0.000,23.400,0,0
0,N130303,0.000,14.600,0,0
0,N130304,0.000,42.000,0,0
0,N130305,0.000,32.200,0,0
0,N130306,0.000,74.000,0,0
0,N130307,0.000,22.600,0,0
0,N130308,0.000,17.600,0,0
0,N130309,0.000,115.900,0,0
0,N130310,0.000,0.000,0,0
0,N130311,0.000,31.200,0,0
0,N130312,0.000,21.000,0,0
0,N130313,0.000,1.430,0,0
0,N130314,0.000,17.300,0,0
0,N130315,0.000,85.200,0,0
0,N130316,0.000,13.400,0,0
0,N130317,0.000,8.800,0,0
0,N130318,0.000,19.000,0,0
0,N130319,0.000,56.600,0,0
0,N130320,0.000,11.800,0,0
0,N130321,0.000,18.500,0,0
0,N130322,0.000,10.000,0,0
0,N130323,0.000,10.600,0,0
0,N130324,0.000,17.200,0,0
0,N130325,0.000,3.010,0,0
0,N130326,0.000,2.110,0,0
0,N130327,0.000,0.000,0,0
0,N130328,0.000,173.300,0,0
0,N130329,0.000,0.000,0,0
0,N130330,0.000,52.200,0,0
0,N130331,0.000,18.300,0,0
0,N130332,0.000,8.000,0,0
0,N130333,0.000,24.900,0,0
0,N130334,0.000,5.700,0,0
0,N130335,0.000,2.940,0,0
0,N130336,0.000,0.980,0,0
0,N130337,0.000,2.560,0,0
0,N130338,0.000,23.000,0,0
0,N130339,0.000,4.420,0,0
0,N130340,0.000,26.000,0,0
0,N130341,0.000,11.300,0,0
0,N130342,0.000,22.300,0,0
0,N130343,0.000,9.200,0,0
0,N130344,0.000,5.700,0,0
0,N130345,0.000,1.260,0,0
0,N130346,0.000,6.800,0,0
0,N130347,0.000,9.200,0,0
0,N130348,0.000,9.600,0,0
0,N130349,0.000,8.300,0,0
0,N130350,0.000,0.000,0,0
0,N130351,0.000,0.000,0,0
0,N130352,0.000,0.000,0,0
0,N130353,0.000,0.000,0,0
0,N130354,0.000,0.000,0,0
0,N130355,0.000,0.000,0,0
0,N130356,0.000,0.000,0,0
0,N130357,0.000,0.000,0,0
0,N130358,0.000,0.000,0,0
0,N130359,0.000,0.000,0,0
0,N130360,0.000,0.000,0,0
0,N130361,0.000,0.000,0,0
0,N130362,0.000,0.000,0,0
0,N130363,0.000,0.000,0,0
0,N130364,0.000,0.000,0,0
0,N130365,0.000,0.000,0,0
0,N130366,0.000,0.000,0,0
0,N130367,0.000,0.000,0,0
0,N130368,0.000,5.700,0,0
0,N130369,0.000,0.000,0,0
0,N130370,0.000,0.000,0,0
0,N130371,0.000,6.600,0,0
0,N130372,0.000,0.000,0,0
0,N130373,0.000,0.000,0,0
0,N130374,0.000,0.000,0,0
0,N130375,0.000,0.000,0,0
0,N140001,0.000,3.610,0,0
0,N140002,0.000,0.241,0,0
0,N140003,0.000,1.350,0,0
0,N140004,0.000,1.950,0,0
0,N140005,0.000,0.830,0,0
0,N140006,0.000,3.090,0,0
0,N140007,0.000,6.800,0,0
0,N140008,0.000,12.600,0,0
0,N140009,0.000,14.500,0,0
0,N140010,0.000,7.100,0,0
0,N140011,0.000,5.900,0,0
0,N140012,0.000,2.340,0,0
0,N140013,0.000,3.610,0,0
0,N140014,0.000,7.800,0,0
0,N140015,0.000,8.400,0,0
0,N140016,0.000,10.300,0,0
0,N140017,0.000,7.500,0,0
0,N140018,0.000,3.460,0,0
0,N140019,0.000,9.200,0,0
0,N140020,0.000,7.000,0,0
0,N140021,0.000,10.800,0,0
0,N140022,0.000,3.890,0,0
0,N140023,0.000,1.880,0,0
0,N140024,0.000,1.080,0,0
0,N140025,0.000,2.790,0,0
0,N140026,0.000,2.640,0,0
0,N140027,0.000,2.490,0,0
0,N140028,0.000,1.160,0,0
0,N140029,0.000,1.420,0,0
0,N140030,0.000,2.710,0,0
0,N140031,0.000,28.000,0,0
0,N140032,0.000,6.900,0,0
0,N140033,0.000,2.640,0,0
0,N140034,0.000,7.100,0,0
0,N140035,0.000,3.240,0,0
0,N140036,0.000,3.690,0,0
0,N140037,0.000,3.610,0,0
0,N140038,0.000,24.100,0,0
0,N140039,0.000,12.300,0,0
0,N140040,0.000,10.200,0,0
0,N140041,0.000,26.200,0,0
0,N140042,0.000,2.860,0,0
0,N140043,0.000,2.410,0,0
0,N140044,0.000,3.160,0,0
0,N140045,0.000,1.340,0,0
0,N140046,0.000,5.700,0,0
0,N140047,0.000,1.880,0,0
0,N140048,0.000,13.660,0,0
0,N140049,0.000,1.140,0,0
0,N140050,0.000,16.300,0,0
0,N140051,0.000,35.100,0,0
0,N140052,0.000,0.000,0,0
0,N140053,0.000,9.100,0,0
0,N140054,0.000,4.800,0,0
0,N140055,0.000,1.500,0,0
0,N140056,0.000,0.000,0,0
0,N140057,0.000,47.400,0,0
0,N140058,0.000,25.500,0,0
0,N140059,0.000,22.200,0,0
0,N140060,0.000,32.500,0,0
0,N140061,0.000,30.800,0,0
0,N140062,0.000,22.800,0,0
0,N140063,0.000,22.200,0,0
0,N140064,0.000,0.000,0,0
0,N140065,0.000,30.400,0,0
0,N140066,0.000,22.300,0,0
0,N140067,0.000,28.500,0,0
0,N140068,0.000,27.900,0,0
0,N140069,0.000,29.500,0,0
0,N140070,0.000,0.000,0,0
0,N140071,0.000,34.500,0,0
0,N140072,0.000,0.000,0,0
0,N140073,0.000,0.000,0,0
0,N140074,0.000,0.000,0,0
0,N140075,0.000,19.800,0,0
0,N140076,0.000,12.300,0,0
0,N140077,0.000,19.800,0,0
0,N140078,0.000,0.000,0,0
0,N140079,0.000,26.900,0,0
0,N140080,0.000,20.800,0,0
0,N140081,0.000,18.800,0,0
0,N140082,0.000,11.800,0,0
0,N140083,0.000,25.200,0,0
0,N140084,0.000,8.800,0,0
0,N140085,0.000,18.000,0,0
0,N140086,0.000,15.100,0,0
0,N140087,0.000,9.300,0,0
0,N140088,0.000,50.300,0,0
0,N140089,0.000,0.000,0,0
0,N140090,0.000,55.700,0,0
0,N140091,0.000,0.000,0,0
0,N140092,0.000,41.600,0,0
0,N140093,0.000,0.000,0,0
0,N140094,0.000,31.800,0,0
0,N140095,0.000,44.600,0,0
0,N140096,0.000,0.000,0,0
0,N140097,0.000,24.300,0,0
0,N140098,0.000,17.100,0,0
0,N140099,0.000,3.090,0,0
0,N140100,0.000,10.000,0,0
0,N140101,0.000,0.000,0,0
0,N140102,0.000,37.300,0,0
0,N140103,0.000,18.400,0,0
0,N140104,0.000,9.600,0,0
0,N140105,0.000,3.460,0,0
0,N140106,0.000,6.700,0,0
0,N140107,0.000,20.100,0,0
0,N140108,0.000,10.300,0,0
0,N140109,0.000,27.400,0,0
0,N140110,0.000,8.900,0,0
0,N140111,0.000,3.690,0,0
0,N140112,0.000,5.300,0,0
0,N140113,0.000,17.000,0,0
0,N140114,0.000,8.800,0,0
0,N140115,0.000,0.770,0,0
0,N140116,0.000,1.340,0,0
0,N140117,0.000,4.250,0,0
0,N140118,0.000,0.000,0,0
0,N140119,0.000,22.800,0,0
0,N140120,0.000,11.400,0,0
0,N140121,0.000,0.000,0,0
0,N140122,0.000,22.200,0,0
0,N140123,0.000,17.300,0,0
0,N140124,0.000,28.300,0,0
0,N140125,0.000,22.300,0,0
0,N140126,0.000,21.800,0,0
0,N140127,0.000,45.200,0,0
0,N140128,0.000,18.700,0,0
0,N140129,0.000,24.300,0,0
0,N140130,0.000,0.000,0,0
0,N140131,0.000,36.300,0,0
0,N140132,0.000,15.000,0,0
0,N140133,0.000,17.500,0,0
0,N140134,0.000,20.300,0,0
0,N140135,0.000,0.000,0,0
0,N140136,0.000,20.400,0,0
0,N140137,0.000,0.000,0,0
0,N140138,0.000,0.000,0,0
0,N140139,0.000,9.400,0,0
0,N140140,0.000,25.400,0,0
0,N140141,0.000,17.800,0,0
0,N140142,0.000,0.000,0,0
0,N140143,0.000,16.500,0,0
0,N140144,0.000,18.100,0,0
0,N140145,0.000,22.700,0,0
0,N140146,0.000,0.000,0,0
0,N140147,0.000,64.600,0,0
0,N140148,0.000,37.700,0,0
0,N140149,0.000,31.000,0,0
0,N140150,0.000,26.700,0,0
0,N140151,0.000,0.000,0,0
0,N140152,0.000,29.800,0,0
0,N140153,0.000,31.200,0,0
0,N140154,0.000,17.900,0,0
0,N140155,0.000,0.000,0,0
0,N140156,0.000,47.900,0,0
0,N140157,0.000,0.000,0,0
0,N140158,0.000,0.000,0,0
0,N140159,0.000,13.800,0,0
0,N140160,0.000,1.100,0,0
0,N140161,0.000,0.000,0,0
0,N140162,0.000,16.800,0,0
0,N140163,0.000,11.100,0,0
0,N140164,0.000,5.000,0,0
0,N140165,0.000,2.030,0,0
0,N140166,0.000,4.420,0,0
0,N140167,0.000,0.000,0,0
0,N140168,0.000,27.900,0,0
0,N140169,0.000,4.500,0,0
0,N140170,0.000,0.000,0,0
0,N140171,0.000,18.300,0,0
0,N140172,0.000,16.500,0,0
0,N140173,0.000,8.800,0,0
0,N140174,0.000,4.420,0,0
0,N140175,0.000,7.900,0,0
0,N140176,0.000,0.000,0,0
0,N140177,0.000,5.700,0,0
0,N140178,0.000,1.110,0,0
0,N140179,0.000,1.650,0,0
0,N140180,0.000,11.400,0,0
0,N140181,0.000,31.700,0,0
0,N140182,0.000,35.600,0,0
0,N140183,0.000,0.000,0,0
0,N140184,0.000,33.200,0,0
0,N140185,0.000,0.000,0,0
0,N140186,0.000,0.000,0,0
0,N140187,0.000,41.800,0,0
0,N140188,0.000,45.800,0,0
0,N140189,0.000,0.000,0,0
0,N140190,0.000,54.500,0,0
0,N140191,0.000,24.400,0,0
0,N140192,0.000,4.160,0,0
0,N140193,0.000,2.110,0,0
0,N140194,0.000,0.000,0,0
0,N140195,0.000,55.900,0,0
0,N140196,0.000,11.200,0,0
0,N140197,0.000,16.900,0,0
0,N140198,0.000,14.800,0,0
0,N140199,0.000,0.000,0,0
0,N140200,0.000,42.700,0,0
0,N140201,0.000,0.000,0,0
0,N140202,0.000,0.000,0,0
0,N140203,0.000,40.300,0,0
0,N140204,0.000,38.800,0,0
0,N140205,0.000,0.000,0,0
0,N140206,0.000,30.000,0,0
0,N140207,0.000,34.400,0,0
0,N140208,0.000,20.000,0,0
0,N140209,0.000,7.600,0,0
0,N140210,0.000,42.200,0,0
0,N140211,0.000,0.000,0,0
0,N140212,0.000,46.100,0,0
0,N140213,0.000,0.000,0,0
0,N140214,0.000,0.000,0,0
0,N140215,0.000,33.700,0,0
0,N140216,0.000,29.000,0,0
0,N140217,0.000,6.400,0,0
0,N140218,0.000,22.200,0,0
0,N140219,0.000,6.500,0,0
0,N140220,0.000,0.000,0,0
0,N140221,0.000,55.300,0,0
0,N140222,0.000,0.000,0,0
0,N140223,0.000,0.000,0,0
0,N140224,0.000,0.000,0,0
0,N140225,0.000,64.800,0,0
0,N140226,0.000,11.300,0,0
0,N140227,0.000,0.000,0,0
0,N140228,0.000,34.000,0,0
0,N140229,0.000,0.000,0,0
0,N140230,0.000,0.000,0,0
0,N140231,0.000,0.000,0,0
0,N140232,0.000,26.600,0,0
0,N140233,0.000,5.700,0,0
0,N140234,0.000,24.600,0,0
0,N140235,0.000,28.300,0,0
0,N140236,0.000,14.100,0,0
0,N140237,0.000,0.000,0,0
0,N140238,0.000,22.500,0,0
0,N140239,0.000,18.800,0,0
0,N140240,0.000,14.200,0,0
0,N140241,0.000,0.000,0,0
0,N140242,0.000,29.800,0,0
0,N140243,0.000,0.000,0,0
0,N140244,0.000,34.700,0,0
0,N140245,0.000,22.300,0,0
0,N140246,0.000,24.100,0,0
0,N140247,0.000,0.000,0,0
0,N140248,0.000,30.900,0,0
0,N140249,0.000,2.110,0,0
0,N140250,0.000,2.940,0,0
0,N140251,0.000,2.640,0,0
0,N140252,0.000,31.100,0,0
0,N140253,0.000,22.700,0,0
0,N140254,0.000,3.160,0,0
0,N140255,0.000,17.800,0,0
0,N140256,0.000,0.000,0,0
0,N140257,0.000,3.540,0,0
0,N140258,0.000,0.000,0,0
0,N140259,0.000,0.000,0,0
0,N140260,0.000,8.600,0,0
0,N140261,0.000,3.390,0,0
0,N140262,0.000,1.650,0,0
0,N140263,0.000,4.250,0,0
0,N140264,0.000,2.340,0,0
0,N140265,0.000,4.250,0,0
0,N140266,0.000,0.000,0,0
0,N140267,0.000,0.000,0,0
0,N140268,0.000,63.700,0,0
0,N140269,0.000,5.100,0,0
0,N140270,0.000,40.100,0,0
0,N140271,0.000,5.200,0,0
0,N140272,0.000,0.000,0,0
0,N140273,0.000,0.000,0,0
0,N140274,0.000,9.300,0,0
0,N140275,0.000,30.000,0,0
0,N140276,0.000,31.800,0,0
0,N140277,0.000,0.000,0,0
0,N140278,0.000,34.900,0,0
0,N140279,0.000,18.800,0,0
0,N140280,0.000,29.700,0,0
0,N140281,0.000,0.000,0,0
0,N140282,0.000,32.400,0,0
0,N140283,0.000,0.000,0,0
0,N140284,0.000,46.300,0,0
0,N140285,0.000,0.000,0,0
0,N140286,0.000,0.000,0,0
0,N140287,0.000,13.400,0,0
0,N140288,0.000,24.300,0,0
0,N140289,0.000,0.000,0,0
0,N140290,0.000,1.650,0,0
0,N140291,0.000,0.000,0,0
0,N140292,0.000,55.500,0,0
0,N140293,0.000,64.600,0,0
0,N140294,0.000,38.600,0,0
0,N140295,0.000,16.100,0,0
0,N140296,0.000,42.800,0,0
0,N140297,0.000,12.400,0,0
0,N140298,0.000,5.400,0,0
0,N140299,0.000,5.200,0,0
0,N140300,0.000,12.800,0,0
0,N140301,0.000,10.800,0,0
0,N140302,0.000,3.890,0,0
0,N140303,0.000,0.000,0,0
0,N140304,0.000,0.000,0,0
0,N140305,0.000,0.000,0,0
0,N140306,0.000,0.000,0,0
0,N140307,0.000,0.000,0,0
0,N140308,0.000,0.000,0,0
0,N140309,0.000,0.000,0,0
0,N140310,0.000,0.000,0,0
0,N140311,0.000,0.000,0,0
0,N140312,0.000,0.000,0,0
0,N140313,0.000,0.000,0,0
0,N140314,0.000,0.000,0,0
0,N140315,0.000,0.000,0,0
0,N140316,0.000,0.000,0,0
0,N140317,0.000,0.000,0,0
0,N140318,0.000,0.000,0,0
0,N140319,0.000,0.000,0,0
0,N140320,0.000,0.000,0,0
0,N140321,0.000,0.000,0,0
0,N140322,0.000,0.000,0,0
0,N140323,0.000,0.000,0,0
0,N140324,0.000,0.000,0,0
0,N140325,0.000,0.000,0,0
0,N140326,0.000,0.000,0,0
0,N140327,0.000,0.000,0,0
0,N140328,0.000,0.000,0,0
0,N140329,0.000,0.000,0,0
0,N140330,0.000,0.000,0,0
0,N140331,0.000,0.000,0,0
0,N140332,0.000,0.000,0,0
0,N140333,0.000,0.000,0,0
0,N140334,0.000,0.000,0,0
0,N140335,0.000,0.000,0,0
0,N140336,0.000,0.000,0,0
0,N140337,0.000,0.000,0,0
0,N140338,0.000,0.000,0,0
0,N140339,0.000,0.000,0,0
0,N140340,0.000,0.000,0,0
0,N140341,0.000,0.000,0,0
0,N140342,0.000,0.000,0,0
0,N140343,0.000,0.000,0,0
0,N140344,0.000,0.000,0,0
0,N140345,0.000,0.000,0,0
0,N140346,0.000,0.000,0,0
0,N140347,0.000,0.000,0,0
0,N140348,0.000,0.000,0,0
0,N140349,0.000,0.000,0,0
0,N140350,0.000,0.000,0,0
0,N140351,0.000,0.000,0,0
0,N140352,0.000,0.000,0,0
0,N140353,0.000,0.000,0,0
0,N140354,0.000,0.000,0,0
0,N140355,0.000,0.000,0,0
0,N140356,0.000,0.000,0,0
0,N140357,0.000,0.000,0,0
0,N140358,0.000,0.000,0,0
0,N140359,0.000,0.000,0,0
0,N140360,0.000,0.000,0,0
0,N140361,0.000,0.000,0,0
0,N140362,0.000,0.000,0,0
0,N140363,0.000,0.000,0,0
0,N140364,0.000,13.400,0,0
0,N140365,0.000,0.000,0,0
0,N140366,0.000,0.000,0,0
0,N140367,0.000,0.000,0,0
0,N140368,0.000,0.000,0,0
0,N140369,0.000,0.000,0,0
0,N140370,0.000,0.000,0,0
0,N140371,0.000,0.000,0,0
0,N140372,0.000,136.200,0,0
0,N140373,0.000,0.000,0,0
0,N140374,0.000,0.000,0,0
0,N140375,0.000,0.000,0,0
0,N140376,0.000,0.000,0,0
0,N140377,0.000,0.000,0,0
0,N140378,0.000,13.900,0,0
0,N140379,0.000,0.000,0,0
0,N140380,0.000,0.000,0,0
0,N140381,0.000,0.000,0,0
0,N140382,0.000,0.000,0,0
0,N140383,0.000,0.000,0,0
0,N140384,0.000,0.000,0,0
0,N140385,0.000,0.000,0,0
0,N140386,0.000,0.000,0,0
0,N140387,0.000,0.000,0,0
0,N150001,0.000,16.100,0,0
0,N150002,0.000,6.000,0,0
0,N150003,0.000,3.760,0,0
0,N150004,0.000,1.650,0,0
0,N150005,0.000,3.890,0,0
0,N150006,0.000,0.510,0,0
0,N150007,0.000,0.218,0,0
0,N150008,0.000,7.200,0,0
0,N150009,0.000,4.700,0,0
0,N150010,0.000,0.590,0,0
0,N150011,0.000,9.300,0,0
0,N150012,0.000,4.900,0,0
0,N150013,0.000,4.700,0,0
0,N150014,0.000,0.820,0,0
0,N150015,0.000,7.500,0,0
0,N150016,0.000,5.800,0,0
0,N150017,0.000,2.340,0,0
0,N150018,0.000,4.800,0,0
0,N150019,0.000,1.730,0,0
0,N150020,0.000,6.100,0,0
0,N150021,0.000,5.200,0,0
0,N150022,0.000,4.800,0,0
0,N150023,0.000,8.400,0,0
0,N150024,0.000,9.800,0,0
0,N150025,0.000,12.300,0,0
0,N150026,0.000,9.800,0,0
0,N150027,0.000,6.600,0,0
0,N150028,0.000,5.900,0,0
0,N150029,0.000,5.700,0,0
0,N150030,0.000,3.390,0,0
0,N150031,0.000,1.800,0,0
0,N150032,0.000,8.700,0,0
0,N150033,0.000,3.390,0,0
0,N150034,0.000,7.200,0,0
0,N150035,0.000,2.340,0,0
0,N150036,0.000,0.570,0,0
0,N150037,0.000,2.260,0,0
0,N150038,0.000,2.260,0,0
0,N150039,0.000,5.200,0,0
0,N150040,0.000,3.010,0,0
0,N150041,0.000,8.910,0,0
0,N150042,0.000,1.800,0,0
0,N150043,0.000,2.940,0,0
0,N150044,0.000,1.580,0,0
0,N150045,0.000,0.620,0,0
0,N150046,0.000,5.700,0,0
0,N150047,0.000,1.260,0,0
0,N150048,0.000,2.490,0,0
0,N150049,0.000,5.800,0,0
0,N150050,0.000,4.250,0,0
0,N150051,0.000,6.100,0,0
0,N150052,0.000,5.100,0,0
0,N150053,0.000,8.000,0,0
0,N150054,0.000,5.700,0,0
0,N150055,0.000,8.800,0,0
0,N150056,0.000,4.500,0,0
0,N150057,0.000,0.530,0,0
0,N150058,0.000,4.800,0,0
0,N150059,0.000,6.500,0,0
0,N150060,0.000,4.900,0,0
0,N150061,0.000,5.700,0,0
0,N150062,0.000,3.690,0,0
0,N150063,0.000,10.700,0,0
0,N150064,0.000,7.300,0,0
0,N150065,0.000,8.700,0,0
0,N150066,0.000,3.690,0,0
0,N150067,0.000,2.410,0,0
0,N150068,0.000,7.700,0,0
0,N150069,0.000,5.100,0,0
0,N150070,0.000,7.800,0,0
0,N150071,0.000,8.800,0,0
0,N150072,0.000,5.600,0,0
0,N150073,0.000,3.980,0,0
0,N150074,0.000,7.500,0,0
0,N150075,0.000,8.700,0,0
0,N150076,0.000,1.800,0,0
0,N150077,0.000,3.890,0,0
0,N150078,0.000,0.880,0,0
0,N150079,0.000,1.800,0,0
0,N150080,0.000,4.700,0,0
0,N150081,0.000,3.460,0,0
0,N150082,0.000,9.000,0,0
0,N150083,0.000,3.760,0,0
0,N150084,0.000,3.460,0,0
0,N150085,0.000,10.000,0,0
0,N150086,0.000,2.260,0,0
0,N150087,0.000,6.530,0,0
0,N150088,0.000,0.083,0,0
0,N150089,0.000,3.310,0,0
0,N150090,0.000,3.240,0,0
0,N150091,0.000,9.700,0,0
0,N150092,0.000,5.300,0,0
0,N150093,0.000,0.530,0,0
0,N150094,0.000,48.400,0,0
0,N150095,0.000,100.800,0,0
0,N150096,0.000,25.000,0,0
0,N150097,0.000,64.000,0,0
0,N150098,0.000,22.600,0,0
0,N150099,0.000,24.300,0,0
0,N150100,0.000,1.240,0,0
0,N150101,0.000,0.000,0,0
0,N150102,0.000,4.420,0,0
0,N150103,0.000,0.000,0,0
0,N150104,0.000,0.000,0,0
0,N150105,0.000,17.300,0,0
0,N150106,0.000,19.100,0,0
0,N150107,0.000,21.700,0,0
0,N150108,0.000,3.310,0,0
0,N150109,0.000,0.000,0,0
0,N150110,0.000,0.000,0,0
0,N150111,0.000,7.800,0,0
0,N150112,0.000,0.000,0,0
0,N150113,0.000,0.000,0,0
0,N150114,0.000,5.900,0,0
0,N150115,0.000,61.400,0,0
0,N150116,0.000,0.000,0,0
0,N150117,0.000,2.260,0,0
0,N150118,0.000,0.000,0,0
0,N150119,0.000,0.000,0,0
0,N150120,0.000,0.000,0,0
0,N150121,0.000,67.100,0,0
0,N150122,0.000,0.000,0,0
0,N150123,0.000,0.000,0,0
0,N150124,0.000,40.300,0,0
0,N150125,0.000,2.260,0,0
0,N150126,0.000,8.000,0,0
0,N150127,0.000,0.000,0,0
0,N150128,0.000,0.000,0,0
0,N150129,0.000,22.400,0,0
0,N150130,0.000,13.800,0,0
0,N150131,0.000,2.030,0,0
0,N150132,0.000,7.800,0,0
0,N150133,0.000,0.870,0,0
0,N150134,0.000,3.010,0,0
0,N150135,0.000,3.310,0,0
0,N150136,0.000,21.600,0,0
0,N150137,0.000,0.000,0,0
0,N150138,0.000,28.100,0,0
0,N150139,0.000,0.000,0,0
0,N150140,0.000,0.000,0,0
0,N150141,0.000,0.000,0,0
0,N150142,0.000,47.100,0,0
0,N150143,0.000,0.000,0,0
0,N150144,0.000,36.400,0,0
0,N150145,0.000,28.100,0,0
0,N150146,0.000,26.500,0,0
0,N150147,0.000,25.500,0,0
0,N150148,0.000,0.000,0,0
0,N150149,0.000,33.100,0,0
0,N150150,0.000,0.000,0,0
0,N150151,0.000,0.000,0,0
0,N150152,0.000,0.000,0,0
0,N150153,0.000,93.800,0,0
0,N150154,0.000,41.800,0,0
0,N150155,0.000,5.500,0,0
0,N150156,0.000,12.300,0,0
0,N150157,0.000,15.000,0,0
0,N150158,0.000,13.000,0,0
0,N150159,0.000,27.100,0,0
0,N150160,0.000,5.700,0,0
0,N150161,0.000,0.000,0,0
0,N150162,0.000,19.400,0,0
0,N150163,0.000,19.700,0,0
0,N150164,0.000,6.500,0,0
0,N150165,0.000,4.420,0,0
0,N150166,0.000,3.310,0,0
0,N150167,0.000,1.800,0,0
0,N150168,0.000,0.000,0,0
0,N150169,0.000,6.500,0,0
0,N150170,0.000,1.800,0,0
0,N150171,0.000,0.000,0,0
0,N150172,0.000,1.950,0,0
0,N150173,0.000,0.000,0,0
0,N150174,0.000,72.100,0,0
0,N150175,0.000,18.500,0,0
0,N150176,0.000,7.400,0,0
0,N150177,0.000,8.100,0,0
0,N150178,0.000,20.400,0,0
0,N150179,0.000,0.000,0,0
0,N150180,0.000,31.800,0,0
0,N150181,0.000,8.800,0,0
0,N150182,0.000,0.000,0,0
0,N150183,0.000,13.400,0,0
0,N150184,0.000,2.560,0,0
0,N150185,0.000,3.890,0,0
0,N150186,0.000,29.400,0,0
0,N150187,0.000,4.420,0,0
0,N150188,0.000,16.500,0,0
0,N150189,0.000,5.400,0,0
0,N150190,0.000,0.000,0,0
0,N150191,0.000,8.100,0,0
0,N150192,0.000,5.700,0,0
0,N150193,0.000,0.000,0,0
0,N150194,0.000,28.400,0,0
0,N150195,0.000,0.000,0,0
0,N150196,0.000,0.000,0,0
0,N150197,0.000,16.100,0,0
0,N150198,0.000,1.650,0,0
0,N150199,0.000,23.300,0,0
0,N150200,0.000,0.000,0,0
0,N150201,0.000,28.600,0,0
0,N150202,0.000,0.000,0,0
0,N150203,0.000,38.700,0,0
0,N150204,0.000,47.600,0,0
0,N150205,0.000,15.800,0,0
0,N150206,0.000,25.300,0,0
0,N150207,0.000,16.300,0,0
0,N150208,0.000,21.900,0,0
0,N150209,0.000,21.900,0,0
0,N150210,0.000,17.800,0,0
0,N150211,0.000,0.000,0,0
0,N150212,0.000,42.500,0,0
0,N150213,0.000,0.000,0,0
0,N150214,0.000,29.500,0,0
0,N150215,0.000,27.900,0,0
0,N150216,0.000,19.200,0,0
0,N150217,0.000,13.900,0,0
0,N150218,0.000,23.400,0,0
0,N150219,0.000,0.000,0,0
0,N150220,0.000,63.600,0,0
0,N150221,0.000,12.000,0,0
0,N150222,0.000,0.000,0,0
0,N150223,0.000,39.500,0,0
0,N150224,0.000,28.300,0,0
0,N150225,0.000,29.300,0,0
0,N150226,0.000,0.000,0,0
0,N150227,0.000,42.600,0,0
0,N150228,0.000,29.400,0,0
0,N150229,0.000,0.000,0,0
0,N150230,0.000,33.000,0,0
0,N150231,0.000,20.300,0,0
0,N150232,0.000,20.700,0,0
0,N150233,0.000,18.200,0,0
0,N150234,0.000,7.000,0,0
0,N150235,0.000,13.900,0,0
0,N150236,0.000,14.300,0,0
0,N150237,0.000,27.100,0,0
0,N150238,0.000,14.300,0,0
0,N150239,0.000,0.000,0,0
0,N150240,0.000,26.300,0,0
0,N150241,0.000,18.800,0,0
0,N150242,0.000,18.200,0,0
0,N150243,0.000,28.300,0,0
0,N150244,0.000,18.100,0,0
0,N150245,0.000,8.200,0,0
0,N150246,0.000,9.400,0,0
0,N150247,0.000,0.000,0,0
0,N150248,0.000,41.000,0,0
0,N150249,0.000,6.800,0,0
0,N150250,0.000,6.300,0,0
0,N150251,0.000,7.800,0,0
0,N150252,0.000,1.330,0,0
0,N150253,0.000,11.000,0,0
0,N150254,0.000,0.000,0,0
0,N150255,0.000,11.700,0,0
0,N150256,0.000,2.490,0,0
0,N150257,0.000,14.800,0,0
0,N150258,0.000,0.000,0,0
0,N150259,0.000,34.500,0,0
0,N150260,0.000,0.000,0,0
0,N150261,0.000,0.000,0,0
0,N150262,0.000,38.300,0,0
0,N150263,0.000,0.000,0,0
0,N150264,0.000,18.700,0,0
0,N150265,0.000,0.000,0,0
0,N150266,0.000,0.000,0,0
0,N150267,0.000,23.600,0,0
0,N150268,0.000,33.300,0,0
0,N150269,0.000,8.700,0,0
0,N150270,0.000,0.000,0,0
0,N150271,0.000,41.800,0,0
0,N150272,0.000,0.000,0,0
0,N150273,0.000,44.100,0,0
0,N150274,0.000,15.500,0,0
0,N150275,0.000,14.300,0,0
0,N150276,0.000,19.400,0,0
0,N150277,0.000,0.000,0,0
0,N150278,0.000,22.700,0,0
0,N150279,0.000,18.000,0,0
0,N150280,0.000,10.300,0,0
0,N150281,0.000,12.600,0,0
0,N150282,0.000,12.100,0,0
0,N150283,0.000,0.000,0,0
0,N150284,0.000,44.300,0,0
0,N150285,0.000,30.200,0,0
0,N150286,0.000,0.000,0,0
0,N150287,0.000,40.100,0,0
0,N150288,0.000,10.900,0,0
0,N150289,0.000,0.000,0,0
0,N150290,0.000,37.000,0,0
0,N150291,0.000,0.000,0,0
0,N150292,0.000,0.000,0,0
0,N150293,0.000,0.000,0,0
0,N150294,0.000,36.400,0,0
0,N150295,0.000,0.000,0,0
0,N150296,0.000,0.000,0,0
0,N150297,0.000,0.000,0,0
0,N150298,0.000,58.000,0,0
0,N150299,0.000,0.000,0,0
0,N150300,0.000,70.200,0,0
0,N150301,0.000,29.900,0,0
0,N150302,0.000,23.400,0,0
0,N150303,0.000,21.400,0,0
0,N150304,0.000,29.100,0,0
0,N150305,0.000,25.800,0,0
0,N150306,0.000,30.900,0,0
0,N150307,0.000,0.000,0,0
0,N150308,0.000,37.500,0,0
0,N150309,0.000,0.000,0,0
0,N150310,0.000,0.000,0,0
0,N150311,0.000,0.000,0,0
0,N150312,0.000,41.600,0,0
0,N150313,0.000,19.000,0,0
0,N150314,0.000,19.900,0,0
0,N150315,0.000,6.000,0,0
0,N150316,0.000,0.000,0,0
0,N150317,0.000,41.200,0,0
0,N150318,0.000,22.400,0,0
0,N150319,0.000,30.900,0,0
0,N150320,0.000,16.800,0,0
0,N150321,0.000,7.800,0,0
0,N150322,0.000,3.160,0,0
0,N150323,0.000,9.200,0,0
0,N150324,0.000,0.000,0,0
0,N150325,0.000,22.100,0,0
0,N150326,0.000,21.900,0,0
0,N150327,0.000,0.000,0,0
0,N150328,0.000,24.100,0,0
0,N150329,0.000,4.800,0,0
0,N150330,0.000,29.200,0,0
0,N150331,0.000,0.000,0,0
0,N150332,0.000,30.800,0,0
0,N150333,0.000,0.000,0,0
0,N150334,0.000,0.000,0,0
0,N150335,0.000,24.500,0,0
0,N150336,0.000,21.100,0,0
0,N150337,0.000,0.000,0,0
0,N150338,0.000,67.700,0,0
0,N150339,0.000,5.700,0,0
0,N150340,0.000,35.900,0,0
0,N150341,0.000,0.000,0,0
0,N150342,0.000,168.100,0,0
0,N150343,0.000,74.500,0,0
0,N150344,0.000,0.000,0,0
0,N150345,0.000,45.400,0,0
0,N150346,0.000,0.000,0,0
0,N150347,0.000,42.600,0,0
0,N150348,0.000,30.000,0,0
0,N150349,0.000,6.900,0,0
0,N150350,0.000,13.000,0,0
0,N150351,0.000,49.300,0,0
0,N150352,0.000,24.300,0,0
0,N150353,0.000,31.300,0,0
0,N150354,0.000,32.300,0,0
0,N150355,0.000,32.500,0,0
0,N150356,0.000,12.600,0,0
0,N150357,0.000,3.390,0,0
0,N150358,0.000,5.700,0,0
0,N150359,0.000,56.500,0,0
0,N150360,0.000,48.800,0,0
0,N150361,0.000,18.000,0,0
0,N150362,0.000,25.200,0,0
0,N150363,0.000,9.300,0,0
0,N150364,0.000,0.650,0,0
0,N150365,0.000,17.800,0,0
0,N150366,0.000,19.100,0,0
0,N150367,0.000,0.000,0,0
0,N150368,0.000,36.300,0,0
0,N150369,0.000,0.000,0,0
0,N150370,0.000,28.400,0,0
0,N150371,0.000,4.700,0,0
0,N150372,0.000,9.900,0,0
0,N150373,0.000,12.800,0,0
0,N150374,0.000,10.600,0,0
0,N150375,0.000,0.000,0,0
0,N150376,0.000,36.800,0,0
0,N150377,0.000,17.800,0,0
0,N150378,0.000,11.300,0,0
0,N150379,0.000,19.300,0,0
0,N150380,0.000,9.300,0,0
0,N150381,0.000,18.600,0,0
0,N150382,0.000,25.200,0,0
0,N150383,0.000,15.400,0,0
0,N150384,0.000,17.200,0,0
0,N150385,0.000,5.700,0,0
0,N150386,0.000,4.800,0,0
0,N150387,0.000,1.950,0,0
0,N150388,0.000,3.540,0,0
0,N150389,0.000,2.180,0,0
0,N150390,0.000,91.200,0,0
0,N150391,0.000,15.200,0,0
0,N150392,0.000,11.500,0,0
0,N150393,0.000,2.790,0,0
0,N150394,0.000,7.800,0,0
0,N150395,0.000,12.000,0,0
0,N150396,0.000,8.000,0,0
0,N150397,0.000,11.900,0,0
0,N150398,0.000,7.300,0,0
0,N150399,0.000,10.300,0,0
0,N150400,0.000,13.000,0,0
0,N150401,0.000,8.700,0,0
0,N150402,0.000,3.390,0,0
0,N150403,0.000,2.110,0,0
0,N150404,0.000,13.000,0,0
0,N150405,0.000,1.800,0,0
0,N150406,0.000,14.900,0,0
0,N150407,0.000,11.800,0,0
0,N150408,0.000,2.940,0,0
0,N150409,0.000,13.400,0,0
0,N150410,0.000,5.100,0,0
0,N150411,0.000,11.000,0,0
0,N150412,0.000,12.800,0,0
0,N150413,0.000,105.100,0,0
0,N150414,0.000,12.800,0,0
0,N150415,0.000,3.460,0,0
0,N150416,0.000,22.800,0,0
0,N150417,0.000,16.700,0,0
0,N150418,0.000,9.100,0,0
0,N150419,0.000,8.500,0,0
0,N150420,0.000,7.800,0,0
0,N150421,0.000,4.700,0,0
0,N150422,0.000,5.700,0,0
0,N150423,0.000,4.800,0,0
0,N150424,0.000,8.000,0,0
0,N150425,0.000,4.160,0,0
0,N150426,0.000,0.000,0,0
0,N150427,0.000,0.000,0,0
0,N150428,0.000,0.000,0,0
0,N150429,0.000,0.000,0,0
0,N150430,0.000,0.000,0,0
0,N150431,0.000,0.000,0,0
0,N150432,0.000,0.000,0,0
0,N150433,0.000,0.000,0,0
0,N150434,0.000,0.000,0,0
0,N150435,0.000,0.000,0,0
0,N150436,0.000,0.000,0,0
0,N150437,0.000,0.000,0,0
0,N150438,0.000,0.000,0,0
0,N150439,0.000,0.000,0,0
0,N150440,0.000,0.000,0,0
0,N150441,0.000,0.000,0,0
0,N150442,0.000,0.000,0,0
0,N150443,0.000,0.000,0,0
0,N150444,0.000,0.000,0,0
0,N150445,0.000,0.000,0,0
0,N150446,0.000,0.000,0,0
0,N150447,0.000,0.000,0,0
0,N150448,0.000,0.000,0,0
0,N150449,0.000,0.000,0,0
0,N150450,0.000,0.000,0,0
0,N150451,0.000,0.000,0,0
0,N150452,0.000,0.000,0,0
0,N150453,0.000,0.000,0,0
0,N150454,0.000,0.000,0,0
0,N150455,0.000,49.700,0,0
0,N150456,0.000,0.000,0,0
0,N150457,0.000,0.000,0,0
0,N150458,0.000,0.000,0,0
0,N150459,0.000,0.000,0,0
0,N150460,0.000,0.000,0,0
0,N150461,0.000,17.100,0,0
0,N150462,0.000,0.000,0,0
0,N150463,0.000,0.000,0,0
0,N150464,0.000,0.000,0,0
0,N150465,0.000,0.000,0,0
0,N150466,0.000,0.000,0,0
0,N150467,0.000,0.000,0,0
0,N150468,0.000,0.000,0,0
0,N150469,0.000,0.000,0,0
0,N150470,0.000,0.000,0,0
0,N150471,0.000,0.000,0,0
0,N150472,0.000,0.000,0,0
0,N150473,0.000,0.000,0,0
0,N150474,0.000,0.000,0,0
0,N150475,0.000,0.000,0,0
0,N150476,0.000,0.000,0,0
0,N150477,0.000,0.000,0,0
0,N150478,0.000,0.000,0,0
0,N150479,0.000,0.000,0,0
0,N150480,0.000,0.000,0,0
0,N150481,0.000,0.000,0,0
0,N150482,0.000,0.000,0,0
0,N150483,0.000,0.000,0,0
0,N150484,0.000,0.000,0,0
0,N150485,0.000,0.000,0,0
0,N150486,0.000,0.000,0,0
0,N150487,0.000,0.000,0,0
0,N150488,0.000,0.000,0,0
0,N150489,0.000,0.000,0,0
0,N150490,0.000,0.000,0,0
0,N150491,0.000,0.000,0,0
0,N150492,0.000,0.000,0,0
0,N150493,0.000,0.000,0,0
0,N150494,0.000,0.000,0,0
0,N150495,0.000,0.000,0,0
0,N150496,0.000,0.000,0,0
0,N150497,0.000,0.000,0,0
0,N150498,0.000,0.000,0,0
0,N150499,0.000,0.000,0,0
0,N150500,0.000,0.000,0,0
0,N150501,0.000,9.300,0,0
0,N150502,0.000,0.000,0,0
0,N150503,0.000,0.000,0,0
0,N150504,0.000,0.000,0,0
0,N150505,0.000,0.000,0,0
0,N150506,0.000,0.000,0,0
0,N150507,0.000,0.000,0,0
0,N150509,0.000,0.000,0,0
0,N150510,0.000,0.000,0,0
0,N150511,0.000,1.180,0,0
0,N150512,0.000,0.000,0,0
0,N150513,0.000,66.300,0,0
0,N150514,0.000,11.100,0,0
0,N150515,0.000,0.000,0,0
0,N150516,0.000,0.000,0,0
0,N150517,0.000,0.000,0,0
0,N150519,0.000,24.600,0,0
0,N150520,0.000,0.000,0,0
0,N150521,0.000,0.000,0,0
0,N150522,0.000,0.000,0,0
0,N150523,0.000,0.000,0,0
0,N150524,0.000,0.000,0,0
0,N150525,0.000,0.000,0,0
0,N150526,0.000,0.000,0,0
0,N150527,0.000,0.000,0,0
0,N150528,0.000,0.000,0,0
0,N150529,0.000,0.000,0,0
0,N150530,0.000,0.000,0,0
0,N150531,0.000,0.000,0,0
0,N150532,0.000,0.000,0,0
0,N150533,0.000,0.000,0,0
0,N150534,0.000,0.000,0,0
0,N150535,0.000,0.000,0,0
0,N150536,0.000,0.000,0,0
0,N150537,0.000,0.000,0,0
0,N150538,0.000,0.000,0,0
0,N150539,0.000,0.000,0,0
0,N150540,0.000,0.000,0,0
0,N150541,0.000,0.000,0,0
0,N150542,0.000,0.000,0,0
0,N150543,0.000,0.000,0,0
0,N150544,0.000,0.000,0,0
0,N150545,0.000,0.000,0,0
0,N150546,0.000,0.000,0,0
0,N150547,0.000,0.000,0,0
0,N150548,0.000,6.500,0,0
0,N150549,0.000,0.000,0,0
0,N150550,0.000,0.000,0,0
0,N150551,0.000,0.000,0,0
0,N150552,0.000,0.000,0,0
0,N150553,0.000,0.000,0,0
0,N150554,0.000,0.000,0,0
0,N160001,0.000,20.500,0,0
0,N160002,0.000,23.400,0,0
0,N160003,0.000,3.090,0,0
0,N160004,0.000,0.000,0,0
0,N160005,0.000,15.460,0,0
0,N160006,0.000,18.200,0,0
0,N160007,0.000,0.000,0,0
0,N160008,0.000,0.000,0,0
0,N160009,0.000,152.100,0,0
0,N160010,0.000,11.800,0,0
0,N160011,0.000,2.790,0,0
0,N160012,0.000,3.390,0,0
0,N160013,0.000,4.160,0,0
0,N160014,0.000,2.560,0,0
0,N160015,0.000,2.640,0,0
0,N160016,0.000,1.880,0,0
0,N160017,0.000,5.200,0,0
0,N160018,0.000,3.310,0,0
0,N160019,0.000,5.000,0,0
0,N160020,0.000,10.900,0,0
0,N160021,0.000,4.250,0,0
0,N160022,0.000,10.600,0,0
0,N160023,0.000,1.230,0,0
0,N160024,0.000,3.010,0,0
0,N160025,0.000,6.300,0,0
0,N160026,0.000,2.110,0,0
0,N160027,0.000,1.220,0,0
0,N160028,0.000,2.030,0,0
0,N160029,0.000,1.800,0,0
0,N160030,0.000,6.900,0,0
0,N160031,0.000,2.410,0,0
0,N160032,0.000,1.580,0,0
0,N160033,0.000,1.730,0,0
0,N160034,0.000,3.540,0,0
0,N160035,0.000,3.240,0,0
0,N160036,0.000,1.370,0,0
0,N160037,0.000,7.400,0,0
0,N160038,0.000,2.410,0,0
0,N160039,0.000,9.600,0,0
0,N160040,0.000,1.040,0,0
0,N160041,0.000,30.300,0,0
0,N160042,0.000,2.490,0,0
0,N160043,0.000,1.480,0,0
0,N160044,0.000,6.800,0,0
0,N160045,0.000,0.226,0,0
0,N160046,0.000,2.260,0,0
0,N160047,0.000,0.770,0,0
0,N160048,0.000,1.950,0,0
0,N160049,0.000,1.230,0,0
0,N160050,0.000,0.550,0,0
0,N160051,0.000,3.690,0,0
0,N160052,0.000,4.500,0,0
0,N160053,0.000,0.286,0,0
0,N160054,0.000,0.450,0,0
0,N160055,0.000,2.560,0,0
0,N160056,0.000,3.010,0,0
0,N160057,0.000,1.400,0,0
0,N160058,0.000,0.218,0,0
0,N160059,0.000,2.860,0,0
0,N160060,0.000,0.025,0,0
0,N160061,0.000,3.160,0,0
0,N160062,0.000,0.020,0,0
0,N160063,0.000,1.020,0,0
0,N160064,0.000,0.003,0,0
0,N160065,0.000,0.105,0,0
0,N160066,0.000,15.100,0,0
0,N160067,0.000,6.800,0,0
0,N160068,0.000,2.410,0,0
0,N160069,0.000,6.300,0,0
0,N160070,0.000,1.100,0,0
0,N160071,0.000,1.650,0,0
0,N160072,0.000,1.250,0,0
0,N160073,0.000,0.730,0,0
0,N160074,0.000,1.080,0,0
0,N160075,0.000,4.500,0,0
0,N160076,0.000,1.090,0,0
0,N160077,0.000,3.800,0,0
0,N160078,0.000,0.376,0,0
0,N160079,0.000,2.860,0,0
0,N160080,0.000,0.000,0,0
0,N160081,0.000,8.800,0,0
0,N160082,0.000,2.640,0,0
0,N160083,0.000,6.700,0,0
0,N160084,0.000,0.830,0,0
0,N160085,0.000,0.490,0,0
0,N160086,0.000,0.680,0,0
0,N160087,0.000,0.346,0,0
0,N160088,0.000,1.730,0,0
0,N160089,0.000,0.226,0,0
0,N160090,0.000,0.135,0,0
0,N160091,0.000,21.900,0,0
0,N160092,0.000,0.000,0,0
0,N160093,0.000,42.200,0,0
0,N160094,0.000,7.100,0,0
0,N160095,0.000,7.800,0,0
0,N160096,0.000,3.760,0,0
0,N160097,0.000,29.300,0,0
0,N160098,0.000,8.600,0,0
0,N160099,0.000,0.027,0,0
0,N160100,0.000,10.100,0,0
0,N160101,0.000,3.160,0,0
0,N160102,0.000,6.200,0,0
0,N160103,0.000,4.070,0,0
0,N160104,0.000,5.700,0,0
0,N160105,0.000,5.400,0,0
0,N160106,0.000,1.800,0,0
0,N160107,0.000,4.600,0,0
0,N160108,0.000,1.730,0,0
0,N160109,0.000,0.065,0,0
0,N160110,0.000,5.500,0,0
0,N160111,0.000,2.030,0,0
0,N160112,0.000,1.650,0,0
0,N160113,0.000,8.500,0,0
0,N160114,0.000,14.500,0,0
0,N160115,0.000,2.940,0,0
0,N160116,0.000,0.830,0,0
0,N160117,0.000,7.700,0,0
0,N160118,0.000,1.350,0,0
0,N160119,0.000,3.390,0,0
0,N160120,0.000,6.500,0,0
0,N160121,0.000,0.316,0,0
0,N160122,0.000,5.300,0,0
0,N160123,0.000,2.180,0,0
0,N160124,0.000,1.800,0,0
0,N160125,0.000,8.300,0,0
0,N160126,0.000,0.264,0,0
0,N160127,0.000,0.870,0,0
0,N160128,0.000,0.211,0,0
0,N160129,0.000,0.416,0,0
0,N160130,0.000,2.030,0,0
0,N160131,0.000,0.600,0,0
0,N160132,0.000,1.030,0,0
0,N160133,0.000,0.271,0,0
0,N160134,0.000,0.060,0,0
0,N160135,0.000,0.640,0,0
0,N160136,0.000,0.017,0,0
0,N160137,0.000,3.980,0,0
0,N160138,0.000,33.300,0,0
0,N160139,0.000,0.000,0,0
0,N160140,0.000,143.600,0,0
0,N160141,0.000,29.000,0,0
0,N160142,0.000,31.800,0,0
0,N160143,0.000,28.000,0,0
0,N160144,0.000,24.100,0,0
0,N160145,0.000,14.700,0,0
0,N160146,0.000,24.300,0,0
0,N160147,0.000,26.300,0,0
0,N160148,0.000,28.800,0,0
0,N160149,0.000,34.900,0,0
0,N160150,0.000,4.420,0,0
0,N160151,0.000,16.200,0,0
0,N160152,0.000,29.500,0,0
0,N160153,0.000,34.900,0,0
0,N160154,0.000,21.300,0,0
0,N160155,0.000,19.200,0,0
0,N160156,0.000,52.500,0,0
0,N160157,0.000,53.500,0,0
0,N160158,0.000,43.900,0,0
0,N160159,0.000,46.200,0,0
0,N160160,0.000,50.300,0,0
0,N160161,0.000,62.400,0,0
0,N160162,0.000,12.600,0,0
0,N160163,0.000,29.300,0,0
0,N160164,0.000,17.300,0,0
0,N160165,0.000,7.500,0,0
0,N160166,0.000,4.900,0,0
0,N160167,0.000,25.700,0,0
0,N160168,0.000,28.800,0,0
0,N160169,0.000,2.560,0,0
0,N160170,0.000,14.300,0,0
0,N160171,0.000,4.700,0,0
0,N160172,0.000,18.800,0,0
0,N160173,0.000,30.300,0,0
0,N160174,0.000,14.200,0,0
0,N160175,0.000,30.500,0,0
0,N160176,0.000,22.700,0,0
0,N160177,0.000,25.700,0,0
0,N160178,0.000,4.160,0,0
0,N160179,0.000,21.600,0,0
0,N160180,0.000,12.600,0,0
0,N160181,0.000,14.900,0,0
0,N160182,0.000,13.800,0,0
0,N160183,0.000,28.000,0,0
0,N160184,0.000,5.200,0,0
0,N160185,0.000,16.300,0,0
0,N160186,0.000,13.600,0,0
0,N160187,0.000,150.300,0,0
0,N160188,0.000,0.000,0,0
0,N160189,0.000,0.000,0,0
0,N160190,0.000,0.000,0,0
0,N160191,0.000,0.000,0,0
0,N160192,0.000,0.000,0,0
0,N160193,0.000,0.000,0,0
0,N160194,0.000,0.000,0,0
0,N160195,0.000,0.000,0,0
0,N160196,0.000,0.000,0,0
0,N160197,0.000,0.000,0,0
0,N160198,0.000,0.000,0,0
0,N160199,0.000,0.000,0,0
0,N160200,0.000,0.000,0,0
0,N160201,0.000,0.000,0,0
0,N160202,0.000,0.000,0,0
0,N160203,0.000,0.000,0,0
0,N160204,0.000,0.000,0,0
0,N160205,0.000,0.000,0,0
0,N160206,0.000,0.000,0,0
0,N160207,0.000,0.000,0,0
0,N160208,0.000,0.000,0,0
0,N160209,0.000,0.000,0,0
0,N160210,0.000,0.000,0,0
0,N160211,0.000,0.000,0,0
0,N160212,0.000,0.000,0,0
0,N160213,0.000,0.000,0,0
0,N160214,0.000,0.000,0,0
0,N160215,0.000,0.000,0,0
0,N160216,0.000,0.000,0,0
0,N160217,0.000,0.000,0,0
0,N160218,0.000,0.000,0,0
0,N160219,0.000,0.000,0,0
0,N160220,0.000,0.000,0,0
0,N160221,0.000,0.000,0,0
0,N160222,0.000,0.000,0,0
0,N160223,0.000,0.000,0,0
0,N160224,0.000,0.000,0,0
0,N160225,0.000,0.000,0,0
0,N160226,0.000,0.000,0,0
0,N160227,0.000,0.000,0,0
0,N160228,0.000,0.000,0,0
0,N160229,0.000,0.000,0,0
0,N160230,0.000,0.000,0,0
0,N160231,0.000,0.000,0,0
0,N160232,0.000,0.000,0,0
0,N160233,0.000,0.000,0,0
0,N160234,0.000,0.000,0,0
0,N160235,0.000,0.000,0,0
0,N160236,0.000,0.000,0,0
0,N160237,0.000,0.000,0,0
0,N160238,0.000,0.000,0,0
0,N160239,0.000,0.000,0,0
0,N160240,0.000,0.000,0,0
0,N160241,0.000,0.000,0,0
0,N160242,0.000,0.000,0,0
0,N160243,0.000,0.000,0,0
0,N160244,0.000,0.000,0,0
0,N160245,0.000,0.000,0,0
0,N160246,0.000,0.000,0,0
0,N160247,0.000,0.000,0,0
0,N160248,0.000,0.000,0,0
0,N160249,0.000,0.000,0,0
0,N160250,0.000,0.000,0,0
0,N160251,0.000,0.000,0,0
0,N160252,0.000,0.000,0,0
0,N160253,0.000,0.000,0,0
0,N160254,0.000,0.000,0,0
0,N160255,0.000,0.000,0,0
0,N160256,0.000,0.000,0,0
0,N160257,0.000,0.000,0,0
0,N160258,0.000,0.000,0,0
0,N160259,0.000,0.000,0,0
0,N160260,0.000,0.000,0,0
0,N160261,0.000,0.000,0,0
0,N160262,0.000,0.000,0,0
0,N160263,0.000,0.000,0,0
0,N160264,0.000,0.000,0,0
0,N160265,0.000,0.000,0,0
0,N160266,0.000,0.000,0,0
0,N160267,0.000,0.000,0,0
0,N160268,0.000,0.000,0,0
0,N160269,0.000,0.000,0,0
0,N160270,0.000,0.000,0,0
0,N160271,0.000,0.000,0,0
0,N160272,0.000,0.000,0,0
0,N160273,0.000,0.000,0,0
0,N160274,0.000,0.000,0,0
0,N160275,0.000,0.000,0,0
0,N160276,0.000,0.000,0,0
0,N160277,0.000,0.000,0,0
0,N160278,0.000,0.000,0,0
0,N160279,0.000,0.000,0,0
0,N160280,0.000,1.880,0,0
0,N160281,0.000,0.000,0,0
0,N160282,0.000,0.000,0,0
0,N160283,0.000,0.000,0,0
0,N160284,0.000,0.000,0,0
0,N160285,0.000,0.000,0,0
0,N160286,0.000,0.000,0,0
0,N160287,0.000,0.000,0,0
0,N160288,0.000,0.000,0,0
0,N160289,0.000,0.000,0,0
0,N160290,0.000,116.800,0,0
0,N160291,0.000,0.000,0,0
0,N160292,0.000,0.000,0,0
0,N160293,0.000,0.000,0,0
0,N160294,0.000,0.000,0,0
0,N160295,0.000,0.000,0,0
0,N160296,0.000,0.000,0,0
0,N160297,0.000,0.000,0,0
0,N160298,0.000,0.000,0,0
0,N160299,0.000,0.000,0,0
0,N160300,0.000,0.000,0,0
0,N160301,0.000,0.000,0,0
0,N160302,0.000,0.000,0,0
0,N160303,0.000,0.000,0,0
0,N170001,0.000,4.700,0,0
0,N170002,0.000,5.300,0,0
0,N170003,0.000,7.100,0,0
0,N170004,0.000,9.300,0,0
0,N170005,0.000,9.800,0,0
0,N170006,0.000,3.760,0,0
0,N170007,0.000,2.940,0,0
0,N170008,0.000,6.300,0,0
0,N170009,0.000,1.650,0,0
0,N170010,0.000,0.840,0,0
0,N170011,0.000,0.065,0,0
0,N170012,0.000,13.400,0,0
0,N170013,0.000,6.500,0,0
0,N170014,0.000,7.400,0,0
0,N170015,0.000,5.000,0,0
0,N170016,0.000,6.300,0,0
0,N170017,0.000,6.500,0,0
0,N170018,0.000,4.070,0,0
0,N170019,0.000,1.950,0,0
0,N170020,0.000,2.410,0,0
0,N170021,0.000,2.640,0,0
0,N170022,0.000,13.100,0,0
0,N170023,0.000,11.000,0,0
0,N170024,0.000,4.250,0,0
0,N170025,0.000,9.700,0,0
0,N170026,0.000,7.300,0,0
0,N170027,0.000,1.880,0,0
0,N170028,0.000,7.600,0,0
0,N170029,0.000,4.250,0,0
0,N170030,0.000,3.540,0,0
0,N170031,0.000,9.630,0,0
0,N170032,0.000,8.900,0,0
0,N170033,0.000,2.410,0,0
0,N170034,0.000,4.700,0,0
0,N170035,0.000,7.200,0,0
0,N170036,0.000,7.300,0,0
0,N170037,0.000,7.300,0,0
0,N170038,0.000,3.690,0,0
0,N170039,0.000,1.730,0,0
0,N170040,0.000,7.300,0,0
0,N170041,0.000,8.300,0,0
0,N170042,0.000,5.000,0,0
0,N170043,0.000,5.300,0,0
0,N170044,0.000,3.890,0,0
0,N170045,0.000,1.260,0,0
0,N170046,0.000,3.760,0,0
0,N170047,0.000,2.490,0,0
0,N170048,0.000,4.900,0,0
0,N170049,0.000,9.300,0,0
0,N170050,0.000,1.730,0,0
0,N170051,0.000,4.330,0,0
0,N170052,0.000,8.200,0,0
0,N170053,0.000,9.400,0,0
0,N170054,0.000,3.310,0,0
0,N170055,0.000,4.700,0,0
0,N170056,0.000,5.700,0,0
0,N170057,0.000,3.980,0,0
0,N170058,0.000,3.980,0,0
0,N170059,0.000,3.980,0,0
0,N170060,0.000,2.560,0,0
0,N170061,0.000,3.310,0,0
0,N170062,0.000,1.140,0,0
0,N170063,0.000,4.900,0,0
0,N170064,0.000,8.980,0,0
0,N170065,0.000,8.000,0,0
0,N170066,0.000,3.390,0,0
0,N170067,0.000,17.600,0,0
0,N170068,0.000,1.420,0,0
0,N170069,0.000,5.900,0,0
0,N170070,0.000,5.700,0,0
0,N170071,0.000,2.410,0,0
0,N170072,0.000,1.650,0,0
0,N170073,0.000,7.000,0,0
0,N170074,0.000,2.640,0,0
0,N170075,0.000,1.580,0,0
0,N170076,0.000,0.530,0,0
0,N170077,0.000,2.180,0,0
0,N170078,0.000,3.540,0,0
0,N170079,0.000,1.380,0,0
0,N170080,0.000,1.880,0,0
0,N170081,0.000,0.000,0,0
0,N170082,0.000,25.300,0,0
0,N170083,0.000,2.860,0,0
0,N170084,0.000,28.600,0,0
0,N170085,0.000,28.900,0,0
0,N170086,0.000,0.000,0,0
0,N170087,0.000,48.800,0,0
0,N170088,0.000,0.000,0,0
0,N170089,0.000,48.100,0,0
0,N170090,0.000,14.500,0,0
0,N170091,0.000,15.300,0,0
0,N170092,0.000,0.000,0,0
0,N170093,0.000,45.900,0,0
0,N170094,0.000,33.400,0,0
0,N170095,0.000,11.240,0,0
0,N170096,0.000,0.000,0,0
0,N170097,0.000,64.500,0,0
0,N170098,0.000,0.000,0,0
0,N170099,0.000,0.000,0,0
0,N170100,0.000,0.000,0,0
0,N170101,0.000,59.200,0,0
0,N170102,0.000,0.000,0,0
0,N170103,0.000,63.200,0,0
0,N170104,0.000,16.300,0,0
0,N170105,0.000,21.300,0,0
0,N170106,0.000,0.000,0,0
0,N170107,0.000,51.900,0,0
0,N170108,0.000,13.600,0,0
0,N170109,0.000,19.000,0,0
0,N170110,0.000,42.800,0,0
0,N170111,0.000,23.800,0,0
0,N170112,0.000,18.900,0,0
0,N170113,0.000,0.000,0,0
0,N170114,0.000,37.700,0,0
0,N170115,0.000,25.400,0,0
0,N170116,0.000,35.100,0,0
0,N170117,0.000,19.000,0,0
0,N170118,0.000,0.000,0,0
0,N170119,0.000,77.800,0,0
0,N170120,0.000,36.200,0,0
0,N170121,0.000,20.800,0,0
0,N170122,0.000,13.300,0,0
0,N170123,0.000,17.300,0,0
0,N170124,0.000,3.760,0,0
0,N170125,0.000,0.000,0,0
0,N170126,0.000,25.700,0,0
0,N170127,0.000,0.000,0,0
0,N170128,0.000,24.100,0,0
0,N170129,0.000,9.860,0,0
0,N170130,0.000,14.100,0,0
0,N170131,0.000,10.500,0,0
0,N170132,0.000,0.000,0,0
0,N170133,0.000,54.700,0,0
0,N170134,0.000,37.700,0,0
0,N170135,0.000,29.300,0,0
0,N170136,0.000,3.010,0,0
0,N170137,0.000,0.000,0,0
0,N170138,0.000,16.000,0,0
0,N170139,0.000,6.000,0,0
0,N170140,0.000,18.100,0,0
0,N170141,0.000,4.250,0,0
0,N170142,0.000,11.000,0,0
0,N170143,0.000,4.160,0,0
0,N170144,0.000,17.100,0,0
0,N170145,0.000,0.000,0,0
0,N170146,0.000,19.300,0,0
0,N170147,0.000,0.980,0,0
0,N170148,0.000,0.000,0,0
0,N170149,0.000,19.700,0,0
0,N170150,0.000,0.000,0,0
0,N170151,0.000,25.200,0,0
0,N170152,0.000,7.200,0,0
0,N170153,0.000,7.200,0,0
0,N170154,0.000,5.700,0,0
0,N170155,0.000,0.000,0,0
0,N170156,0.000,22.400,0,0
0,N170157,0.000,9.600,0,0
0,N170158,0.000,3.390,0,0
0,N170159,0.000,18.600,0,0
0,N170160,0.000,17.100,0,0
0,N170161,0.000,6.200,0,0
0,N170162,0.000,4.250,0,0
0,N170163,0.000,4.250,0,0
0,N170164,0.000,29.300,0,0
0,N170165,0.000,23.200,0,0
0,N170166,0.000,11.700,0,0
0,N170167,0.000,40.800,0,0
0,N170168,0.000,0.000,0,0
0,N170169,0.000,0.000,0,0
0,N170170,0.000,50.500,0,0
0,N170171,0.000,23.600,0,0
0,N170172,0.000,36.400,0,0
0,N170173,0.000,0.000,0,0
0,N170174,0.000,35.600,0,0
0,N170175,0.000,25.800,0,0
0,N170176,0.000,15.200,0,0
0,N170177,0.000,0.000,0,0
0,N170178,0.000,40.800,0,0
0,N170179,0.000,34.400,0,0
0,N170180,0.000,0.000,0,0
0,N170181,0.000,28.700,0,0
0,N170182,0.000,20.300,0,0
0,N170183,0.000,0.000,0,0
0,N170184,0.000,53.500,0,0
0,N170185,0.000,16.400,0,0
0,N170186,0.000,30.500,0,0
0,N170187,0.000,0.000,0,0
0,N170188,0.000,25.100,0,0
0,N170189,0.000,28.800,0,0
0,N170190,0.000,0.000,0,0
0,N170191,0.000,49.000,0,0
0,N170192,0.000,18.000,0,0
0,N170193,0.000,0.000,0,0
0,N170194,0.000,39.800,0,0
0,N170195,0.000,0.000,0,0
0,N170196,0.000,0.000,0,0
0,N170197,0.000,0.000,0,0
0,N170198,0.000,39.400,0,0
0,N170199,0.000,26.000,0,0
0,N170200,0.000,7.700,0,0
0,N170201,0.000,0.830,0,0
0,N170202,0.000,0.000,0,0
0,N170203,0.000,64.600,0,0
0,N170204,0.000,0.000,0,0
0,N170205,0.000,46.100,0,0
0,N170206,0.000,0.000,0,0
0,N170207,0.000,56.500,0,0
0,N170208,0.000,0.000,0,0
0,N170209,0.000,33.400,0,0
0,N170210,0.000,0.000,0,0
0,N170211,0.000,44.600,0,0
0,N170212,0.000,21.100,0,0
0,N170213,0.000,32.500,0,0
0,N170214,0.000,18.500,0,0
0,N170215,0.000,17.400,0,0
0,N170216,0.000,27.000,0,0
0,N170217,0.000,25.300,0,0
0,N170218,0.000,0.000,0,0
0,N170219,0.000,0.000,0,0
0,N170220,0.000,34.100,0,0
0,N170221,0.000,36.100,0,0
0,N170222,0.000,73.400,0,0
0,N170223,0.000,47.900,0,0
0,N170224,0.000,15.700,0,0
0,N170225,0.000,27.300,0,0
0,N170226,0.000,0.000,0,0
0,N170227,0.000,21.100,0,0
0,N170228,0.000,7.500,0,0
0,N170229,0.000,7.300,0,0
0,N170230,0.000,0.520,0,0
0,N170231,0.000,9.400,0,0
0,N170232,0.000,3.690,0,0
0,N170233,0.000,1.950,0,0
0,N170234,0.000,1.880,0,0
0,N170235,0.000,0.000,0,0
0,N170236,0.000,26.200,0,0
0,N170237,0.000,0.000,0,0
0,N170238,0.000,45.600,0,0
0,N170239,0.000,24.900,0,0
0,N170240,0.000,21.800,0,0
0,N170241,0.000,38.000,0,0
0,N170242,0.000,0.000,0,0
0,N170243,0.000,46.600,0,0
0,N170244,0.000,19.400,0,0
0,N170245,0.000,27.200,0,0
0,N170246,0.000,0.000,0,0
0,N170247,0.000,27.300,0,0
0,N170248,0.000,0.000,0,0
0,N170249,0.000,36.400,0,0
0,N170250,0.000,26.800,0,0
0,N170251,0.000,14.900,0,0
0,N170252,0.000,0.000,0,0
0,N170253,0.000,34.100,0,0
0,N170254,0.000,15.100,0,0
0,N170255,0.000,31.700,0,0
0,N170256,0.000,10.100,0,0
0,N170257,0.000,0.000,0,0
0,N170258,0.000,24.700,0,0
0,N170259,0.000,0.000,0,0
0,N170260,0.000,0.000,0,0
0,N170261,0.000,25.600,0,0
0,N170262,0.000,28.500,0,0
0,N170263,0.000,22.500,0,0
0,N170264,0.000,24.500,0,0
0,N170265,0.000,21.800,0,0
0,N170266,0.000,42.100,0,0
0,N170267,0.000,21.600,0,0
0,N170268,0.000,0.000,0,0
0,N170269,0.000,29.600,0,0
0,N170270,0.000,12.100,0,0
0,N170271,0.000,22.600,0,0
0,N170272,0.000,10.800,0,0
0,N170273,0.000,38.500,0,0
0,N170274,0.000,37.100,0,0
0,N170275,0.000,23.300,0,0
0,N170276,0.000,0.000,0,0
0,N170277,0.000,46.500,0,0
0,N170278,0.000,38.000,0,0
0,N170279,0.000,48.900,0,0
0,N170280,0.000,19.300,0,0
0,N170281,0.000,0.000,0,0
0,N170282,0.000,43.900,0,0
0,N170283,0.000,38.300,0,0
0,N170284,0.000,30.800,0,0
0,N170285,0.000,38.600,0,0
0,N170286,0.000,23.600,0,0
0,N170287,0.000,35.400,0,0
0,N170288,0.000,14.900,0,0
0,N170289,0.000,15.600,0,0
0,N170290,0.000,51.400,0,0
0,N170291,0.000,0.000,0,0
0,N170292,0.000,50.400,0,0
0,N170293,0.000,0.000,0,0
0,N170294,0.000,0.000,0,0
0,N170295,0.000,49.200,0,0
0,N170296,0.000,0.000,0,0
0,N170297,0.000,49.200,0,0
0,N170298,0.000,0.000,0,0
0,N170299,0.000,52.400,0,0
0,N170300,0.000,0.000,0,0
0,N170301,0.000,54.700,0,0
0,N170302,0.000,0.000,0,0
0,N170303,0.000,70.200,0,0
0,N170304,0.000,29.800,0,0
0,N170305,0.000,40.800,0,0
0,N170306,0.000,0.000,0,0
0,N170307,0.000,16.500,0,0
0,N170308,0.000,5.000,0,0
0,N170309,0.000,0.000,0,0
0,N170310,0.000,24.000,0,0
0,N170311,0.000,18.300,0,0
0,N170312,0.000,4.420,0,0
0,N170313,0.000,4.250,0,0
0,N170314,0.000,5.700,0,0
0,N170315,0.000,11.800,0,0
0,N170316,0.000,11.000,0,0
0,N170317,0.000,0.000,0,0
0,N170318,0.000,52.200,0,0
0,N170319,0.000,0.000,0,0
0,N170320,0.000,0.000,0,0
0,N170321,0.000,0.000,0,0
0,N170322,0.000,52.900,0,0
0,N170323,0.000,24.500,0,0
0,N170324,0.000,66.500,0,0
0,N170325,0.000,5.600,0,0
0,N170326,0.000,2.640,0,0
0,N170327,0.000,3.610,0,0
0,N170328,0.000,3.540,0,0
0,N170329,0.000,6.900,0,0
0,N170330,0.000,14.900,0,0
0,N170331,0.000,0.000,0,0
0,N170332,0.000,3.240,0,0
0,N170333,0.000,0.000,0,0
0,N170334,0.000,7.300,0,0
0,N170335,0.000,4.800,0,0
0,N170336,0.000,4.420,0,0
0,N170337,0.000,3.610,0,0
0,N170338,0.000,0.000,0,0
0,N170339,0.000,1.950,0,0
0,N170340,0.000,1.130,0,0
0,N170341,0.000,7.500,0,0
0,N170342,0.000,2.180,0,0
0,N170343,0.000,4.250,0,0
0,N170344,0.000,1.050,0,0
0,N170345,0.000,2.940,0,0
0,N170346,0.000,7.600,0,0
0,N170347,0.000,12.910,0,0
0,N170348,0.000,4.900,0,0
0,N170349,0.000,2.640,0,0
0,N170350,0.000,5.000,0,0
0,N170351,0.000,1.730,0,0
0,N170352,0.000,6.890,0,0
0,N170353,0.000,3.010,0,0
0,N170354,0.000,0.040,0,0
0,N170355,0.000,5.000,0,0
0,N170356,0.000,15.310,0,0
0,N170357,0.000,7.100,0,0
0,N170358,0.000,0.000,0,0
0,N170359,0.000,6.000,0,0
0,N170360,0.000,0.000,0,0
0,N170361,0.000,0.000,0,0
0,N170362,0.000,3.690,0,0
0,N170363,0.000,11.460,0,0
0,N170364,0.000,3.690,0,0
0,N170365,0.000,3.690,0,0
0,N170366,0.000,4.500,0,0
0,N170367,0.000,4.250,0,0
0,N170368,0.000,4.800,0,0
0,N170369,0.000,6.800,0,0
0,N170370,0.000,6.000,0,0
0,N170371,0.000,3.760,0,0
0,N170372,0.000,3.610,0,0
0,N170373,0.000,4.250,0,0
0,N170374,0.000,2.860,0,0
0,N170375,0.000,5.300,0,0
0,N170376,0.000,4.420,0,0
0,N170377,0.000,5.000,0,0
0,N170378,0.000,7.800,0,0
0,N170379,0.000,3.980,0,0
0,N170380,0.000,5.300,0,0
0,N170381,0.000,2.940,0,0
0,N170382,0.000,7.100,0,0
0,N170383,0.000,3.540,0,0
0,N170384,0.000,5.000,0,0
0,N170385,0.000,4.600,0,0
0,N170386,0.000,3.540,0,0
0,N170387,0.000,5.700,0,0
0,N170388,0.000,6.000,0,0
0,N170389,0.000,3.890,0,0
0,N170390,0.000,3.760,0,0
0,N170391,0.000,4.800,0,0
0,N170392,0.000,3.160,0,0
0,N170393,0.000,3.460,0,0
0,N170394,0.000,5.600,0,0
0,N170395,0.000,4.800,0,0
0,N170396,0.000,8.900,0,0
0,N170397,0.000,6.300,0,0
0,N170398,0.000,9.600,0,0
0,N170399,0.000,7.400,0,0
0,N170400,0.000,17.800,0,0
0,N170401,0.000,12.700,0,0
0,N170402,0.000,4.700,0,0
0,N170403,0.000,6.200,0,0
0,N170404,0.000,38.200,0,0
0,N170405,0.000,6.600,0,0
0,N170406,0.000,7.100,0,0
0,N170407,0.000,13.900,0,0
0,N170408,0.000,6.800,0,0
0,N170409,0.000,6.800,0,0
0,N170410,0.000,4.800,0,0
0,N170411,0.000,9.510,0,0
0,N170412,0.000,3.160,0,0
0,N170413,0.000,2.940,0,0
0,N170414,0.000,8.640,0,0
0,N170415,0.000,10.210,0,0
0,N170416,0.000,2.410,0,0
0,N170417,0.000,8.490,0,0
0,N170418,0.000,3.980,0,0
0,N170419,0.000,1.240,0,0
0,N170420,0.000,1.800,0,0
0,N170421,0.000,1.330,0,0
0,N170422,0.000,0.840,0,0
0,N170423,0.000,7.160,0,0
0,N170424,0.000,1.380,0,0
0,N170425,0.000,1.580,0,0
0,N170426,0.000,4.250,0,0
0,N170427,0.000,0.000,0,0
0,N170428,0.000,43.300,0,0
0,N170429,0.000,0.000,0,0
0,N170430,0.000,0.000,0,0
0,N170431,0.000,0.000,0,0
0,N170432,0.000,11.400,0,0
0,N170433,0.000,17.800,0,0
0,N170434,0.000,0.000,0,0
0,N170435,0.000,42.500,0,0
0,N170436,0.000,30.100,0,0
0,N170437,0.000,28.300,0,0
0,N170438,0.000,0.000,0,0
0,N170439,0.000,30.900,0,0
0,N170440,0.000,3.090,0,0
0,N170441,0.000,2.860,0,0
0,N170442,0.000,0.000,0,0
0,N170443,0.000,51.300,0,0
0,N170444,0.000,17.900,0,0
0,N170445,0.000,26.100,0,0
0,N170446,0.000,17.300,0,0
0,N170447,0.000,6.500,0,0
0,N170448,0.000,8.600,0,0
0,N170449,0.000,8.300,0,0
0,N170450,0.000,0.000,0,0
0,N170451,0.000,19.800,0,0
0,N170452,0.000,9.800,0,0
0,N170453,0.000,13.270,0,0
0,N170454,0.000,46.700,0,0
0,N170455,0.000,30.200,0,0
0,N170456,0.000,4.600,0,0
0,N170457,0.000,7.300,0,0
0,N170458,0.000,8.800,0,0
0,N170459,0.000,2.030,0,0
0,N170460,0.000,21.300,0,0
0,N170461,0.000,9.600,0,0
0,N170462,0.000,0.000,0,0
0,N170463,0.000,37.200,0,0
0,N170464,0.000,22.400,0,0
0,N170465,0.000,29.300,0,0
0,N170466,0.000,23.400,0,0
0,N170467,0.000,16.400,0,0
0,N170468,0.000,11.300,0,0
0,N170469,0.000,13.000,0,0
0,N170470,0.000,5.700,0,0
0,N170471,0.000,9.800,0,0
0,N170472,0.000,14.300,0,0
0,N170473,0.000,14.100,0,0
0,N170474,0.000,7.400,0,0
0,N170475,0.000,5.000,0,0
0,N170476,0.000,3.690,0,0
0,N170477,0.000,6.500,0,0
0,N170478,0.000,21.000,0,0
0,N170479,0.000,0.000,0,0
0,N170480,0.000,63.100,0,0
0,N170482,0.000,49.100,0,0
0,N170483,0.000,12.300,0,0
0,N170484,0.000,25.000,0,0
0,N170485,0.000,36.100,0,0
0,N170486,0.000,36.400,0,0
0,N170487,0.000,6.400,0,0
0,N170488,0.000,7.500,0,0
0,N170489,0.000,7.100,0,0
0,N170490,0.000,12.900,0,0
0,N170491,0.000,23.600,0,0
0,N170492,0.000,8.800,0,0
0,N170493,0.000,19.100,0,0
0,N170494,0.000,37.000,0,0
0,N170495,0.000,33.300,0,0
0,N170496,0.000,2.490,0,0
0,N170497,0.000,5.300,0,0
0,N170498,0.000,9.800,0,0
0,N170499,0.000,6.700,0,0
0,N170500,0.000,6.400,0,0
0,N170501,0.000,66.630,0,0
0,N170502,0.000,11.600,0,0
0,N170503,0.000,1.480,0,0
0,N170504,0.000,2.410,0,0
0,N170505,0.000,11.600,0,0
0,N170506,0.000,18.000,0,0
0,N170507,0.000,48.500,0,0
0,N170508,0.000,26.000,0,0
0,N170509,0.000,15.600,0,0
0,N170510,0.000,8.100,0,0
0,N170511,0.000,22.660,0,0
0,N170512,0.000,0.000,0,0
0,N170513,0.000,40.100,0,0
0,N170514,0.000,14.900,0,0
0,N170515,0.000,8.400,0,0
0,N170516,0.000,0.000,0,0
0,N170517,0.000,0.000,0,0
0,N170518,0.000,0.000,0,0
0,N170519,0.000,0.000,0,0
0,N170520,0.000,0.000,0,0
0,N170521,0.000,0.000,0,0
0,N170522,0.000,0.000,0,0
0,N170523,0.000,0.000,0,0
0,N170524,0.000,0.000,0,0
0,N170525,0.000,0.000,0,0
0,N170526,0.000,0.000,0,0
0,N170527,0.000,0.000,0,0
0,N170528,0.000,0.000,0,0
0,N170529,0.000,0.000,0,0
0,N170530,0.000,0.000,0,0
0,N170531,0.000,0.000,0,0
0,N170532,0.000,0.000,0,0
0,N170533,0.000,0.000,0,0
0,N170534,0.000,10.000,0,0
0,N170535,0.000,0.000,0,0
0,N170536,0.000,0.000,0,0
0,N170537,0.000,0.000,0,0
0,N170538,0.000,0.000,0,0
0,N170539,0.000,28.000,0,0
0,N170540,0.000,0.000,0,0
0,N170541,0.000,0.000,0,0
0,N170542,0.000,0.000,0,0
0,N170543,0.000,6.300,0,0
0,N170544,0.000,0.000,0,0
0,N170545,0.000,0.000,0,0
0,N170546,0.000,0.000,0,0
0,N170547,0.000,0.000,0,0
0,N170548,0.000,0.000,0,0
0,N170549,0.000,25.600,0,0
0,N170550,0.000,0.000,0,0
0,N170551,0.000,0.000,0,0
0,N170552,0.000,0.000,0,0
0,N170553,0.000,0.000,0,0
0,N170554,0.000,0.000,0,0
0,N170555,0.000,0.000,0,0
0,N170556,0.000,0.000,0,0
0,N170557,0.000,0.000,0,0
0,N170558,0.000,6.800,0,0
0,N170559,0.000,0.000,0,0
0,N170560,0.000,0.000,0,0
0,N170561,0.000,0.000,0,0
0,N170562,0.000,14.800,0,0
0,N170563,0.000,0.000,0,0
0,N170564,0.000,0.000,0,0
0,N170565,0.000,0.000,0,0
0,N170566,0.000,0.000,0,0
0,N170567,0.000,0.000,0,0
0,N170568,0.000,0.000,0,0
0,N170569,0.000,0.000,0,0
0,N170570,0.000,0.000,0,0
0,N170571,0.000,0.000,0,0
0,N170572,0.000,0.000,0,0
0,N170573,0.000,0.000,0,0
0,N170574,0.000,0.000,0,0
0,N170575,0.000,0.000,0,0
0,N170576,0.000,0.000,0,0
0,N170577,0.000,0.000,0,0
0,N170578,0.000,0.000,0,0
0,N170579,0.000,0.000,0,0
0,N170580,0.000,11.700,0,0
0,N170581,0.000,0.000,0,0
0,N170582,0.000,0.000,0,0
0,N170583,0.000,0.000,0,0
0,N170584,0.000,0.000,0,0
0,N170585,0.000,0.000,0,0
0,N180001,0.000,12.600,0,0
0,N180002,0.000,9.800,0,0
0,N180004,0.000,50.600,0,0
0,N180005,0.000,32.800,0,0
0,N180006,0.000,27.900,0,0
0,N180007,0.000,29.800,0,0
0,N180008,0.000,25.200,0,0
0,N180009,0.000,23.400,0,0
0,N180010,0.000,36.600,0,0
0,N180011,0.000,8.500,0,0
0,N180012,0.000,10.300,0,0
0,N180013,0.000,0.000,0,0
0,N180014,0.000,5.100,0,0
0,N180015,0.000,1.080,0,0
0,N180016,0.000,14.200,0,0
0,N180017,0.000,19.700,0,0
0,N180018,0.000,25.500,0,0
0,N180019,0.000,24.000,0,0
0,N180020,0.000,23.200,0,0
0,N180021,0.000,99.300,0,0
0,N180022,0.000,2.110,0,0
0,N180023,0.000,17.200,0,0
0,N180024,0.000,35.800,0,0
0,N180025,0.000,11.200,0,0
0,N180026,0.000,0.000,0,0
0,N180027,0.000,3.890,0,0
0,N180028,0.000,8.900,0,0
0,N180029,0.000,1.730,0,0
0,N180030,0.000,23.200,0,0
0,N180031,0.000,11.500,0,0
0,N180032,0.000,15.400,0,0
0,N180033,0.000,3.240,0,0
0,N180034,0.000,0.000,0,0
0,N180035,0.000,16.600,0,0
0,N180036,0.000,32.190,0,0
0,N180037,0.000,18.300,0,0
0,N180038,0.000,0.000,0,0
0,N180039,0.000,4.330,0,0
0,N180040,0.000,0.000,0,0
0,N180041,0.000,2.940,0,0
0,N180042,0.000,0.000,0,0
0,N180044,0.000,18.300,0,0
0,N180045,0.000,0.000,0,0
0,N180046,0.000,0.000,0,0
0,N180047,0.000,16.400,0,0
0,N180048,0.000,24.700,0,0
0,N180049,0.000,8.300,0,0
0,N180050,0.000,0.000,0,0
0,N180051,0.000,3.390,0,0
0,N180052,0.000,0.770,0,0
0,N180053,0.000,1.500,0,0
0,N180054,0.000,4.800,0,0
0,N180055,0.000,0.301,0,0
0,N180056,0.000,0.880,0,0
0,N180057,0.000,0.316,0,0
0,N180058,0.000,0.630,0,0
0,N180059,0.000,6.643,0,0
0,N180060,0.000,1.360,0,0
0,N180061,0.000,0.580,0,0
0,N180062,0.000,75.400,0,0
0,N180063,0.000,0.143,0,0
0,N180064,0.000,0.113,0,0
0,N180065,0.000,0.241,0,0
0,N180066,0.000,0.442,0,0
0,N180067,0.000,0.241,0,0
0,N180068,0.000,0.301,0,0
0,N180069,0.000,0.249,0,0
0,N180070,0.000,0.840,0,0
0,N180071,0.000,0.234,0,0
0,N180072,0.000,0.211,0,0
0,N180073,0.000,0.075,0,0
0,N180074,0.000,0.211,0,0
0,N180075,0.000,0.195,0,0
0,N180076,0.000,0.158,0,0
0,N180077,0.000,0.105,0,0
0,N180078,0.000,0.009,0,0
0,N180079,0.000,0.044,0,0
0,N180080,0.000,0.980,0,0
0,N180081,0.000,0.158,0,0
0,N180082,0.000,0.180,0,0
0,N180083,0.000,0.072,0,0
0,N180084,0.000,0.389,0,0
0,N180085,0.000,0.135,0,0
0,N180086,0.000,0.510,0,0
0,N180087,0.000,0.188,0,0
0,N180088,0.000,0.256,0,0
0,N180089,0.000,4.250,0,0
0,N180090,0.000,0.023,0,0
0,N180091,0.000,2.710,0,0
0,N180092,0.000,1.880,0,0
0,N180093,0.000,0.950,0,0
0,N180094,0.000,1.880,0,0
0,N180095,0.000,0.810,0,0
0,N180096,0.000,4.330,0,0
0,N180097,0.000,2.030,0,0
0,N180098,0.000,0.376,0,0
0,N180099,0.000,0.376,0,0
0,N180100,0.000,0.135,0,0
0,N180101,0.000,1.100,0,0
0,N180102,0.000,1.220,0,0
0,N180103,0.000,0.195,0,0
0,N180104,0.000,13.900,0,0
0,N180105,0.000,92.000,0,0
0,N180106,0.000,8.000,0,0
0,N180107,0.000,0.000,0,0
0,N180108,0.000,0.000,0,0
0,N180109,0.000,0.000,0,0
0,N180110,0.000,8.600,0,0
0,N180111,0.000,0.000,0,0
0,N180112,0.000,0.000,0,0
0,N180113,0.000,0.000,0,0
0,N180114,0.000,0.000,0,0
0,N180115,0.000,0.000,0,0
0,N180116,0.000,0.000,0,0
0,N180117,0.000,0.000,0,0
0,N180118,0.000,0.000,0,0
0,N180119,0.000,0.000,0,0
0,N180120,0.000,0.000,0,0
0,N180121,0.000,0.000,0,0
0,N180122,0.000,0.000,0,0
0,N180123,0.000,0.000,0,0
0,N180124,0.000,0.000,0,0
0,N180125,0.000,0.000,0,0
0,N180126,0.000,0.000,0,0
0,N180127,0.000,0.000,0,0
0,N180128,0.000,0.000,0,0
0,N180129,0.000,0.000,0,0
0,N180130,0.000,0.000,0,0
0,N180131,0.000,0.000,0,0
0,N180132,0.000,0.000,0,0
0,N180133,0.000,0.000,0,0
0,N180134,0.000,0.000,0,0
0,N180135,0.000,0.000,0,0
0,N180136,0.000,0.000,0,0
0,N180137,0.000,0.000,0,0
0,N180138,0.000,0.000,0,0
0,N180139,0.000,0.000,0,0
0,N180140,0.000,0.000,0,0
0,N180141,0.000,0.000,0,0
0,N180142,0.000,0.000,0,0
0,N180143,0.000,0.000,0,0
0,N180144,0.000,0.000,0,0
0,N180145,0.000,0.000,0,0
0,N190001,0.000,18.700,0,0
0,N190002,0.000,2.860,0,0
0,N190003,0.000,0.910,0,0
0,N190004,0.000,7.300,0,0
0,N190005,0.000,2.640,0,0
0,N190006,0.000,2.790,0,0
0,N190007,0.000,0.590,0,0
0,N190008,0.000,0.331,0,0
0,N190009,0.000,3.890,0,0
0,N190010,0.000,0.790,0,0
0,N190011,0.000,0.226,0,0
0,N190012,0.000,0.380,0,0
0,N190013,0.000,0.860,0,0
0,N190014,0.000,1.270,0,0
0,N190015,0.000,0.580,0,0
0,N190016,0.000,1.010,0,0
0,N190017,0.000,11.160,0,0
0,N190018,0.000,0.158,0,0
0,N190019,0.000,0.001,0,0
0,N190020,0.000,1.330,0,0
0,N190021,0.000,75.700,0,0
0,N190022,0.000,27.000,0,0
0,N190023,0.000,17.600,0,0
0,N190024,0.000,17.780,0,0
0,N190025,0.000,7.300,0,0
0,N190026,0.000,11.190,0,0
0,N190027,0.000,3.090,0,0
0,N190028,0.000,7.800,0,0
0,N190029,0.000,10.500,0,0
0,N190030,0.000,13.300,0,0
0,N190031,0.000,1.730,0,0
0,N190032,0.000,1.030,0,0
0,N190033,0.000,14.100,0,0
0,N190034,0.000,0.000,0,0
0,N190035,0.000,1.030,0,0
0,N190036,0.000,0.000,0,0
0,N190037,0.000,28.000,0,0
0,N190038,0.000,27.700,0,0
0,N190039,0.000,0.000,0,0
0,N190040,0.000,19.200,0,0
0,N190041,0.000,2.640,0,0
0,N190042,0.000,3.690,0,0
0,N190043,0.000,14.600,0,0
0,N190044,0.000,0.000,0,0
0,N190045,0.000,1.120,0,0
0,N190046,0.000,0.000,0,0
0,N190047,0.000,6.500,0,0
0,N190048,0.000,0.000,0,0
0,N190049,0.000,0.000,0,0
0,N190050,0.000,7.800,0,0
0,N190051,0.000,12.300,0,0
0,N190052,0.000,3.800,0,0
0,N190053,0.000,16.800,0,0
0,N190054,0.000,0.000,0,0
0,N190055,0.000,10.050,0,0
0,N190056,0.000,3.460,0,0
0,N190057,0.000,0.000,0,0
0,N190058,0.000,0.000,0,0
0,N190059,0.000,19.000,0,0
0,N190060,0.000,125.700,0,0
0,N190061,0.000,0.000,0,0
0,N190062,0.000,78.900,0,0
0,N190063,0.000,47.500,0,0
0,N190064,0.000,11.200,0,0
0,N190065,0.000,32.900,0,0
0,N190066,0.000,0.000,0,0
0,N190067,0.000,36.500,0,0
0,N190068,0.000,18.900,0,0
0,N190069,0.000,0.000,0,0
0,N190070,0.000,0.000,0,0
0,N190071,0.000,3.690,0,0
0,N190072,0.000,0.000,0,0
0,N190073,0.000,0.000,0,0
0,N190074,0.000,11.100,0,0
0,N190075,0.000,0.416,0,0
0,N190076,0.000,10.300,0,0
0,N190077,0.000,25.900,0,0
0,N190078,0.000,31.800,0,0
0,N190079,0.000,18.900,0,0
0,N190080,0.000,17.700,0,0
0,N190081,0.000,38.700,0,0
0,N190082,0.000,9.800,0,0
0,N190083,0.000,12.800,0,0
0,N190084,0.000,0.000,0,0
0,N190085,0.000,10.200,0,0
0,N190086,0.000,52.900,0,0
0,N190087,0.000,42.300,0,0
0,N190088,0.000,22.100,0,0
0,N190089,0.000,7.800,0,0
0,N190090,0.000,8.700,0,0
0,N190091,0.000,3.010,0,0
0,N190092,0.000,6.300,0,0
0,N190093,0.000,3.010,0,0
0,N190094,0.000,33.200,0,0
0,N190095,0.000,26.000,0,0
0,N190096,0.000,29.700,0,0
0,N190097,0.000,45.700,0,0
0,N190098,0.000,12.100,0,0
0,N190099,0.000,3.760,0,0
0,N190100,0.000,5.800,0,0
0,N190101,0.000,53.800,0,0
0,N190102,0.000,42.600,0,0
0,N190103,0.000,50.900,0,0
0,N190104,0.000,0.000,0,0
0,N190105,0.000,0.000,0,0
0,N190106,0.000,0.000,0,0
0,N190107,0.000,70.300,0,0
0,N190108,0.000,0.000,0,0
0,N190109,0.000,0.000,0,0
0,N190110,0.000,0.000,0,0
0,N190111,0.000,0.000,0,0
0,N190112,0.000,0.000,0,0
0,N190113,0.000,0.000,0,0
0,N190114,0.000,0.000,0,0
0,N190115,0.000,0.000,0,0
0,N190116,0.000,0.000,0,0
0,N190117,0.000,7.600,0,0
0,N190118,0.000,0.000,0,0
0,N190119,0.000,0.000,0,0
0,N190120,0.000,0.000,0,0
0,N190121,0.000,0.000,0,0
0,N190122,0.000,0.000,0,0
0,N190123,0.000,0.000,0,0
0,N190124,0.000,0.000,0,0
0,N190125,0.000,10.900,0,0
0,N190126,0.000,0.000,0,0
0,N190127,0.000,0.000,0,0
0,N190128,0.000,0.000,0,0
0,N190129,0.000,0.000,0,0
0,N190131,0.000,0.000,0,0
0,N190132,0.000,0.000,0,0
0,N190133,0.000,0.000,0,0
0,N190134,0.000,0.000,0,0
0,N190135,0.000,0.000,0,0
0,N190136,0.000,0.000,0,0
0,N190138,0.000,2.790,0,0
0,N190139,0.000,0.000,0,0
0,N190141,0.000,5.100,0,0
0,N190142,0.000,0.000,0,0
0,N190143,0.000,0.000,0,0
0,N190144,0.000,0.000,0,0
0,N190145,0.000,0.000,0,0
0,N190146,0.000,0.000,0,0
0,N190147,0.000,0.000,0,0
0,N190148,0.000,0.000,0,0
0,N190149,0.000,0.000,0,0
0,N190151,0.000,0.000,0,0
0,N190152,0.000,0.000,0,0
0,N190154,0.000,0.000,0,0
0,N190155,0.000,0.000,0,0
0,N190156,0.000,0.000,0,0
0,N190157,0.000,0.000,0,0
0,N190158,0.000,0.000,0,0
0,N190159,0.000,0.000,0,0
0,N190160,0.000,0.000,0,0
0,N190161,0.000,0.000,0,0
0,N190162,0.000,0.000,0,0
0,N190163,0.000,0.000,0,0
0,N190164,0.000,0.000,0,0
0,N190165,0.000,0.000,0,0
0,N190166,0.000,0.000,0,0
0,N190167,0.000,0.000,0,0
0,N190168,0.000,0.000,0,0
0,N190169,0.000,0.000,0,0
0,N190170,0.000,0.000,0,0
0,N190171,0.000,0.000,0,0
0,N190172,0.000,0.000,0,0
0,N190173,0.000,0.000,0,0
0,N190174,0.000,0.000,0,0
0,N190176,0.000,0.000,0,0
0,N190177,0.000,0.000,0,0
0,N190178,0.000,0.000,0,0
0,N190179,0.000,0.000,0,0
0,N190180,0.000,0.000,0,0
0,N190181,0.000,0.000,0,0
0,N190182,0.000,0.000,0,0
0,N190183,0.000,0.000,0,0
0,N190184,0.000,5.300,0,0
0,N190185,0.000,0.000,0,0
0,N190186,0.000,0.000,0,0
0,N190187,0.000,0.000,0,0
0,N190188,0.000,0.000,0,0
0,N190189,0.000,0.000,0,0
0,N190190,0.000,0.000,0,0
0,N190191,0.000,0.000,0,0
0,N190192,0.000,0.000,0,0
0,N190193,0.000,0.000,0,0
0,N190194,0.000,0.000,0,0
0,N190195,0.000,0.000,0,0
0,N190196,0.000,0.000,0,0
0,N190197,0.000,0.000,0,0
0,N190198,0.000,0.000,0,0
0,N190200,0.000,0.000,0,0
0,N190201,0.000,0.000,0,0
0,N190202,0.000,0.000,0,0
0,N190203,0.000,0.000,0,0
0,N190204,0.000,0.000,0,0
0,N190205,0.000,0.000,0,0
0,N190206,0.000,0.000,0,0
0,N190207,0.000,0.000,0,0
0,N190208,0.000,0.000,0,0
0,N190209,0.000,0.000,0,0
0,N200001,0.000,18.100,0,0
0,N200002,0.000,14.700,0,0
0,N200003,0.000,0.000,0,0
0,N200004,0.000,49.800,0,0
0,N200005,0.000,9.300,0,0
0,N200006,0.000,28.700,0,0
0,N200007,0.000,16.700,0,0
0,N200008,0.000,39.400,0,0
0,N200009,0.000,27.100,0,0
0,N200010,0.000,11.000,0,0
0,N200011,0.000,9.100,0,0
0,N200012,0.000,9.800,0,0
0,N200013,0.000,1.580,0,0
0,N200014,0.000,3.310,0,0
0,N200015,0.000,11.200,0,0
0,N200016,0.000,15.000,0,0
0,N200017,0.000,18.300,0,0
0,N200018,0.000,26.700,0,0
0,N200019,0.000,13.000,0,0
0,N200020,0.000,13.500,0,0
0,N200021,0.000,30.500,0,0
0,N200022,0.000,2.260,0,0
0,N200023,0.000,8.200,0,0
0,N200024,0.000,9.300,0,0
0,N200025,0.000,2.260,0,0
0,N200026,0.000,10.800,0,0
0,N200027,0.000,2.340,0,0
0,N200028,0.000,10.700,0,0
0,N200029,0.000,0.000,0,0
0,N200030,0.000,31.400,0,0
0,N200031,0.000,33.300,0,0
0,N200032,0.000,45.800,0,0
0,N200033,0.000,27.100,0,0
0,N200034,0.000,29.800,0,0
0,N200035,0.000,16.300,0,0
0,N200036,0.000,11.800,0,0
0,N200037,0.000,10.800,0,0
0,N200038,0.000,34.000,0,0
0,N200039,0.000,9.800,0,0
0,N200040,0.000,36.800,0,0
0,N200041,0.000,31.900,0,0
0,N200042,0.000,29.500,0,0
0,N200043,0.000,11.800,0,0
0,N200044,0.000,4.800,0,0
0,N200045,0.000,6.900,0,0
0,N200046,0.000,7.100,0,0
0,N200047,0.000,73.290,0,0
0,N200048,0.000,1.880,0,0
0,N200049,0.000,2.640,0,0
0,N200050,0.000,2.260,0,0
0,N200051,0.000,0.480,0,0
0,N200052,0.000,0.218,0,0
0,N200053,0.000,6.200,0,0
0,N200054,0.000,3.310,0,0
0,N200055,0.000,2.340,0,0
0,N200056,0.000,0.500,0,0
0,N200057,0.000,3.390,0,0
0,N200058,0.000,1.800,0,0
0,N200059,0.000,2.260,0,0
0,N200060,0.000,3.610,0,0
0,N200061,0.000,2.340,0,0
0,N200062,0.000,1.040,0,0
0,N200063,0.000,6.600,0,0
0,N200064,0.000,2.340,0,0
0,N200065,0.000,2.790,0,0
0,N200066,0.000,0.730,0,0
0,N200067,0.000,0.820,0,0
0,N200068,0.000,5.300,0,0
0,N200069,0.000,2.513,0,0
0,N200070,0.000,2.490,0,0
0,N200071,0.000,2.490,0,0
0,N200072,0.000,1.210,0,0
0,N200073,0.000,1.730,0,0
0,N200074,0.000,0.339,0,0
0,N200075,0.000,5.700,0,0
0,N200076,0.000,0.530,0,0
0,N200077,0.000,0.950,0,0
0,N200078,0.000,5.200,0,0
0,N200079,0.000,9.400,0,0
0,N200080,0.000,25.400,0,0
0,N200081,0.000,8.100,0,0
0,N200082,0.000,18.200,0,0
0,N200083,0.000,37.600,0,0
0,N200084,0.000,6.500,0,0
0,N200085,0.000,8.900,0,0
0,N200086,0.000,15.700,0,0
0,N200087,0.000,19.300,0,0
0,N200088,0.000,21.600,0,0
0,N200089,0.000,6.100,0,0
0,N200090,0.000,20.500,0,0
0,N200091,0.000,10.800,0,0
0,N200092,0.000,1.430,0,0
0,N200093,0.000,7.600,0,0
0,N200094,0.000,13.300,0,0
0,N200095,0.000,7.600,0,0
0,N200096,0.000,9.600,0,0
0,N200097,0.000,22.900,0,0
0,N200098,0.000,27.700,0,0
0,N200099,0.000,36.700,0,0
0,N200100,0.000,18.000,0,0
0,N200101,0.000,20.800,0,0
0,N200102,0.000,13.800,0,0
0,N200103,0.000,23.800,0,0
0,N200104,0.000,17.700,0,0
0,N200105,0.000,18.800,0,0
0,N200106,0.000,14.600,0,0
0,N200107,0.000,24.400,0,0
0,N200108,0.000,5.300,0,0
0,N200109,0.000,5.200,0,0
0,N200110,0.000,11.700,0,0
0,N200111,0.000,3.010,0,0
0,N200112,0.000,25.800,0,0
0,N200113,0.000,26.400,0,0
0,N200114,0.000,29.000,0,0
0,N200115,0.000,22.800,0,0
0,N200116,0.000,17.600,0,0
0,N200117,0.000,0.000,0,0
0,N200118,0.000,11.400,0,0
0,N200119,0.000,1.250,0,0
0,N200120,0.000,19.800,0,0
0,N200121,0.000,37.900,0,0
0,N200122,0.000,32.400,0,0
0,N200123,0.000,27.500,0,0
0,N200124,0.000,38.500,0,0
0,N200125,0.000,9.600,0,0
0,N200126,0.000,34.500,0,0
0,N200127,0.000,0.000,0,0
0,N200128,0.000,31.000,0,0
0,N200129,0.000,36.100,0,0
0,N200130,0.000,2.640,0,0
0,N200131,0.000,22.100,0,0
0,N200132,0.000,57.600,0,0
0,N200133,0.000,29.800,0,0
0,N200134,0.000,42.300,0,0
0,N200135,0.000,21.800,0,0
0,N200136,0.000,33.400,0,0
0,N200137,0.000,15.300,0,0
0,N200138,0.000,27.200,0,0
0,N200139,0.000,12.700,0,0
0,N200140,0.000,7.300,0,0
0,N200141,0.000,19.000,0,0
0,N200142,0.000,32.600,0,0
0,N200143,0.000,0.000,0,0
0,N200144,0.000,47.500,0,0
0,N200145,0.000,24.900,0,0
0,N200146,0.000,34.300,0,0
0,N200147,0.000,25.600,0,0
0,N200148,0.000,2.640,0,0
0,N200149,0.000,9.800,0,0
0,N200150,0.000,5.600,0,0
0,N200151,0.000,1.080,0,0
0,N200152,0.000,2.560,0,0
0,N200153,0.000,30.600,0,0
0,N200154,0.000,27.900,0,0
0,N200155,0.000,0.000,0,0
0,N200156,0.000,0.000,0,0
0,N200157,0.000,0.000,0,0
0,N200158,0.000,0.000,0,0
0,N200159,0.000,0.000,0,0
0,N200160,0.000,0.000,0,0
0,N200161,0.000,0.000,0,0
0,N200162,0.000,0.000,0,0
0,N200163,0.000,0.000,0,0
0,N200164,0.000,0.000,0,0
0,N200165,0.000,0.000,0,0
0,N200166,0.000,0.000,0,0
0,N200167,0.000,0.000,0,0
0,N200168,0.000,0.000,0,0
0,N200169,0.000,0.000,0,0
0,N200170,0.000,0.000,0,0
0,N200171,0.000,0.000,0,0
0,N200172,0.000,0.000,0,0
0,N200173,0.000,0.000,0,0
0,N200174,0.000,0.000,0,0
0,N200175,0.000,0.000,0,0
0,N200176,0.000,0.000,0,0
0,N200177,0.000,0.000,0,0
0,N200178,0.000,0.000,0,0
0,N200179,0.000,0.000,0,0
0,N200180,0.000,0.000,0,0
0,N200181,0.000,0.000,0,0
0,N200182,0.000,0.000,0,0
0,N200183,0.000,0.000,0,0
0,N200184,0.000,0.000,0,0
0,N200185,0.000,0.000,0,0
0,N200186,0.000,0.000,0,0
0,N200187,0.000,0.000,0,0
0,N200188,0.000,0.000,0,0
0,N200189,0.000,0.000,0,0
0,N200190,0.000,0.000,0,0
0,N200191,0.000,0.000,0,0
0,N200192,0.000,0.000,0,0
0,N200193,0.000,0.000,0,0
0,N200194,0.000,69.000,0,0
0,N200195,0.000,0.000,0,0
0,N200196,0.000,0.000,0,0
0,N200197,0.000,0.000,0,0
0,N200198,0.000,0.000,0,0
0,N200199,0.000,0.000,0,0
0,N200200,0.000,0.000,0,0
0,N200201,0.000,0.000,0,0
0,N200202,0.000,0.000,0,0
0,N200203,0.000,0.000,0,0
0,N200204,0.000,0.000,0,0
0,N200205,0.000,0.000,0,0
0,N200206,0.000,0.000,0,0
0,N200207,0.000,0.000,0,0
0,N210001,0.000,13.200,0,0
0,N210002,0.000,1.650,0,0
0,N210003,0.000,3.460,0,0
0,N210004,0.000,5.600,0,0
0,N210005,0.000,1.490,0,0
0,N210006,0.000,4.700,0,0
0,N210007,0.000,2.490,0,0
0,N210008,0.000,3.460,0,0
0,N210009,0.000,5.400,0,0
0,N210010,0.000,3.010,0,0
0,N210011,0.000,2.180,0,0
0,N210012,0.000,1.500,0,0
0,N210013,0.000,8.400,0,0
0,N210014,0.000,2.260,0,0
0,N210015,0.000,3.010,0,0
0,N210016,0.000,0.316,0,0
0,N210017,0.000,1.650,0,0
0,N210018,0.000,3.090,0,0
0,N210019,0.000,1.490,0,0
0,N210020,0.000,5.300,0,0
0,N210021,0.000,1.350,0,0
0,N210022,0.000,0.324,0,0
0,N210023,0.000,11.100,0,0
0,N210024,0.000,2.180,0,0
0,N210025,0.000,1.950,0,0
0,N210026,0.000,1.320,0,0
0,N210027,0.000,2.110,0,0
0,N210028,0.000,1.460,0,0
0,N210029,0.000,3.460,0,0
0,N210030,0.000,5.000,0,0
0,N210031,0.000,3.540,0,0
0,N210032,0.000,2.790,0,0
0,N210033,0.000,3.090,0,0
0,N210034,0.000,0.980,0,0
0,N210035,0.000,2.940,0,0
0,N210036,0.000,3.010,0,0
0,N210037,0.000,1.950,0,0
0,N210038,0.000,2.340,0,0
0,N210039,0.000,0.530,0,0
0,N210040,0.000,4.500,0,0
0,N210041,0.000,2.410,0,0
0,N210042,0.000,1.580,0,0
0,N210043,0.000,0.442,0,0
0,N210044,0.000,2.640,0,0
0,N210045,0.000,2.110,0,0
0,N210046,0.000,5.500,0,0
0,N210047,0.000,5.600,0,0
0,N210048,0.000,1.500,0,0
0,N210049,0.000,8.000,0,0
0,N210050,0.000,2.940,0,0
0,N210051,0.000,0.890,0,0
0,N210052,0.000,0.480,0,0
0,N210053,0.000,2.940,0,0
0,N210054,0.000,3.980,0,0
0,N210055,0.000,1.950,0,0
0,N210056,0.000,1.730,0,0
0,N210057,0.000,2.466,0,0
0,N210058,0.000,2.340,0,0
0,N210059,0.000,1.800,0,0
0,N210060,0.000,0.720,0,0
0,N210061,0.000,0.023,0,0
0,N210062,0.000,1.250,0,0
0,N210063,0.000,3.310,0,0
0,N210064,0.000,3.090,0,0
0,N210065,0.000,0.920,0,0
0,N210066,0.000,29.450,0,0
0,N210067,0.000,3.540,0,0
0,N210068,0.000,0.990,0,0
0,N210069,0.000,3.310,0,0
0,N210070,0.000,1.650,0,0
0,N210071,0.000,5.000,0,0
0,N210072,0.000,1.800,0,0
0,N210073,0.000,3.010,0,0
0,N210074,0.000,1.730,0,0
0,N210075,0.000,0.680,0,0
0,N210076,0.000,0.346,0,0
0,N210077,0.000,1.880,0,0
0,N210078,0.000,0.860,0,0
0,N210079,0.000,1.240,0,0
0,N210080,0.000,3.310,0,0
0,N210081,0.000,0.730,0,0
0,N210082,0.000,2.710,0,0
0,N210083,0.000,1.730,0,0
0,N210084,0.000,2.410,0,0
0,N210085,0.000,2.180,0,0
0,N210086,0.000,1.490,0,0
0,N210087,0.000,2.110,0,0
0,N210088,0.000,1.480,0,0
0,N210089,0.000,1.950,0,0
0,N210090,0.000,0.000,0,0
0,N210091,0.000,1.800,0,0
0,N210092,0.000,0.000,0,0
0,N210093,0.000,0.000,0,0
0,N210094,0.000,0.650,0,0
0,N210095,0.000,1.490,0,0
0,N210096,0.000,3.390,0,0
0,N210097,0.000,1.000,0,0
0,N210098,0.000,4.070,0,0
0,N210099,0.000,0.650,0,0
0,N210100,0.000,1.200,0,0
0,N210101,0.000,1.950,0,0
0,N210102,0.000,1.010,0,0
0,N210103,0.000,2.410,0,0
0,N210104,0.000,4.700,0,0
0,N210105,0.000,1.380,0,0
0,N210106,0.000,2.260,0,0
0,N210107,0.000,1.050,0,0
0,N210108,0.000,6.100,0,0
0,N210109,0.000,1.330,0,0
0,N210110,0.000,2.860,0,0
0,N210111,0.000,2.340,0,0
0,N210112,0.000,1.500,0,0
0,N210113,0.000,2.560,0,0
0,N210114,0.000,2.790,0,0
0,N210115,0.000,1.580,0,0
0,N210116,0.000,2.860,0,0
0,N210117,0.000,2.340,0,0
0,N210118,0.000,7.600,0,0
0,N210119,0.000,0.000,0,0
0,N210120,0.000,6.300,0,0
0,N210121,0.000,10.100,0,0
0,N210122,0.000,28.200,0,0
0,N210123,0.000,17.000,0,0
0,N210124,0.000,42.600,0,0
0,N210125,0.000,27.000,0,0
0,N210126,0.000,25.800,0,0
0,N210127,0.000,1.880,0,0
0,N210128,0.000,0.000,0,0
0,N210129,0.000,15.400,0,0
0,N210130,0.000,0.000,0,0
0,N210131,0.000,38.400,0,0
0,N210132,0.000,30.000,0,0
0,N210133,0.000,0.000,0,0
0,N210134,0.000,37.600,0,0
0,N210135,0.000,15.900,0,0
0,N210136,0.000,31.800,0,0
0,N210137,0.000,4.330,0,0
0,N210138,0.000,5.200,0,0
0,N210139,0.000,5.100,0,0
0,N210140,0.000,3.980,0,0
0,N210141,0.000,9.600,0,0
0,N210142,0.000,5.000,0,0
0,N210143,0.000,64.000,0,0
0,N210144,0.000,0.000,0,0
0,N210145,0.000,0.000,0,0
0,N210146,0.000,60.900,0,0
0,N210147,0.000,0.000,0,0
0,N210148,0.000,78.200,0,0
0,N210149,0.000,0.000,0,0
0,N210150,0.000,0.000,0,0
0,N210151,0.000,14.400,0,0
0,N210152,0.000,23.200,0,0
0,N210153,0.000,5.900,0,0
0,N210154,0.000,6.100,0,0
0,N210155,0.000,0.000,0,0
0,N210156,0.000,10.200,0,0
0,N210157,0.000,1.580,0,0
0,N210158,0.000,6.500,0,0
0,N210159,0.000,5.900,0,0
0,N210160,0.000,5.600,0,0
0,N210161,0.000,0.000,0,0
0,N210162,0.000,6.500,0,0
0,N210163,0.000,1.730,0,0
0,N210164,0.000,1.500,0,0
0,N210165,0.000,3.390,0,0
0,N210166,0.000,0.000,0,0
0,N210167,0.000,34.900,0,0
0,N210168,0.000,0.000,0,0
0,N210169,0.000,36.500,0,0
0,N210170,0.000,9.400,0,0
0,N210171,0.000,0.000,0,0
0,N210172,0.000,0.000,0,0
0,N210173,0.000,36.200,0,0
0,N210174,0.000,24.300,0,0
0,N210175,0.000,0.000,0,0
0,N210176,0.000,38.600,0,0
0,N210177,0.000,9.800,0,0
0,N210178,0.000,5.000,0,0
0,N210179,0.000,8.300,0,0
0,N210180,0.000,3.760,0,0
0,N210181,0.000,0.203,0,0
0,N210182,0.000,14.800,0,0
0,N210183,0.000,5.700,0,0
0,N210184,0.000,0.000,0,0
0,N210185,0.000,41.500,0,0
0,N210186,0.000,0.000,0,0
0,N210187,0.000,44.400,0,0
0,N210188,0.000,0.000,0,0
0,N210189,0.000,0.000,0,0
0,N210190,0.000,42.100,0,0
0,N210191,0.000,30.700,0,0
0,N210192,0.000,0.000,0,0
0,N210193,0.000,36.900,0,0
0,N210194,0.000,8.900,0,0
0,N210195,0.000,0.000,0,0
0,N210196,0.000,5.600,0,0
0,N210197,0.000,0.000,0,0
0,N210198,0.000,14.100,0,0
0,N210199,0.000,0.000,0,0
0,N210200,0.000,0.000,0,0
0,N210201,0.000,4.900,0,0
0,N210202,0.000,6.000,0,0
0,N210203,0.000,5.900,0,0
0,N210204,0.000,0.000,0,0
0,N210205,0.000,12.700,0,0
0,N210206,0.000,9.300,0,0
0,N210207,0.000,6.400,0,0
0,N210208,0.000,7.800,0,0
0,N210209,0.000,3.090,0,0
0,N210210,0.000,7.300,0,0
0,N210211,0.000,1.730,0,0
0,N210212,0.000,5.300,0,0
0,N210213,0.000,11.600,0,0
0,N210214,0.000,0.000,0,0
0,N210215,0.000,41.900,0,0
0,N210216,0.000,19.100,0,0
0,N210217,0.000,0.000,0,0
0,N210218,0.000,29.900,0,0
0,N210219,0.000,3.160,0,0
0,N210220,0.000,5.100,0,0
0,N210221,0.000,1.140,0,0
0,N210222,0.000,2.790,0,0
0,N210223,0.000,11.800,0,0
0,N210224,0.000,10.300,0,0
0,N210225,0.000,21.800,0,0
0,N210226,0.000,1.470,0,0
0,N210227,0.000,4.160,0,0
0,N210228,0.000,9.800,0,0
0,N210229,0.000,6.700,0,0
0,N210230,0.000,36.200,0,0
0,N210231,0.000,11.100,0,0
0,N210232,0.000,21.400,0,0
0,N210233,0.000,2.560,0,0
0,N210234,0.000,0.113,0,0
0,N210235,0.000,2.560,0,0
0,N210236,0.000,21.200,0,0
0,N210237,0.000,7.300,0,0
0,N210238,0.000,4.250,0,0
0,N210239,0.000,4.250,0,0
0,N210240,0.000,15.100,0,0
0,N210241,0.000,9.600,0,0
0,N210242,0.000,0.000,0,0
0,N210243,0.000,22.600,0,0
0,N210244,0.000,10.500,0,0
0,N210245,0.000,1.280,0,0
0,N210246,0.000,9.100,0,0
0,N210247,0.000,0.000,0,0
0,N210248,0.000,11.200,0,0
0,N210249,0.000,13.400,0,0
0,N210250,0.000,0.000,0,0
0,N210251,0.000,13.500,0,0
0,N210252,0.000,0.000,0,0
0,N210253,0.000,40.300,0,0
0,N210254,0.000,0.000,0,0
0,N210255,0.000,20.700,0,0
0,N210256,0.000,35.600,0,0
0,N210257,0.000,0.000,0,0
0,N210258,0.000,35.600,0,0
0,N210259,0.000,9.140,0,0
0,N210260,0.000,20.000,0,0
0,N210261,0.000,29.800,0,0
0,N210262,0.000,5.100,0,0
0,N210263,0.000,0.000,0,0
0,N210264,0.000,2.260,0,0
0,N210265,0.000,4.900,0,0
0,N210266,0.000,4.330,0,0
0,N210267,0.000,0.000,0,0
0,N210268,0.000,19.500,0,0
0,N210269,0.000,2.790,0,0
0,N210270,0.000,2.110,0,0
0,N210271,0.000,0.970,0,0
0,N210272,0.000,4.800,0,0
0,N210273,0.000,2.260,0,0
0,N210274,0.000,1.730,0,0
0,N210275,0.000,0.000,0,0
0,N210276,0.000,0.000,0,0
0,N210277,0.000,69.400,0,0
0,N210278,0.000,0.000,0,0
0,N210279,0.000,91.300,0,0
0,N210280,0.000,19.500,0,0
0,N210281,0.000,10.400,0,0
0,N210282,0.000,11.100,0,0
0,N210283,0.000,23.600,0,0
0,N210284,0.000,19.200,0,0
0,N210285,0.000,37.300,0,0
0,N210286,0.000,4.500,0,0
0,N210287,0.000,2.490,0,0
0,N210288,0.000,10.900,0,0
0,N210289,0.000,10.900,0,0
0,N210290,0.000,3.160,0,0
0,N210291,0.000,7.800,0,0
0,N210292,0.000,1.730,0,0
0,N210293,0.000,1.150,0,0
0,N210294,0.000,12.500,0,0
0,N210295,0.000,35.600,0,0
0,N210296,0.000,8.100,0,0
0,N210297,0.000,15.500,0,0
0,N210298,0.000,16.800,0,0
0,N210299,0.000,1.060,0,0
0,N210301,0.000,50.600,0,0
0,N210302,0.000,11.800,0,0
0,N210303,0.000,17.400,0,0
0,N210304,0.000,6.000,0,0
0,N210305,0.000,9.300,0,0
0,N210306,0.000,0.000,0,0
0,N210307,0.000,22.100,0,0
0,N210308,0.000,0.000,0,0
0,N210309,0.000,0.000,0,0
0,N210310,0.000,2.560,0,0
0,N210311,0.000,4.330,0,0
0,N210312,0.000,1.650,0,0
0,N210313,0.000,3.160,0,0
0,N210314,0.000,18.600,0,0
0,N210315,0.000,5.600,0,0
0,N210316,0.000,5.000,0,0
0,N210317,0.000,0.000,0,0
0,N210318,0.000,0.000,0,0
0,N210319,0.000,0.000,0,0
0,N210320,0.000,0.000,0,0
0,N210321,0.000,0.000,0,0
0,N210322,0.000,0.000,0,0
0,N210323,0.000,0.000,0,0
0,N210324,0.000,0.000,0,0
0,N210325,0.000,0.000,0,0
0,N210326,0.000,0.000,0,0
0,N210327,0.000,0.000,0,0
0,N210328,0.000,0.000,0,0
0,N210329,0.000,0.000,0,0
0,N210330,0.000,0.000,0,0
0,N210331,0.000,0.000,0,0
0,N210332,0.000,0.000,0,0
0,N210333,0.000,0.000,0,0
0,N210334,0.000,0.000,0,0
0,N210335,0.000,0.000,0,0
0,N210336,0.000,0.000,0,0
0,N210337,0.000,0.000,0,0
0,N210338,0.000,0.000,0,0
0,N210339,0.000,0.000,0,0
0,N210340,0.000,0.000,0,0
0,N210341,0.000,0.000,0,0
0,N210342,0.000,0.000,0,0
0,N210343,0.000,0.000,0,0
0,N210344,0.000,0.000,0,0
0,N210345,0.000,0.000,0,0
0,N210346,0.000,0.000,0,0
0,N210347,0.000,0.000,0,0
0,N210348,0.000,0.000,0,0
0,N210349,0.000,0.000,0,0
0,N210350,0.000,0.000,0,0
0,N210351,0.000,0.000,0,0
0,N210352,0.000,0.000,0,0
0,N210353,0.000,0.000,0,0
0,N210354,0.000,0.000,0,0
0,N210355,0.000,0.000,0,0
0,N210356,0.000,0.000,0,0
0,N210357,0.000,0.000,0,0
0,N210358,0.000,0.000,0,0
0,N210359,0.000,7.800,0,0
0,N210360,0.000,0.000,0,0
0,N220001,0.000,33.840,0,0
0,N220003,0.000,27.300,0,0
0,N220004,0.000,1.790,0,0
0,N220005,0.000,10.100,0,0
0,N220006,0.000,7.170,0,0
0,N220007,0.000,0.000,0,0
0,N220008,0.000,2.640,0,0
0,N220009,0.000,3.800,0,0
0,N220010,0.000,3.016,0,0
0,N220011,0.000,0.000,0,0
0,N220013,0.000,10.300,0,0
0,N220014,0.000,0.000,0,0
0,N220015,0.000,7.800,0,0
0,N220016,0.000,0.000,0,0
0,N220017,0.000,0.000,0,0
0,N220018,0.000,32.800,0,0
0,N220019,0.000,2.030,0,0
0,N220020,0.000,6.300,0,0
0,N220021,0.000,152.210,0,0
0,N220022,0.000,22.900,0,0
0,N220023,0.000,0.680,0,0
0,N220024,0.000,0.780,0,0
0,N220025,0.000,0.000,0,0
0,N220026,0.000,94.900,0,0
0,N220027,0.000,0.000,0,0
0,N220028,0.000,1.020,0,0
0,N220029,0.000,0.006,0,0
0,N220030,0.000,0.480,0,0
0,N220031,0.000,5.700,0,0
0,N220032,0.000,1.950,0,0
0,N220033,0.000,2.260,0,0
0,N220034,0.000,2.110,0,0
0,N220035,0.000,0.324,0,0
0,N220036,0.000,5.600,0,0
0,N220037,0.000,0.324,0,0
0,N220038,0.000,2.340,0,0
0,N220039,0.000,5.100,0,0
0,N220040,0.000,0.800,0,0
0,N220041,0.000,4.330,0,0
0,N220042,0.000,1.260,0,0
0,N220043,0.000,3.386,0,0
0,N220044,0.000,0.425,0,0
0,N220045,0.000,1.420,0,0
0,N220046,0.000,0.226,0,0
0,N220047,0.000,0.690,0,0
0,N220048,0.000,0.780,0,0
0,N220049,0.000,0.930,0,0
0,N220050,0.000,2.860,0,0
0,N220051,0.000,1.120,0,0
0,N220052,0.000,0.354,0,0
0,N220053,0.000,0.026,0,0
0,N220054,0.000,5.290,0,0
0,N220055,0.000,0.690,0,0
0,N220056,0.000,0.706,0,0
0,N220057,0.000,0.490,0,0
0,N220058,0.000,0.610,0,0
0,N220059,0.000,2.860,0,0
0,N220060,0.000,30.300,0,0
0,N220061,0.000,82.100,0,0
0,N220062,0.000,29.100,0,0
0,N220063,0.000,85.000,0,0
0,N220064,0.000,5.400,0,0
0,N220065,0.000,0.000,0,0
0,N220066,0.000,0.560,0,0
0,N220067,0.000,67.640,0,0
0,N220068,0.000,37.010,0,0
0,N220069,0.000,0.000,0,0
0,N220070,0.000,21.800,0,0
0,N220071,0.000,5.000,0,0
0,N220072,0.000,17.700,0,0
0,N220073,0.000,0.000,0,0
0,N220074,0.000,0.000,0,0
0,N220075,0.000,10.800,0,0
0,N220076,0.000,0.000,0,0
0,N220077,0.000,0.960,0,0
0,N220078,0.000,3.460,0,0
0,N220079,0.000,18.900,0,0
0,N220080,0.000,26.300,0,0
0,N220081,0.000,96.900,0,0
0,N220082,0.000,29.300,0,0
0,N220083,0.000,28.600,0,0
0,N220084,0.000,6.800,0,0
0,N220085,0.000,20.600,0,0
0,N220086,0.000,2.860,0,0
0,N220087,0.000,31.100,0,0
0,N220088,0.000,186.900,0,0
0,N220089,0.000,22.600,0,0
0,N220090,0.000,15.900,0,0
0,N220091,0.000,12.900,0,0
0,N220092,0.000,11.300,0,0
0,N220093,0.000,22.800,0,0
0,N220094,0.000,82.080,0,0
0,N220095,0.000,3.890,0,0
0,N220096,0.000,25.500,0,0
0,N220097,0.000,81.000,0,0
0,N220098,0.000,19.300,0,0
0,N220099,0.000,0.000,0,0
0,N220100,0.000,122.400,0,0
0,N220101,0.000,88.300,0,0
0,N220102,0.000,17.200,0,0
0,N220103,0.000,18.000,0,0
0,N220104,0.000,9.800,0,0
0,N220105,0.000,9.000,0,0
0,N220106,0.000,13.300,0,0
0,N220107,0.000,5.700,0,0
0,N220108,0.000,19.200,0,0
0,N220109,0.000,23.900,0,0
0,N220110,0.000,146.900,0,0
0,N220111,0.000,21.400,0,0
0,N220112,0.000,79.100,0,0
0,N220113,0.000,17.000,0,0
0,N220114,0.000,6.800,0,0
0,N220115,0.000,12.200,0,0
0,N220116,0.000,15.300,0,0
0,N220117,0.000,16.800,0,0
0,N220118,0.000,1.240,0,0
0,N220119,0.000,0.000,0,0
0,N220120,0.000,0.000,0,0
0,N220121,0.000,0.000,0,0
0,N220122,0.000,0.000,0,0
0,N220123,0.000,0.000,0,0
0,N220124,0.000,0.000,0,0
0,N220125,0.000,0.000,0,0
0,N220126,0.000,0.000,0,0
0,N220127,0.000,0.000,0,0
0,N220128,0.000,0.000,0,0
0,N220129,0.000,75.200,0,0
0,N220130,0.000,0.000,0,0
0,N220131,0.000,0.000,0,0
0,N220132,0.000,0.000,0,0
0,N220133,0.000,0.000,0,0
0,N220134,0.000,0.000,0,0
0,N220135,0.000,76.100,0,0
0,N220136,0.000,0.000,0,0
0,N220137,0.000,0.000,0,0
0,N220138,0.000,0.000,0,0
0,N220139,0.000,0.000,0,0
0,N220140,0.000,0.000,0,0
0,N220141,0.000,77.000,0,0
0,N220142,0.000,0.000,0,0
0,N220143,0.000,0.000,0,0
0,N220144,0.000,0.000,0,0
0,N220145,0.000,0.000,0,0
0,N220146,0.000,0.000,0,0
0,N220147,0.000,0.000,0,0
0,N220148,0.000,99.800,0,0
0,N220149,0.000,0.000,0,0
0,N220150,0.000,147.700,0,0
0,N220151,0.000,0.000,0,0
0,N220152,0.000,0.000,0,0
0,N220153,0.000,0.000,0,0
0,N220154,0.000,0.000,0,0
0,N220155,0.000,0.000,0,0
0,N220156,0.000,0.000,0,0
0,N220157,0.000,0.000,0,0
0,N220158,0.000,0.000,0,0
0,N220159,0.000,0.000,0,0
0,N220160,0.000,0.000,0,0
0,N220161,0.000,78.700,0,0
0,N220162,0.000,0.000,0,0
0,N220163,0.000,0.000,0,0
0,N220164,0.000,0.000,0,0
0,N220165,0.000,0.000,0,0
0,N220166,0.000,0.000,0,0
0,N220167,0.000,0.000,0,0
0,N220168,0.000,61.900,0,0
0,N220169,0.000,0.000,0,0
0,N220170,0.000,0.000,0,0
0,N220171,0.000,0.000,0,0
0,N220172,0.000,0.000,0,0
0,N220173,0.000,75.200,0,0
0,N220174,0.000,0.000,0,0
0,N220175,0.000,0.000,0,0
0,N220176,0.000,0.000,0,0
0,N220177,0.000,0.000,0,0
0,N220178,0.000,0.000,0,0
0,N220179,0.000,0.000,0,0
0,N220180,0.000,0.000,0,0
0,N220181,0.000,0.000,0,0
0,N220182,0.000,0.000,0,0
0,N220183,0.000,0.000,0,0
0,N220184,0.000,0.000,0,0
0,N220185,0.000,62.800,0,0
0,N220186,0.000,0.000,0,0
0,N220187,0.000,0.000,0,0
0,N220188,0.000,0.000,0,0
0,N220189,0.000,0.000,0,0
0,N220190,0.000,141.500,0,0
0,N220191,0.000,0.000,0,0
0,N220192,0.000,0.000,0,0
0,N220194,0.000,0.000,0,0
0,N220195,0.000,0.000,0,0
0,N220197,0.000,0.000,0,0
0,N220198,0.000,0.000,0,0
0,N220199,0.000,0.000,0,0
0,N220200,0.000,0.000,0,0
0,N220201,0.000,0.000,0,0
0,N220202,0.000,0.000,0,0
0,N220203,0.000,0.000,0,0
0,N220204,0.000,0.000,0,0
0,N220205,0.000,82.300,0,0
0,N220206,0.000,0.000,0,0
0,N220208,0.000,0.000,0,0
0,N220209,0.000,0.000,0,0
0,N220210,0.000,0.000,0,0
0,N220211,0.000,0.000,0,0
0,N220212,0.000,0.000,0,0
0,N220213,0.000,0.000,0,0
0,N220214,0.000,0.000,0,0
0,N220215,0.000,6.900,0,0
0,N220216,0.000,0.000,0,0
0,N220218,0.000,0.880,0,0
0,N220219,0.000,0.000,0,0
0,N220221,0.000,0.380,0,0
0,N220222,0.000,0.000,0,0
0,N220223,0.000,0.000,0,0
0,N220224,0.000,0.000,0,0
0,N220225,0.000,0.000,0,0
0,N220227,0.000,0.000,0,0
0,N220228,0.000,0.000,0,0
0,N220229,0.000,0.000,0,0
0,N220230,0.000,0.000,0,0
0,N220231,0.000,0.000,0,0
0,N220232,0.000,0.000,0,0
0,N220233,0.000,0.000,0,0
0,N220234,0.000,0.000,0,0
0,N220235,0.000,0.000,0,0
0,N220236,0.000,0.000,0,0
0,N220238,0.000,0.740,0,0
0,N220239,0.000,0.000,0,0
0,N220240,0.000,0.000,0,0
0,N220241,0.000,0.000,0,0
0,N220242,0.000,0.000,0,0
0,N220243,0.000,0.000,0,0
0,N220244,0.000,0.000,0,0
0,N220245,0.000,0.000,0,0
0,N220246,0.000,15.700,0,0
0,N220247,0.000,0.000,0,0
0,N220248,0.000,0.000,0,0
0,N220249,0.000,0.000,0,0
0,N220250,0.000,0.000,0,0
0,N220252,0.000,0.000,0,0
0,N220253,0.000,0.000,0,0
0,N220255,0.000,0.000,0,0
0,N220256,0.000,0.000,0,0
0,N230001,0.000,6.200,0,0
0,N230002,0.000,0.020,0,0
0,N230003,0.000,3.090,0,0
0,N230004,0.000,1.730,0,0
0,N230005,0.000,3.460,0,0
0,N230006,0.000,2.260,0,0
0,N230007,0.000,2.490,0,0
0,N230008,0.000,1.730,0,0
0,N230009,0.000,0.930,0,0
0,N230010,0.000,4.160,0,0
0,N230011,0.000,9.000,0,0
0,N230012,0.000,9.300,0,0
0,N230013,0.000,1.730,0,0
0,N230014,0.000,1.120,0,0
0,N230015,0.000,8.700,0,0
0,N230016,0.000,10.100,0,0
0,N230017,0.000,5.000,0,0
0,N230018,0.000,7.500,0,0
0,N230019,0.000,8.000,0,0
0,N230020,0.000,4.070,0,0
0,N230021,0.000,6.100,0,0
0,N230022,0.000,4.070,0,0
0,N230023,0.000,9.100,0,0
0,N230024,0.000,4.070,0,0
0,N230025,0.000,0.083,0,0
0,N230026,0.000,5.700,0,0
0,N230027,0.000,7.500,0,0
0,N230028,0.000,6.700,0,0
0,N230029,0.000,5.000,0,0
0,N230030,0.000,0.760,0,0
0,N230031,0.000,4.700,0,0
0,N230033,0.000,3.610,0,0
0,N230034,0.000,3.090,0,0
0,N230035,0.000,2.180,0,0
0,N230036,0.000,1.400,0,0
0,N230037,0.000,9.400,0,0
0,N230038,0.000,4.330,0,0
0,N230039,0.000,16.800,0,0
0,N230040,0.000,9.100,0,0
0,N230041,0.000,1.950,0,0
0,N230042,0.000,5.400,0,0
0,N230043,0.000,8.000,0,0
0,N230044,0.000,5.400,0,0
0,N230045,0.000,3.010,0,0
0,N230046,0.000,3.980,0,0
0,N230047,0.000,1.950,0,0
0,N230048,0.000,2.860,0,0
0,N230049,0.000,3.980,0,0
0,N230050,0.000,6.300,0,0
0,N230051,0.000,2.560,0,0
0,N230052,0.000,4.250,0,0
0,N230053,0.000,8.000,0,0
0,N230054,0.000,3.010,0,0
0,N230055,0.000,6.000,0,0
0,N230056,0.000,5.800,0,0
0,N230057,0.000,4.420,0,0
0,N230058,0.000,3.890,0,0
0,N230059,0.000,2.410,0,0
0,N230060,0.000,1.880,0,0
0,N230061,0.000,1.490,0,0
0,N230062,0.000,0.950,0,0
0,N230063,0.000,17.800,0,0
0,N230064,0.000,1.730,0,0
0,N230065,0.000,1.140,0,0
0,N230066,0.000,13.800,0,0
0,N230067,0.000,11.300,0,0
0,N230068,0.000,0.000,0,0
0,N230069,0.000,48.100,0,0
0,N230070,0.000,18.600,0,0
0,N230071,0.000,15.100,0,0
0,N230072,0.000,0.000,0,0
0,N230073,0.000,104.000,0,0
0,N230074,0.000,9.200,0,0
0,N230075,0.000,15.300,0,0
0,N230076,0.000,0.670,0,0
0,N230077,0.000,4.500,0,0
0,N230078,0.000,10.000,0,0
0,N230079,0.000,1.580,0,0
0,N230080,0.000,0.000,0,0
0,N230081,0.000,4.500,0,0
0,N230082,0.000,13.700,0,0
0,N230083,0.000,5.200,0,0
0,N230084,0.000,4.250,0,0
0,N230085,0.000,19.100,0,0
0,N230086,0.000,5.900,0,0
0,N230087,0.000,10.200,0,0
0,N230088,0.000,5.700,0,0
0,N230089,0.000,1.800,0,0
0,N230090,0.000,5.800,0,0
0,N230091,0.000,1.950,0,0
0,N230092,0.000,6.800,0,0
0,N230093,0.000,6.800,0,0
0,N230094,0.000,5.900,0,0
0,N230095,0.000,3.540,0,0
0,N230096,0.000,0.540,0,0
0,N230097,0.000,8.900,0,0
0,N230098,0.000,2.940,0,0
0,N230099,0.000,3.800,0,0
0,N230100,0.000,4.250,0,0
0,N230101,0.000,5.100,0,0
0,N230102,0.000,6.200,0,0
0,N230103,0.000,1.390,0,0
0,N230104,0.000,1.480,0,0
0,N230105,0.000,0.900,0,0
0,N230106,0.000,4.250,0,0
0,N230107,0.000,5.400,0,0
0,N230108,0.000,2.860,0,0
0,N230109,0.000,3.690,0,0
0,N230110,0.000,6.900,0,0
0,N230111,0.000,5.700,0,0
0,N230112,0.000,0.570,0,0
0,N230113,0.000,1.950,0,0
0,N230114,0.000,1.800,0,0
0,N230115,0.000,1.580,0,0
0,N230116,0.000,17.100,0,0
0,N230117,0.000,4.070,0,0
0,N230118,0.000,6.000,0,0
0,N230119,0.000,5.300,0,0
0,N230120,0.000,1.230,0,0
0,N230121,0.000,3.540,0,0
0,N230122,0.000,3.160,0,0
0,N230123,0.000,2.860,0,0
0,N230124,0.000,3.460,0,0
0,N230125,0.000,5.300,0,0
0,N230126,0.000,0.234,0,0
0,N230127,0.000,5.400,0,0
0,N230128,0.000,8.800,0,0
0,N230129,0.000,7.600,0,0
0,N230130,0.000,3.310,0,0
0,N230131,0.000,1.490,0,0
0,N230132,0.000,5.000,0,0
0,N230133,0.000,0.770,0,0
0,N230134,0.000,1.500,0,0
0,N230135,0.000,3.390,0,0
0,N230136,0.000,4.700,0,0
0,N230137,0.000,1.030,0,0
0,N230138,0.000,4.600,0,0
0,N230139,0.000,1.880,0,0
0,N230140,0.000,6.800,0,0
0,N230141,0.000,1.030,0,0
0,N230142,0.000,1.500,0,0
0,N230143,0.000,2.490,0,0
0,N230144,0.000,2.490,0,0
0,N230145,0.000,3.540,0,0
0,N230146,0.000,2.410,0,0
0,N230147,0.000,3.160,0,0
0,N230148,0.000,3.800,0,0
0,N230149,0.000,10.600,0,0
0,N230150,0.000,12.400,0,0
0,N230151,0.000,4.800,0,0
0,N230152,0.000,4.700,0,0
0,N230153,0.000,3.890,0,0
0,N230154,0.000,0.470,0,0
0,N230155,0.000,2.560,0,0
0,N230156,0.000,3.240,0,0
0,N230157,0.000,3.390,0,0
0,N230158,0.000,9.800,0,0
0,N230159,0.000,1.310,0,0
0,N230160,0.000,5.300,0,0
0,N230161,0.000,2.110,0,0
0,N230162,0.000,4.250,0,0
0,N230163,0.000,4.160,0,0
0,N230164,0.000,0.433,0,0
0,N230165,0.000,1.730,0,0
0,N230166,0.000,4.250,0,0
0,N230167,0.000,1.650,0,0
0,N230168,0.000,3.160,0,0
0,N230169,0.000,1.880,0,0
0,N230170,0.000,2.180,0,0
0,N230171,0.000,2.790,0,0
0,N230172,0.000,3.010,0,0
0,N230173,0.000,5.700,0,0
0,N230174,0.000,3.090,0,0
0,N230175,0.000,2.940,0,0
0,N230176,0.000,0.730,0,0
0,N230177,0.000,3.690,0,0
0,N230178,0.000,3.390,0,0
0,N230179,0.000,1.210,0,0
0,N230180,0.000,1.320,0,0
0,N230181,0.000,2.790,0,0
0,N230182,0.000,0.880,0,0
0,N230183,0.000,4.500,0,0
0,N230184,0.000,1.880,0,0
0,N230185,0.000,1.650,0,0
0,N230186,0.000,1.580,0,0
0,N230187,0.000,1.880,0,0
0,N230188,0.000,3.540,0,0
0,N230189,0.000,1.230,0,0
0,N230190,0.000,2.340,0,0
0,N230191,0.000,2.790,0,0
0,N230192,0.000,5.700,0,0
0,N230193,0.000,8.200,0,0
0,N230194,0.000,11.700,0,0
0,N230195,0.000,3.540,0,0
0,N230196,0.000,1.580,0,0
0,N230197,0.000,5.700,0,0
0,N230198,0.000,3.980,0,0
0,N230199,0.000,5.700,0,0
0,N230200,0.000,3.160,0,0
0,N230201,0.000,4.250,0,0
0,N230202,0.000,2.260,0,0
0,N230203,0.000,1.380,0,0
0,N230204,0.000,12.000,0,0
0,N230205,0.000,1.650,0,0
0,N230206,0.000,15.600,0,0
0,N230207,0.000,0.000,0,0
0,N230208,0.000,17.900,0,0
0,N230209,0.000,23.300,0,0
0,N230210,0.000,11.700,0,0
0,N230211,0.000,26.100,0,0
0,N230212,0.000,15.800,0,0
0,N230213,0.000,13.400,0,0
0,N230214,0.000,25.500,0,0
0,N230215,0.000,15.100,0,0
0,N230216,0.000,24.400,0,0
0,N230217,0.000,6.300,0,0
0,N230218,0.000,7.300,0,0
0,N230219,0.000,11.500,0,0
0,N230220,0.000,24.900,0,0
0,N230221,0.000,14.800,0,0
0,N230222,0.000,4.500,0,0
0,N230223,0.000,14.400,0,0
0,N230224,0.000,21.100,0,0
0,N230225,0.000,19.200,0,0
0,N230226,0.000,8.600,0,0
0,N230227,0.000,1.220,0,0
0,N230228,0.000,3.310,0,0
0,N230229,0.000,13.300,0,0
0,N230230,0.000,3.010,0,0
0,N230231,0.000,16.300,0,0
0,N230232,0.000,10.000,0,0
0,N230233,0.000,3.980,0,0
0,N230234,0.000,0.000,0,0
0,N230235,0.000,23.400,0,0
0,N230236,0.000,32.800,0,0
0,N230237,0.000,20.800,0,0
0,N230238,0.000,13.200,0,0
0,N230239,0.000,12.800,0,0
0,N230240,0.000,49.780,0,0
0,N230241,0.000,14.400,0,0
0,N230242,0.000,0.000,0,0
0,N230243,0.000,20.100,0,0
0,N230244,0.000,2.790,0,0
0,N230245,0.000,10.900,0,0
0,N230246,0.000,1.800,0,0
0,N230247,0.000,3.800,0,0
0,N230248,0.000,1.880,0,0
0,N230249,0.000,5.000,0,0
0,N230250,0.000,9.700,0,0
0,N230251,0.000,7.100,0,0
0,N230252,0.000,9.800,0,0
0,N230253,0.000,3.090,0,0
0,N230254,0.000,4.250,0,0
0,N230256,0.000,43.400,0,0
0,N230257,0.000,0.000,0,0
0,N230258,0.000,0.000,0,0
0,N230259,0.000,0.000,0,0
0,N230260,0.000,0.000,0,0
0,N230261,0.000,8.800,0,0
0,N230262,0.000,0.000,0,0
0,N230263,0.000,0.000,0,0
0,N230264,0.000,0.000,0,0
0,N230265,0.000,0.000,0,0
0,N230266,0.000,0.000,0,0
0,N230267,0.000,0.000,0,0
0,N230268,0.000,0.000,0,0
0,N230269,0.000,0.000,0,0
0,N230270,0.000,0.000,0,0
0,N230271,0.000,0.000,0,0
0,N230272,0.000,0.000,0,0
0,N230273,0.000,0.000,0,0
0,N230274,0.000,0.000,0,0
0,N230275,0.000,0.000,0,0
0,N230276,0.000,0.000,0,0
0,N230277,0.000,0.000,0,0
0,N230278,0.000,0.000,0,0
0,N230279,0.000,0.000,0,0
0,N230280,0.000,0.000,0,0
0,N230281,0.000,0.000,0,0
0,N230282,0.000,0.000,0,0
0,N230283,0.000,0.000,0,0
0,N230284,0.000,0.000,0,0
0,N230285,0.000,0.000,0,0
0,N230286,0.000,0.000,0,0
0,N230287,0.000,0.000,0,0
0,N230288,0.000,0.000,0,0
0,N230289,0.000,0.000,0,0
0,N230290,0.000,0.000,0,0
0,N230291,0.000,0.000,0,0
0,N230292,0.000,0.000,0,0
0,N230293,0.000,0.000,0,0
0,N230294,0.000,0.000,0,0
0,N230295,0.000,0.000,0,0
0,N230296,0.000,0.000,0,0
0,N230297,0.000,0.000,0,0
0,N240001,0.000,6.500,0,0
0,N240002,0.000,11.500,0,0
0,N240003,0.000,0.000,0,0
0,N240004,0.000,11.300,0,0
0,N240005,0.000,12.720,0,0
0,N240006,0.000,13.540,0,0
0,N240007,0.000,2.410,0,0
0,N240008,0.000,3.610,0,0
0,N240009,0.000,0.000,0,0
0,N240010,0.000,16.000,0,0
0,N240011,0.000,0.000,0,0
0,N240012,0.000,0.000,0,0
0,N240013,0.000,12.300,0,0
0,N240014,0.000,0.000,0,0
0,N240015,0.000,0.000,0,0
0,N240016,0.000,0.000,0,0
0,N240017,0.000,1.950,0,0
0,N240018,0.000,5.600,0,0
0,N240019,0.000,0.000,0,0
0,N240020,0.000,0.870,0,0
0,N240021,0.000,0.000,0,0
0,N240022,0.000,20.300,0,0
0,N240023,0.000,21.800,0,0
0,N240024,0.000,6.700,0,0
0,N240025,0.000,2.790,0,0
0,N240026,0.000,6.400,0,0
0,N240027,0.000,0.820,0,0
0,N240028,0.000,1.420,0,0
0,N240030,0.000,34.200,0,0
0,N240031,0.000,0.000,0,0
0,N240032,0.000,0.000,0,0
0,N240033,0.000,11.000,0,0
0,N240034,0.000,0.331,0,0
0,N240035,0.000,1.270,0,0
0,N240036,0.000,0.294,0,0
0,N240037,0.000,0.249,0,0
0,N240038,0.000,0.264,0,0
0,N240039,0.000,0.234,0,0
0,N240040,0.000,0.271,0,0
0,N240041,0.000,0.120,0,0
0,N240042,0.000,0.226,0,0
0,N240043,0.000,0.120,0,0
0,N240044,0.000,0.241,0,0
0,N240045,0.000,0.389,0,0
0,N240046,0.000,0.188,0,0
0,N240047,0.000,0.061,0,0
0,N240048,0.000,0.309,0,0
0,N240049,0.000,0.068,0,0
0,N240050,0.000,0.014,0,0
0,N240051,0.000,0.120,0,0
0,N240052,0.000,2.632,0,0
0,N240053,0.000,0.002,0,0
0,N240054,0.000,0.000,0,0
0,N240055,0.000,1.650,0,0
0,N240056,0.000,0.203,0,0
0,N240058,0.000,0.001,0,0
0,N240059,0.000,0.760,0,0
0,N240060,0.000,2.640,0,0
0,N240061,0.000,5.500,0,0
0,N240062,0.000,14.880,0,0
0,N240063,0.000,2.710,0,0
0,N240064,0.000,2.410,0,0
0,N240065,0.000,1.230,0,0
0,N240066,0.000,1.010,0,0
0,N240067,0.000,1.580,0,0
0,N240068,0.000,1.580,0,0
0,N240069,0.000,1.950,0,0
0,N240070,0.000,0.610,0,0
0,N240071,0.000,0.620,0,0
0,N240072,0.000,0.007,0,0
0,N240073,0.000,0.098,0,0
0,N240074,0.000,1.430,0,0
0,N240075,0.000,0.294,0,0
0,N240076,0.000,2.860,0,0
0,N240077,0.000,5.700,0,0
0,N240078,0.000,6.500,0,0
0,N240079,0.000,7.400,0,0
0,N240080,0.000,1.880,0,0
0,N240081,0.000,1.800,0,0
0,N240082,0.000,8.880,0,0
0,N240083,0.000,1.060,0,0
0,N240084,0.000,0.520,0,0
0,N240085,0.000,1.300,0,0
0,N240086,0.000,2.560,0,0
0,N240087,0.000,3.540,0,0
0,N240088,0.000,0.056,0,0
0,N240089,0.000,0.433,0,0
0,N240090,0.000,1.650,0,0
0,N240091,0.000,0.150,0,0
0,N240092,0.000,0.098,0,0
0,N240093,0.000,0.150,0,0
0,N240094,0.000,1.730,0,0
0,N240095,0.000,5.700,0,0
0,N240096,0.000,1.190,0,0
0,N240097,0.000,1.650,0,0
0,N240098,0.000,1.080,0,0
0,N240099,0.000,1.250,0,0
0,N240100,0.000,1.180,0,0
0,N240101,0.000,2.860,0,0
0,N240102,0.000,22.600,0,0
0,N240103,0.000,0.000,0,0
0,N240104,0.000,17.600,0,0
0,N240105,0.000,3.610,0,0
0,N240106,0.000,33.200,0,0
0,N240107,0.000,5.000,0,0
0,N240108,0.000,0.000,0,0
0,N240109,0.000,11.000,0,0
0,N240110,0.000,2.640,0,0
0,N240111,0.000,13.300,0,0
0,N240112,0.000,2.490,0,0
0,N240113,0.000,0.000,0,0
0,N240114,0.000,0.000,0,0
0,N240115,0.000,0.000,0,0
0,N240116,0.000,27.500,0,0
0,N240117,0.000,0.000,0,0
0,N240118,0.000,23.900,0,0
0,N240119,0.000,0.000,0,0
0,N240120,0.000,91.600,0,0
0,N240121,0.000,3.540,0,0
0,N240122,0.000,2.180,0,0
0,N240123,0.000,0.000,0,0
0,N240124,0.000,4.800,0,0
0,N240125,0.000,41.500,0,0
0,N240126,0.000,18.500,0,0
0,N240127,0.000,8.800,0,0
0,N240128,0.000,7.860,0,0
0,N240129,0.000,6.800,0,0
0,N240130,0.000,24.300,0,0
0,N240131,0.000,22.600,0,0
0,N240132,0.000,6.600,0,0
0,N240133,0.000,0.000,0,0
0,N240134,0.000,5.700,0,0
0,N240135,0.000,0.000,0,0
0,N240136,0.000,3.460,0,0
0,N240137,0.000,0.000,0,0
0,N240138,0.000,0.000,0,0
0,N240139,0.000,0.000,0,0
0,N240140,0.000,35.300,0,0
0,N240141,0.000,0.000,0,0
0,N240142,0.000,4.900,0,0
0,N240143,0.000,27.400,0,0
0,N240144,0.000,0.000,0,0
0,N240145,0.000,4.900,0,0
0,N240146,0.000,6.400,0,0
0,N240147,0.000,13.710,0,0
0,N240148,0.000,7.100,0,0
0,N240149,0.000,13.100,0,0
0,N240150,0.000,0.000,0,0
0,N240151,0.000,16.200,0,0
0,N240152,0.000,0.000,0,0
0,N240153,0.000,9.700,0,0
0,N240154,0.000,9.100,0,0
0,N240155,0.000,6.600,0,0
0,N240156,0.000,2.260,0,0
0,N240157,0.000,2.860,0,0
0,N240158,0.000,0.890,0,0
0,N240159,0.000,19.500,0,0
0,N240160,0.000,28.000,0,0
0,N240161,0.000,34.100,0,0
0,N240162,0.000,43.900,0,0
0,N240163,0.000,33.700,0,0
0,N240164,0.000,10.300,0,0
0,N240165,0.000,5.500,0,0
0,N240166,0.000,0.000,0,0
0,N240167,0.000,55.600,0,0
0,N240168,0.000,0.000,0,0
0,N240169,0.000,0.000,0,0
0,N240170,0.000,25.100,0,0
0,N240171,0.000,16.000,0,0
0,N240172,0.000,35.200,0,0
0,N240173,0.000,15.200,0,0
0,N240174,0.000,31.300,0,0
0,N240175,0.000,19.200,0,0
0,N240176,0.000,7.000,0,0
0,N240177,0.000,4.420,0,0
0,N240178,0.000,2.640,0,0
0,N240179,0.000,5.700,0,0
0,N240180,0.000,0.000,0,0
0,N240181,0.000,24.000,0,0
0,N240182,0.000,0.000,0,0
0,N240183,0.000,0.000,0,0
0,N240184,0.000,22.700,0,0
0,N240185,0.000,36.600,0,0
0,N240186,0.000,1.730,0,0
0,N240187,0.000,8.000,0,0
0,N240188,0.000,6.500,0,0
0,N240189,0.000,0.820,0,0
0,N240190,0.000,1.580,0,0
0,N240191,0.000,5.000,0,0
0,N240192,0.000,2.560,0,0
0,N240193,0.000,5.500,0,0
0,N240194,0.000,5.400,0,0
0,N240195,0.000,0.000,0,0
0,N240196,0.000,0.000,0,0
0,N240197,0.000,0.000,0,0
0,N240198,0.000,0.000,0,0
0,N240199,0.000,0.000,0,0
0,N240200,0.000,0.000,0,0
0,N240201,0.000,0.000,0,0
0,N240202,0.000,0.000,0,0
0,N240203,0.000,5.200,0,0
0,N240204,0.000,0.000,0,0
0,N240205,0.000,0.000,0,0
0,N240206,0.000,0.000,0,0
0,N240207,0.000,0.000,0,0
0,N240208,0.000,0.000,0,0
0,N240209,0.000,2.710,0,0
0,N240210,0.000,0.000,0,0
0,N240211,0.000,0.000,0,0
0,N240212,0.000,0.000,0,0
0,N240213,0.000,0.000,0,0
0,N240214,0.000,0.000,0,0
0,N240215,0.000,0.000,0,0
0,N240216,0.000,0.000,0,0
0,N240217,0.000,0.000,0,0
0,N240218,0.000,0.000,0,0
0,N240219,0.000,0.000,0,0
0,N240220,0.000,0.000,0,0
0,N240221,0.000,0.000,0,0
0,N240222,0.000,0.000,0,0
0,N240223,0.000,0.000,0,0
0,N240224,0.000,0.000,0,0
0,N240225,0.000,0.000,0,0
0,N240226,0.000,0.000,0,0
0,N240227,0.000,0.000,0,0
0,N240228,0.000,0.000,0,0
0,N240229,0.000,0.000,0,0
0,N240230,0.000,0.000,0,0
0,N240231,0.000,0.000,0,0
0,N240232,0.000,0.000,0,0
0,N240233,0.000,0.000,0,0
0,N240234,0.000,0.000,0,0
0,N240235,0.000,0.000,0,0
0,N240236,0.000,0.000,0,0
0,N240237,0.000,0.000,0,0
0,N240238,0.000,0.000,0,0
0,N240239,0.000,0.000,0,0
0,N240240,0.000,0.000,0,0
0,N240241,0.000,0.000,0,0
0,N240242,0.000,0.000,0,0
0,N240243,0.000,0.000,0,0
0,N240244,0.000,0.000,0,0
0,N240245,0.000,0.000,0,0
0,N240246,0.000,0.000,0,0
0,N240247,0.000,0.000,0,0
0,N240248,0.000,0.000,0,0
0,N240249,0.000,1.310,0,0
0,N240250,0.000,0.000,0,0
0,N240251,0.000,0.000,0,0
0,N240252,0.000,0.000,0,0
0,N240253,0.000,0.000,0,0
0,N240254,0.000,0.000,0,0
0,N240255,0.000,0.000,0,0
0,N240256,0.000,0.000,0,0
0,N240257,0.000,5.500,0,0
0,N240258,0.000,0.000,0,0
0,N240259,0.000,0.000,0,0
0,N240260,0.000,0.000,0,0
0,N240261,0.000,0.000,0,0
0,N240262,0.000,0.000,0,0
0,N240263,0.000,0.000,0,0
0,N240264,0.000,0.000,0,0
0,N240265,0.000,0.000,0,0
0,N240266,0.000,0.000,0,0
0,N240267,0.000,0.000,0,0
0,N240268,0.000,0.000,0,0
0,N240269,0.000,0.000,0,0
0,N240270,0.000,0.000,0,0
0,N240271,0.000,0.000,0,0
0,N240272,0.000,0.000,0,0
0,N240273,0.000,0.000,0,0
0,N240274,0.000,62.800,0,0
0,N240275,0.000,0.000,0,0
0,N240276,0.000,0.000,0,0
0,N240277,0.000,17.300,0,0
0,N240278,0.000,0.000,0,0
0,N240279,0.000,0.000,0,0
0,N240280,0.000,0.000,0,0
0,N240281,0.000,0.000,0,0
0,N240282,0.000,0.000,0,0
0,N240283,0.000,0.000,0,0
0,N240284,0.000,0.000,0,0
0,N240285,0.000,0.000,0,0
0,N240286,0.000,0.000,0,0
0,N240287,0.000,2.790,0,0
0,N240288,0.000,0.000,0,0
0,N240290,0.000,0.000,0,0
0,N240291,0.000,0.000,0,0
0,N240292,0.000,0.000,0,0
0,N240293,0.000,0.000,0,0
0,N240295,0.000,0.000,0,0
0,N240296,0.000,0.000,0,0
0,N240297,0.000,0.710,0,0
0,N240298,0.000,0.000,0,0
0,N240299,0.000,0.000,0,0
0,N240300,0.000,0.000,0,0
0,N240301,0.000,0.000,0,0
0,N240302,0.000,0.000,0,0
0,N240303,0.000,96.400,0,0
0,N240304,0.000,0.000,0,0
0,N240305,0.000,0.000,0,0
0,N240306,0.000,0.000,0,0
0,N240307,0.000,0.000,0,0
0,N240308,0.000,0.000,0,0
0,N240309,0.000,0.000,0,0
0,N240310,0.000,0.000,0,0
0,N240311,0.000,0.000,0,0
0,N240312,0.000,0.000,0,0
0,N240313,0.000,0.000,0,0
0,N240314,0.000,0.000,0,0
0,N240315,0.000,0.000,0,0
0,N240316,0.000,100.680,0,0
0,N240317,0.000,0.000,0,0
0,N240318,0.000,0.000,0,0
0,N240319,0.000,0.000,0,0
0,N240320,0.000,0.000,0,0
0,N250001,0.000,5.600,0,0
0,N250002,0.000,8.400,0,0
0,N250003,0.000,3.160,0,0
0,N250004,0.000,10.900,0,0
0,N250005,0.000,12.300,0,0
0,N250006,0.000,17.000,0,0
0,N250007,0.000,10.300,0,0
0,N250008,0.000,8.000,0,0
0,N250009,0.000,6.500,0,0
0,N250010,0.000,5.600,0,0
0,N250011,0.000,6.300,0,0
0,N250012,0.000,8.200,0,0
0,N250013,0.000,7.200,0,0
0,N250014,0.000,1.730,0,0
0,N250015,0.000,7.700,0,0
0,N250016,0.000,4.700,0,0
0,N250017,0.000,10.400,0,0
0,N250018,0.000,7.400,0,0
0,N250019,0.000,9.300,0,0
0,N250020,0.000,3.690,0,0
0,N250021,0.000,6.500,0,0
0,N250022,0.000,0.810,0,0
0,N250023,0.000,1.500,0,0
0,N250024,0.000,3.010,0,0
0,N250025,0.000,5.500,0,0
0,N250026,0.000,3.800,0,0
0,N250027,0.000,3.090,0,0
0,N250028,0.000,11.300,0,0
0,N250029,0.000,11.400,0,0
0,N250030,0.000,3.760,0,0
0,N250031,0.000,4.800,0,0
0,N250032,0.000,1.250,0,0
0,N250034,0.000,7.800,0,0
0,N250035,0.000,6.500,0,0
0,N250036,0.000,3.540,0,0
0,N250037,0.000,15.900,0,0
0,N250038,0.000,6.400,0,0
0,N250039,0.000,11.800,0,0
0,N250040,0.000,6.500,0,0
0,N250041,0.000,11.400,0,0
0,N250042,0.000,0.670,0,0
0,N250043,0.000,5.300,0,0
0,N250044,0.000,2.410,0,0
0,N250045,0.000,0.256,0,0
0,N250046,0.000,1.470,0,0
0,N250047,0.000,3.540,0,0
0,N250048,0.000,5.300,0,0
0,N250049,0.000,6.500,0,0
0,N250050,0.000,1.220,0,0
0,N250051,0.000,3.390,0,0
0,N250052,0.000,7.900,0,0
0,N250053,0.000,2.560,0,0
0,N250054,0.000,5.600,0,0
0,N250055,0.000,10.400,0,0
0,N250056,0.000,1.040,0,0
0,N250057,0.000,5.000,0,0
0,N250058,0.000,4.600,0,0
0,N250059,0.000,11.230,0,0
0,N250060,0.000,5.500,0,0
0,N250061,0.000,4.420,0,0
0,N250062,0.000,6.000,0,0
0,N250063,0.000,4.900,0,0
0,N250064,0.000,0.354,0,0
0,N250065,0.000,2.340,0,0
0,N250066,0.000,2.340,0,0
0,N250067,0.000,4.070,0,0
0,N250068,0.000,6.690,0,0
0,N250069,0.000,2.340,0,0
0,N250070,0.000,5.800,0,0
0,N250071,0.000,4.420,0,0
0,N250072,0.000,3.240,0,0
0,N250073,0.000,0.002,0,0
0,N250074,0.000,3.240,0,0
0,N250075,0.000,3.760,0,0
0,N250076,0.000,11.300,0,0
0,N250077,0.000,6.500,0,0
0,N250078,0.000,12.800,0,0
0,N250079,0.000,9.400,0,0
0,N250080,0.000,11.600,0,0
0,N250081,0.000,5.700,0,0
0,N250082,0.000,6.900,0,0
0,N250083,0.000,5.700,0,0
0,N250084,0.000,7.200,0,0
0,N250085,0.000,4.330,0,0
0,N250086,0.000,8.400,0,0
0,N250087,0.000,6.600,0,0
0,N250088,0.000,1.730,0,0
0,N250089,0.000,11.100,0,0
0,N250090,0.000,6.400,0,0
0,N250091,0.000,5.100,0,0
0,N250092,0.000,9.200,0,0
0,N250093,0.000,7.000,0,0
0,N250094,0.000,5.300,0,0
0,N250095,0.000,7.600,0,0
0,N250096,0.000,3.890,0,0
0,N250097,0.000,8.300,0,0
0,N250098,0.000,2.110,0,0
0,N250099,0.000,5.700,0,0
0,N250100,0.000,2.790,0,0
0,N250101,0.000,3.800,0,0
0,N250102,0.000,2.180,0,0
0,N250103,0.000,2.560,0,0
0,N250104,0.000,3.310,0,0
0,N250105,0.000,1.880,0,0
0,N250106,0.000,2.860,0,0
0,N250107,0.000,7.827,0,0
0,N250108,0.000,2.560,0,0
0,N250109,0.000,1.470,0,0
0,N250110,0.000,2.640,0,0
0,N250111,0.000,5.600,0,0
0,N250112,0.000,3.690,0,0
0,N250113,0.000,12.100,0,0
0,N250114,0.000,15.100,0,0
0,N250115,0.000,3.540,0,0
0,N250116,0.000,6.300,0,0
0,N250117,0.000,4.800,0,0
0,N250118,0.000,5.700,0,0
0,N250119,0.000,12.600,0,0
0,N250120,0.000,5.800,0,0
0,N250121,0.000,13.300,0,0
0,N250122,0.000,7.800,0,0
0,N250123,0.000,3.760,0,0
0,N250124,0.000,4.600,0,0
0,N250125,0.000,9.300,0,0
0,N250126,0.000,9.600,0,0
0,N250127,0.000,7.100,0,0
0,N250128,0.000,8.700,0,0
0,N250129,0.000,4.500,0,0
0,N250130,0.000,5.300,0,0
0,N250131,0.000,3.980,0,0
0,N250132,0.000,5.200,0,0
0,N250133,0.000,2.860,0,0
0,N250134,0.000,1.800,0,0
0,N250135,0.000,2.560,0,0
0,N250136,0.000,1.730,0,0
0,N250137,0.000,3.310,0,0
0,N250138,0.000,5.700,0,0
0,N250139,0.000,2.560,0,0
0,N250140,0.000,5.800,0,0
0,N250141,0.000,1.180,0,0
0,N250142,0.000,6.800,0,0
0,N250143,0.000,0.003,0,0
0,N250144,0.000,0.880,0,0
0,N250145,0.000,2.940,0,0
0,N250146,0.000,12.800,0,0
0,N250147,0.000,4.800,0,0
0,N250148,0.000,3.800,0,0
0,N250149,0.000,5.300,0,0
0,N250150,0.000,1.380,0,0
0,N250151,0.000,2.180,0,0
0,N250152,0.000,2.490,0,0
0,N250153,0.000,2.110,0,0
0,N250154,0.000,2.180,0,0
0,N250155,0.000,1.580,0,0
0,N250156,0.000,4.250,0,0
0,N250157,0.000,2.260,0,0
0,N250158,0.000,2.560,0,0
0,N250159,0.000,1.730,0,0
0,N250160,0.000,2.030,0,0
0,N250161,0.000,2.260,0,0
0,N250162,0.000,4.250,0,0
0,N250163,0.000,6.700,0,0
0,N250165,0.000,0.780,0,0
0,N250166,0.000,1.310,0,0
0,N250167,0.000,1.490,0,0
0,N250168,0.000,1.800,0,0
0,N250169,0.000,5.900,0,0
0,N250170,0.000,7.800,0,0
0,N250171,0.000,3.460,0,0
0,N250172,0.000,3.160,0,0
0,N250173,0.000,1.730,0,0
0,N250174,0.000,4.600,0,0
0,N250175,0.000,26.000,0,0
0,N250176,0.000,2.790,0,0
0,N250177,0.000,1.500,0,0
0,N250178,0.000,1.880,0,0
0,N250179,0.000,1.880,0,0
0,N250180,0.000,4.900,0,0
0,N250181,0.000,3.610,0,0
0,N250182,0.000,2.340,0,0
0,N250183,0.000,2.860,0,0
0,N250184,0.000,5.500,0,0
0,N250185,0.000,6.100,0,0
0,N250186,0.000,2.030,0,0
0,N250187,0.000,3.240,0,0
0,N250188,0.000,2.860,0,0
0,N250189,0.000,3.980,0,0
0,N250190,0.000,1.730,0,0
0,N250191,0.000,1.060,0,0
0,N250192,0.000,0.063,0,0
0,N250193,0.000,1.880,0,0
0,N250194,0.000,3.010,0,0
0,N250195,0.000,2.340,0,0
0,N250196,0.000,2.710,0,0
0,N250197,0.000,25.500,0,0
0,N250198,0.000,8.700,0,0
0,N250199,0.000,19.500,0,0
0,N250200,0.000,42.200,0,0
0,N250201,0.000,17.900,0,0
0,N250202,0.000,8.100,0,0
0,N250203,0.000,21.100,0,0
0,N250204,0.000,10.300,0,0
0,N250205,0.000,7.500,0,0
0,N250206,0.000,12.800,0,0
0,N250207,0.000,11.800,0,0
0,N250208,0.000,24.400,0,0
0,N250209,0.000,5.600,0,0
0,N250210,0.000,20.800,0,0
0,N250211,0.000,5.700,0,0
0,N250212,0.000,30.000,0,0
0,N250213,0.000,5.400,0,0
0,N250214,0.000,9.400,0,0
0,N250215,0.000,11.800,0,0
0,N250216,0.000,11.300,0,0
0,N250217,0.000,0.000,0,0
0,N250218,0.000,29.500,0,0
0,N250219,0.000,5.600,0,0
0,N250220,0.000,27.900,0,0
0,N250221,0.000,32.600,0,0
0,N250222,0.000,23.100,0,0
0,N250223,0.000,0.000,0,0
0,N250224,0.000,19.100,0,0
0,N250225,0.000,8.800,0,0
0,N250226,0.000,11.800,0,0
0,N250227,0.000,5.100,0,0
0,N250228,0.000,6.100,0,0
0,N250229,0.000,10.300,0,0
0,N250230,0.000,19.100,0,0
0,N250231,0.000,8.000,0,0
0,N250232,0.000,4.070,0,0
0,N250233,0.000,0.000,0,0
0,N250234,0.000,16.600,0,0
0,N250235,0.000,18.800,0,0
0,N250236,0.000,9.200,0,0
0,N250237,0.000,4.800,0,0
0,N250238,0.000,5.400,0,0
0,N250239,0.000,6.500,0,0
0,N250240,0.000,26.700,0,0
0,N250241,0.000,10.100,0,0
0,N250242,0.000,1.950,0,0
0,N250243,0.000,8.800,0,0
0,N250244,0.000,10.100,0,0
0,N250245,0.000,11.900,0,0
0,N250246,0.000,9.000,0,0
0,N250247,0.000,6.300,0,0
0,N250248,0.000,14.200,0,0
0,N250249,0.000,7.500,0,0
0,N250250,0.000,9.500,0,0
0,N250251,0.000,1.340,0,0
0,N250252,0.000,3.160,0,0
0,N250253,0.000,3.010,0,0
0,N250254,0.000,2.860,0,0
0,N250255,0.000,1.880,0,0
0,N250256,0.000,2.790,0,0
0,N250257,0.000,0.000,0,0
0,N250258,0.000,32.900,0,0
0,N250259,0.000,11.900,0,0
0,N250260,0.000,34.600,0,0
0,N250261,0.000,26.700,0,0
0,N250262,0.000,6.800,0,0
0,N250263,0.000,22.600,0,0
0,N250264,0.000,19.000,0,0
0,N250265,0.000,8.300,0,0
0,N250266,0.000,5.600,0,0
0,N250267,0.000,15.700,0,0
0,N250268,0.000,6.300,0,0
0,N250269,0.000,6.300,0,0
0,N250270,0.000,5.800,0,0
0,N250271,0.000,2.260,0,0
0,N250272,0.000,24.100,0,0
0,N250273,0.000,9.250,0,0
0,N250275,0.000,63.600,0,0
0,N250277,0.000,61.600,0,0
0,N250278,0.000,1.430,0,0
0,N250279,0.000,29.500,0,0
0,N250280,0.000,5.700,0,0
0,N250281,0.000,7.300,0,0
0,N250282,0.000,7.700,0,0
0,N250283,0.000,3.010,0,0
0,N250284,0.000,3.800,0,0
0,N250285,0.000,5.300,0,0
0,N250286,0.000,6.000,0,0
0,N250287,0.000,2.410,0,0
0,N250288,0.000,5.700,0,0
0,N250289,0.000,17.400,0,0
0,N250291,0.000,22.400,0,0
0,N250292,0.000,45.000,0,0
0,N250294,0.000,24.600,0,0
0,N250295,0.000,14.300,0,0
0,N250296,0.000,7.400,0,0
0,N250297,0.000,3.540,0,0
0,N250298,0.000,14.100,0,0
0,N250299,0.000,1.500,0,0
0,N250300,0.000,1.280,0,0
0,N250301,0.000,17.300,0,0
0,N250303,0.000,42.300,0,0
0,N250304,0.000,0.000,0,0
0,N250305,0.000,0.000,0,0
0,N250306,0.000,5.700,0,0
0,N250307,0.000,12.400,0,0
0,N250308,0.000,24.800,0,0
0,N250309,0.000,0.680,0,0
0,N250310,0.000,16.300,0,0
0,N250311,0.000,2.110,0,0
0,N250312,0.000,3.690,0,0
0,N250313,0.000,0.180,0,0
0,N250314,0.000,43.700,0,0
0,N250315,0.000,8.400,0,0
0,N250316,0.000,18.800,0,0
0,N250317,0.000,16.300,0,0
0,N250318,0.000,6.800,0,0
0,N250319,0.000,10.900,0,0
0,N250320,0.000,14.200,0,0
0,N250321,0.000,3.890,0,0
0,N250322,0.000,7.200,0,0
0,N250323,0.000,12.400,0,0
0,N250324,0.000,10.200,0,0
0,N250325,0.000,4.600,0,0
0,N250326,0.000,4.800,0,0
0,N250327,0.000,0.007,0,0
0,N250328,0.000,0.000,0,0
0,N250329,0.000,12.500,0,0
0,N250330,0.000,11.200,0,0
0,N250331,0.000,26.500,0,0
0,N250332,0.000,8.800,0,0
0,N250333,0.000,11.000,0,0
0,N250334,0.000,16.800,0,0
0,N250335,0.000,9.000,0,0
0,N250336,0.000,1.730,0,0
0,N250337,0.000,16.500,0,0
0,N250338,0.000,2.640,0,0
0,N250339,0.000,9.300,0,0
0,N250340,0.000,3.310,0,0
0,N250341,0.000,26.600,0,0
0,N250343,0.000,47.900,0,0
0,N250344,0.000,18.700,0,0
0,N250345,0.000,0.000,0,0
0,N250346,0.000,0.000,0,0
0,N250347,0.000,0.000,0,0
0,N250348,0.000,0.000,0,0
0,N250349,0.000,0.000,0,0
0,N250350,0.000,0.000,0,0
0,N250351,0.000,0.000,0,0
0,N250352,0.000,0.000,0,0
0,N250353,0.000,0.000,0,0
0,N250354,0.000,0.000,0,0
0,N250355,0.000,0.000,0,0
0,N250356,0.000,0.000,0,0
0,N250357,0.000,0.000,0,0
0,N250358,0.000,0.000,0,0
0,N250359,0.000,0.000,0,0
0,N250360,0.000,0.000,0,0
0,N250361,0.000,0.000,0,0
0,N250362,0.000,0.000,0,0
0,N250363,0.000,0.000,0,0
0,N250364,0.000,0.000,0,0
0,N250365,0.000,0.000,0,0
0,N250366,0.000,0.000,0,0
0,N250367,0.000,0.000,0,0
0,N250368,0.000,0.000,0,0
0,N250369,0.000,0.000,0,0
0,N250370,0.000,0.000,0,0
0,N250371,0.000,0.000,0,0
0,N250372,0.000,0.000,0,0
0,N250373,0.000,0.000,0,0
0,N250374,0.000,0.000,0,0
0,N250375,0.000,0.000,0,0
0,N250376,0.000,0.000,0,0
0,N260001,0.000,4.250,0,0
0,N260002,0.000,5.000,0,0
0,N260003,0.000,5.600,0,0
0,N260004,0.000,2.490,0,0
0,N260005,0.000,3.690,0,0
0,N260006,0.000,6.100,0,0
0,N260007,0.000,6.500,0,0
0,N260008,0.000,5.300,0,0
0,N260009,0.000,1.190,0,0
0,N260010,0.000,1.580,0,0
0,N260011,0.000,2.560,0,0
0,N260012,0.000,5.300,0,0
0,N260013,0.000,14.200,0,0
0,N260014,0.000,7.100,0,0
0,N260015,0.000,8.710,0,0
0,N260016,0.000,8.500,0,0
0,N260017,0.000,3.460,0,0
0,N260018,0.000,1.950,0,0
0,N260019,0.000,64.990,0,0
0,N260020,0.000,1.110,0,0
0,N260021,0.000,2.030,0,0
0,N260022,0.000,0.000,0,0
0,N260023,0.000,37.400,0,0
0,N260024,0.000,0.000,0,0
0,N260025,0.000,37.200,0,0
0,N260026,0.000,25.300,0,0
0,N260027,0.000,36.100,0,0
0,N260028,0.000,18.700,0,0
0,N260029,0.000,36.800,0,0
0,N260030,0.000,40.000,0,0
0,N260031,0.000,31.200,0,0
0,N260032,0.000,39.300,0,0
0,N260033,0.000,0.000,0,0
0,N260034,0.000,48.800,0,0
0,N260035,0.000,0.000,0,0
0,N260036,0.000,65.100,0,0
0,N260037,0.000,50.700,0,0
0,N260038,0.000,0.000,0,0
0,N260039,0.000,75.200,0,0
0,N260040,0.000,0.000,0,0
0,N260041,0.000,0.000,0,0
0,N260042,0.000,0.000,0,0
0,N260043,0.000,81.100,0,0
0,N260044,0.000,0.000,0,0
0,N260045,0.000,41.400,0,0
0,N260046,0.000,55.000,0,0
0,N260047,0.000,0.000,0,0
0,N260048,0.000,39.200,0,0
0,N260049,0.000,0.000,0,0
0,N260050,0.000,44.600,0,0
0,N260051,0.000,27.500,0,0
0,N260052,0.000,48.000,0,0
0,N260053,0.000,45.800,0,0
0,N260054,0.000,25.000,0,0
0,N260055,0.000,41.500,0,0
0,N260056,0.000,36.700,0,0
0,N260057,0.000,34.000,0,0
0,N260058,0.000,21.400,0,0
0,N260059,0.000,12.400,0,0
0,N260060,0.000,30.100,0,0
0,N260061,0.000,11.500,0,0
0,N260062,0.000,0.000,0,0
0,N260063,0.000,27.000,0,0
0,N260064,0.000,0.000,0,0
0,N260065,0.000,38.800,0,0
0,N260066,0.000,25.300,0,0
0,N260067,0.000,10.300,0,0
0,N260068,0.000,28.500,0,0
0,N260069,0.000,18.000,0,0
0,N260070,0.000,9.300,0,0
0,N260071,0.000,15.100,0,0
0,N260072,0.000,11.100,0,0
0,N260073,0.000,0.000,0,0
0,N260074,0.000,35.000,0,0
0,N260075,0.000,19.800,0,0
0,N260076,0.000,0.000,0,0
0,N260077,0.000,39.400,0,0
0,N260078,0.000,8.300,0,0
0,N260079,0.000,14.300,0,0
0,N260080,0.000,24.900,0,0
0,N260081,0.000,24.600,0,0
0,N260082,0.000,12.900,0,0
0,N260083,0.000,20.300,0,0
0,N260084,0.000,0.000,0,0
0,N260085,0.000,21.400,0,0
0,N260086,0.000,22.200,0,0
0,N260087,0.000,9.100,0,0
0,N260088,0.000,0.000,0,0
0,N260089,0.000,16.000,0,0
0,N260090,0.000,0.000,0,0
0,N260091,0.000,17.000,0,0
0,N260092,0.000,0.000,0,0
0,N260093,0.000,23.900,0,0
0,N260094,0.000,3.540,0,0
0,N260095,0.000,7.900,0,0
0,N260096,0.000,2.180,0,0
0,N260097,0.000,1.650,0,0
0,N260098,0.000,12.800,0,0
0,N260099,0.000,64.500,0,0
0,N260100,0.000,72.200,0,0
0,N260101,0.000,18.000,0,0
0,N260102,0.000,11.820,0,0
0,N260103,0.000,0.000,0,0
0,N260104,0.000,76.600,0,0
0,N260105,0.000,0.000,0,0
0,N260106,0.000,0.000,0,0
0,N260107,0.000,71.100,0,0
0,N260108,0.000,0.000,0,0
0,N260109,0.000,50.700,0,0
0,N260110,0.000,0.000,0,0
0,N260111,0.000,0.000,0,0
0,N260112,0.000,0.066,0,0
0,N260113,0.000,0.000,0,0
0,N260114,0.000,43.900,0,0
0,N260115,0.000,30.000,0,0
0,N260116,0.000,0.000,0,0
0,N260117,0.000,45.800,0,0
0,N260118,0.000,37.700,0,0
0,N260119,0.000,0.000,0,0
0,N260120,0.000,0.000,0,0
0,N260121,0.000,36.500,0,0
0,N260122,0.000,0.000,0,0
0,N260123,0.000,33.600,0,0
0,N260124,0.000,20.300,0,0
0,N260125,0.000,22.500,0,0
0,N260126,0.000,10.800,0,0
0,N260127,0.000,23.400,0,0
0,N260128,0.000,0.000,0,0
0,N260129,0.000,16.400,0,0
0,N260130,0.000,9.300,0,0
0,N260131,0.000,2.710,0,0
0,N260132,0.000,6.600,0,0
0,N260133,0.000,0.000,0,0
0,N260134,0.000,21.100,0,0
0,N260135,0.000,5.700,0,0
0,N260136,0.000,5.300,0,0
0,N260137,0.000,0.000,0,0
0,N260138,0.000,70.800,0,0
0,N260139,0.000,50.600,0,0
0,N260140,0.000,32.900,0,0
0,N260141,0.000,0.000,0,0
0,N260142,0.000,56.300,0,0
0,N260143,0.000,0.000,0,0
0,N260144,0.000,35.900,0,0
0,N260145,0.000,0.000,0,0
0,N260146,0.000,32.800,0,0
0,N260147,0.000,51.100,0,0
0,N260148,0.000,24.200,0,0
0,N260149,0.000,15.400,0,0
0,N260150,0.000,27.400,0,0
0,N260151,0.000,0.000,0,0
0,N260152,0.000,56.100,0,0
0,N260153,0.000,26.300,0,0
0,N260154,0.000,28.400,0,0
0,N260155,0.000,0.000,0,0
0,N260156,0.000,23.800,0,0
0,N260157,0.000,18.400,0,0
0,N260158,0.000,0.000,0,0
0,N260159,0.000,43.600,0,0
0,N260160,0.000,17.400,0,0
0,N260161,0.000,10.500,0,0
0,N260162,0.000,23.500,0,0
0,N260163,0.000,23.000,0,0
0,N260164,0.000,20.300,0,0
0,N260165,0.000,17.200,0,0
0,N260166,0.000,10.600,0,0
0,N260167,0.000,35.400,0,0
0,N260168,0.000,37.600,0,0
0,N260169,0.000,0.000,0,0
0,N260170,0.000,49.300,0,0
0,N260171,0.000,31.800,0,0
0,N260172,0.000,18.300,0,0
0,N260173,0.000,0.000,0,0
0,N260174,0.000,55.000,0,0
0,N260175,0.000,0.000,0,0
0,N260176,0.000,45.100,0,0
0,N260177,0.000,34.900,0,0
0,N260178,0.000,31.000,0,0
0,N260179,0.000,36.400,0,0
0,N260180,0.000,15.700,0,0
0,N260181,0.000,0.000,0,0
0,N260182,0.000,32.800,0,0
0,N260183,0.000,43.900,0,0
0,N260184,0.000,31.200,0,0
0,N260185,0.000,0.000,0,0
0,N260186,0.000,44.000,0,0
0,N260187,0.000,6.400,0,0
0,N260188,0.000,5.600,0,0
0,N260189,0.000,17.000,0,0
0,N260190,0.000,7.800,0,0
0,N260191,0.000,11.100,0,0
0,N260192,0.000,9.100,0,0
0,N260193,0.000,107.260,0,0
0,N260194,0.000,32.000,0,0
0,N260195,0.000,7.300,0,0
0,N260196,0.000,6.700,0,0
0,N260197,0.000,11.100,0,0
0,N260198,0.000,6.400,0,0
0,N260199,0.000,7.000,0,0
0,N260200,0.000,27.200,0,0
0,N260201,0.000,0.000,0,0
0,N260202,0.000,0.000,0,0
0,N260203,0.000,0.000,0,0
0,N260204,0.000,0.000,0,0
0,N260205,0.000,0.000,0,0
0,N260206,0.000,0.000,0,0
0,N260207,0.000,0.000,0,0
0,N260208,0.000,0.000,0,0
0,N260209,0.000,0.000,0,0
0,N260210,0.000,0.000,0,0
0,N260211,0.000,0.000,0,0
0,N260212,0.000,0.000,0,0
0,N260213,0.000,0.000,0,0
0,N260214,0.000,10.600,0,0
0,N260215,0.000,0.000,0,0
0,N260216,0.000,0.000,0,0
0,N260217,0.000,0.000,0,0
0,N260218,0.000,0.000,0,0
0,N260219,0.000,0.000,0,0
0,N260220,0.000,5.700,0,0
0,N260221,0.000,0.000,0,0
0,N270001,0.000,0.000,0,0
0,N270002,0.000,3.890,0,0
0,N270003,0.000,1.150,0,0
0,N270004,0.000,2.640,0,0
0,N270005,0.000,1.950,0,0
0,N270006,0.000,3.760,0,0
0,N270007,0.000,2.490,0,0
0,N270008,0.000,1.340,0,0
0,N270009,0.000,67.760,0,0
0,N270010,0.000,1.880,0,0
0,N270011,0.000,3.090,0,0
0,N270012,0.000,3.840,0,0
0,N270013,0.000,1.200,0,0
0,N270014,0.000,6.300,0,0
0,N270015,0.000,9.600,0,0
0,N270016,0.000,5.700,0,0
0,N270017,0.000,9.800,0,0
0,N270018,0.000,2.860,0,0
0,N270019,0.000,8.800,0,0
0,N270020,0.000,2.110,0,0
0,N270021,0.000,5.600,0,0
0,N270022,0.000,1.280,0,0
0,N270023,0.000,1.340,0,0
0,N270024,0.000,4.600,0,0
0,N270025,0.000,2.860,0,0
0,N270026,0.000,2.790,0,0
0,N270028,0.000,4.250,0,0
0,N270029,0.000,3.540,0,0
0,N270030,0.000,3.760,0,0
0,N270031,0.000,2.110,0,0
0,N270032,0.000,1.260,0,0
0,N270033,0.000,0.700,0,0
0,N270034,0.000,2.030,0,0
0,N270035,0.000,0.890,0,0
0,N270036,0.000,2.860,0,0
0,N270037,0.000,2.110,0,0
0,N270038,0.000,2.030,0,0
0,N270039,0.000,3.240,0,0
0,N270040,0.000,2.030,0,0
0,N270041,0.000,2.110,0,0
0,N270042,0.000,3.890,0,0
0,N270043,0.000,3.760,0,0
0,N270044,0.000,2.180,0,0
0,N270045,0.000,1.880,0,0
0,N270046,0.000,0.510,0,0
0,N270047,0.000,0.690,0,0
0,N270048,0.000,3.540,0,0
0,N270049,0.000,2.560,0,0
0,N270050,0.000,0.840,0,0
0,N270051,0.000,2.030,0,0
0,N270052,0.000,0.530,0,0
0,N270053,0.000,8.300,0,0
0,N270054,0.000,4.700,0,0
0,N270055,0.000,9.900,0,0
0,N270056,0.000,2.180,0,0
0,N270057,0.000,5.000,0,0
0,N270058,0.000,4.250,0,0
0,N270059,0.000,2.030,0,0
0,N270060,0.000,2.110,0,0
0,N270061,0.000,2.180,0,0
0,N270062,0.000,1.650,0,0
0,N270063,0.000,0.256,0,0
0,N270064,0.000,3.540,0,0
0,N270065,0.000,10.800,0,0
0,N270066,0.000,2.260,0,0
0,N270067,0.000,2.790,0,0
0,N270068,0.000,1.880,0,0
0,N270069,0.000,0.530,0,0
0,N270070,0.000,2.860,0,0
0,N270071,0.000,1.650,0,0
0,N270072,0.000,3.160,0,0
0,N270073,0.000,4.900,0,0
0,N270074,0.000,5.300,0,0
0,N270075,0.000,5.300,0,0
0,N270076,0.000,2.110,0,0
0,N270077,0.000,102.680,0,0
0,N270078,0.000,0.590,0,0
0,N270079,0.000,2.490,0,0
0,N270080,0.000,2.410,0,0
0,N270081,0.000,1.500,0,0
0,N270082,0.000,1.500,0,0
0,N270083,0.000,1.950,0,0
0,N270084,0.000,3.090,0,0
0,N270085,0.000,0.730,0,0
0,N270086,0.000,0.264,0,0
0,N270087,0.000,0.940,0,0
0,N270088,0.000,18.900,0,0
0,N270089,0.000,6.400,0,0
0,N270090,0.000,17.100,0,0
0,N270091,0.000,14.600,0,0
0,N270092,0.000,34.600,0,0
0,N270094,0.000,29.500,0,0
0,N270095,0.000,5.900,0,0
0,N270096,0.000,11.800,0,0
0,N270097,0.000,3.460,0,0
0,N270098,0.000,9.000,0,0
0,N270099,0.000,0.000,0,0
0,N270100,0.000,29.500,0,0
0,N270101,0.000,0.000,0,0
0,N270102,0.000,34.600,0,0
0,N270103,0.000,22.100,0,0
0,N270104,0.000,6.500,0,0
0,N270105,0.000,6.800,0,0
0,N270106,0.000,21.700,0,0
0,N270107,0.000,15.600,0,0
0,N270108,0.000,3.390,0,0
0,N270109,0.000,6.300,0,0
0,N270110,0.000,4.250,0,0
0,N270111,0.000,5.500,0,0
0,N270112,0.000,0.690,0,0
0,N270113,0.000,0.000,0,0
0,N270114,0.000,2.180,0,0
0,N270115,0.000,1.220,0,0
0,N270116,0.000,3.980,0,0
0,N270117,0.000,2.260,0,0
0,N270118,0.000,1.650,0,0
0,N270119,0.000,1.310,0,0
0,N270120,0.000,1.580,0,0
0,N270121,0.000,0.000,0,0
0,N270122,0.000,65.500,0,0
0,N270123,0.000,33.000,0,0
0,N270124,0.000,13.400,0,0
0,N270125,0.000,10.900,0,0
0,N270126,0.000,3.800,0,0
0,N270127,0.000,2.790,0,0
0,N270128,0.000,6.000,0,0
0,N270129,0.000,12.300,0,0
0,N270130,0.000,6.400,0,0
0,N270131,0.000,1.730,0,0
0,N270132,0.000,1.040,0,0
0,N270133,0.000,0.000,0,0
0,N270134,0.000,21.500,0,0
0,N270135,0.000,13.000,0,0
0,N270136,0.000,2.410,0,0
0,N270137,0.000,4.070,0,0
0,N270138,0.000,2.940,0,0
0,N270139,0.000,3.540,0,0
0,N270140,0.000,0.000,0,0
0,N270141,0.000,17.200,0,0
0,N270142,0.000,2.940,0,0
0,N270143,0.000,12.900,0,0
0,N270144,0.000,6.800,0,0
0,N270145,0.000,0.354,0,0
0,N270146,0.000,4.420,0,0
0,N270147,0.000,6.800,0,0
0,N270148,0.000,0.000,0,0
0,N270149,0.000,5.900,0,0
0,N270150,0.000,2.030,0,0
0,N270151,0.000,0.000,0,0
0,N270152,0.000,19.200,0,0
0,N270153,0.000,0.000,0,0
0,N270154,0.000,0.000,0,0
0,N270155,0.000,50.100,0,0
0,N270156,0.000,130.900,0,0
0,N270157,0.000,35.700,0,0
0,N270158,0.000,100.300,0,0
0,N270159,0.000,123.000,0,0
0,N270160,0.000,25.700,0,0
0,N270161,0.000,7.700,0,0
0,N270162,0.000,9.000,0,0
0,N270163,0.000,2.940,0,0
0,N270164,0.000,1.580,0,0
0,N270165,0.000,26.200,0,0
0,N270166,0.000,0.000,0,0
0,N270167,0.000,50.600,0,0
0,N270168,0.000,0.000,0,0
0,N270169,0.000,32.500,0,0
0,N270170,0.000,38.500,0,0
0,N270171,0.000,13.100,0,0
0,N270172,0.000,9.600,0,0
0,N270173,0.000,26.600,0,0
0,N270174,0.000,9.700,0,0
0,N270175,0.000,1.580,0,0
0,N270176,0.000,2.260,0,0
0,N270177,0.000,1.800,0,0
0,N270178,0.000,0.425,0,0
0,N270179,0.000,0.000,0,0
0,N270180,0.000,66.300,0,0
0,N270181,0.000,61.400,0,0
0,N270182,0.000,10.600,0,0
0,N270183,0.000,3.240,0,0
0,N270184,0.000,7.100,0,0
0,N270185,0.000,0.000,0,0
0,N270186,0.000,0.000,0,0
0,N270187,0.000,18.800,0,0
0,N270188,0.000,0.000,0,0
0,N270189,0.000,0.000,0,0
0,N270190,0.000,0.000,0,0
0,N270191,0.000,0.000,0,0
0,N270192,0.000,0.000,0,0
0,N270193,0.000,0.000,0,0
0,N270194,0.000,0.000,0,0
0,N270195,0.000,0.000,0,0
0,N270196,0.000,0.000,0,0
0,N270197,0.000,0.000,0,0
0,N270198,0.000,0.000,0,0
0,N270199,0.000,0.000,0,0
0,N270200,0.000,0.000,0,0
0,N270201,0.000,20.800,0,0
0,N270202,0.000,0.000,0,0
0,N270203,0.000,0.000,0,0
0,N270204,0.000,0.000,0,0
0,N270205,0.000,0.000,0,0
0,N270206,0.000,0.000,0,0
0,N270207,0.000,0.000,0,0
0,N270208,0.000,0.000,0,0
0,N270209,0.000,0.000,0,0
0,N270210,0.000,0.000,0,0
0,N270211,0.000,0.000,0,0
0,N270212,0.000,0.000,0,0
0,N270213,0.000,0.000,0,0
0,N270214,0.000,0.000,0,0
0,N270215,0.000,0.000,0,0
0,N270216,0.000,0.000,0,0
0,N270217,0.000,0.000,0,0
0,N270218,0.000,0.000,0,0
0,N270219,0.000,0.000,0,0
0,N270220,0.000,0.000,0,0
0,N270221,0.000,0.000,0,0
0,N270222,0.000,0.000,0,0
0,N270223,0.000,0.000,0,0
0,N270224,0.000,0.000,0,0
0,N270225,0.000,6.800,0,0
