Branch,Name,FrEnode,ToEnode,Circuit,Voltage,Resistance,Reactance,NormalLimit,CtgLimit,Enforce,Monitor,Penalty,AngleLimit,HVDC,CID,PriceCID
N110001_N110041_1,,N110001,N110041,,138.000,0.00000000,0.08810000,227.900,227.900,0,0,0.000,0.000,0,,0
N110001_N110113_1,,N110001,N110113,,138.000,0.00000000,0.00896000,307.200,307.200,0,0,0.000,0.000,0,,0
N110001_N230292_1,,N110001,N230292,,138.000,0.00000000,0.05109000,257.200,257.200,0,0,0.000,0.000,0,,0
N110001_N270046_1,,N110001,N270046,,138.000,0.00000000,0.04105000,271.400,271.400,0,0,0.000,0.000,0,,0
N110005_N110065_1,,N110005,N110065,,138.000,0.00000000,0.01300000,307.400,307.400,0,0,0.000,0.000,0,,0
N110005_N111259_1,,N110005,N111259,,138.000,0.00000000,0.01847000,300.800,300.800,0,0,0.000,0.000,0,,0
N110005_N111363_1,,N110005,N111363,,138.000,0.00000000,0.01921000,302.200,302.200,0,0,0.000,0.000,0,,0
N110005_N111411_1,,N110005,N111411,,138.000,0.00000000,0.01508000,293.000,293.000,0,0,0.000,0.000,0,,0
N110101_N110009_1,,N110101,N110009,,138.000,0.00000000,0.02731000,290.200,290.200,0,0,0.000,0.000,0,,0
N110009_N110105_1,,N110009,N110105,,138.000,0.00000000,0.02293000,231.600,231.600,0,0,0.000,0.000,0,,0
N110009_N110121_1,,N110009,N110121,,138.000,0.00000000,0.03531000,295.600,295.600,0,0,0.000,0.000,0,,0
N110123_N110013_1,,N110123,N110013,,138.000,0.00000000,0.01839000,278.300,278.300,0,0,0.000,0.000,0,,0
N110132_N110013_1,,N110132,N110013,,138.000,0.00000000,0.02626000,289.900,289.900,0,0,0.000,0.000,0,,0
N110017_N110137_1,,N110017,N110137,,138.000,0.00000000,0.01804000,243.300,243.300,0,0,0.000,0.000,0,,0
N110017_N110157_1,,N110017,N110157,,138.000,0.00000000,0.02340000,269.900,269.900,0,0,0.000,0.000,0,,0
N110017_N111409_1,,N110017,N111409,,138.000,0.00000000,0.03890000,234.600,234.600,0,0,0.000,0.000,0,,0
N110021_N110053_1,,N110021,N110053,,138.000,0.00000000,0.02688000,242.200,242.200,0,0,0.000,0.000,0,,0
N110021_N110134_1,,N110021,N110134,,138.000,0.00000000,0.02279000,238.700,238.700,0,0,0.000,0.000,0,,0
N110025_N110061_1,,N110025,N110061,,138.000,0.00000000,0.01829000,208.100,208.100,0,0,0.000,0.000,0,,0
N110134_N110025_1,,N110134,N110025,,138.000,0.00000000,0.01943000,219.600,219.600,0,0,0.000,0.000,0,,0
N110073_N110029_1,,N110073,N110029,,138.000,0.00000000,0.02779000,301.800,301.800,0,0,0.000,0.000,0,,0
N110029_N111363_1,,N110029,N111363,,138.000,0.00000000,0.01872000,295.900,295.900,0,0,0.000,0.000,0,,0
N110121_N110033_1,,N110121,N110033,,138.000,0.00000000,0.04155000,296.200,296.200,0,0,0.000,0.000,0,,0
N110033_N110719_1,,N110033,N110719,,138.000,0.00000000,0.06874000,292.000,292.000,0,0,0.000,0.000,0,,0
N110037_N110118_1,,N110037,N110118,,138.000,0.00000000,0.01403000,277.100,277.100,0,0,0.000,0.000,0,,0
N110124_N110037_1,,N110124,N110037,,138.000,0.00000000,0.01674000,278.800,278.800,0,0,0.000,0.000,0,,0
N110037_N230007_1,,N110037,N230007,,138.000,0.00000000,0.01472000,279.400,279.400,0,0,0.000,0.000,0,,0
N110041_N110061_1,,N110041,N110061,,138.000,0.00000000,0.03641000,210.500,210.500,0,0,0.000,0.000,0,,0
N110053_N110045_1,,N110053,N110045,,138.000,0.00000000,0.02769000,286.300,286.300,0,0,0.000,0.000,0,,0
N110045_N110057_1,,N110045,N110057,,138.000,0.00000000,0.02830000,270.900,270.900,0,0,0.000,0.000,0,,0
N110045_N110118_1,,N110045,N110118,,138.000,0.00000000,0.01623000,302.300,302.300,0,0,0.000,0.000,0,,0
N110045_N110118_2,,N110045,N110118,,138.000,0.00000000,0.01623000,302.300,302.300,0,0,0.000,0.000,0,,0
N110049_N110053_1,,N110049,N110053,,138.000,0.00000000,0.02832000,267.100,267.100,0,0,0.000,0.000,0,,0
N110049_N110057_1,,N110049,N110057,,138.000,0.00000000,0.03847000,287.300,287.300,0,0,0.000,0.000,0,,0
N110049_N110077_1,,N110049,N110077,,138.000,0.00000000,0.05297000,270.100,270.100,0,0,0.000,0.000,0,,0
N110133_N110049_1,,N110133,N110049,,138.000,0.00000000,0.01009000,336.600,336.600,0,0,0.000,0.000,0,,0
N110053_N160133_1,,N110053,N160133,,138.000,0.00000000,0.08203000,275.300,275.300,0,0,0.000,0.000,0,,0
N110132_N110065_1,,N110132,N110065,,138.000,0.00000000,0.02824000,271.800,271.800,0,0,0.000,0.000,0,,0
N110065_N110729_1,,N110065,N110729,,138.000,0.00000000,0.03007000,361.600,361.600,0,0,0.000,0.000,0,,0
N110065_N110729_2,,N110065,N110729,,138.000,0.00000000,0.03007000,361.600,361.600,0,0,0.000,0.000,0,,0
N111363_N110065_1,,N111363,N110065,,138.000,0.00000000,0.02599000,331.000,331.000,0,0,0.000,0.000,0,,0
N111363_N110065_2,,N111363,N110065,,138.000,0.00000000,0.02599000,331.000,331.000,0,0,0.000,0.000,0,,0
N110069_N110135_1,,N110069,N110135,,138.000,0.00000000,0.04731000,270.900,270.900,0,0,0.000,0.000,0,,0
N110069_N111411_1,,N110069,N111411,,138.000,0.00000000,0.01919000,266.100,266.100,0,0,0.000,0.000,0,,0
N110073_N110125_1,,N110073,N110125,,138.000,0.00000000,0.03250000,294.500,294.500,0,0,0.000,0.000,0,,0
N110073_N110127_1,,N110073,N110127,,138.000,0.00000000,0.02501000,347.600,347.600,0,0,0.000,0.000,0,,0
N110073_N110127_2,,N110073,N110127,,138.000,0.00000000,0.02501000,347.600,347.600,0,0,0.000,0.000,0,,0
N110073_N110128_1,,N110073,N110128,,138.000,0.00000000,0.02508000,251.500,251.500,0,0,0.000,0.000,0,,0
N110077_N110125_1,,N110077,N110125,,138.000,0.00000000,0.04807000,256.600,256.600,0,0,0.000,0.000,0,,0
N110093_N110081_1,,N110093,N110081,,138.000,0.00000000,0.01972000,271.200,271.200,0,0,0.000,0.000,0,,0
N110081_N110097_1,,N110081,N110097,,138.000,0.00000000,0.01418000,268.000,268.000,0,0,0.000,0.000,0,,0
N110085_N110109_1,,N110085,N110109,,138.000,0.00000000,0.02736000,258.300,258.300,0,0,0.000,0.000,0,,0
N110085_N110135_1,,N110085,N110135,,138.000,0.00000000,0.03078000,261.800,261.800,0,0,0.000,0.000,0,,0
N110089_N110105_1,,N110089,N110105,,138.000,0.00000000,0.07485000,250.600,250.600,0,0,0.000,0.000,0,,0
N110089_N110117_1,,N110089,N110117,,138.000,0.00000000,0.08111000,259.500,259.500,0,0,0.000,0.000,0,,0
N110136_N110089_1,,N110136,N110089,,138.000,0.00000000,0.02680000,280.100,280.100,0,0,0.000,0.000,0,,0
N110093_N110117_1,,N110093,N110117,,138.000,0.00000000,0.01387000,293.700,293.700,0,0,0.000,0.000,0,,0
N110122_N110093_1,,N110122,N110093,,138.000,0.00000000,0.03847000,319.400,319.400,0,0,0.000,0.000,0,,0
N110093_N160128_1,,N110093,N160128,,138.000,0.00000000,0.09925000,294.000,294.000,0,0,0.000,0.000,0,,0
N110097_N110127_1,,N110097,N110127,,138.000,0.00000000,0.03299000,265.300,265.300,0,0,0.000,0.000,0,,0
N110101_N160120_1,,N110101,N160120,,138.000,0.00000000,0.03647000,290.900,290.900,0,0,0.000,0.000,0,,0
N110568_N110109_1,,N110568,N110109,,138.000,0.00000000,0.01750000,258.000,258.000,0,0,0.000,0.000,0,,0
N110139_N110113_1,,N110139,N110113,,138.000,0.00000000,0.00739000,307.600,307.600,0,0,0.000,0.000,0,,0
N110117_N110138_1,,N110117,N110138,,138.000,0.00000000,0.02448000,309.600,309.600,0,0,0.000,0.000,0,,0
N110130_N110118_1,,N110130,N110118,,138.000,0.00000000,0.02074000,316.000,316.000,0,0,0.000,0.000,0,,0
N110130_N110118_2,,N110130,N110118,,138.000,0.00000000,0.02074000,316.000,316.000,0,0,0.000,0.000,0,,0
N110119_N110138_1,,N110119,N110138,,138.000,0.00000000,0.02482000,270.600,270.600,0,0,0.000,0.000,0,,0
N110119_N110725_1,,N110119,N110725,,138.000,0.00000000,0.09647000,270.100,270.100,0,0,0.000,0.000,0,,0
N110127_N110120_1,,N110127,N110120,,138.000,0.00000000,0.00737000,305.100,305.100,0,0,0.000,0.000,0,,0
N110138_N110120_1,,N110138,N110120,,138.000,0.00000000,0.01996000,304.600,304.600,0,0,0.000,0.000,0,,0
N110121_N110127_1,,N110121,N110127,,138.000,0.00000000,0.04474000,274.500,274.500,0,0,0.000,0.000,0,,0
N110133_N110122_1,,N110133,N110122,,138.000,0.00000000,0.04218000,337.000,337.000,0,0,0.000,0.000,0,,0
N110122_N160169_1,,N110122,N160169,,138.000,0.00000000,0.03591000,355.500,355.500,0,0,0.000,0.000,0,,0
N110122_N160169_2,,N110122,N160169,,138.000,0.00000000,0.03591000,355.500,355.500,0,0,0.000,0.000,0,,0
N110123_N110151_1,,N110123,N110151,,138.000,0.00000000,0.02351000,282.300,282.300,0,0,0.000,0.000,0,,0
N110123_N110500_1,,N110123,N110500,,138.000,0.00000000,0.02609000,292.200,292.200,0,0,0.000,0.000,0,,0
N230062_N110124_1,,N230062,N110124,,138.000,0.00000000,0.01802000,273.200,273.200,0,0,0.000,0.000,0,,0
N110124_N270044_1,,N110124,N270044,,138.000,0.00000000,0.02160000,229.900,229.900,0,0,0.000,0.000,0,,0
N111411_N110125_1,,N111411,N110125,,138.000,0.00000000,0.00474000,305.300,305.300,0,0,0.000,0.000,0,,0
N110126_N111216_1,,N110126,N111216,,345.000,0.00000000,0.00494000,1371.200,1371.200,0,1,0.000,0.000,0,,0
N110126_N111305_1,,N110126,N111305,,345.000,0.00000000,0.01124000,1166.300,1166.300,0,1,0.000,0.000,0,,0
N111389_N110126_1,,N111389,N110126,,345.000,0.00000000,0.01366000,1310.800,1310.800,0,1,0.000,0.000,0,,0
N110126_N160264_1,,N110126,N160264,,345.000,0.00000000,0.01872000,1245.400,1245.400,0,1,0.000,0.000,0,,0
N110128_N110134_1,,N110128,N110134,,138.000,0.00000000,0.00569000,239.200,239.200,0,0,0.000,0.000,0,,0
N110129_N110144_1,,N110129,N110144,,138.000,0.00000000,0.01356000,281.100,281.100,0,0,0.000,0.000,0,,0
N110129_N110147_1,,N110129,N110147,,138.000,0.00000000,0.01521000,254.000,254.000,0,0,0.000,0.000,0,,0
N110146_N110130_1,,N110146,N110130,,138.000,0.00000000,0.03435000,302.000,302.000,0,0,0.000,0.000,0,,0
N110151_N110130_1,,N110151,N110130,,138.000,0.00000000,0.00380000,285.300,285.300,0,0,0.000,0.000,0,,0
N230041_N110130_1,,N230041,N110130,,138.000,0.00000000,0.03217000,267.100,267.100,0,0,0.000,0.000,0,,0
N110159_N110131_1,,N110159,N110131,,138.000,0.00000000,0.00585000,288.300,288.300,0,0,0.000,0.000,0,,0
N110131_N110161_1,,N110131,N110161,,138.000,0.00000000,0.01426000,293.700,293.700,0,0,0.000,0.000,0,,0
N111363_N110132_1,,N111363,N110132,,138.000,0.00000000,0.01389000,311.300,311.300,0,0,0.000,0.000,0,,0
N110135_N110138_1,,N110135,N110138,,138.000,0.00000000,0.00550000,302.900,302.900,0,0,0.000,0.000,0,,0
N110136_N160102_1,,N110136,N160102,,138.000,0.00000000,0.03442000,285.700,285.700,0,0,0.000,0.000,0,,0
N110137_N110152_1,,N110137,N110152,,138.000,0.00000000,0.02057000,236.500,236.500,0,0,0.000,0.000,0,,0
N110137_N110156_1,,N110137,N110156,,138.000,0.00000000,0.01399000,244.400,244.400,0,0,0.000,0.000,0,,0
N270084_N110139_1,,N270084,N110139,,138.000,0.00000000,0.03350000,307.900,307.900,0,0,0.000,0.000,0,,0
N110140_N110148_1,,N110140,N110148,,138.000,0.00000000,0.01500000,252.700,252.700,0,0,0.000,0.000,0,,0
N110140_N110149_1,,N110140,N110149,,138.000,0.00000000,0.01506000,244.300,244.300,0,0,0.000,0.000,0,,0
N110144_N110141_1,,N110144,N110141,,138.000,0.00000000,0.00998000,282.300,282.300,0,0,0.000,0.000,0,,0
N110141_N110149_1,,N110141,N110149,,138.000,0.00000000,0.01111000,241.100,241.100,0,0,0.000,0.000,0,,0
N110141_N110159_1,,N110141,N110159,,138.000,0.00000000,0.00960000,287.400,287.400,0,0,0.000,0.000,0,,0
N110142_N110147_1,,N110142,N110147,,138.000,0.00000000,0.01236000,274.100,274.100,0,0,0.000,0.000,0,,0
N110142_N111407_1,,N110142,N111407,,138.000,0.00000000,0.04495000,275.800,275.800,0,0,0.000,0.000,0,,0
N110143_N110807_1,,N110143,N110807,,138.000,0.00000000,0.01898000,307.900,307.900,0,0,0.000,0.000,0,,0
N111405_N110143_1,,N111405,N110143,,138.000,0.00000000,0.01283000,308.800,308.800,0,0,0.000,0.000,0,,0
N110145_N110212_1,,N110145,N110212,,138.000,0.00000000,0.03795000,350.000,350.000,0,0,0.000,0.000,0,,0
N110145_N230058_1,,N110145,N230058,,138.000,0.00000000,0.03560000,283.900,283.900,0,0,0.000,0.000,0,,0
N230064_N110145_1,,N230064,N110145,,138.000,0.00000000,0.01706000,266.100,266.100,0,0,0.000,0.000,0,,0
N110146_N110157_1,,N110146,N110157,,138.000,0.00000000,0.01801000,301.600,301.600,0,0,0.000,0.000,0,,0
N110147_N110158_1,,N110147,N110158,,138.000,0.00000000,0.02558000,274.300,274.300,0,0,0.000,0.000,0,,0
N110148_N110152_1,,N110148,N110152,,138.000,0.00000000,0.02593000,232.300,232.300,0,0,0.000,0.000,0,,0
N110148_N110591_1,,N110148,N110591,,138.000,0.00000000,0.03589000,279.400,279.400,0,0,0.000,0.000,0,,0
N110148_N230037_1,,N110148,N230037,,138.000,0.00000000,0.05284000,284.100,284.100,0,0,0.000,0.000,0,,0
N110959_N110150_1,,N110959,N110150,,138.000,0.00000000,0.01312000,281.500,281.500,0,0,0.000,0.000,0,,0
N110150_N110966_1,,N110150,N110966,,138.000,0.00000000,0.01805000,304.500,304.500,0,0,0.000,0.000,0,,0
N110150_N230053_1,,N110150,N230053,,138.000,0.00000000,0.01686000,276.400,276.400,0,0,0.000,0.000,0,,0
N110150_N230096_1,,N110150,N230096,,138.000,0.00000000,0.00998000,269.500,269.500,0,0,0.000,0.000,0,,0
N110153_N110959_1,,N110153,N110959,,138.000,0.00000000,0.01827000,276.500,276.500,0,0,0.000,0.000,0,,0
N110966_N110153_1,,N110966,N110153,,138.000,0.00000000,0.01905000,273.700,273.700,0,0,0.000,0.000,0,,0
N110155_N110154_1,,N110155,N110154,,138.000,0.00000000,0.01048000,326.400,326.400,0,0,0.000,0.000,0,,0
N110155_N110154_2,,N110155,N110154,,138.000,0.00000000,0.01048000,326.400,326.400,0,0,0.000,0.000,0,,0
N110154_N230111_1,,N110154,N230111,,138.000,0.00000000,0.01564000,328.900,328.900,0,0,0.000,0.000,0,,0
N110154_N230111_2,,N110154,N230111,,138.000,0.00000000,0.01564000,328.900,328.900,0,0,0.000,0.000,0,,0
N110155_N110262_1,,N110155,N110262,,138.000,0.00000000,0.08048000,323.800,323.800,0,0,0.000,0.000,0,,0
N110155_N110262_2,,N110155,N110262,,138.000,0.00000000,0.08048000,323.800,323.800,0,0,0.000,0.000,0,,0
N110156_N111405_1,,N110156,N111405,,138.000,0.00000000,0.02985000,248.300,248.300,0,0,0.000,0.000,0,,0
N111407_N110157_1,,N111407,N110157,,138.000,0.00000000,0.00646000,275.600,275.600,0,0,0.000,0.000,0,,0
N110579_N110158_1,,N110579,N110158,,138.000,0.00000000,0.02186000,273.400,273.400,0,0,0.000,0.000,0,,0
N110160_N111389_1,,N110160,N111389,,345.000,0.00000000,0.01601000,1233.700,1233.700,0,1,0.000,0.000,0,,0
N110160_N230072_1,,N110160,N230072,,345.000,0.00000000,0.01416000,1131.100,1131.100,0,1,0.000,0.000,0,,0
N110161_N230039_1,,N110161,N230039,,138.000,0.00000000,0.01302000,282.400,282.400,0,0,0.000,0.000,0,,0
N110161_N230065_1,,N110161,N230065,,138.000,0.00000000,0.01680000,278.100,278.100,0,0,0.000,0.000,0,,0
N111182_N110162_1,,N111182,N110162,,138.000,0.00000000,0.02119000,288.000,288.000,0,0,0.000,0.000,0,,0
N110163_N110167_1,,N110163,N110167,,69.000,0.00000000,0.03669000,138.300,138.300,0,0,0.000,0.000,0,,0
N110163_N110179_1,,N110163,N110179,,69.000,0.00000000,0.03278000,138.300,138.300,0,0,0.000,0.000,0,,0
N110164_N110171_1,,N110164,N110171,,69.000,0.00000000,0.01485000,155.200,155.200,0,0,0.000,0.000,0,,0
N110164_N110173_1,,N110164,N110173,,69.000,0.00000000,0.01119000,145.500,145.500,0,0,0.000,0.000,0,,0
N110176_N110165_1,,N110176,N110165,,138.000,0.00000000,0.01159000,313.200,313.200,0,0,0.000,0.000,0,,0
N110165_N110743_1,,N110165,N110743,,138.000,0.00000000,0.02048000,334.200,334.200,0,0,0.000,0.000,0,,0
N110165_N110743_2,,N110165,N110743,,138.000,0.00000000,0.02048000,334.200,334.200,0,0,0.000,0.000,0,,0
N110166_N110171_1,,N110166,N110171,,69.000,0.00000000,0.02446000,135.200,135.200,0,0,0.000,0.000,0,,0
N110166_N110178_1,,N110166,N110178,,69.000,0.00000000,0.04787000,107.600,107.600,0,0,0.000,0.000,0,,0
N110166_N110871_1,,N110166,N110871,,69.000,0.00000000,0.03450000,126.500,126.500,0,0,0.000,0.000,0,,0
N110167_N110168_1,,N110167,N110168,,69.000,0.00000000,0.02791000,111.700,111.700,0,0,0.000,0.000,0,,0
N110167_N110177_1,,N110167,N110177,,69.000,0.00000000,0.03842000,119.700,119.700,0,0,0.000,0.000,0,,0
N110178_N110167_1,,N110178,N110167,,69.000,0.00000000,0.02572000,103.300,103.300,0,0,0.000,0.000,0,,0
N110168_N110424_1,,N110168,N110424,,69.000,0.00000000,0.05247000,123.600,123.600,0,0,0.000,0.000,0,,0
N110168_N110694_1,,N110168,N110694,,69.000,0.00000000,0.03182000,133.000,133.000,0,0,0.000,0.000,0,,0
N110168_N110755_1,,N110168,N110755,,69.000,0.00000000,0.11565000,109.600,109.600,0,0,0.000,0.000,0,,0
N110169_N110174_1,,N110169,N110174,,138.000,0.00000000,0.01221000,254.400,254.400,0,0,0.000,0.000,0,,0
N110178_N110170_1,,N110178,N110170,,69.000,0.00000000,0.01925000,121.800,121.800,0,0,0.000,0.000,0,,0
N110171_N110177_1,,N110171,N110177,,69.000,0.00000000,0.03263000,122.200,122.200,0,0,0.000,0.000,0,,0
N110171_N110178_1,,N110171,N110178,,69.000,0.00000000,0.03582000,87.100,87.100,0,0,0.000,0.000,0,,0
N110176_N110172_1,,N110176,N110172,,138.000,0.00000000,0.01655000,306.600,306.600,0,0,0.000,0.000,0,,0
N110172_N110824_1,,N110172,N110824,,138.000,0.00000000,0.01026000,286.600,286.600,0,0,0.000,0.000,0,,0
N110173_N110705_1,,N110173,N110705,,69.000,0.00000000,0.03983000,130.600,130.600,0,0,0.000,0.000,0,,0
N110173_N110825_1,,N110173,N110825,,69.000,0.00000000,0.01661000,131.500,131.500,0,0,0.000,0.000,0,,0
N110174_N111182_1,,N110174,N111182,,138.000,0.00000000,0.02856000,294.600,294.600,0,0,0.000,0.000,0,,0
N110175_N110179_1,,N110175,N110179,,69.000,0.00000000,0.02428000,125.200,125.200,0,0,0.000,0.000,0,,0
N110175_N110692_1,,N110175,N110692,,69.000,0.00000000,0.05854000,109.700,109.700,0,0,0.000,0.000,0,,0
N110175_N110698_1,,N110175,N110698,,69.000,0.00000000,0.03535000,132.800,132.800,0,0,0.000,0.000,0,,0
N110175_N110705_1,,N110175,N110705,,69.000,0.00000000,0.03464000,142.600,142.600,0,0,0.000,0.000,0,,0
N110175_N110706_1,,N110175,N110706,,69.000,0.00000000,0.06626000,112.900,112.900,0,0,0.000,0.000,0,,0
N110760_N110177_1,,N110760,N110177,,69.000,0.00000000,0.04321000,150.900,150.900,0,0,0.000,0.000,0,,0
N110179_N110846_1,,N110179,N110846,,69.000,0.00000000,0.11929000,96.200,96.200,0,0,0.000,0.000,0,,0
N110187_N110180_1,,N110187,N110180,,69.000,0.00000000,0.01327000,112.100,112.100,0,0,0.000,0.000,0,,0
N110180_N111015_1,,N110180,N111015,,69.000,0.00000000,0.00943000,107.300,107.300,0,0,0.000,0.000,0,,0
N110181_N110246_1,,N110181,N110246,,69.000,0.00000000,0.00794000,128.500,128.500,0,0,0.000,0.000,0,,0
N110181_N110278_1,,N110181,N110278,,69.000,0.00000000,0.00697000,130.300,130.300,0,0,0.000,0.000,0,,0
N110182_N110184_1,,N110182,N110184,,69.000,0.00000000,0.00787000,134.100,134.100,0,0,0.000,0.000,0,,0
N110182_N110995_1,,N110182,N110995,,69.000,0.00000000,0.01978000,128.400,128.400,0,0,0.000,0.000,0,,0
N110184_N110183_1,,N110184,N110183,,69.000,0.00000000,0.00784000,111.000,111.000,0,0,0.000,0.000,0,,0
N110183_N110196_1,,N110183,N110196,,69.000,0.00000000,0.00573000,120.500,120.500,0,0,0.000,0.000,0,,0
N110184_N110200_1,,N110184,N110200,,69.000,0.00000000,0.01238000,70.300,70.300,0,0,0.000,0.000,0,,0
N110202_N110184_1,,N110202,N110184,,69.000,0.00000000,0.00680000,137.400,137.400,0,0,0.000,0.000,0,,0
N110184_N110207_1,,N110184,N110207,,69.000,0.00000000,0.01664000,81.900,81.900,0,0,0.000,0.000,0,,0
N110185_N110213_1,,N110185,N110213,,69.000,0.00000000,0.00730000,125.200,125.200,0,0,0.000,0.000,0,,0
N110282_N110185_1,,N110282,N110185,,69.000,0.00000000,0.01233000,120.500,120.500,0,0,0.000,0.000,0,,0
N110186_N110214_1,,N110186,N110214,,69.000,0.00000000,0.00929000,136.600,136.600,0,0,0.000,0.000,0,,0
N110186_N110220_1,,N110186,N110220,,69.000,0.00000000,0.00807000,101.300,101.300,0,0,0.000,0.000,0,,0
N110226_N110186_1,,N110226,N110186,,69.000,0.00000000,0.01354000,124.100,124.100,0,0,0.000,0.000,0,,0
N110187_N110281_1,,N110187,N110281,,69.000,0.00000000,0.00864000,122.300,122.300,0,0,0.000,0.000,0,,0
N110588_N110188_1,,N110588,N110188,,138.000,0.00000000,0.01015000,234.300,234.300,0,0,0.000,0.000,0,,0
N110189_N110276_1,,N110189,N110276,,69.000,0.00000000,0.00483000,121.800,121.800,0,0,0.000,0.000,0,,0
N110205_N110192_1,,N110205,N110192,,69.000,0.00000000,0.00481000,129.700,129.700,0,0,0.000,0.000,0,,0
N110192_N111015_1,,N110192,N111015,,69.000,0.00000000,0.00973000,124.900,124.900,0,0,0.000,0.000,0,,0
N110193_N110201_1,,N110193,N110201,,69.000,0.00000000,0.00779000,105.300,105.300,0,0,0.000,0.000,0,,0
N110193_N110263_1,,N110193,N110263,,69.000,0.00000000,0.00974000,112.600,112.600,0,0,0.000,0.000,0,,0
N110194_N110275_1,,N110194,N110275,,69.000,0.00000000,0.00726000,100.000,100.000,0,0,0.000,0.000,0,,0
N110280_N110194_1,,N110280,N110194,,69.000,0.00000000,0.01076000,102.500,102.500,0,0,0.000,0.000,0,,0
N110194_N110286_1,,N110194,N110286,,69.000,0.00000000,0.00404000,125.900,125.900,0,0,0.000,0.000,0,,0
N110195_N110204_1,,N110195,N110204,,69.000,0.00000000,0.00941000,120.900,120.900,0,0,0.000,0.000,0,,0
N110224_N110195_1,,N110224,N110195,,69.000,0.00000000,0.00531000,116.700,116.700,0,0,0.000,0.000,0,,0
N110196_N110229_1,,N110196,N110229,,69.000,0.00000000,0.00540000,129.000,129.000,0,0,0.000,0.000,0,,0
N110196_N110268_1,,N110196,N110268,,69.000,0.00000000,0.00836000,128.700,128.700,0,0,0.000,0.000,0,,0
N110277_N110196_1,,N110277,N110196,,69.000,0.00000000,0.00604000,124.200,124.200,0,0,0.000,0.000,0,,0
N110197_N110201_1,,N110197,N110201,,69.000,0.00000000,0.00689000,112.500,112.500,0,0,0.000,0.000,0,,0
N110197_N110211_1,,N110197,N110211,,69.000,0.00000000,0.02373000,85.600,85.600,0,0,0.000,0.000,0,,0
N110197_N110265_1,,N110197,N110265,,69.000,0.00000000,0.01316000,108.100,108.100,0,0,0.000,0.000,0,,0
N110198_N110263_1,,N110198,N110263,,69.000,0.00000000,0.00699000,110.200,110.200,0,0,0.000,0.000,0,,0
N110198_N110997_1,,N110198,N110997,,69.000,0.00000000,0.08259000,103.100,103.100,0,0,0.000,0.000,0,,0
N110249_N110199_1,,N110249,N110199,,69.000,0.00000000,0.01537000,117.900,117.900,0,0,0.000,0.000,0,,0
N110199_N110258_1,,N110199,N110258,,69.000,0.00000000,0.00839000,112.200,112.200,0,0,0.000,0.000,0,,0
N110200_N110208_1,,N110200,N110208,,69.000,0.00000000,0.02058000,86.800,86.800,0,0,0.000,0.000,0,,0
N110201_N111013_1,,N110201,N111013,,69.000,0.00000000,0.01251000,111.600,111.600,0,0,0.000,0.000,0,,0
N110261_N110202_1,,N110261,N110202,,69.000,0.00000000,0.00550000,138.800,138.800,0,0,0.000,0.000,0,,0
N110203_N110254_1,,N110203,N110254,,69.000,0.00000000,0.00982000,104.300,104.300,0,0,0.000,0.000,0,,0
N110259_N110203_1,,N110259,N110203,,69.000,0.00000000,0.00851000,109.800,109.800,0,0,0.000,0.000,0,,0
N110264_N110204_1,,N110264,N110204,,69.000,0.00000000,0.00877000,127.400,127.400,0,0,0.000,0.000,0,,0
N110204_N111046_1,,N110204,N111046,,69.000,0.00000000,0.01438000,134.800,134.800,0,0,0.000,0.000,0,,0
N110205_N110281_1,,N110205,N110281,,69.000,0.00000000,0.00662000,132.800,132.800,0,0,0.000,0.000,0,,0
N110206_N110239_1,,N110206,N110239,,69.000,0.00000000,0.01394000,113.400,113.400,0,0,0.000,0.000,0,,0
N110282_N110206_1,,N110282,N110206,,69.000,0.00000000,0.00919000,119.700,119.700,0,0,0.000,0.000,0,,0
N110207_N110252_1,,N110207,N110252,,69.000,0.00000000,0.01631000,91.600,91.600,0,0,0.000,0.000,0,,0
N110208_N110278_1,,N110208,N110278,,69.000,0.00000000,0.01205000,98.800,98.800,0,0,0.000,0.000,0,,0
N110230_N110209_1,,N110230,N110209,,69.000,0.00000000,0.00877000,116.100,116.100,0,0,0.000,0.000,0,,0
N110209_N110253_1,,N110209,N110253,,69.000,0.00000000,0.00948000,100.600,100.600,0,0,0.000,0.000,0,,0
N110256_N110209_1,,N110256,N110209,,69.000,0.00000000,0.01173000,123.600,123.600,0,0,0.000,0.000,0,,0
N110210_N110255_1,,N110210,N110255,,69.000,0.00000000,0.00627000,119.600,119.600,0,0,0.000,0.000,0,,0
N110210_N110258_1,,N110210,N110258,,69.000,0.00000000,0.01182000,126.500,126.500,0,0,0.000,0.000,0,,0
N110211_N110217_1,,N110211,N110217,,69.000,0.00000000,0.01387000,97.600,97.600,0,0,0.000,0.000,0,,0
N110213_N110238_1,,N110213,N110238,,69.000,0.00000000,0.00651000,144.600,144.600,0,0,0.000,0.000,0,,0
N110242_N110213_1,,N110242,N110213,,69.000,0.00000000,0.01371000,125.500,125.500,0,0,0.000,0.000,0,,0
N110243_N110213_1,,N110243,N110213,,69.000,0.00000000,0.01130000,131.800,131.800,0,0,0.000,0.000,0,,0
N110213_N110279_1,,N110213,N110279,,69.000,0.00000000,0.00866000,121.300,121.300,0,0,0.000,0.000,0,,0
N110214_N110250_1,,N110214,N110250,,69.000,0.00000000,0.01175000,131.000,131.000,0,0,0.000,0.000,0,,0
N110215_N110248_1,,N110215,N110248,,69.000,0.00000000,0.01304000,109.500,109.500,0,0,0.000,0.000,0,,0
N110287_N110215_1,,N110287,N110215,,69.000,0.00000000,0.00833000,114.400,114.400,0,0,0.000,0.000,0,,0
N110237_N110216_1,,N110237,N110216,,69.000,0.00000000,0.00963000,93.400,93.400,0,0,0.000,0.000,0,,0
N110278_N110216_1,,N110278,N110216,,69.000,0.00000000,0.00505000,99.200,99.200,0,0,0.000,0.000,0,,0
N110216_N111032_1,,N110216,N111032,,69.000,0.00000000,0.09521000,82.700,82.700,0,0,0.000,0.000,0,,0
N110238_N110217_1,,N110238,N110217,,69.000,0.00000000,0.00958000,107.700,107.700,0,0,0.000,0.000,0,,0
N110218_N110219_1,,N110218,N110219,,69.000,0.00000000,0.00571000,116.200,116.200,0,0,0.000,0.000,0,,0
N110218_N110241_1,,N110218,N110241,,69.000,0.00000000,0.01320000,111.200,111.200,0,0,0.000,0.000,0,,0
N110219_N110284_1,,N110219,N110284,,69.000,0.00000000,0.00858000,119.900,119.900,0,0,0.000,0.000,0,,0
N110220_N110249_1,,N110220,N110249,,69.000,0.00000000,0.01247000,90.800,90.800,0,0,0.000,0.000,0,,0
N110283_N110220_1,,N110283,N110220,,69.000,0.00000000,0.00566000,98.000,98.000,0,0,0.000,0.000,0,,0
N110221_N110285_1,,N110221,N110285,,69.000,0.00000000,0.00745000,119.800,119.800,0,0,0.000,0.000,0,,0
N110221_N110594_1,,N110221,N110594,,69.000,0.00000000,0.01971000,118.000,118.000,0,0,0.000,0.000,0,,0
N110222_N110244_1,,N110222,N110244,,69.000,0.00000000,0.02292000,126.400,126.400,0,0,0.000,0.000,0,,0
N110222_N111038_1,,N110222,N111038,,69.000,0.00000000,0.01331000,122.300,122.300,0,0,0.000,0.000,0,,0
N110223_N110247_1,,N110223,N110247,,69.000,0.00000000,0.01207000,88.400,88.400,0,0,0.000,0.000,0,,0
N110248_N110223_1,,N110248,N110223,,69.000,0.00000000,0.00926000,102.300,102.300,0,0,0.000,0.000,0,,0
N110224_N110268_1,,N110224,N110268,,69.000,0.00000000,0.00785000,119.900,119.900,0,0,0.000,0.000,0,,0
N110225_N110242_1,,N110225,N110242,,69.000,0.00000000,0.00536000,120.200,120.200,0,0,0.000,0.000,0,,0
N110225_N110254_1,,N110225,N110254,,69.000,0.00000000,0.00670000,113.800,113.800,0,0,0.000,0.000,0,,0
N110272_N110226_1,,N110272,N110226,,69.000,0.00000000,0.01143000,100.200,100.200,0,0,0.000,0.000,0,,0
N110226_N110274_1,,N110226,N110274,,69.000,0.00000000,0.01207000,125.300,125.300,0,0,0.000,0.000,0,,0
N110227_N110272_1,,N110227,N110272,,69.000,0.00000000,0.01055000,110.700,110.700,0,0,0.000,0.000,0,,0
N110227_N110287_1,,N110227,N110287,,69.000,0.00000000,0.00807000,115.900,115.900,0,0,0.000,0.000,0,,0
N110227_N110576_1,,N110227,N110576,,69.000,0.00000000,0.02571000,141.800,141.800,0,0,0.000,0.000,0,,0
N110228_N110284_1,,N110228,N110284,,69.000,0.00000000,0.00729000,124.500,124.500,0,0,0.000,0.000,0,,0
N110228_N110580_1,,N110228,N110580,,69.000,0.00000000,0.02755000,120.800,120.800,0,0,0.000,0.000,0,,0
N110229_N111166_1,,N110229,N111166,,69.000,0.00000000,0.05501000,132.900,132.900,0,0,0.000,0.000,0,,0
N110230_N110277_1,,N110230,N110277,,69.000,0.00000000,0.01198000,118.600,118.600,0,0,0.000,0.000,0,,0
N110231_N110232_1,,N110231,N110232,,69.000,0.00000000,0.01136000,90.500,90.500,0,0,0.000,0.000,0,,0
N110231_N110236_1,,N110231,N110236,,69.000,0.00000000,0.01752000,120.500,120.500,0,0,0.000,0.000,0,,0
N110231_N111044_1,,N110231,N111044,,69.000,0.00000000,0.06007000,112.900,112.900,0,0,0.000,0.000,0,,0
N110232_N110233_1,,N110232,N110233,,69.000,0.00000000,0.02355000,99.400,99.400,0,0,0.000,0.000,0,,0
N110235_N110232_1,,N110235,N110232,,69.000,0.00000000,0.01307000,101.500,101.500,0,0,0.000,0.000,0,,0
N110232_N110270_1,,N110232,N110270,,69.000,0.00000000,0.00672000,87.600,87.600,0,0,0.000,0.000,0,,0
N110233_N110234_1,,N110233,N110234,,69.000,0.00000000,0.03386000,96.000,96.000,0,0,0.000,0.000,0,,0
N110233_N110592_1,,N110233,N110592,,69.000,0.00000000,0.04655000,120.100,120.100,0,0,0.000,0.000,0,,0
N110234_N110237_1,,N110234,N110237,,69.000,0.00000000,0.02324000,101.100,101.100,0,0,0.000,0.000,0,,0
N110234_N110267_1,,N110234,N110267,,69.000,0.00000000,0.02557000,107.800,107.800,0,0,0.000,0.000,0,,0
N110235_N111049_1,,N110235,N111049,,69.000,0.00000000,0.03651000,91.600,91.600,0,0,0.000,0.000,0,,0
N110238_N110236_1,,N110238,N110236,,69.000,0.00000000,0.00652000,124.400,124.400,0,0,0.000,0.000,0,,0
N110275_N110237_1,,N110275,N110237,,69.000,0.00000000,0.00931000,111.700,111.700,0,0,0.000,0.000,0,,0
N110239_N110284_1,,N110239,N110284,,69.000,0.00000000,0.01028000,109.000,109.000,0,0,0.000,0.000,0,,0
N110240_N110251_1,,N110240,N110251,,69.000,0.00000000,0.02259000,91.300,91.300,0,0,0.000,0.000,0,,0
N110240_N110266_1,,N110240,N110266,,69.000,0.00000000,0.03420000,87.900,87.900,0,0,0.000,0.000,0,,0
N110274_N110240_1,,N110274,N110240,,69.000,0.00000000,0.01306000,112.200,112.200,0,0,0.000,0.000,0,,0
N110241_N110248_1,,N110241,N110248,,69.000,0.00000000,0.00802000,76.400,76.400,0,0,0.000,0.000,0,,0
N110241_N110267_1,,N110241,N110267,,69.000,0.00000000,0.00805000,101.000,101.000,0,0,0.000,0.000,0,,0
N110241_N110283_1,,N110241,N110283,,69.000,0.00000000,0.01252000,101.200,101.200,0,0,0.000,0.000,0,,0
N110243_N110244_1,,N110243,N110244,,69.000,0.00000000,0.00840000,129.800,129.800,0,0,0.000,0.000,0,,0
N110243_N110266_1,,N110243,N110266,,69.000,0.00000000,0.01090000,101.900,101.900,0,0,0.000,0.000,0,,0
N110246_N110245_1,,N110246,N110245,,69.000,0.00000000,0.01184000,44.900,44.900,0,0,0.000,0.000,0,,0
N110245_N110251_1,,N110245,N110251,,69.000,0.00000000,0.01080000,76.900,76.900,0,0,0.000,0.000,0,,0
N110246_N110248_1,,N110246,N110248,,69.000,0.00000000,0.00886000,135.300,135.300,0,0,0.000,0.000,0,,0
N110265_N110246_1,,N110265,N110246,,69.000,0.00000000,0.00994000,97.400,97.400,0,0,0.000,0.000,0,,0
N110247_N110276_1,,N110247,N110276,,69.000,0.00000000,0.01102000,97.700,97.700,0,0,0.000,0.000,0,,0
N110276_N110249_1,,N110276,N110249,,69.000,0.00000000,0.01015000,102.400,102.400,0,0,0.000,0.000,0,,0
N110250_N110257_1,,N110250,N110257,,69.000,0.00000000,0.01296000,114.700,114.700,0,0,0.000,0.000,0,,0
N110589_N110250_1,,N110589,N110250,,69.000,0.00000000,0.01594000,135.800,135.800,0,0,0.000,0.000,0,,0
N110252_N110254_1,,N110252,N110254,,69.000,0.00000000,0.00983000,98.000,98.000,0,0,0.000,0.000,0,,0
N110253_N110254_1,,N110253,N110254,,69.000,0.00000000,0.01238000,105.300,105.300,0,0,0.000,0.000,0,,0
N110255_N110256_1,,N110255,N110256,,69.000,0.00000000,0.01554000,118.100,118.100,0,0,0.000,0.000,0,,0
N110255_N110260_1,,N110255,N110260,,69.000,0.00000000,0.01028000,138.000,138.000,0,0,0.000,0.000,0,,0
N110257_N110260_1,,N110257,N110260,,69.000,0.00000000,0.04126000,109.200,109.200,0,0,0.000,0.000,0,,0
N110258_N110582_1,,N110258,N110582,,69.000,0.00000000,0.03770000,147.300,147.300,0,0,0.000,0.000,0,,0
N110259_N110574_1,,N110259,N110574,,69.000,0.00000000,0.04147000,117.600,117.600,0,0,0.000,0.000,0,,0
N110260_N111017_1,,N110260,N111017,,69.000,0.00000000,0.02713000,161.700,161.700,0,0,0.000,0.000,0,,0
N110263_N110261_1,,N110263,N110261,,69.000,0.00000000,0.00234000,146.000,146.000,0,0,0.000,0.000,0,,0
N110262_N111014_1,,N110262,N111014,,138.000,0.00000000,0.00689000,310.600,310.600,0,0,0.000,0.000,0,,0
N110263_N110269_1,,N110263,N110269,,69.000,0.00000000,0.00844000,138.100,138.100,0,0,0.000,0.000,0,,0
N110264_N110281_1,,N110264,N110281,,69.000,0.00000000,0.00661000,122.600,122.600,0,0,0.000,0.000,0,,0
N110280_N110269_1,,N110280,N110269,,69.000,0.00000000,0.01419000,105.700,105.700,0,0,0.000,0.000,0,,0
N110269_N110831_1,,N110269,N110831,,69.000,0.00000000,0.03775000,111.400,111.400,0,0,0.000,0.000,0,,0
N111039_N110270_1,,N111039,N110270,,69.000,0.00000000,0.06412000,75.000,75.000,0,0,0.000,0.000,0,,0
N110284_N110271_1,,N110284,N110271,,69.000,0.00000000,0.01297000,125.900,125.900,0,0,0.000,0.000,0,,0
N110271_N110587_1,,N110271,N110587,,69.000,0.00000000,0.07459000,130.700,130.700,0,0,0.000,0.000,0,,0
N110579_N110273_1,,N110579,N110273,,138.000,0.00000000,0.02815000,245.100,245.100,0,0,0.000,0.000,0,,0
N110278_N111034_1,,N110278,N111034,,69.000,0.00000000,0.03311000,141.800,141.800,0,0,0.000,0.000,0,,0
N110278_N111039_1,,N110278,N111039,,69.000,0.00000000,0.02456000,119.400,119.400,0,0,0.000,0.000,0,,0
N110279_N110285_1,,N110279,N110285,,69.000,0.00000000,0.01104000,120.200,120.200,0,0,0.000,0.000,0,,0
N110281_N111043_1,,N110281,N111043,,69.000,0.00000000,0.01528000,137.300,137.300,0,0,0.000,0.000,0,,0
N110286_N111040_1,,N110286,N111040,,69.000,0.00000000,0.00984000,124.400,124.400,0,0,0.000,0.000,0,,0
N110288_N110292_1,,N110288,N110292,,69.000,0.00000000,0.03423000,90.600,90.600,0,0,0.000,0.000,0,,0
N110724_N110288_1,,N110724,N110288,,69.000,0.00000000,0.13681000,98.000,98.000,0,0,0.000,0.000,0,,0
N110291_N110289_1,,N110291,N110289,,138.000,0.00000000,0.02317000,244.100,244.100,0,0,0.000,0.000,0,,0
N110289_N110899_1,,N110289,N110899,,138.000,0.00000000,0.04335000,227.200,227.200,0,0,0.000,0.000,0,,0
N110290_N110292_1,,N110290,N110292,,69.000,0.00000000,0.10164000,100.300,100.300,0,0,0.000,0.000,0,,0
N110896_N110290_1,,N110896,N110290,,69.000,0.00000000,0.13156000,134.100,134.100,0,0,0.000,0.000,0,,0
N110291_N110897_1,,N110291,N110897,,138.000,0.00000000,0.04328000,257.000,257.000,0,0,0.000,0.000,0,,0
N111078_N110291_1,,N111078,N110291,,138.000,0.00000000,0.03651000,288.800,288.800,0,0,0.000,0.000,0,,0
N110293_N110309_1,,N110293,N110309,,138.000,0.00000000,0.02214000,271.500,271.500,0,0,0.000,0.000,0,,0
N110299_N110294_1,,N110299,N110294,,69.000,0.00000000,0.05486000,123.200,123.200,0,0,0.000,0.000,0,,0
N110300_N110294_1,,N110300,N110294,,69.000,0.00000000,0.03500000,147.400,147.400,0,0,0.000,0.000,0,,0
N110294_N110303_1,,N110294,N110303,,69.000,0.00000000,0.06976000,87.400,87.400,0,0,0.000,0.000,0,,0
N110304_N110294_1,,N110304,N110294,,69.000,0.00000000,0.06192000,81.200,81.200,0,0,0.000,0.000,0,,0
N110294_N110312_1,,N110294,N110312,,69.000,0.00000000,0.01862000,115.200,115.200,0,0,0.000,0.000,0,,0
N110295_N110357_1,,N110295,N110357,,138.000,0.00000000,0.01925000,233.000,233.000,0,0,0.000,0.000,0,,0
N110303_N110296_1,,N110303,N110296,,69.000,0.00000000,0.00959000,86.600,86.600,0,0,0.000,0.000,0,,0
N110296_N110304_1,,N110296,N110304,,69.000,0.00000000,0.05562000,60.900,60.900,0,0,0.000,0.000,0,,0
N110363_N110299_1,,N110363,N110299,,69.000,0.00000000,0.06152000,90.900,90.900,0,0,0.000,0.000,0,,0
N110299_N110976_1,,N110299,N110976,,69.000,0.00000000,0.14657000,127.300,127.300,0,0,0.000,0.000,0,,0
N110300_N110362_1,,N110300,N110362,,69.000,0.00000000,0.06318000,144.400,144.400,0,0,0.000,0.000,0,,0
N110301_N110306_1,,N110301,N110306,,69.000,0.00000000,0.03628000,94.600,94.600,0,0,0.000,0.000,0,,0
N110310_N110301_1,,N110310,N110301,,69.000,0.00000000,0.04249000,113.200,113.200,0,0,0.000,0.000,0,,0
N110312_N110301_1,,N110312,N110301,,69.000,0.00000000,0.04784000,106.800,106.800,0,0,0.000,0.000,0,,0
N110302_N110307_1,,N110302,N110307,,69.000,0.00000000,0.07079000,102.700,102.700,0,0,0.000,0.000,0,,0
N110302_N110308_1,,N110302,N110308,,69.000,0.00000000,0.04372000,96.700,96.700,0,0,0.000,0.000,0,,0
N110307_N110305_1,,N110307,N110305,,69.000,0.00000000,0.05046000,93.700,93.700,0,0,0.000,0.000,0,,0
N110305_N110744_1,,N110305,N110744,,69.000,0.00000000,0.22656000,89.500,89.500,0,0,0.000,0.000,0,,0
N110306_N110311_1,,N110306,N110311,,69.000,0.00000000,0.04647000,109.800,109.800,0,0,0.000,0.000,0,,0
N110307_N110763_1,,N110307,N110763,,69.000,0.00000000,0.01807000,99.800,99.800,0,0,0.000,0.000,0,,0
N110308_N110358_1,,N110308,N110358,,69.000,0.00000000,0.06524000,104.100,104.100,0,0,0.000,0.000,0,,0
N110309_N110753_1,,N110309,N110753,,138.000,0.00000000,0.01667000,290.900,290.900,0,0,0.000,0.000,0,,0
N110749_N110311_1,,N110749,N110311,,69.000,0.00000000,0.03728000,124.700,124.700,0,0,0.000,0.000,0,,0
N110986_N110312_1,,N110986,N110312,,69.000,0.00000000,0.03874000,118.600,118.600,0,0,0.000,0.000,0,,0
N110313_N110332_1,,N110313,N110332,,69.000,0.00000000,0.02359000,132.300,132.300,0,0,0.000,0.000,0,,0
N110335_N110313_1,,N110335,N110313,,69.000,0.00000000,0.00669000,150.600,150.600,0,0,0.000,0.000,0,,0
N110313_N110711_1,,N110313,N110711,,69.000,0.00000000,0.01787000,156.300,156.300,0,0,0.000,0.000,0,,0
N110314_N110316_1,,N110314,N110316,,69.000,0.00000000,0.00929000,111.500,111.500,0,0,0.000,0.000,0,,0
N110314_N110323_1,,N110314,N110323,,69.000,0.00000000,0.02104000,114.900,114.900,0,0,0.000,0.000,0,,0
N110337_N110314_1,,N110337,N110314,,69.000,0.00000000,0.02710000,142.500,142.500,0,0,0.000,0.000,0,,0
N110315_N110318_1,,N110315,N110318,,69.000,0.00000000,0.02562000,146.400,146.400,0,0,0.000,0.000,0,,0
N110315_N110333_1,,N110315,N110333,,69.000,0.00000000,0.03924000,135.200,135.200,0,0,0.000,0.000,0,,0
N110707_N110315_1,,N110707,N110315,,69.000,0.00000000,0.01411000,147.500,147.500,0,0,0.000,0.000,0,,0
N110316_N110321_1,,N110316,N110321,,69.000,0.00000000,0.03002000,121.300,121.300,0,0,0.000,0.000,0,,0
N110332_N110316_1,,N110332,N110316,,69.000,0.00000000,0.02042000,128.600,128.600,0,0,0.000,0.000,0,,0
N110317_N110338_1,,N110317,N110338,,138.000,0.00000000,0.00536000,281.600,281.600,0,0,0.000,0.000,0,,0
N110318_N110322_1,,N110318,N110322,,69.000,0.00000000,0.02432000,150.800,150.800,0,0,0.000,0.000,0,,0
N110321_N110319_1,,N110321,N110319,,69.000,0.00000000,0.02419000,120.800,120.800,0,0,0.000,0.000,0,,0
N110326_N110319_1,,N110326,N110319,,69.000,0.00000000,0.01477000,118.200,118.200,0,0,0.000,0.000,0,,0
N110319_N110911_1,,N110319,N110911,,69.000,0.00000000,0.02083000,139.100,139.100,0,0,0.000,0.000,0,,0
N110320_N110324_1,,N110320,N110324,,69.000,0.00000000,0.01161000,140.400,140.400,0,0,0.000,0.000,0,,0
N111018_N110320_1,,N111018,N110320,,69.000,0.00000000,0.02079000,164.600,164.600,0,0,0.000,0.000,0,,0
N110327_N110321_1,,N110327,N110321,,69.000,0.00000000,0.01909000,117.100,117.100,0,0,0.000,0.000,0,,0
N110322_N110330_1,,N110322,N110330,,69.000,0.00000000,0.02456000,145.000,145.000,0,0,0.000,0.000,0,,0
N110323_N110327_1,,N110323,N110327,,69.000,0.00000000,0.03364000,129.900,129.900,0,0,0.000,0.000,0,,0
N110324_N110339_1,,N110324,N110339,,69.000,0.00000000,0.01567000,133.900,133.900,0,0,0.000,0.000,0,,0
N110325_N110338_1,,N110325,N110338,,138.000,0.00000000,0.01053000,286.800,286.800,0,0,0.000,0.000,0,,0
N110325_N110904_1,,N110325,N110904,,138.000,0.00000000,0.00847000,308.100,308.100,0,0,0.000,0.000,0,,0
N110328_N110326_1,,N110328,N110326,,69.000,0.00000000,0.02376000,135.800,135.800,0,0,0.000,0.000,0,,0
N110327_N110912_1,,N110327,N110912,,69.000,0.00000000,0.02068000,139.900,139.900,0,0,0.000,0.000,0,,0
N110327_N110915_1,,N110327,N110915,,69.000,0.00000000,0.01855000,138.100,138.100,0,0,0.000,0.000,0,,0
N110328_N111151_1,,N110328,N111151,,69.000,0.00000000,0.02978000,141.200,141.200,0,0,0.000,0.000,0,,0
N110329_N111002_1,,N110329,N111002,,138.000,0.00000000,0.01304000,294.100,294.100,0,0,0.000,0.000,0,,0
N110329_N111154_1,,N110329,N111154,,138.000,0.00000000,0.00691000,313.600,313.600,0,0,0.000,0.000,0,,0
N110329_N111154_2,,N110329,N111154,,138.000,0.00000000,0.00691000,313.600,313.600,0,0,0.000,0.000,0,,0
N111403_N110331_1,,N111403,N110331,,138.000,0.00000000,0.02007000,274.900,274.900,0,0,0.000,0.000,0,,0
N110333_N110999_1,,N110333,N110999,,69.000,0.00000000,0.02935000,136.900,136.900,0,0,0.000,0.000,0,,0
N110772_N110334_1,,N110772,N110334,,138.000,0.00000000,0.00815000,239.400,239.400,0,0,0.000,0.000,0,,0
N110335_N110888_1,,N110335,N110888,,69.000,0.00000000,0.04422000,131.500,131.500,0,0,0.000,0.000,0,,0
N111255_N110335_1,,N111255,N110335,,69.000,0.00000000,0.01033000,110.200,110.200,0,0,0.000,0.000,0,,0
N110335_N111387_1,,N110335,N111387,,69.000,0.00000000,0.01177000,113.600,113.600,0,0,0.000,0.000,0,,0
N110336_N110772_1,,N110336,N110772,,138.000,0.00000000,0.00945000,308.400,308.400,0,0,0.000,0.000,0,,0
N110336_N110803_1,,N110336,N110803,,138.000,0.00000000,0.01103000,262.800,262.800,0,0,0.000,0.000,0,,0
N110336_N110884_1,,N110336,N110884,,138.000,0.00000000,0.02406000,339.700,339.700,0,0,0.000,0.000,0,,0
N110336_N110884_2,,N110336,N110884,,138.000,0.00000000,0.02406000,339.700,339.700,0,0,0.000,0.000,0,,0
N110337_N110471_1,,N110337,N110471,,69.000,0.00000000,0.14231000,100.100,100.100,0,0,0.000,0.000,0,,0
N110337_N110773_1,,N110337,N110773,,69.000,0.00000000,0.01343000,118.700,118.700,0,0,0.000,0.000,0,,0
N110337_N110783_1,,N110337,N110783,,69.000,0.00000000,0.07706000,96.700,96.700,0,0,0.000,0.000,0,,0
N110904_N110338_1,,N110904,N110338,,138.000,0.00000000,0.01976000,301.400,301.400,0,0,0.000,0.000,0,,0
N110340_N110879_1,,N110340,N110879,,138.000,0.00000000,0.02337000,314.000,314.000,0,0,0.000,0.000,0,,0
N110340_N110879_2,,N110340,N110879,,138.000,0.00000000,0.02337000,314.000,314.000,0,0,0.000,0.000,0,,0
N110340_N111222_1,,N110340,N111222,,138.000,0.00000000,0.04614000,298.700,298.700,0,0,0.000,0.000,0,,0
N110340_N111236_1,,N110340,N111236,,138.000,0.00000000,0.05510000,300.100,300.100,0,0,0.000,0.000,0,,0
N110341_N110349_1,,N110341,N110349,,69.000,0.00000000,0.04822000,99.400,99.400,0,0,0.000,0.000,0,,0
N110349_N110344_1,,N110349,N110344,,69.000,0.00000000,0.04626000,105.600,105.600,0,0,0.000,0.000,0,,0
N110350_N110344_1,,N110350,N110344,,69.000,0.00000000,0.08666000,119.500,119.500,0,0,0.000,0.000,0,,0
N111075_N110344_1,,N111075,N110344,,69.000,0.00000000,0.03703000,141.800,141.800,0,0,0.000,0.000,0,,0
N110345_N110349_1,,N110345,N110349,,69.000,0.00000000,0.07056000,118.900,118.900,0,0,0.000,0.000,0,,0
N110345_N110469_1,,N110345,N110469,,69.000,0.00000000,0.05895000,99.300,99.300,0,0,0.000,0.000,0,,0
N110346_N110347_1,,N110346,N110347,,69.000,0.00000000,0.07692000,101.400,101.400,0,0,0.000,0.000,0,,0
N110346_N110469_1,,N110346,N110469,,69.000,0.00000000,0.09093000,94.800,94.800,0,0,0.000,0.000,0,,0
N111138_N110346_1,,N111138,N110346,,69.000,0.00000000,0.07336000,71.500,71.500,0,0,0.000,0.000,0,,0
N110352_N110347_1,,N110352,N110347,,69.000,0.00000000,0.05762000,95.300,95.300,0,0,0.000,0.000,0,,0
N111144_N110347_1,,N111144,N110347,,69.000,0.00000000,0.12245000,97.800,97.800,0,0,0.000,0.000,0,,0
N110349_N110348_1,,N110349,N110348,,69.000,0.00000000,0.04791000,115.600,115.600,0,0,0.000,0.000,0,,0
N110351_N110348_1,,N110351,N110348,,69.000,0.00000000,0.06441000,122.400,122.400,0,0,0.000,0.000,0,,0
N110350_N110478_1,,N110350,N110478,,69.000,0.00000000,0.02659000,103.800,103.800,0,0,0.000,0.000,0,,0
N110724_N110351_1,,N110724,N110351,,69.000,0.00000000,0.08077000,124.500,124.500,0,0,0.000,0.000,0,,0
N110721_N110352_1,,N110721,N110352,,69.000,0.00000000,0.07529000,98.900,98.900,0,0,0.000,0.000,0,,0
N111144_N110352_1,,N111144,N110352,,69.000,0.00000000,0.14638000,76.700,76.700,0,0,0.000,0.000,0,,0
N110365_N110353_1,,N110365,N110353,,138.000,0.00000000,0.01560000,268.800,268.800,0,0,0.000,0.000,0,,0
N110353_N110386_1,,N110353,N110386,,138.000,0.00000000,0.05367000,273.800,273.800,0,0,0.000,0.000,0,,0
N110354_N110362_1,,N110354,N110362,,69.000,0.00000000,0.05848000,130.600,130.600,0,0,0.000,0.000,0,,0
N110355_N110366_1,,N110355,N110366,,69.000,0.00000000,0.01060000,145.400,145.400,0,0,0.000,0.000,0,,0
N110355_N110925_1,,N110355,N110925,,69.000,0.00000000,0.03293000,112.800,112.800,0,0,0.000,0.000,0,,0
N110366_N110356_1,,N110366,N110356,,69.000,0.00000000,0.02788000,141.000,141.000,0,0,0.000,0.000,0,,0
N110932_N110356_1,,N110932,N110356,,69.000,0.00000000,0.04347000,108.200,108.200,0,0,0.000,0.000,0,,0
N110357_N230254_1,,N110357,N230254,,138.000,0.00000000,0.12534000,267.100,267.100,0,0,0.000,0.000,0,,0
N110358_N110361_1,,N110358,N110361,,69.000,0.00000000,0.04438000,126.500,126.500,0,0,0.000,0.000,0,,0
N110358_N110363_1,,N110358,N110363,,69.000,0.00000000,0.05768000,99.800,99.800,0,0,0.000,0.000,0,,0
N110359_N110364_1,,N110359,N110364,,69.000,0.00000000,0.03035000,102.500,102.500,0,0,0.000,0.000,0,,0
N110359_N110927_1,,N110359,N110927,,69.000,0.00000000,0.13395000,99.800,99.800,0,0,0.000,0.000,0,,0
N110361_N110360_1,,N110361,N110360,,69.000,0.00000000,0.04355000,121.300,121.300,0,0,0.000,0.000,0,,0
N110360_N110933_1,,N110360,N110933,,69.000,0.00000000,0.04555000,110.100,110.100,0,0,0.000,0.000,0,,0
N110364_N110366_1,,N110364,N110366,,69.000,0.00000000,0.00295000,180.000,180.000,0,0,0.000,0.000,0,,0
N110364_N110377_1,,N110364,N110377,,69.000,0.00000000,0.02094000,155.400,155.400,0,0,0.000,0.000,0,,0
N110975_N110365_1,,N110975,N110365,,138.000,0.00000000,0.01017000,290.100,290.100,0,0,0.000,0.000,0,,0
N110369_N110367_1,,N110369,N110367,,69.000,0.00000000,0.02071000,128.000,128.000,0,0,0.000,0.000,0,,0
N110367_N110380_1,,N110367,N110380,,69.000,0.00000000,0.03630000,103.400,103.400,0,0,0.000,0.000,0,,0
N110375_N110368_1,,N110375,N110368,,138.000,0.00000000,0.02275000,239.200,239.200,0,0,0.000,0.000,0,,0
N110369_N110372_1,,N110369,N110372,,69.000,0.00000000,0.01908000,96.700,96.700,0,0,0.000,0.000,0,,0
N110371_N110370_1,,N110371,N110370,,69.000,0.00000000,0.03503000,152.700,152.700,0,0,0.000,0.000,0,,0
N110376_N110370_1,,N110376,N110370,,69.000,0.00000000,0.03791000,134.300,134.300,0,0,0.000,0.000,0,,0
N110971_N110371_1,,N110971,N110371,,69.000,0.00000000,0.04588000,157.500,157.500,0,0,0.000,0.000,0,,0
N110522_N110372_1,,N110522,N110372,,69.000,0.00000000,0.03382000,107.200,107.200,0,0,0.000,0.000,0,,0
N110373_N110864_1,,N110373,N110864,,69.000,0.00000000,0.07021000,116.400,116.400,0,0,0.000,0.000,0,,0
N110373_N110954_1,,N110373,N110954,,69.000,0.00000000,0.02212000,117.500,117.500,0,0,0.000,0.000,0,,0
N110377_N110374_1,,N110377,N110374,,69.000,0.00000000,0.03152000,138.100,138.100,0,0,0.000,0.000,0,,0
N110374_N110384_1,,N110374,N110384,,69.000,0.00000000,0.00757000,151.800,151.800,0,0,0.000,0.000,0,,0
N110383_N110375_1,,N110383,N110375,,138.000,0.00000000,0.01259000,292.300,292.300,0,0,0.000,0.000,0,,0
N110375_N110953_1,,N110375,N110953,,138.000,0.00000000,0.03246000,311.800,311.800,0,0,0.000,0.000,0,,0
N110376_N110379_1,,N110376,N110379,,69.000,0.00000000,0.03277000,146.000,146.000,0,0,0.000,0.000,0,,0
N110377_N110378_1,,N110377,N110378,,69.000,0.00000000,0.02160000,127.600,127.600,0,0,0.000,0.000,0,,0
N110378_N110382_1,,N110378,N110382,,69.000,0.00000000,0.03840000,144.600,144.600,0,0,0.000,0.000,0,,0
N110384_N110379_1,,N110384,N110379,,69.000,0.00000000,0.01780000,128.300,128.300,0,0,0.000,0.000,0,,0
N110382_N110380_1,,N110382,N110380,,69.000,0.00000000,0.02371000,107.200,107.200,0,0,0.000,0.000,0,,0
N110380_N110976_1,,N110380,N110976,,69.000,0.00000000,0.05068000,98.100,98.100,0,0,0.000,0.000,0,,0
N110381_N110383_1,,N110381,N110383,,138.000,0.00000000,0.01788000,270.500,270.500,0,0,0.000,0.000,0,,0
N110381_N110975_1,,N110381,N110975,,138.000,0.00000000,0.01277000,290.000,290.000,0,0,0.000,0.000,0,,0
N110987_N110381_1,,N110987,N110381,,138.000,0.00000000,0.01229000,308.900,308.900,0,0,0.000,0.000,0,,0
N111178_N110385_1,,N111178,N110385,,138.000,0.00000000,0.01526000,250.700,250.700,0,0,0.000,0.000,0,,0
N230251_N110385_1,,N230251,N110385,,138.000,0.00000000,0.01863000,254.100,254.100,0,0,0.000,0.000,0,,0
N110386_N110929_1,,N110386,N110929,,138.000,0.00000000,0.02033000,276.200,276.200,0,0,0.000,0.000,0,,0
N110387_N110868_1,,N110387,N110868,,138.000,0.00000000,0.01242000,286.700,286.700,0,0,0.000,0.000,0,,0
N110387_N110873_1,,N110387,N110873,,138.000,0.00000000,0.01857000,263.400,263.400,0,0,0.000,0.000,0,,0
N110387_N111240_1,,N110387,N111240,,138.000,0.00000000,0.01548000,304.600,304.600,0,0,0.000,0.000,0,,0
N111245_N110387_1,,N111245,N110387,,138.000,0.00000000,0.01142000,308.800,308.800,0,0,0.000,0.000,0,,0
N110400_N110388_1,,N110400,N110388,,69.000,0.00000000,0.03593000,122.900,122.900,0,0,0.000,0.000,0,,0
N110388_N110533_1,,N110388,N110533,,69.000,0.00000000,0.03931000,128.500,128.500,0,0,0.000,0.000,0,,0
N110388_N110556_1,,N110388,N110556,,69.000,0.00000000,0.02192000,137.300,137.300,0,0,0.000,0.000,0,,0
N110388_N110865_1,,N110388,N110865,,69.000,0.00000000,0.04166000,116.500,116.500,0,0,0.000,0.000,0,,0
N110391_N110389_1,,N110391,N110389,,69.000,0.00000000,0.03211000,125.600,125.600,0,0,0.000,0.000,0,,0
N110400_N110389_1,,N110400,N110389,,69.000,0.00000000,0.04972000,102.300,102.300,0,0,0.000,0.000,0,,0
N110390_N110391_1,,N110390,N110391,,69.000,0.00000000,0.01800000,124.700,124.700,0,0,0.000,0.000,0,,0
N110390_N110393_1,,N110390,N110393,,69.000,0.00000000,0.04313000,148.900,148.900,0,0,0.000,0.000,0,,0
N110391_N110393_1,,N110391,N110393,,69.000,0.00000000,0.04163000,157.700,157.700,0,0,0.000,0.000,0,,0
N110391_N110555_1,,N110391,N110555,,69.000,0.00000000,0.06587000,125.200,125.200,0,0,0.000,0.000,0,,0
N110392_N111240_1,,N110392,N111240,,138.000,0.00000000,0.01395000,284.100,284.100,0,0,0.000,0.000,0,,0
N110392_N111371_1,,N110392,N111371,,138.000,0.00000000,0.01158000,336.700,336.700,0,0,0.000,0.000,0,,0
N110392_N111371_2,,N110392,N111371,,138.000,0.00000000,0.01158000,336.700,336.700,0,0,0.000,0.000,0,,0
N110393_N110406_1,,N110393,N110406,,69.000,0.00000000,0.01656000,154.400,154.400,0,0,0.000,0.000,0,,0
N110396_N110394_1,,N110396,N110394,,69.000,0.00000000,0.04504000,109.700,109.700,0,0,0.000,0.000,0,,0
N110394_N110401_1,,N110394,N110401,,69.000,0.00000000,0.08537000,141.700,141.700,0,0,0.000,0.000,0,,0
N110402_N110394_1,,N110402,N110394,,69.000,0.00000000,0.06614000,71.700,71.700,0,0,0.000,0.000,0,,0
N111019_N110395_1,,N111019,N110395,,138.000,0.00000000,0.04433000,250.100,250.100,0,0,0.000,0.000,0,,0
N111375_N110395_1,,N111375,N110395,,138.000,0.00000000,0.01714000,265.900,265.900,0,0,0.000,0.000,0,,0
N110401_N110399_1,,N110401,N110399,,69.000,0.00000000,0.06720000,144.000,144.000,0,0,0.000,0.000,0,,0
N110399_N110405_1,,N110399,N110405,,69.000,0.00000000,0.01542000,149.400,149.400,0,0,0.000,0.000,0,,0
N110402_N111024_1,,N110402,N111024,,69.000,0.00000000,0.09316000,77.500,77.500,0,0,0.000,0.000,0,,0
N111024_N110403_1,,N111024,N110403,,69.000,0.00000000,0.09908000,82.500,82.500,0,0,0.000,0.000,0,,0
N110403_N111027_1,,N110403,N111027,,69.000,0.00000000,0.03179000,85.600,85.600,0,0,0.000,0.000,0,,0
N110404_N111224_1,,N110404,N111224,,138.000,0.00000000,0.01104000,282.600,282.600,0,0,0.000,0.000,0,,0
N110404_N111224_2,,N110404,N111224,,138.000,0.00000000,0.01104000,282.600,282.600,0,0,0.000,0.000,0,,0
N111245_N110404_1,,N111245,N110404,,138.000,0.00000000,0.01245000,286.800,286.800,0,0,0.000,0.000,0,,0
N111371_N110404_1,,N111371,N110404,,138.000,0.00000000,0.01123000,335.300,335.300,0,0,0.000,0.000,0,,0
N111371_N110404_2,,N111371,N110404,,138.000,0.00000000,0.01123000,335.300,335.300,0,0,0.000,0.000,0,,0
N110406_N110405_1,,N110406,N110405,,69.000,0.00000000,0.03339000,151.300,151.300,0,0,0.000,0.000,0,,0
N110407_N110411_1,,N110407,N110411,,69.000,0.00000000,0.02917000,119.500,119.500,0,0,0.000,0.000,0,,0
N110407_N110431_1,,N110407,N110431,,69.000,0.00000000,0.02457000,94.500,94.500,0,0,0.000,0.000,0,,0
N111118_N110407_1,,N111118,N110407,,69.000,0.00000000,0.02419000,95.900,95.900,0,0,0.000,0.000,0,,0
N110408_N110409_1,,N110408,N110409,,69.000,0.00000000,0.03662000,122.900,122.900,0,0,0.000,0.000,0,,0
N110416_N110408_1,,N110416,N110408,,69.000,0.00000000,0.02664000,116.200,116.200,0,0,0.000,0.000,0,,0
N110419_N110408_1,,N110419,N110408,,69.000,0.00000000,0.01400000,124.800,124.800,0,0,0.000,0.000,0,,0
N110428_N110409_1,,N110428,N110409,,69.000,0.00000000,0.02936000,143.500,143.500,0,0,0.000,0.000,0,,0
N110430_N110409_1,,N110430,N110409,,69.000,0.00000000,0.00999000,159.300,159.300,0,0,0.000,0.000,0,,0
N110409_N110555_1,,N110409,N110555,,69.000,0.00000000,0.02035000,108.600,108.600,0,0,0.000,0.000,0,,0
N110410_N110414_1,,N110410,N110414,,138.000,0.00000000,0.01415000,267.000,267.000,0,0,0.000,0.000,0,,0
N110410_N110703_1,,N110410,N110703,,138.000,0.00000000,0.01520000,275.200,275.200,0,0,0.000,0.000,0,,0
N110410_N111383_1,,N110410,N111383,,138.000,0.00000000,0.00607000,298.300,298.300,0,0,0.000,0.000,0,,0
N110411_N110415_1,,N110411,N110415,,69.000,0.00000000,0.03437000,142.500,142.500,0,0,0.000,0.000,0,,0
N110411_N110425_1,,N110411,N110425,,69.000,0.00000000,0.03868000,111.800,111.800,0,0,0.000,0.000,0,,0
N111118_N110411_1,,N111118,N110411,,69.000,0.00000000,0.02317000,118.400,118.400,0,0,0.000,0.000,0,,0
N110414_N110418_1,,N110414,N110418,,138.000,0.00000000,0.01858000,296.000,296.000,0,0,0.000,0.000,0,,0
N110415_N110416_1,,N110415,N110416,,69.000,0.00000000,0.01176000,114.500,114.500,0,0,0.000,0.000,0,,0
N110415_N110419_1,,N110415,N110419,,69.000,0.00000000,0.01307000,148.600,148.600,0,0,0.000,0.000,0,,0
N110415_N110427_1,,N110415,N110427,,69.000,0.00000000,0.01609000,149.700,149.700,0,0,0.000,0.000,0,,0
N110417_N111269_1,,N110417,N111269,,345.000,0.00000000,0.00082000,1250.800,1250.800,0,1,0.000,0.000,0,,0
N111310_N110417_1,,N111310,N110417,,345.000,0.00000000,0.00355000,1180.200,1180.200,0,1,0.000,0.000,0,,0
N110421_N110418_1,,N110421,N110418,,138.000,0.00000000,0.00613000,343.000,343.000,0,0,0.000,0.000,0,,0
N110421_N110418_2,,N110421,N110418,,138.000,0.00000000,0.00613000,343.000,343.000,0,0,0.000,0.000,0,,0
N110429_N110418_1,,N110429,N110418,,138.000,0.00000000,0.01540000,293.200,293.200,0,0,0.000,0.000,0,,0
N110418_N111182_1,,N110418,N111182,,138.000,0.00000000,0.02307000,306.900,306.900,0,0,0.000,0.000,0,,0
N110430_N110419_1,,N110430,N110419,,69.000,0.00000000,0.02791000,142.700,142.700,0,0,0.000,0.000,0,,0
N110422_N110420_1,,N110422,N110420,,69.000,0.00000000,0.02380000,139.700,139.700,0,0,0.000,0.000,0,,0
N110420_N110423_1,,N110420,N110423,,69.000,0.00000000,0.03681000,138.900,138.900,0,0,0.000,0.000,0,,0
N110421_N110799_1,,N110421,N110799,,138.000,0.00000000,0.02659000,273.200,273.200,0,0,0.000,0.000,0,,0
N110421_N110866_1,,N110421,N110866,,138.000,0.00000000,0.02085000,306.100,306.100,0,0,0.000,0.000,0,,0
N110423_N110426_1,,N110423,N110426,,69.000,0.00000000,0.03052000,118.000,118.000,0,0,0.000,0.000,0,,0
N110427_N110423_1,,N110427,N110423,,69.000,0.00000000,0.01392000,111.500,111.500,0,0,0.000,0.000,0,,0
N110869_N110423_1,,N110869,N110423,,69.000,0.00000000,0.04878000,127.400,127.400,0,0,0.000,0.000,0,,0
N110426_N110424_1,,N110426,N110424,,69.000,0.00000000,0.04434000,122.200,122.200,0,0,0.000,0.000,0,,0
N110431_N110424_1,,N110431,N110424,,69.000,0.00000000,0.01756000,110.700,110.700,0,0,0.000,0.000,0,,0
N110425_N110428_1,,N110425,N110428,,69.000,0.00000000,0.03068000,138.300,138.300,0,0,0.000,0.000,0,,0
N110426_N110427_1,,N110426,N110427,,69.000,0.00000000,0.02195000,119.500,119.500,0,0,0.000,0.000,0,,0
N110428_N110430_1,,N110428,N110430,,69.000,0.00000000,0.02407000,157.000,157.000,0,0,0.000,0.000,0,,0
N110428_N110532_1,,N110428,N110532,,69.000,0.00000000,0.02407000,112.200,112.200,0,0,0.000,0.000,0,,0
N110429_N111245_1,,N110429,N111245,,138.000,0.00000000,0.01856000,292.900,292.900,0,0,0.000,0.000,0,,0
N111250_N110429_1,,N111250,N110429,,138.000,0.00000000,0.01754000,293.300,293.300,0,0,0.000,0.000,0,,0
N110429_N111265_1,,N110429,N111265,,138.000,0.00000000,0.00641000,293.000,293.000,0,0,0.000,0.000,0,,0
N110430_N110555_1,,N110430,N110555,,69.000,0.00000000,0.01589000,138.400,138.400,0,0,0.000,0.000,0,,0
N110800_N110431_1,,N110800,N110431,,69.000,0.00000000,0.01732000,123.700,123.700,0,0,0.000,0.000,0,,0
N110445_N110432_1,,N110445,N110432,,138.000,0.00000000,0.00621000,280.700,280.700,0,0,0.000,0.000,0,,0
N110432_N110553_1,,N110432,N110553,,138.000,0.00000000,0.00867000,261.600,261.600,0,0,0.000,0.000,0,,0
N110433_N110437_1,,N110433,N110437,,69.000,0.00000000,0.01726000,91.800,91.800,0,0,0.000,0.000,0,,0
N110448_N110433_1,,N110448,N110433,,69.000,0.00000000,0.01328000,127.400,127.400,0,0,0.000,0.000,0,,0
N110446_N110436_1,,N110446,N110436,,69.000,0.00000000,0.01914000,120.300,120.300,0,0,0.000,0.000,0,,0
N110455_N110436_1,,N110455,N110436,,69.000,0.00000000,0.02898000,128.600,128.600,0,0,0.000,0.000,0,,0
N110436_N111413_1,,N110436,N111413,,69.000,0.00000000,0.01729000,114.800,114.800,0,0,0.000,0.000,0,,0
N111413_N110437_1,,N111413,N110437,,69.000,0.00000000,0.00493000,115.400,115.400,0,0,0.000,0.000,0,,0
N110438_N110441_1,,N110438,N110441,,138.000,0.00000000,0.01396000,302.000,302.000,0,0,0.000,0.000,0,,0
N110458_N110438_1,,N110458,N110438,,138.000,0.00000000,0.01465000,270.400,270.400,0,0,0.000,0.000,0,,0
N110447_N110439_1,,N110447,N110439,,69.000,0.00000000,0.03114000,93.200,93.200,0,0,0.000,0.000,0,,0
N110439_N110451_1,,N110439,N110451,,69.000,0.00000000,0.05771000,118.600,118.600,0,0,0.000,0.000,0,,0
N110456_N110439_1,,N110456,N110439,,69.000,0.00000000,0.02574000,106.800,106.800,0,0,0.000,0.000,0,,0
N110439_N110461_1,,N110439,N110461,,69.000,0.00000000,0.04364000,118.200,118.200,0,0,0.000,0.000,0,,0
N111346_N110440_1,,N111346,N110440,,345.000,0.00000000,0.00640000,1249.900,1249.900,0,1,0.000,0.000,0,,0
N110440_N111393_1,,N110440,N111393,,345.000,0.00000000,0.00449000,1222.100,1222.100,0,1,0.000,0.000,0,,0
N110441_N110449_1,,N110441,N110449,,138.000,0.00000000,0.01409000,334.400,334.400,0,0,0.000,0.000,0,,0
N110441_N110449_2,,N110441,N110449,,138.000,0.00000000,0.01409000,334.400,334.400,0,0,0.000,0.000,0,,0
N110441_N110534_1,,N110441,N110534,,138.000,0.00000000,0.02794000,291.500,291.500,0,0,0.000,0.000,0,,0
N110451_N110442_1,,N110451,N110442,,69.000,0.00000000,0.03005000,119.000,119.000,0,0,0.000,0.000,0,,0
N110461_N110442_1,,N110461,N110442,,69.000,0.00000000,0.00931000,106.800,106.800,0,0,0.000,0.000,0,,0
N110458_N110445_1,,N110458,N110445,,138.000,0.00000000,0.01233000,317.100,317.100,0,0,0.000,0.000,0,,0
N110458_N110445_2,,N110458,N110445,,138.000,0.00000000,0.01233000,317.100,317.100,0,0,0.000,0.000,0,,0
N110462_N110445_1,,N110462,N110445,,138.000,0.00000000,0.01280000,278.200,278.200,0,0,0.000,0.000,0,,0
N110445_N110553_1,,N110445,N110553,,138.000,0.00000000,0.00793000,281.200,281.200,0,0,0.000,0.000,0,,0
N110456_N110447_1,,N110456,N110447,,69.000,0.00000000,0.02668000,89.600,89.600,0,0,0.000,0.000,0,,0
N110447_N110457_1,,N110447,N110457,,69.000,0.00000000,0.02561000,104.400,104.400,0,0,0.000,0.000,0,,0
N110475_N110448_1,,N110475,N110448,,69.000,0.00000000,0.01168000,107.400,107.400,0,0,0.000,0.000,0,,0
N110449_N110458_1,,N110449,N110458,,138.000,0.00000000,0.01485000,277.700,277.700,0,0,0.000,0.000,0,,0
N110462_N110449_1,,N110462,N110449,,138.000,0.00000000,0.01581000,306.000,306.000,0,0,0.000,0.000,0,,0
N110449_N110480_1,,N110449,N110480,,138.000,0.00000000,0.02454000,310.700,310.700,0,0,0.000,0.000,0,,0
N110449_N110480_2,,N110449,N110480,,138.000,0.00000000,0.02454000,310.700,310.700,0,0,0.000,0.000,0,,0
N111082_N110449_1,,N111082,N110449,,138.000,0.00000000,0.01822000,265.300,265.300,0,0,0.000,0.000,0,,0
N110449_N111088_1,,N110449,N111088,,138.000,0.00000000,0.01688000,309.500,309.500,0,0,0.000,0.000,0,,0
N110450_N110453_1,,N110450,N110453,,69.000,0.00000000,0.01790000,138.400,138.400,0,0,0.000,0.000,0,,0
N110451_N110540_1,,N110451,N110540,,69.000,0.00000000,0.01683000,129.000,129.000,0,0,0.000,0.000,0,,0
N110452_N110453_1,,N110452,N110453,,69.000,0.00000000,0.04335000,126.900,126.900,0,0,0.000,0.000,0,,0
N110479_N110452_1,,N110479,N110452,,69.000,0.00000000,0.04550000,122.400,122.400,0,0,0.000,0.000,0,,0
N110454_N110460_1,,N110454,N110460,,69.000,0.00000000,0.03057000,107.000,107.000,0,0,0.000,0.000,0,,0
N111083_N110454_1,,N111083,N110454,,69.000,0.00000000,0.04408000,107.200,107.200,0,0,0.000,0.000,0,,0
N110455_N110456_1,,N110455,N110456,,69.000,0.00000000,0.02540000,128.900,128.900,0,0,0.000,0.000,0,,0
N110459_N110455_1,,N110459,N110455,,69.000,0.00000000,0.02069000,120.200,120.200,0,0,0.000,0.000,0,,0
N110456_N110460_1,,N110456,N110460,,69.000,0.00000000,0.03203000,137.200,137.200,0,0,0.000,0.000,0,,0
N110457_N111087_1,,N110457,N111087,,69.000,0.00000000,0.01476000,87.300,87.300,0,0,0.000,0.000,0,,0
N111394_N110458_1,,N111394,N110458,,138.000,0.00000000,0.02365000,370.700,370.700,0,0,0.000,0.000,0,,0
N111394_N110458_2,,N111394,N110458,,138.000,0.00000000,0.02365000,370.700,370.700,0,0,0.000,0.000,0,,0
N110459_N110544_1,,N110459,N110544,,69.000,0.00000000,0.02800000,145.800,145.800,0,0,0.000,0.000,0,,0
N110460_N111084_1,,N110460,N111084,,69.000,0.00000000,0.03964000,160.400,160.400,0,0,0.000,0.000,0,,0
N110460_N111084_2,,N110460,N111084,,69.000,0.00000000,0.03964000,160.400,160.400,0,0,0.000,0.000,0,,0
N110460_N111094_1,,N110460,N111094,,69.000,0.00000000,0.03519000,125.500,125.500,0,0,0.000,0.000,0,,0
N110461_N110546_1,,N110461,N110546,,69.000,0.00000000,0.02716000,124.900,124.900,0,0,0.000,0.000,0,,0
N110472_N110463_1,,N110472,N110463,,69.000,0.00000000,0.01242000,152.000,152.000,0,0,0.000,0.000,0,,0
N110466_N110464_1,,N110466,N110464,,69.000,0.00000000,0.03088000,128.900,128.900,0,0,0.000,0.000,0,,0
N110464_N111104_1,,N110464,N111104,,69.000,0.00000000,0.01807000,132.700,132.700,0,0,0.000,0.000,0,,0
N110465_N110879_1,,N110465,N110879,,138.000,0.00000000,0.01132000,265.600,265.600,0,0,0.000,0.000,0,,0
N110467_N110470_1,,N110467,N110470,,69.000,0.00000000,0.01380000,115.900,115.900,0,0,0.000,0.000,0,,0
N110467_N110483_1,,N110467,N110483,,69.000,0.00000000,0.02326000,133.800,133.800,0,0,0.000,0.000,0,,0
N110467_N111112_1,,N110467,N111112,,69.000,0.00000000,0.01990000,100.200,100.200,0,0,0.000,0.000,0,,0
N110468_N110472_1,,N110468,N110472,,69.000,0.00000000,0.04391000,139.100,139.100,0,0,0.000,0.000,0,,0
N110483_N110468_1,,N110483,N110468,,69.000,0.00000000,0.02407000,117.800,117.800,0,0,0.000,0.000,0,,0
N111124_N110468_1,,N111124,N110468,,69.000,0.00000000,0.03159000,125.200,125.200,0,0,0.000,0.000,0,,0
N110469_N110471_1,,N110469,N110471,,69.000,0.00000000,0.02838000,114.100,114.100,0,0,0.000,0.000,0,,0
N110470_N110478_1,,N110470,N110478,,69.000,0.00000000,0.03752000,91.900,91.900,0,0,0.000,0.000,0,,0
N110474_N110471_1,,N110474,N110471,,69.000,0.00000000,0.03488000,112.200,112.200,0,0,0.000,0.000,0,,0
N110471_N110477_1,,N110471,N110477,,69.000,0.00000000,0.03829000,117.500,117.500,0,0,0.000,0.000,0,,0
N110472_N110479_1,,N110472,N110479,,69.000,0.00000000,0.03332000,140.700,140.700,0,0,0.000,0.000,0,,0
N110475_N110473_1,,N110475,N110473,,69.000,0.00000000,0.03996000,131.300,131.300,0,0,0.000,0.000,0,,0
N110473_N111112_1,,N110473,N111112,,69.000,0.00000000,0.03762000,107.400,107.400,0,0,0.000,0.000,0,,0
N110474_N110476_1,,N110474,N110476,,69.000,0.00000000,0.03195000,122.600,122.600,0,0,0.000,0.000,0,,0
N110474_N111104_1,,N110474,N111104,,69.000,0.00000000,0.01387000,138.300,138.300,0,0,0.000,0.000,0,,0
N110554_N110475_1,,N110554,N110475,,69.000,0.00000000,0.01689000,137.600,137.600,0,0,0.000,0.000,0,,0
N110476_N110481_1,,N110476,N110481,,69.000,0.00000000,0.01910000,136.700,136.700,0,0,0.000,0.000,0,,0
N110481_N110477_1,,N110481,N110477,,69.000,0.00000000,0.01847000,128.800,128.800,0,0,0.000,0.000,0,,0
N110482_N110480_1,,N110482,N110480,,138.000,0.00000000,0.01599000,271.900,271.900,0,0,0.000,0.000,0,,0
N110484_N111328_1,,N110484,N111328,,138.000,0.00000000,0.00865000,550.000,550.000,0,0,0.000,0.000,0,,0
N110484_N111385_1,,N110484,N111385,,138.000,0.00000000,0.01410000,244.500,244.500,0,0,0.000,0.000,0,,0
N110485_N110486_1,,N110485,N110486,,69.000,0.00000000,0.04003000,126.300,126.300,0,0,0.000,0.000,0,,0
N110485_N110491_1,,N110485,N110491,,69.000,0.00000000,0.06828000,64.000,64.000,0,0,0.000,0.000,0,,0
N110486_N110724_1,,N110486,N110724,,69.000,0.00000000,0.15935000,133.600,133.600,0,0,0.000,0.000,0,,0
N110487_N110489_1,,N110487,N110489,,69.000,0.00000000,0.02902000,130.900,130.900,0,0,0.000,0.000,0,,0
N110487_N110493_1,,N110487,N110493,,69.000,0.00000000,0.03773000,131.100,131.100,0,0,0.000,0.000,0,,0
N110487_N110715_1,,N110487,N110715,,69.000,0.00000000,0.05664000,138.200,138.200,0,0,0.000,0.000,0,,0
N110488_N110493_1,,N110488,N110493,,69.000,0.00000000,0.05453000,129.100,129.100,0,0,0.000,0.000,0,,0
N110488_N110726_1,,N110488,N110726,,69.000,0.00000000,0.06671000,124.900,124.900,0,0,0.000,0.000,0,,0
N110490_N110489_1,,N110490,N110489,,69.000,0.00000000,0.02558000,142.200,142.200,0,0,0.000,0.000,0,,0
N110490_N110495_1,,N110490,N110495,,69.000,0.00000000,0.04154000,150.400,150.400,0,0,0.000,0.000,0,,0
N111285_N110492_1,,N111285,N110492,,138.000,0.00000000,0.00890000,283.500,283.500,0,0,0.000,0.000,0,,0
N110494_N111359_1,,N110494,N111359,,138.000,0.00000000,0.02135000,273.500,273.500,0,0,0.000,0.000,0,,0
N110495_N110565_1,,N110495,N110565,,69.000,0.00000000,0.10176000,115.900,115.900,0,0,0.000,0.000,0,,0
N110496_N110498_1,,N110496,N110498,,69.000,0.00000000,0.07924000,96.200,96.200,0,0,0.000,0.000,0,,0
N110496_N110499_1,,N110496,N110499,,69.000,0.00000000,0.06852000,105.500,105.500,0,0,0.000,0.000,0,,0
N110503_N110496_1,,N110503,N110496,,69.000,0.00000000,0.04273000,94.000,94.000,0,0,0.000,0.000,0,,0
N110501_N110497_1,,N110501,N110497,,69.000,0.00000000,0.03798000,157.500,157.500,0,0,0.000,0.000,0,,0
N110497_N110815_1,,N110497,N110815,,69.000,0.00000000,0.06467000,151.700,151.700,0,0,0.000,0.000,0,,0
N110498_N110733_1,,N110498,N110733,,69.000,0.00000000,0.07540000,102.800,102.800,0,0,0.000,0.000,0,,0
N110499_N110501_1,,N110499,N110501,,69.000,0.00000000,0.12781000,102.300,102.300,0,0,0.000,0.000,0,,0
N110501_N110504_1,,N110501,N110504,,69.000,0.00000000,0.00998000,169.800,169.800,0,0,0.000,0.000,0,,0
N111409_N110502_1,,N111409,N110502,,138.000,0.00000000,0.02060000,235.700,235.700,0,0,0.000,0.000,0,,0
N110936_N110503_1,,N110936,N110503,,69.000,0.00000000,0.08809000,119.100,119.100,0,0,0.000,0.000,0,,0
N110504_N110814_1,,N110504,N110814,,69.000,0.00000000,0.03808000,167.900,167.900,0,0,0.000,0.000,0,,0
N110505_N110512_1,,N110505,N110512,,69.000,0.00000000,0.01864000,145.300,145.300,0,0,0.000,0.000,0,,0
N110505_N110525_1,,N110505,N110525,,69.000,0.00000000,0.03411000,126.600,126.600,0,0,0.000,0.000,0,,0
N110506_N110522_1,,N110506,N110522,,69.000,0.00000000,0.03192000,108.700,108.700,0,0,0.000,0.000,0,,0
N110506_N110962_1,,N110506,N110962,,69.000,0.00000000,0.04098000,132.300,132.300,0,0,0.000,0.000,0,,0
N110518_N110507_1,,N110518,N110507,,138.000,0.00000000,0.01442000,235.800,235.800,0,0,0.000,0.000,0,,0
N110507_N110524_1,,N110507,N110524,,138.000,0.00000000,0.02436000,244.800,244.800,0,0,0.000,0.000,0,,0
N110507_N110982_1,,N110507,N110982,,138.000,0.00000000,0.01684000,292.900,292.900,0,0,0.000,0.000,0,,0
N110508_N110517_1,,N110508,N110517,,69.000,0.00000000,0.03250000,133.100,133.100,0,0,0.000,0.000,0,,0
N110510_N110509_1,,N110510,N110509,,69.000,0.00000000,0.02795000,134.500,134.500,0,0,0.000,0.000,0,,0
N110523_N110509_1,,N110523,N110509,,69.000,0.00000000,0.06666000,104.700,104.700,0,0,0.000,0.000,0,,0
N110510_N110511_1,,N110510,N110511,,69.000,0.00000000,0.00921000,132.900,132.900,0,0,0.000,0.000,0,,0
N110525_N110510_1,,N110525,N110510,,69.000,0.00000000,0.01177000,132.800,132.800,0,0,0.000,0.000,0,,0
N110530_N110510_1,,N110530,N110510,,69.000,0.00000000,0.01219000,162.000,162.000,0,0,0.000,0.000,0,,0
N110511_N110527_1,,N110511,N110527,,69.000,0.00000000,0.02152000,149.000,149.000,0,0,0.000,0.000,0,,0
N110529_N110512_1,,N110529,N110512,,69.000,0.00000000,0.03241000,153.100,153.100,0,0,0.000,0.000,0,,0
N110513_N110701_1,,N110513,N110701,,138.000,0.00000000,0.05839000,224.000,224.000,0,0,0.000,0.000,0,,0
N110514_N110515_1,,N110514,N110515,,69.000,0.00000000,0.01630000,114.200,114.200,0,0,0.000,0.000,0,,0
N110514_N110847_1,,N110514,N110847,,69.000,0.00000000,0.03021000,112.400,112.400,0,0,0.000,0.000,0,,0
N110515_N111058_1,,N110515,N111058,,69.000,0.00000000,0.04080000,133.200,133.200,0,0,0.000,0.000,0,,0
N110520_N110516_1,,N110520,N110516,,69.000,0.00000000,0.01498000,154.500,154.500,0,0,0.000,0.000,0,,0
N110527_N110516_1,,N110527,N110516,,69.000,0.00000000,0.02473000,167.400,167.400,0,0,0.000,0.000,0,,0
N110517_N110522_1,,N110517,N110522,,69.000,0.00000000,0.02864000,109.100,109.100,0,0,0.000,0.000,0,,0
N110523_N110517_1,,N110523,N110517,,69.000,0.00000000,0.03881000,121.800,121.800,0,0,0.000,0.000,0,,0
N110519_N111074_1,,N110519,N111074,,69.000,0.00000000,0.02014000,150.200,150.200,0,0,0.000,0.000,0,,0
N110520_N110974_1,,N110520,N110974,,69.000,0.00000000,0.04933000,147.800,147.800,0,0,0.000,0.000,0,,0
N110836_N110521_1,,N110836,N110521,,69.000,0.00000000,0.02415000,105.900,105.900,0,0,0.000,0.000,0,,0
N110521_N111041_1,,N110521,N111041,,69.000,0.00000000,0.02732000,135.700,135.700,0,0,0.000,0.000,0,,0
N110526_N111033_1,,N110526,N111033,,138.000,0.00000000,0.01507000,295.200,295.200,0,0,0.000,0.000,0,,0
N110528_N110961_1,,N110528,N110961,,138.000,0.00000000,0.01402000,271.900,271.900,0,0,0.000,0.000,0,,0
N110529_N111032_1,,N110529,N111032,,69.000,0.00000000,0.06088000,114.700,114.700,0,0,0.000,0.000,0,,0
N110530_N111058_1,,N110530,N111058,,69.000,0.00000000,0.02717000,168.200,168.200,0,0,0.000,0.000,0,,0
N110536_N110531_1,,N110536,N110531,,69.000,0.00000000,0.01308000,116.400,116.400,0,0,0.000,0.000,0,,0
N110531_N110547_1,,N110531,N110547,,69.000,0.00000000,0.01905000,96.400,96.400,0,0,0.000,0.000,0,,0
N110549_N110531_1,,N110549,N110531,,69.000,0.00000000,0.01407000,120.500,120.500,0,0,0.000,0.000,0,,0
N110551_N110532_1,,N110551,N110532,,69.000,0.00000000,0.02584000,80.800,80.800,0,0,0.000,0.000,0,,0
N110532_N110558_1,,N110532,N110558,,69.000,0.00000000,0.01993000,116.800,116.800,0,0,0.000,0.000,0,,0
N110533_N110551_1,,N110533,N110551,,69.000,0.00000000,0.02024000,97.600,97.600,0,0,0.000,0.000,0,,0
N110533_N110555_1,,N110533,N110555,,69.000,0.00000000,0.02352000,136.600,136.600,0,0,0.000,0.000,0,,0
N111230_N110534_1,,N111230,N110534,,138.000,0.00000000,0.00759000,283.000,283.000,0,0,0.000,0.000,0,,0
N110535_N110549_1,,N110535,N110549,,69.000,0.00000000,0.02181000,129.600,129.600,0,0,0.000,0.000,0,,0
N110559_N110535_1,,N110559,N110535,,69.000,0.00000000,0.01814000,150.000,150.000,0,0,0.000,0.000,0,,0
N110538_N110536_1,,N110538,N110536,,69.000,0.00000000,0.02259000,135.100,135.100,0,0,0.000,0.000,0,,0
N110542_N110536_1,,N110542,N110536,,69.000,0.00000000,0.01627000,142.700,142.700,0,0,0.000,0.000,0,,0
N110537_N110542_1,,N110537,N110542,,69.000,0.00000000,0.02147000,143.500,143.500,0,0,0.000,0.000,0,,0
N110537_N110543_1,,N110537,N110543,,69.000,0.00000000,0.01285000,113.600,113.600,0,0,0.000,0.000,0,,0
N110558_N110537_1,,N110558,N110537,,69.000,0.00000000,0.02401000,140.000,140.000,0,0,0.000,0.000,0,,0
N110538_N110556_1,,N110538,N110556,,69.000,0.00000000,0.01249000,122.100,122.100,0,0,0.000,0.000,0,,0
N110540_N110539_1,,N110540,N110539,,69.000,0.00000000,0.02679000,134.900,134.900,0,0,0.000,0.000,0,,0
N110539_N110552_1,,N110539,N110552,,69.000,0.00000000,0.01936000,109.700,109.700,0,0,0.000,0.000,0,,0
N110540_N110559_1,,N110540,N110559,,69.000,0.00000000,0.03070000,119.400,119.400,0,0,0.000,0.000,0,,0
N111105_N110541_1,,N111105,N110541,,138.000,0.00000000,0.01317000,309.600,309.600,0,0,0.000,0.000,0,,0
N110541_N111219_1,,N110541,N111219,,138.000,0.00000000,0.01629000,288.300,288.300,0,0,0.000,0.000,0,,0
N110541_N111230_1,,N110541,N111230,,138.000,0.00000000,0.02198000,298.600,298.600,0,0,0.000,0.000,0,,0
N110541_N111342_1,,N110541,N111342,,138.000,0.00000000,0.02077000,287.300,287.300,0,0,0.000,0.000,0,,0
N110543_N110542_1,,N110543,N110542,,69.000,0.00000000,0.01130000,159.900,159.900,0,0,0.000,0.000,0,,0
N110550_N110542_1,,N110550,N110542,,69.000,0.00000000,0.03147000,122.700,122.700,0,0,0.000,0.000,0,,0
N110542_N110557_1,,N110542,N110557,,69.000,0.00000000,0.02194000,125.000,125.000,0,0,0.000,0.000,0,,0
N111106_N110543_1,,N111106,N110543,,69.000,0.00000000,0.01360000,136.700,136.700,0,0,0.000,0.000,0,,0
N110543_N111109_1,,N110543,N111109,,69.000,0.00000000,0.03358000,119.400,119.400,0,0,0.000,0.000,0,,0
N110544_N110547_1,,N110544,N110547,,69.000,0.00000000,0.05607000,104.200,104.200,0,0,0.000,0.000,0,,0
N110544_N110554_1,,N110544,N110554,,69.000,0.00000000,0.01334000,119.900,119.900,0,0,0.000,0.000,0,,0
N110544_N110560_1,,N110544,N110560,,69.000,0.00000000,0.05431000,126.600,126.600,0,0,0.000,0.000,0,,0
N110545_N110548_1,,N110545,N110548,,69.000,0.00000000,0.02448000,127.700,127.700,0,0,0.000,0.000,0,,0
N110556_N110545_1,,N110556,N110545,,69.000,0.00000000,0.01819000,134.800,134.800,0,0,0.000,0.000,0,,0
N110546_N110559_1,,N110546,N110559,,69.000,0.00000000,0.01507000,104.900,104.900,0,0,0.000,0.000,0,,0
N110552_N110548_1,,N110552,N110548,,69.000,0.00000000,0.03168000,105.300,105.300,0,0,0.000,0.000,0,,0
N110550_N111121_1,,N110550,N111121,,69.000,0.00000000,0.05061000,110.700,110.700,0,0,0.000,0.000,0,,0
N110557_N110560_1,,N110557,N110560,,69.000,0.00000000,0.02375000,106.400,106.400,0,0,0.000,0.000,0,,0
N110560_N111101_1,,N110560,N111101,,69.000,0.00000000,0.02386000,107.500,107.500,0,0,0.000,0.000,0,,0
N110566_N110561_1,,N110566,N110561,,138.000,0.00000000,0.02527000,242.800,242.800,0,0,0.000,0.000,0,,0
N110562_N110570_1,,N110562,N110570,,69.000,0.00000000,0.09140000,104.400,104.400,0,0,0.000,0.000,0,,0
N110723_N110562_1,,N110723,N110562,,69.000,0.00000000,0.07678000,109.000,109.000,0,0,0.000,0.000,0,,0
N110569_N110565_1,,N110569,N110565,,69.000,0.00000000,0.07239000,114.600,114.600,0,0,0.000,0.000,0,,0
N110566_N111328_1,,N110566,N111328,,138.000,0.00000000,0.02488000,277.400,277.400,0,0,0.000,0.000,0,,0
N110723_N110567_1,,N110723,N110567,,69.000,0.00000000,0.09518000,137.100,137.100,0,0,0.000,0.000,0,,0
N110571_N110569_1,,N110571,N110569,,69.000,0.00000000,0.08516000,121.400,121.400,0,0,0.000,0.000,0,,0
N110572_N110569_1,,N110572,N110569,,69.000,0.00000000,0.06806000,119.600,119.600,0,0,0.000,0.000,0,,0
N110570_N110739_1,,N110570,N110739,,69.000,0.00000000,0.13916000,94.800,94.800,0,0,0.000,0.000,0,,0
N110571_N110572_1,,N110571,N110572,,69.000,0.00000000,0.04458000,115.500,115.500,0,0,0.000,0.000,0,,0
N110573_N110571_1,,N110573,N110571,,69.000,0.00000000,0.08754000,119.100,119.100,0,0,0.000,0.000,0,,0
N110739_N110573_1,,N110739,N110573,,69.000,0.00000000,0.12870000,116.900,116.900,0,0,0.000,0.000,0,,0
N110576_N110574_1,,N110576,N110574,,69.000,0.00000000,0.02173000,125.500,125.500,0,0,0.000,0.000,0,,0
N110574_N110578_1,,N110574,N110578,,69.000,0.00000000,0.02668000,115.800,115.800,0,0,0.000,0.000,0,,0
N110574_N110806_1,,N110574,N110806,,69.000,0.00000000,0.02624000,138.100,138.100,0,0,0.000,0.000,0,,0
N110586_N110575_1,,N110586,N110575,,138.000,0.00000000,0.01807000,312.700,312.700,0,0,0.000,0.000,0,,0
N110586_N110575_2,,N110586,N110575,,138.000,0.00000000,0.01807000,312.700,312.700,0,0,0.000,0.000,0,,0
N110575_N110588_1,,N110575,N110588,,138.000,0.00000000,0.01297000,283.400,283.400,0,0,0.000,0.000,0,,0
N110577_N110584_1,,N110577,N110584,,69.000,0.00000000,0.01984000,128.800,128.800,0,0,0.000,0.000,0,,0
N110813_N110577_1,,N110813,N110577,,69.000,0.00000000,0.03223000,123.400,123.400,0,0,0.000,0.000,0,,0
N110577_N110817_1,,N110577,N110817,,69.000,0.00000000,0.04692000,133.400,133.400,0,0,0.000,0.000,0,,0
N110578_N111153_1,,N110578,N111153,,69.000,0.00000000,0.06061000,142.900,142.900,0,0,0.000,0.000,0,,0
N110580_N110584_1,,N110580,N110584,,69.000,0.00000000,0.02644000,129.000,129.000,0,0,0.000,0.000,0,,0
N110586_N110581_1,,N110586,N110581,,138.000,0.00000000,0.02857000,278.300,278.300,0,0,0.000,0.000,0,,0
N110582_N110994_1,,N110582,N110994,,69.000,0.00000000,0.10006000,131.900,131.900,0,0,0.000,0.000,0,,0
N110587_N110583_1,,N110587,N110583,,69.000,0.00000000,0.02255000,139.400,139.400,0,0,0.000,0.000,0,,0
N110583_N110812_1,,N110583,N110812,,69.000,0.00000000,0.02264000,130.900,130.900,0,0,0.000,0.000,0,,0
N110585_N110943_1,,N110585,N110943,,345.000,0.00000000,0.00825000,1163.000,1163.000,0,1,0.000,0.000,0,,0
N111171_N110585_1,,N111171,N110585,,345.000,0.00000000,0.00630000,1158.800,1158.800,0,1,0.000,0.000,0,,0
N110586_N110818_1,,N110586,N110818,,138.000,0.00000000,0.02362000,286.500,286.500,0,0,0.000,0.000,0,,0
N110596_N110590_1,,N110596,N110590,,69.000,0.00000000,0.03392000,77.400,77.400,0,0,0.000,0.000,0,,0
N110590_N110601_1,,N110590,N110601,,69.000,0.00000000,0.08408000,86.200,86.200,0,0,0.000,0.000,0,,0
N110590_N110960_1,,N110590,N110960,,69.000,0.00000000,0.11071000,78.300,78.300,0,0,0.000,0.000,0,,0
N110599_N110592_1,,N110599,N110592,,69.000,0.00000000,0.05204000,122.400,122.400,0,0,0.000,0.000,0,,0
N110592_N110600_1,,N110592,N110600,,69.000,0.00000000,0.01826000,130.400,130.400,0,0,0.000,0.000,0,,0
N110593_N110598_1,,N110593,N110598,,69.000,0.00000000,0.01536000,121.900,121.900,0,0,0.000,0.000,0,,0
N110593_N110600_1,,N110593,N110600,,69.000,0.00000000,0.03115000,118.200,118.200,0,0,0.000,0.000,0,,0
N110594_N110595_1,,N110594,N110595,,69.000,0.00000000,0.10726000,67.300,67.300,0,0,0.000,0.000,0,,0
N110594_N110596_1,,N110594,N110596,,69.000,0.00000000,0.13987000,62.000,62.000,0,0,0.000,0.000,0,,0
N110595_N110967_1,,N110595,N110967,,69.000,0.00000000,0.07628000,99.600,99.600,0,0,0.000,0.000,0,,0
N110597_N110966_1,,N110597,N110966,,138.000,0.00000000,0.02752000,261.400,261.400,0,0,0.000,0.000,0,,0
N111039_N110598_1,,N111039,N110598,,69.000,0.00000000,0.02036000,140.300,140.300,0,0,0.000,0.000,0,,0
N110599_N110602_1,,N110599,N110602,,69.000,0.00000000,0.02909000,89.800,89.800,0,0,0.000,0.000,0,,0
N111044_N110599_1,,N111044,N110599,,69.000,0.00000000,0.04060000,110.500,110.500,0,0,0.000,0.000,0,,0
N110601_N110967_1,,N110601,N110967,,69.000,0.00000000,0.04809000,89.300,89.300,0,0,0.000,0.000,0,,0
N110602_N110965_1,,N110602,N110965,,69.000,0.00000000,0.07923000,101.900,101.900,0,0,0.000,0.000,0,,0
N110603_N110621_1,,N110603,N110621,,69.000,0.00000000,0.01232000,113.700,113.700,0,0,0.000,0.000,0,,0
N110633_N110603_1,,N110633,N110603,,69.000,0.00000000,0.01358000,103.600,103.600,0,0,0.000,0.000,0,,0
N110611_N110604_1,,N110611,N110604,,69.000,0.00000000,0.00763000,105.900,105.900,0,0,0.000,0.000,0,,0
N110688_N110604_1,,N110688,N110604,,69.000,0.00000000,0.00692000,94.800,94.800,0,0,0.000,0.000,0,,0
N110605_N110648_1,,N110605,N110648,,69.000,0.00000000,0.02166000,124.000,124.000,0,0,0.000,0.000,0,,0
N110605_N110650_1,,N110605,N110650,,69.000,0.00000000,0.01010000,103.300,103.300,0,0,0.000,0.000,0,,0
N110605_N110652_1,,N110605,N110652,,69.000,0.00000000,0.00210000,118.100,118.100,0,0,0.000,0.000,0,,0
N110677_N110605_1,,N110677,N110605,,69.000,0.00000000,0.00467000,116.600,116.600,0,0,0.000,0.000,0,,0
N110606_N110937_1,,N110606,N110937,,138.000,0.00000000,0.03568000,277.400,277.400,0,0,0.000,0.000,0,,0
N110607_N110611_1,,N110607,N110611,,69.000,0.00000000,0.01282000,107.000,107.000,0,0,0.000,0.000,0,,0
N110607_N110646_1,,N110607,N110646,,69.000,0.00000000,0.00830000,125.000,125.000,0,0,0.000,0.000,0,,0
N110647_N110607_1,,N110647,N110607,,69.000,0.00000000,0.01523000,126.600,126.600,0,0,0.000,0.000,0,,0
N110607_N110906_1,,N110607,N110906,,69.000,0.00000000,0.03645000,148.500,148.500,0,0,0.000,0.000,0,,0
N110608_N110617_1,,N110608,N110617,,69.000,0.00000000,0.00539000,139.100,139.100,0,0,0.000,0.000,0,,0
N110670_N110608_1,,N110670,N110608,,69.000,0.00000000,0.01165000,112.300,112.300,0,0,0.000,0.000,0,,0
N110608_N111164_1,,N110608,N111164,,69.000,0.00000000,0.01676000,162.400,162.400,0,0,0.000,0.000,0,,0
N110609_N110621_1,,N110609,N110621,,69.000,0.00000000,0.01207000,129.000,129.000,0,0,0.000,0.000,0,,0
N110609_N110672_1,,N110609,N110672,,69.000,0.00000000,0.02313000,136.400,136.400,0,0,0.000,0.000,0,,0
N110645_N110610_1,,N110645,N110610,,69.000,0.00000000,0.00786000,131.900,131.900,0,0,0.000,0.000,0,,0
N110610_N110909_1,,N110610,N110909,,69.000,0.00000000,0.00807000,131.400,131.400,0,0,0.000,0.000,0,,0
N110612_N110625_1,,N110612,N110625,,69.000,0.00000000,0.01103000,106.400,106.400,0,0,0.000,0.000,0,,0
N110612_N110663_1,,N110612,N110663,,69.000,0.00000000,0.01559000,117.500,117.500,0,0,0.000,0.000,0,,0
N110612_N110681_1,,N110612,N110681,,69.000,0.00000000,0.00707000,121.800,121.800,0,0,0.000,0.000,0,,0
N110613_N110645_1,,N110613,N110645,,69.000,0.00000000,0.00604000,135.000,135.000,0,0,0.000,0.000,0,,0
N110613_N110673_1,,N110613,N110673,,69.000,0.00000000,0.01385000,138.700,138.700,0,0,0.000,0.000,0,,0
N110614_N110628_1,,N110614,N110628,,69.000,0.00000000,0.00638000,96.500,96.500,0,0,0.000,0.000,0,,0
N110614_N110629_1,,N110614,N110629,,69.000,0.00000000,0.01049000,105.300,105.300,0,0,0.000,0.000,0,,0
N110614_N110688_1,,N110614,N110688,,69.000,0.00000000,0.01215000,88.300,88.300,0,0,0.000,0.000,0,,0
N110684_N110615_1,,N110684,N110615,,69.000,0.00000000,0.01070000,108.100,108.100,0,0,0.000,0.000,0,,0
N110615_N111131_1,,N110615,N111131,,69.000,0.00000000,0.05329000,115.200,115.200,0,0,0.000,0.000,0,,0
N110616_N110642_1,,N110616,N110642,,69.000,0.00000000,0.02276000,68.200,68.200,0,0,0.000,0.000,0,,0
N110644_N110616_1,,N110644,N110616,,69.000,0.00000000,0.01505000,83.300,83.300,0,0,0.000,0.000,0,,0
N110617_N110673_1,,N110617,N110673,,69.000,0.00000000,0.00526000,141.900,141.900,0,0,0.000,0.000,0,,0
N110643_N110618_1,,N110643,N110618,,69.000,0.00000000,0.01244000,93.100,93.100,0,0,0.000,0.000,0,,0
N110618_N110667_1,,N110618,N110667,,69.000,0.00000000,0.01822000,99.500,99.500,0,0,0.000,0.000,0,,0
N110618_N110669_1,,N110618,N110669,,69.000,0.00000000,0.01195000,114.100,114.100,0,0,0.000,0.000,0,,0
N110665_N110619_1,,N110665,N110619,,69.000,0.00000000,0.03158000,120.800,120.800,0,0,0.000,0.000,0,,0
N110619_N110672_1,,N110619,N110672,,69.000,0.00000000,0.03542000,120.100,120.100,0,0,0.000,0.000,0,,0
N110628_N110620_1,,N110628,N110620,,69.000,0.00000000,0.01590000,104.400,104.400,0,0,0.000,0.000,0,,0
N110620_N110681_1,,N110620,N110681,,69.000,0.00000000,0.00879000,115.900,115.900,0,0,0.000,0.000,0,,0
N110620_N111168_1,,N110620,N111168,,69.000,0.00000000,0.06186000,117.500,117.500,0,0,0.000,0.000,0,,0
N110639_N110621_1,,N110639,N110621,,69.000,0.00000000,0.00855000,111.100,111.100,0,0,0.000,0.000,0,,0
N110642_N110622_1,,N110642,N110622,,69.000,0.00000000,0.00968000,79.700,79.700,0,0,0.000,0.000,0,,0
N110622_N110684_1,,N110622,N110684,,69.000,0.00000000,0.00403000,81.800,81.800,0,0,0.000,0.000,0,,0
N110623_N110632_1,,N110623,N110632,,69.000,0.00000000,0.00866000,126.800,126.800,0,0,0.000,0.000,0,,0
N110623_N110949_1,,N110623,N110949,,69.000,0.00000000,0.01476000,132.600,132.600,0,0,0.000,0.000,0,,0
N110638_N110624_1,,N110638,N110624,,69.000,0.00000000,0.01342000,146.300,146.300,0,0,0.000,0.000,0,,0
N110676_N110624_1,,N110676,N110624,,69.000,0.00000000,0.00566000,145.000,145.000,0,0,0.000,0.000,0,,0
N110664_N110625_1,,N110664,N110625,,69.000,0.00000000,0.02102000,96.400,96.400,0,0,0.000,0.000,0,,0
N110656_N110626_1,,N110656,N110626,,69.000,0.00000000,0.01072000,109.700,109.700,0,0,0.000,0.000,0,,0
N110626_N110668_1,,N110626,N110668,,69.000,0.00000000,0.00983000,106.700,106.700,0,0,0.000,0.000,0,,0
N110627_N110661_1,,N110627,N110661,,69.000,0.00000000,0.00744000,136.100,136.100,0,0,0.000,0.000,0,,0
N110681_N110627_1,,N110681,N110627,,69.000,0.00000000,0.01350000,138.800,138.800,0,0,0.000,0.000,0,,0
N110629_N110631_1,,N110629,N110631,,69.000,0.00000000,0.01223000,83.400,83.400,0,0,0.000,0.000,0,,0
N110630_N110631_1,,N110630,N110631,,69.000,0.00000000,0.01416000,93.200,93.200,0,0,0.000,0.000,0,,0
N110630_N110634_1,,N110630,N110634,,69.000,0.00000000,0.01359000,101.600,101.600,0,0,0.000,0.000,0,,0
N110632_N110664_1,,N110632,N110664,,69.000,0.00000000,0.02827000,122.100,122.100,0,0,0.000,0.000,0,,0
N110633_N110671_1,,N110633,N110671,,69.000,0.00000000,0.01817000,100.800,100.800,0,0,0.000,0.000,0,,0
N110639_N110634_1,,N110639,N110634,,69.000,0.00000000,0.00613000,109.200,109.200,0,0,0.000,0.000,0,,0
N110635_N110729_1,,N110635,N110729,,138.000,0.00000000,0.02630000,348.600,348.600,0,0,0.000,0.000,0,,0
N110635_N110729_2,,N110635,N110729,,138.000,0.00000000,0.02630000,348.600,348.600,0,0,0.000,0.000,0,,0
N111169_N110635_1,,N111169,N110635,,138.000,0.00000000,0.01523000,335.600,335.600,0,0,0.000,0.000,0,,0
N111169_N110635_2,,N111169,N110635,,138.000,0.00000000,0.01523000,335.600,335.600,0,0,0.000,0.000,0,,0
N110637_N110636_1,,N110637,N110636,,69.000,0.00000000,0.01434000,152.900,152.900,0,0,0.000,0.000,0,,0
N110685_N110637_1,,N110685,N110637,,69.000,0.00000000,0.01091000,152.000,152.000,0,0,0.000,0.000,0,,0
N110685_N110638_1,,N110685,N110638,,69.000,0.00000000,0.00437000,151.000,151.000,0,0,0.000,0.000,0,,0
N110640_N110641_1,,N110640,N110641,,69.000,0.00000000,0.01493000,124.800,124.800,0,0,0.000,0.000,0,,0
N110640_N110672_1,,N110640,N110672,,69.000,0.00000000,0.02034000,111.700,111.700,0,0,0.000,0.000,0,,0
N110640_N110949_1,,N110640,N110949,,69.000,0.00000000,0.01503000,130.200,130.200,0,0,0.000,0.000,0,,0
N110641_N110736_1,,N110641,N110736,,69.000,0.00000000,0.07965000,129.700,129.700,0,0,0.000,0.000,0,,0
N110650_N110643_1,,N110650,N110643,,69.000,0.00000000,0.01230000,102.200,102.200,0,0,0.000,0.000,0,,0
N110938_N110644_1,,N110938,N110644,,69.000,0.00000000,0.05671000,89.000,89.000,0,0,0.000,0.000,0,,0
N110673_N110646_1,,N110673,N110646,,69.000,0.00000000,0.00945000,145.700,145.700,0,0,0.000,0.000,0,,0
N110646_N110689_1,,N110646,N110689,,69.000,0.00000000,0.01806000,106.000,106.000,0,0,0.000,0.000,0,,0
N110647_N110649_1,,N110647,N110649,,69.000,0.00000000,0.01782000,105.600,105.600,0,0,0.000,0.000,0,,0
N110678_N110647_1,,N110678,N110647,,69.000,0.00000000,0.01042000,98.800,98.800,0,0,0.000,0.000,0,,0
N110647_N110905_1,,N110647,N110905,,69.000,0.00000000,0.05525000,116.400,116.400,0,0,0.000,0.000,0,,0
N110648_N111149_1,,N110648,N111149,,69.000,0.00000000,0.02993000,121.100,121.100,0,0,0.000,0.000,0,,0
N110651_N110649_1,,N110651,N110649,,69.000,0.00000000,0.01504000,98.800,98.800,0,0,0.000,0.000,0,,0
N110651_N110668_1,,N110651,N110668,,69.000,0.00000000,0.00630000,93.300,93.300,0,0,0.000,0.000,0,,0
N110652_N110679_1,,N110652,N110679,,69.000,0.00000000,0.01333000,129.800,129.800,0,0,0.000,0.000,0,,0
N110689_N110652_1,,N110689,N110652,,69.000,0.00000000,0.00298000,106.600,106.600,0,0,0.000,0.000,0,,0
N110653_N110654_1,,N110653,N110654,,69.000,0.00000000,0.01505000,108.700,108.700,0,0,0.000,0.000,0,,0
N110677_N110653_1,,N110677,N110653,,69.000,0.00000000,0.00835000,180.000,180.000,0,0,0.000,0.000,0,,0
N110654_N110662_1,,N110654,N110662,,69.000,0.00000000,0.01824000,110.600,110.600,0,0,0.000,0.000,0,,0
N110654_N110917_1,,N110654,N110917,,69.000,0.00000000,0.01751000,142.000,142.000,0,0,0.000,0.000,0,,0
N110655_N110916_1,,N110655,N110916,,138.000,0.00000000,0.01826000,314.500,314.500,0,0,0.000,0.000,0,,0
N110655_N111338_1,,N110655,N111338,,138.000,0.00000000,0.03132000,337.800,337.800,0,0,0.000,0.000,0,,0
N110655_N111338_2,,N110655,N111338,,138.000,0.00000000,0.03132000,337.800,337.800,0,0,0.000,0.000,0,,0
N110656_N110669_1,,N110656,N110669,,69.000,0.00000000,0.01070000,111.300,111.300,0,0,0.000,0.000,0,,0
N110656_N110687_1,,N110656,N110687,,69.000,0.00000000,0.00798000,150.400,150.400,0,0,0.000,0.000,0,,0
N110657_N110666_1,,N110657,N110666,,69.000,0.00000000,0.03083000,137.800,137.800,0,0,0.000,0.000,0,,0
N110657_N110679_1,,N110657,N110679,,69.000,0.00000000,0.00272000,136.700,136.700,0,0,0.000,0.000,0,,0
N110658_N110659_1,,N110658,N110659,,69.000,0.00000000,0.01570000,130.000,130.000,0,0,0.000,0.000,0,,0
N110660_N110658_1,,N110660,N110658,,69.000,0.00000000,0.01862000,110.100,110.100,0,0,0.000,0.000,0,,0
N110658_N110923_1,,N110658,N110923,,69.000,0.00000000,0.05518000,152.100,152.100,0,0,0.000,0.000,0,,0
N110680_N110659_1,,N110680,N110659,,69.000,0.00000000,0.01562000,119.300,119.300,0,0,0.000,0.000,0,,0
N110659_N111142_1,,N110659,N111142,,69.000,0.00000000,0.01169000,106.600,106.600,0,0,0.000,0.000,0,,0
N110660_N110684_1,,N110660,N110684,,69.000,0.00000000,0.02061000,111.400,111.400,0,0,0.000,0.000,0,,0
N110661_N110952_1,,N110661,N110952,,69.000,0.00000000,0.06168000,131.900,131.900,0,0,0.000,0.000,0,,0
N110662_N110678_1,,N110662,N110678,,69.000,0.00000000,0.00758000,109.200,109.200,0,0,0.000,0.000,0,,0
N110663_N110945_1,,N110663,N110945,,69.000,0.00000000,0.10330000,118.700,118.700,0,0,0.000,0.000,0,,0
N110667_N110664_1,,N110667,N110664,,69.000,0.00000000,0.01036000,105.800,105.800,0,0,0.000,0.000,0,,0
N110664_N110670_1,,N110664,N110670,,69.000,0.00000000,0.01841000,120.100,120.100,0,0,0.000,0.000,0,,0
N110665_N110731_1,,N110665,N110731,,69.000,0.00000000,0.08239000,127.500,127.500,0,0,0.000,0.000,0,,0
N111141_N110666_1,,N111141,N110666,,69.000,0.00000000,0.07478000,142.400,142.400,0,0,0.000,0.000,0,,0
N110671_N110946_1,,N110671,N110946,,69.000,0.00000000,0.02526000,109.800,109.800,0,0,0.000,0.000,0,,0
N110674_N110675_1,,N110674,N110675,,69.000,0.00000000,0.00778000,144.500,144.500,0,0,0.000,0.000,0,,0
N110676_N110674_1,,N110676,N110674,,69.000,0.00000000,0.01350000,139.400,139.400,0,0,0.000,0.000,0,,0
N110674_N110683_1,,N110674,N110683,,69.000,0.00000000,0.01119000,137.000,137.000,0,0,0.000,0.000,0,,0
N110675_N110686_1,,N110675,N110686,,69.000,0.00000000,0.00944000,147.300,147.300,0,0,0.000,0.000,0,,0
N110679_N110680_1,,N110679,N110680,,69.000,0.00000000,0.00999000,126.300,126.300,0,0,0.000,0.000,0,,0
N110918_N110682_1,,N110918,N110682,,69.000,0.00000000,0.02744000,107.700,107.700,0,0,0.000,0.000,0,,0
N110682_N111165_1,,N110682,N111165,,69.000,0.00000000,0.00925000,106.800,106.800,0,0,0.000,0.000,0,,0
N110683_N111165_1,,N110683,N111165,,69.000,0.00000000,0.01490000,135.100,135.100,0,0,0.000,0.000,0,,0
N110687_N110686_1,,N110687,N110686,,69.000,0.00000000,0.00801000,148.900,148.900,0,0,0.000,0.000,0,,0
N110690_N110794_1,,N110690,N110794,,69.000,0.00000000,0.01285000,126.500,126.500,0,0,0.000,0.000,0,,0
N110690_N110795_1,,N110690,N110795,,69.000,0.00000000,0.01013000,112.600,112.600,0,0,0.000,0.000,0,,0
N110691_N110707_1,,N110691,N110707,,69.000,0.00000000,0.00760000,138.500,138.500,0,0,0.000,0.000,0,,0
N110709_N110691_1,,N110709,N110691,,69.000,0.00000000,0.01690000,126.700,126.700,0,0,0.000,0.000,0,,0
N110692_N110704_1,,N110692,N110704,,69.000,0.00000000,0.02963000,138.800,138.800,0,0,0.000,0.000,0,,0
N110693_N110702_1,,N110693,N110702,,69.000,0.00000000,0.01624000,117.600,117.600,0,0,0.000,0.000,0,,0
N110693_N110705_1,,N110693,N110705,,69.000,0.00000000,0.01821000,110.800,110.800,0,0,0.000,0.000,0,,0
N110693_N111012_1,,N110693,N111012,,69.000,0.00000000,0.03472000,126.400,126.400,0,0,0.000,0.000,0,,0
N110694_N110706_1,,N110694,N110706,,69.000,0.00000000,0.02955000,123.700,123.700,0,0,0.000,0.000,0,,0
N110694_N110787_1,,N110694,N110787,,69.000,0.00000000,0.03788000,110.000,110.000,0,0,0.000,0.000,0,,0
N110710_N110695_1,,N110710,N110695,,138.000,0.00000000,0.00941000,269.400,269.400,0,0,0.000,0.000,0,,0
N110706_N110696_1,,N110706,N110696,,69.000,0.00000000,0.02952000,119.200,119.200,0,0,0.000,0.000,0,,0
N110696_N110709_1,,N110696,N110709,,69.000,0.00000000,0.02219000,160.200,160.200,0,0,0.000,0.000,0,,0
N110697_N110701_1,,N110697,N110701,,138.000,0.00000000,0.01469000,266.300,266.300,0,0,0.000,0.000,0,,0
N110824_N110697_1,,N110824,N110697,,138.000,0.00000000,0.00693000,275.000,275.000,0,0,0.000,0.000,0,,0
N110698_N110714_1,,N110698,N110714,,69.000,0.00000000,0.01536000,112.100,112.100,0,0,0.000,0.000,0,,0
N110708_N110702_1,,N110708,N110702,,69.000,0.00000000,0.02450000,118.200,118.200,0,0,0.000,0.000,0,,0
N110704_N110778_1,,N110704,N110778,,69.000,0.00000000,0.01465000,122.900,122.900,0,0,0.000,0.000,0,,0
N110705_N110714_1,,N110705,N110714,,69.000,0.00000000,0.02379000,118.400,118.400,0,0,0.000,0.000,0,,0
N110849_N110708_1,,N110849,N110708,,69.000,0.00000000,0.01975000,106.600,106.600,0,0,0.000,0.000,0,,0
N110709_N110713_1,,N110709,N110713,,69.000,0.00000000,0.02372000,130.400,130.400,0,0,0.000,0.000,0,,0
N110710_N110793_1,,N110710,N110793,,138.000,0.00000000,0.01030000,300.000,300.000,0,0,0.000,0.000,0,,0
N111002_N110712_1,,N111002,N110712,,138.000,0.00000000,0.01164000,253.600,253.600,0,0,0.000,0.000,0,,0
N110724_N110715_1,,N110724,N110715,,69.000,0.00000000,0.05414000,135.200,135.200,0,0,0.000,0.000,0,,0
N110716_N110717_1,,N110716,N110717,,69.000,0.00000000,0.06297000,108.400,108.400,0,0,0.000,0.000,0,,0
N110721_N110716_1,,N110721,N110716,,69.000,0.00000000,0.05877000,105.400,105.400,0,0,0.000,0.000,0,,0
N110723_N110717_1,,N110723,N110717,,69.000,0.00000000,0.08208000,119.600,119.600,0,0,0.000,0.000,0,,0
N110717_N110726_1,,N110717,N110726,,69.000,0.00000000,0.02989000,112.000,112.000,0,0,0.000,0.000,0,,0
N110720_N110718_1,,N110720,N110718,,69.000,0.00000000,0.10034000,103.300,103.300,0,0,0.000,0.000,0,,0
N110718_N110722_1,,N110718,N110722,,69.000,0.00000000,0.10331000,90.100,90.100,0,0,0.000,0.000,0,,0
N110718_N110723_1,,N110718,N110723,,69.000,0.00000000,0.04638000,112.600,112.600,0,0,0.000,0.000,0,,0
N110725_N110719_1,,N110725,N110719,,138.000,0.00000000,0.06099000,262.700,262.700,0,0,0.000,0.000,0,,0
N110719_N111135_1,,N110719,N111135,,138.000,0.00000000,0.04141000,314.200,314.200,0,0,0.000,0.000,0,,0
N110719_N111135_2,,N110719,N111135,,138.000,0.00000000,0.04141000,314.200,314.200,0,0,0.000,0.000,0,,0
N111143_N110719_1,,N111143,N110719,,138.000,0.00000000,0.02852000,271.100,271.100,0,0,0.000,0.000,0,,0
N110719_N111385_1,,N110719,N111385,,138.000,0.00000000,0.10938000,273.700,273.700,0,0,0.000,0.000,0,,0
N111128_N110720_1,,N111128,N110720,,69.000,0.00000000,0.07938000,146.500,146.500,0,0,0.000,0.000,0,,0
N110722_N110726_1,,N110722,N110726,,69.000,0.00000000,0.02391000,70.000,70.000,0,0,0.000,0.000,0,,0
N110735_N110729_1,,N110735,N110729,,138.000,0.00000000,0.03348000,280.300,280.300,0,0,0.000,0.000,0,,0
N110737_N110729_1,,N110737,N110729,,138.000,0.00000000,0.01685000,287.200,287.200,0,0,0.000,0.000,0,,0
N110729_N110937_1,,N110729,N110937,,138.000,0.00000000,0.02447000,312.500,312.500,0,0,0.000,0.000,0,,0
N110729_N111140_1,,N110729,N111140,,138.000,0.00000000,0.03564000,291.600,291.600,0,0,0.000,0.000,0,,0
N110729_N111259_1,,N110729,N111259,,138.000,0.00000000,0.05075000,299.200,299.200,0,0,0.000,0.000,0,,0
N110730_N110734_1,,N110730,N110734,,69.000,0.00000000,0.10864000,111.700,111.700,0,0,0.000,0.000,0,,0
N110739_N110731_1,,N110739,N110731,,69.000,0.00000000,0.03125000,131.600,131.600,0,0,0.000,0.000,0,,0
N110731_N111141_1,,N110731,N111141,,69.000,0.00000000,0.04504000,104.700,104.700,0,0,0.000,0.000,0,,0
N110734_N110732_1,,N110734,N110732,,69.000,0.00000000,0.06473000,107.700,107.700,0,0,0.000,0.000,0,,0
N110732_N110740_1,,N110732,N110740,,69.000,0.00000000,0.03229000,116.300,116.300,0,0,0.000,0.000,0,,0
N110740_N110733_1,,N110740,N110733,,69.000,0.00000000,0.05829000,119.000,119.000,0,0,0.000,0.000,0,,0
N110733_N110950_1,,N110733,N110950,,69.000,0.00000000,0.04437000,106.300,106.300,0,0,0.000,0.000,0,,0
N110947_N110735_1,,N110947,N110735,,138.000,0.00000000,0.02222000,257.000,257.000,0,0,0.000,0.000,0,,0
N110737_N111259_1,,N110737,N111259,,138.000,0.00000000,0.03586000,302.100,302.100,0,0,0.000,0.000,0,,0
N110738_N110741_1,,N110738,N110741,,69.000,0.00000000,0.04804000,124.500,124.500,0,0,0.000,0.000,0,,0
N110741_N110740_1,,N110741,N110740,,69.000,0.00000000,0.04621000,117.600,117.600,0,0,0.000,0.000,0,,0
N111067_N110742_1,,N111067,N110742,,345.000,0.00000000,0.00435000,1200.800,1200.800,0,1,0.000,0.000,0,,0
N110742_N111269_1,,N110742,N111269,,345.000,0.00000000,0.00835000,1222.700,1222.700,0,1,0.000,0.000,0,,0
N110742_N111310_1,,N110742,N111310,,345.000,0.00000000,0.01125000,1133.300,1133.300,0,1,0.000,0.000,0,,0
N111323_N110742_1,,N111323,N110742,,345.000,0.00000000,0.00954000,1147.200,1147.200,0,1,0.000,0.000,0,,0
N110743_N110753_1,,N110743,N110753,,138.000,0.00000000,0.02530000,307.200,307.200,0,0,0.000,0.000,0,,0
N110757_N110743_1,,N110757,N110743,,138.000,0.00000000,0.02074000,292.700,292.700,0,0,0.000,0.000,0,,0
N110743_N111072_1,,N110743,N111072,,138.000,0.00000000,0.01249000,307.900,307.900,0,0,0.000,0.000,0,,0
N110744_N110760_1,,N110744,N110760,,69.000,0.00000000,0.01502000,159.000,159.000,0,0,0.000,0.000,0,,0
N110762_N110745_1,,N110762,N110745,,138.000,0.00000000,0.01311000,227.100,227.100,0,0,0.000,0.000,0,,0
N110746_N110751_1,,N110746,N110751,,69.000,0.00000000,0.03125000,112.600,112.600,0,0,0.000,0.000,0,,0
N110763_N110749_1,,N110763,N110749,,69.000,0.00000000,0.02006000,133.600,133.600,0,0,0.000,0.000,0,,0
N110749_N110764_1,,N110749,N110764,,69.000,0.00000000,0.01663000,136.600,136.600,0,0,0.000,0.000,0,,0
N110750_N110757_1,,N110750,N110757,,138.000,0.00000000,0.01238000,301.100,301.100,0,0,0.000,0.000,0,,0
N110750_N110866_1,,N110750,N110866,,138.000,0.00000000,0.01708000,316.300,316.300,0,0,0.000,0.000,0,,0
N110765_N110751_1,,N110765,N110751,,69.000,0.00000000,0.06097000,115.700,115.700,0,0,0.000,0.000,0,,0
N110752_N110761_1,,N110752,N110761,,69.000,0.00000000,0.04630000,89.700,89.700,0,0,0.000,0.000,0,,0
N110765_N110752_1,,N110765,N110752,,69.000,0.00000000,0.07636000,101.700,101.700,0,0,0.000,0.000,0,,0
N110872_N110752_1,,N110872,N110752,,69.000,0.00000000,0.16911000,102.400,102.400,0,0,0.000,0.000,0,,0
N110753_N110757_1,,N110753,N110757,,138.000,0.00000000,0.02099000,271.300,271.300,0,0,0.000,0.000,0,,0
N110753_N110762_1,,N110753,N110762,,138.000,0.00000000,0.01251000,275.000,275.000,0,0,0.000,0.000,0,,0
N110753_N111072_1,,N110753,N111072,,138.000,0.00000000,0.02761000,271.500,271.500,0,0,0.000,0.000,0,,0
N110759_N110754_1,,N110759,N110754,,69.000,0.00000000,0.02319000,107.300,107.300,0,0,0.000,0.000,0,,0
N110754_N110764_1,,N110754,N110764,,69.000,0.00000000,0.00584000,154.000,154.000,0,0,0.000,0.000,0,,0
N110755_N110756_1,,N110755,N110756,,69.000,0.00000000,0.03405000,124.500,124.500,0,0,0.000,0.000,0,,0
N110758_N110755_1,,N110758,N110755,,69.000,0.00000000,0.01815000,129.300,129.300,0,0,0.000,0.000,0,,0
N110758_N110756_1,,N110758,N110756,,69.000,0.00000000,0.03340000,109.600,109.600,0,0,0.000,0.000,0,,0
N110867_N110756_1,,N110867,N110756,,69.000,0.00000000,0.04212000,149.600,149.600,0,0,0.000,0.000,0,,0
N110759_N110758_1,,N110759,N110758,,69.000,0.00000000,0.06302000,127.900,127.900,0,0,0.000,0.000,0,,0
N110761_N110763_1,,N110761,N110763,,69.000,0.00000000,0.04374000,97.300,97.300,0,0,0.000,0.000,0,,0
N110871_N110765_1,,N110871,N110765,,69.000,0.00000000,0.08931000,91.700,91.700,0,0,0.000,0.000,0,,0
N110766_N110768_1,,N110766,N110768,,69.000,0.00000000,0.15641000,130.600,130.600,0,0,0.000,0.000,0,,0
N110766_N111027_1,,N110766,N111027,,69.000,0.00000000,0.07262000,112.200,112.200,0,0,0.000,0.000,0,,0
N111127_N110766_1,,N111127,N110766,,69.000,0.00000000,0.10530000,88.200,88.200,0,0,0.000,0.000,0,,0
N110897_N110767_1,,N110897,N110767,,138.000,0.00000000,0.03173000,251.600,251.600,0,0,0.000,0.000,0,,0
N110794_N110769_1,,N110794,N110769,,69.000,0.00000000,0.00648000,126.200,126.200,0,0,0.000,0.000,0,,0
N110795_N110769_1,,N110795,N110769,,69.000,0.00000000,0.01416000,118.600,118.600,0,0,0.000,0.000,0,,0
N110770_N110780_1,,N110770,N110780,,69.000,0.00000000,0.02303000,131.000,131.000,0,0,0.000,0.000,0,,0
N110770_N110791_1,,N110770,N110791,,69.000,0.00000000,0.01206000,127.300,127.300,0,0,0.000,0.000,0,,0
N110770_N110798_1,,N110770,N110798,,69.000,0.00000000,0.04262000,119.400,119.400,0,0,0.000,0.000,0,,0
N110771_N110777_1,,N110771,N110777,,69.000,0.00000000,0.01749000,111.200,111.200,0,0,0.000,0.000,0,,0
N111377_N110771_1,,N111377,N110771,,69.000,0.00000000,0.00754000,132.800,132.800,0,0,0.000,0.000,0,,0
N110772_N110793_1,,N110772,N110793,,138.000,0.00000000,0.00485000,299.900,299.900,0,0,0.000,0.000,0,,0
N110773_N110785_1,,N110773,N110785,,69.000,0.00000000,0.02426000,111.600,111.600,0,0,0.000,0.000,0,,0
N110773_N110888_1,,N110773,N110888,,69.000,0.00000000,0.03143000,132.300,132.300,0,0,0.000,0.000,0,,0
N110776_N110782_1,,N110776,N110782,,69.000,0.00000000,0.04640000,134.900,134.900,0,0,0.000,0.000,0,,0
N110776_N110786_1,,N110776,N110786,,69.000,0.00000000,0.07196000,101.900,101.900,0,0,0.000,0.000,0,,0
N110791_N110776_1,,N110791,N110776,,69.000,0.00000000,0.01571000,200.000,200.000,0,0,0.000,0.000,0,,0
N111255_N110777_1,,N111255,N110777,,69.000,0.00000000,0.01497000,132.600,132.600,0,0,0.000,0.000,0,,0
N110798_N110778_1,,N110798,N110778,,69.000,0.00000000,0.02084000,128.900,128.900,0,0,0.000,0.000,0,,0
N110800_N110778_1,,N110800,N110778,,69.000,0.00000000,0.03073000,129.600,129.600,0,0,0.000,0.000,0,,0
N110786_N110779_1,,N110786,N110779,,69.000,0.00000000,0.01889000,127.000,127.000,0,0,0.000,0.000,0,,0
N110787_N110779_1,,N110787,N110779,,69.000,0.00000000,0.01183000,118.600,118.600,0,0,0.000,0.000,0,,0
N110780_N110802_1,,N110780,N110802,,69.000,0.00000000,0.01579000,147.500,147.500,0,0,0.000,0.000,0,,0
N110801_N110781_1,,N110801,N110781,,138.000,0.00000000,0.01286000,311.600,311.600,0,0,0.000,0.000,0,,0
N110781_N111379_1,,N110781,N111379,,138.000,0.00000000,0.00944000,335.700,335.700,0,0,0.000,0.000,0,,0
N110781_N111379_2,,N110781,N111379,,138.000,0.00000000,0.00944000,335.700,335.700,0,0,0.000,0.000,0,,0
N110783_N110782_1,,N110783,N110782,,69.000,0.00000000,0.01427000,121.500,121.500,0,0,0.000,0.000,0,,0
N110785_N110782_1,,N110785,N110782,,69.000,0.00000000,0.02707000,104.700,104.700,0,0,0.000,0.000,0,,0
N110890_N110783_1,,N110890,N110783,,69.000,0.00000000,0.04113000,105.100,105.100,0,0,0.000,0.000,0,,0
N110784_N110792_1,,N110784,N110792,,69.000,0.00000000,0.06153000,143.900,143.900,0,0,0.000,0.000,0,,0
N110784_N110795_1,,N110784,N110795,,69.000,0.00000000,0.07607000,131.500,131.500,0,0,0.000,0.000,0,,0
N110784_N110804_1,,N110784,N110804,,69.000,0.00000000,0.02765000,144.500,144.500,0,0,0.000,0.000,0,,0
N110784_N110878_1,,N110784,N110878,,69.000,0.00000000,0.02593000,147.800,147.800,0,0,0.000,0.000,0,,0
N110785_N110804_1,,N110785,N110804,,69.000,0.00000000,0.03086000,89.700,89.700,0,0,0.000,0.000,0,,0
N111277_N110786_1,,N111277,N110786,,69.000,0.00000000,0.01027000,132.400,132.400,0,0,0.000,0.000,0,,0
N110788_N110793_1,,N110788,N110793,,138.000,0.00000000,0.00412000,354.400,354.400,0,0,0.000,0.000,0,,0
N110788_N110793_2,,N110788,N110793,,138.000,0.00000000,0.00412000,354.400,354.400,0,0,0.000,0.000,0,,0
N110801_N110788_1,,N110801,N110788,,138.000,0.00000000,0.00984000,287.000,287.000,0,0,0.000,0.000,0,,0
N110788_N111379_1,,N110788,N111379,,138.000,0.00000000,0.01444000,360.400,360.400,0,0,0.000,0.000,0,,0
N110788_N111379_2,,N110788,N111379,,138.000,0.00000000,0.01444000,360.400,360.400,0,0,0.000,0.000,0,,0
N110789_N110798_1,,N110789,N110798,,69.000,0.00000000,0.02624000,136.500,136.500,0,0,0.000,0.000,0,,0
N110793_N110790_1,,N110793,N110790,,138.000,0.00000000,0.00684000,256.900,256.900,0,0,0.000,0.000,0,,0
N110792_N110794_1,,N110792,N110794,,69.000,0.00000000,0.00074000,124.100,124.100,0,0,0.000,0.000,0,,0
N111113_N110796_1,,N111113,N110796,,138.000,0.00000000,0.00943000,266.000,266.000,0,0,0.000,0.000,0,,0
N110796_N111311_1,,N110796,N111311,,138.000,0.00000000,0.02180000,283.900,283.900,0,0,0.000,0.000,0,,0
N110802_N110797_1,,N110802,N110797,,69.000,0.00000000,0.01548000,132.300,132.300,0,0,0.000,0.000,0,,0
N110802_N111255_1,,N110802,N111255,,69.000,0.00000000,0.03094000,124.600,124.600,0,0,0.000,0.000,0,,0
N110804_N111107_1,,N110804,N111107,,69.000,0.00000000,0.08129000,151.300,151.300,0,0,0.000,0.000,0,,0
N110804_N111111_1,,N110804,N111111,,69.000,0.00000000,0.13293000,89.300,89.300,0,0,0.000,0.000,0,,0
N110804_N111115_1,,N110804,N111115,,69.000,0.00000000,0.02794000,117.300,117.300,0,0,0.000,0.000,0,,0
N110804_N111263_1,,N110804,N111263,,69.000,0.00000000,0.10469000,93.000,93.000,0,0,0.000,0.000,0,,0
N110821_N110805_1,,N110821,N110805,,69.000,0.00000000,0.02236000,129.000,129.000,0,0,0.000,0.000,0,,0
N110822_N110805_1,,N110822,N110805,,69.000,0.00000000,0.02900000,129.700,129.700,0,0,0.000,0.000,0,,0
N110815_N110806_1,,N110815,N110806,,69.000,0.00000000,0.02216000,153.700,153.700,0,0,0.000,0.000,0,,0
N110807_N110818_1,,N110807,N110818,,138.000,0.00000000,0.01923000,286.600,286.600,0,0,0.000,0.000,0,,0
N110808_N110811_1,,N110808,N110811,,69.000,0.00000000,0.02361000,164.000,164.000,0,0,0.000,0.000,0,,0
N110814_N110808_1,,N110814,N110808,,69.000,0.00000000,0.02771000,130.900,130.900,0,0,0.000,0.000,0,,0
N110808_N110815_1,,N110808,N110815,,69.000,0.00000000,0.03198000,132.000,132.000,0,0,0.000,0.000,0,,0
N110809_N110810_1,,N110809,N110810,,69.000,0.00000000,0.02118000,137.900,137.900,0,0,0.000,0.000,0,,0
N110809_N110811_1,,N110809,N110811,,69.000,0.00000000,0.01979000,118.800,118.800,0,0,0.000,0.000,0,,0
N110810_N110816_1,,N110810,N110816,,69.000,0.00000000,0.04042000,130.300,130.300,0,0,0.000,0.000,0,,0
N110810_N110819_1,,N110810,N110819,,69.000,0.00000000,0.01950000,116.500,116.500,0,0,0.000,0.000,0,,0
N110813_N110811_1,,N110813,N110811,,69.000,0.00000000,0.03256000,143.200,143.200,0,0,0.000,0.000,0,,0
N110812_N110819_1,,N110812,N110819,,69.000,0.00000000,0.02696000,158.100,158.100,0,0,0.000,0.000,0,,0
N110814_N110816_1,,N110814,N110816,,69.000,0.00000000,0.03256000,138.900,138.900,0,0,0.000,0.000,0,,0
N110819_N110817_1,,N110819,N110817,,69.000,0.00000000,0.02326000,143.200,143.200,0,0,0.000,0.000,0,,0
N110822_N110819_1,,N110822,N110819,,69.000,0.00000000,0.01724000,138.800,138.800,0,0,0.000,0.000,0,,0
N110821_N110820_1,,N110821,N110820,,69.000,0.00000000,0.02827000,141.600,141.600,0,0,0.000,0.000,0,,0
N110820_N110952_1,,N110820,N110952,,69.000,0.00000000,0.03505000,159.700,159.700,0,0,0.000,0.000,0,,0
N110833_N110823_1,,N110833,N110823,,69.000,0.00000000,0.01825000,148.000,148.000,0,0,0.000,0.000,0,,0
N110823_N110848_1,,N110823,N110848,,69.000,0.00000000,0.00915000,126.100,126.100,0,0,0.000,0.000,0,,0
N111051_N110824_1,,N111051,N110824,,138.000,0.00000000,0.00784000,311.700,311.700,0,0,0.000,0.000,0,,0
N110850_N110825_1,,N110850,N110825,,69.000,0.00000000,0.01933000,111.800,111.800,0,0,0.000,0.000,0,,0
N111053_N110828_1,,N111053,N110828,,138.000,0.00000000,0.01943000,255.600,255.600,0,0,0.000,0.000,0,,0
N110829_N110843_1,,N110829,N110843,,69.000,0.00000000,0.01143000,139.500,139.500,0,0,0.000,0.000,0,,0
N110844_N110829_1,,N110844,N110829,,69.000,0.00000000,0.01803000,116.500,116.500,0,0,0.000,0.000,0,,0
N110829_N110845_1,,N110829,N110845,,69.000,0.00000000,0.03882000,111.400,111.400,0,0,0.000,0.000,0,,0
N110830_N111045_1,,N110830,N111045,,138.000,0.00000000,0.00978000,262.200,262.200,0,0,0.000,0.000,0,,0
N110831_N110842_1,,N110831,N110842,,69.000,0.00000000,0.01373000,133.800,133.800,0,0,0.000,0.000,0,,0
N110831_N110847_1,,N110831,N110847,,69.000,0.00000000,0.07089000,118.800,118.800,0,0,0.000,0.000,0,,0
N110831_N111041_1,,N110831,N111041,,69.000,0.00000000,0.07259000,125.400,125.400,0,0,0.000,0.000,0,,0
N110855_N110832_1,,N110855,N110832,,69.000,0.00000000,0.00995000,124.600,124.600,0,0,0.000,0.000,0,,0
N110832_N111016_1,,N110832,N111016,,69.000,0.00000000,0.07128000,94.400,94.400,0,0,0.000,0.000,0,,0
N110833_N111015_1,,N110833,N111015,,69.000,0.00000000,0.01934000,162.600,162.600,0,0,0.000,0.000,0,,0
N110834_N110845_1,,N110834,N110845,,69.000,0.00000000,0.03274000,86.900,86.900,0,0,0.000,0.000,0,,0
N110846_N110834_1,,N110846,N110834,,69.000,0.00000000,0.03068000,95.100,95.100,0,0,0.000,0.000,0,,0
N110834_N110855_1,,N110834,N110855,,69.000,0.00000000,0.02718000,138.100,138.100,0,0,0.000,0.000,0,,0
N110835_N110837_1,,N110835,N110837,,69.000,0.00000000,0.08800000,92.400,92.400,0,0,0.000,0.000,0,,0
N110835_N110839_1,,N110835,N110839,,69.000,0.00000000,0.05873000,86.900,86.900,0,0,0.000,0.000,0,,0
N110848_N110835_1,,N110848,N110835,,69.000,0.00000000,0.02281000,111.100,111.100,0,0,0.000,0.000,0,,0
N110849_N110835_1,,N110849,N110835,,69.000,0.00000000,0.01011000,118.200,118.200,0,0,0.000,0.000,0,,0
N110836_N110847_1,,N110836,N110847,,69.000,0.00000000,0.01906000,135.700,135.700,0,0,0.000,0.000,0,,0
N111052_N110837_1,,N111052,N110837,,69.000,0.00000000,0.02002000,119.100,119.100,0,0,0.000,0.000,0,,0
N110842_N110838_1,,N110842,N110838,,69.000,0.00000000,0.01044000,120.800,120.800,0,0,0.000,0.000,0,,0
N110857_N110838_1,,N110857,N110838,,69.000,0.00000000,0.01685000,130.600,130.600,0,0,0.000,0.000,0,,0
N110838_N111005_1,,N110838,N111005,,69.000,0.00000000,0.02195000,117.200,117.200,0,0,0.000,0.000,0,,0
N110843_N110839_1,,N110843,N110839,,69.000,0.00000000,0.02358000,114.000,114.000,0,0,0.000,0.000,0,,0
N110840_N110856_1,,N110840,N110856,,138.000,0.00000000,0.01309000,266.000,266.000,0,0,0.000,0.000,0,,0
N110841_N110843_1,,N110841,N110843,,69.000,0.00000000,0.00987000,149.100,149.100,0,0,0.000,0.000,0,,0
N110841_N110995_1,,N110841,N110995,,69.000,0.00000000,0.08794000,126.400,126.400,0,0,0.000,0.000,0,,0
N110841_N110996_1,,N110841,N110996,,69.000,0.00000000,0.05834000,106.100,106.100,0,0,0.000,0.000,0,,0
N110842_N110997_1,,N110842,N110997,,69.000,0.00000000,0.08076000,84.300,84.300,0,0,0.000,0.000,0,,0
N110843_N110851_1,,N110843,N110851,,69.000,0.00000000,0.01313000,120.300,120.300,0,0,0.000,0.000,0,,0
N110843_N110857_1,,N110843,N110857,,69.000,0.00000000,0.01941000,138.100,138.100,0,0,0.000,0.000,0,,0
N110844_N111060_1,,N110844,N111060,,69.000,0.00000000,0.02098000,113.700,113.700,0,0,0.000,0.000,0,,0
N110846_N110850_1,,N110846,N110850,,69.000,0.00000000,0.02701000,180.000,180.000,0,0,0.000,0.000,0,,0
N110855_N110848_1,,N110855,N110848,,69.000,0.00000000,0.01829000,127.200,127.200,0,0,0.000,0.000,0,,0
N110850_N111052_1,,N110850,N111052,,69.000,0.00000000,0.02635000,123.300,123.300,0,0,0.000,0.000,0,,0
N111054_N110851_1,,N111054,N110851,,69.000,0.00000000,0.04117000,122.200,122.200,0,0,0.000,0.000,0,,0
N110852_N110854_1,,N110852,N110854,,138.000,0.00000000,0.01341000,276.800,276.800,0,0,0.000,0.000,0,,0
N110852_N110856_1,,N110852,N110856,,138.000,0.00000000,0.01258000,305.500,305.500,0,0,0.000,0.000,0,,0
N110852_N111006_1,,N110852,N111006,,138.000,0.00000000,0.01009000,263.100,263.100,0,0,0.000,0.000,0,,0
N110853_N111012_1,,N110853,N111012,,69.000,0.00000000,0.00403000,131.500,131.500,0,0,0.000,0.000,0,,0
N110854_N111068_1,,N110854,N111068,,138.000,0.00000000,0.02804000,300.000,300.000,0,0,0.000,0.000,0,,0
N110856_N111036_1,,N110856,N111036,,138.000,0.00000000,0.01983000,341.300,341.300,0,0,0.000,0.000,0,,0
N110856_N111036_2,,N110856,N111036,,138.000,0.00000000,0.01983000,341.300,341.300,0,0,0.000,0.000,0,,0
N110858_N230084_1,,N110858,N230084,,138.000,0.00000000,0.13425000,276.900,276.900,0,0,0.000,0.000,0,,0
N110859_N110935_1,,N110859,N110935,,69.000,0.00000000,0.06177000,144.100,144.100,0,0,0.000,0.000,0,,0
N110859_N230194_1,,N110859,N230194,,69.000,0.00000000,0.06005000,109.500,109.500,0,0,0.000,0.000,0,,0
N110859_N230196_1,,N110859,N230196,,69.000,0.00000000,0.18907000,78.200,78.200,0,0,0.000,0.000,0,,0
N230097_N110860_1,,N230097,N110860,,138.000,0.00000000,0.02791000,266.400,266.400,0,0,0.000,0.000,0,,0
N110862_N110861_1,,N110862,N110861,,69.000,0.00000000,0.04267000,108.100,108.100,0,0,0.000,0.000,0,,0
N110863_N110861_1,,N110863,N110861,,69.000,0.00000000,0.02075000,120.100,120.100,0,0,0.000,0.000,0,,0
N110864_N110862_1,,N110864,N110862,,69.000,0.00000000,0.02181000,103.000,103.000,0,0,0.000,0.000,0,,0
N110863_N110864_1,,N110863,N110864,,69.000,0.00000000,0.04684000,90.100,90.100,0,0,0.000,0.000,0,,0
N110863_N230195_1,,N110863,N230195,,69.000,0.00000000,0.11323000,106.900,106.900,0,0,0.000,0.000,0,,0
N110869_N110865_1,,N110869,N110865,,69.000,0.00000000,0.02910000,105.000,105.000,0,0,0.000,0.000,0,,0
N110866_N111401_1,,N110866,N111401,,138.000,0.00000000,0.01239000,282.900,282.900,0,0,0.000,0.000,0,,0
N110867_N110870_1,,N110867,N110870,,69.000,0.00000000,0.07475000,114.900,114.900,0,0,0.000,0.000,0,,0
N110868_N111401_1,,N110868,N111401,,138.000,0.00000000,0.01247000,271.500,271.500,0,0,0.000,0.000,0,,0
N110870_N110874_1,,N110870,N110874,,69.000,0.00000000,0.01933000,106.900,106.900,0,0,0.000,0.000,0,,0
N110872_N110874_1,,N110872,N110874,,69.000,0.00000000,0.06964000,109.400,109.400,0,0,0.000,0.000,0,,0
N110875_N110876_1,,N110875,N110876,,69.000,0.00000000,0.10272000,121.900,121.900,0,0,0.000,0.000,0,,0
N110875_N110885_1,,N110875,N110885,,69.000,0.00000000,0.01884000,163.700,163.700,0,0,0.000,0.000,0,,0
N110875_N110886_1,,N110875,N110886,,69.000,0.00000000,0.03024000,144.700,144.700,0,0,0.000,0.000,0,,0
N110876_N110878_1,,N110876,N110878,,69.000,0.00000000,0.01416000,114.300,114.300,0,0,0.000,0.000,0,,0
N110889_N110877_1,,N110889,N110877,,138.000,0.00000000,0.01280000,280.300,280.300,0,0,0.000,0.000,0,,0
N110878_N110890_1,,N110878,N110890,,69.000,0.00000000,0.02441000,114.800,114.800,0,0,0.000,0.000,0,,0
N110879_N110881_1,,N110879,N110881,,138.000,0.00000000,0.01175000,269.300,269.300,0,0,0.000,0.000,0,,0
N110880_N110907_1,,N110880,N110907,,69.000,0.00000000,0.08874000,135.800,135.800,0,0,0.000,0.000,0,,0
N110886_N110882_1,,N110886,N110882,,69.000,0.00000000,0.02322000,140.200,140.200,0,0,0.000,0.000,0,,0
N111235_N110883_1,,N111235,N110883,,345.000,0.00000000,0.01295000,1102.700,1102.700,0,1,0.000,0.000,0,,0
N111337_N110883_1,,N111337,N110883,,345.000,0.00000000,0.00721000,1190.400,1190.400,0,1,0.000,0.000,0,,0
N110887_N110884_1,,N110887,N110884,,138.000,0.00000000,0.02828000,287.900,287.900,0,0,0.000,0.000,0,,0
N110884_N110889_1,,N110884,N110889,,138.000,0.00000000,0.01753000,296.900,296.900,0,0,0.000,0.000,0,,0
N111403_N110887_1,,N111403,N110887,,138.000,0.00000000,0.01855000,258.500,258.500,0,0,0.000,0.000,0,,0
N110888_N111133_1,,N110888,N111133,,69.000,0.00000000,0.04545000,155.300,155.300,0,0,0.000,0.000,0,,0
N110893_N110895_1,,N110893,N110895,,69.000,0.00000000,0.03955000,106.800,106.800,0,0,0.000,0.000,0,,0
N110893_N110898_1,,N110893,N110898,,69.000,0.00000000,0.08115000,116.300,116.300,0,0,0.000,0.000,0,,0
N110900_N110894_1,,N110900,N110894,,69.000,0.00000000,0.07576000,122.400,122.400,0,0,0.000,0.000,0,,0
N111085_N110894_1,,N111085,N110894,,69.000,0.00000000,0.07776000,115.800,115.800,0,0,0.000,0.000,0,,0
N110895_N110900_1,,N110895,N110900,,69.000,0.00000000,0.01184000,90.100,90.100,0,0,0.000,0.000,0,,0
N110896_N110898_1,,N110896,N110898,,69.000,0.00000000,0.02206000,127.500,127.500,0,0,0.000,0.000,0,,0
N110899_N110897_1,,N110899,N110897,,138.000,0.00000000,0.00828000,247.400,247.400,0,0,0.000,0.000,0,,0
N110897_N111261_1,,N110897,N111261,,138.000,0.00000000,0.04002000,293.300,293.300,0,0,0.000,0.000,0,,0
N110898_N110903_1,,N110898,N110903,,69.000,0.00000000,0.05844000,123.300,123.300,0,0,0.000,0.000,0,,0
N110900_N110903_1,,N110900,N110903,,69.000,0.00000000,0.02566000,96.800,96.800,0,0,0.000,0.000,0,,0
N110904_N110916_1,,N110904,N110916,,138.000,0.00000000,0.01421000,336.000,336.000,0,0,0.000,0.000,0,,0
N110904_N110916_2,,N110904,N110916,,138.000,0.00000000,0.01421000,336.000,336.000,0,0,0.000,0.000,0,,0
N110921_N110904_1,,N110921,N110904,,138.000,0.00000000,0.01662000,291.900,291.900,0,0,0.000,0.000,0,,0
N110904_N111137_1,,N110904,N111137,,138.000,0.00000000,0.01601000,224.900,224.900,0,0,0.000,0.000,0,,0
N110905_N110908_1,,N110905,N110908,,69.000,0.00000000,0.02208000,153.800,153.800,0,0,0.000,0.000,0,,0
N110912_N110905_1,,N110912,N110905,,69.000,0.00000000,0.01454000,172.300,172.300,0,0,0.000,0.000,0,,0
N110906_N110911_1,,N110906,N110911,,69.000,0.00000000,0.02529000,129.500,129.500,0,0,0.000,0.000,0,,0
N110918_N110906_1,,N110918,N110906,,69.000,0.00000000,0.01059000,200.000,200.000,0,0,0.000,0.000,0,,0
N110910_N110907_1,,N110910,N110907,,69.000,0.00000000,0.03321000,144.400,144.400,0,0,0.000,0.000,0,,0
N110908_N110920_1,,N110908,N110920,,69.000,0.00000000,0.02388000,158.600,158.600,0,0,0.000,0.000,0,,0
N110909_N111136_1,,N110909,N111136,,69.000,0.00000000,0.04692000,151.000,151.000,0,0,0.000,0.000,0,,0
N110910_N110913_1,,N110910,N110913,,69.000,0.00000000,0.03117000,163.200,163.200,0,0,0.000,0.000,0,,0
N110911_N110912_1,,N110911,N110912,,69.000,0.00000000,0.00799000,121.900,121.900,0,0,0.000,0.000,0,,0
N110922_N110913_1,,N110922,N110913,,69.000,0.00000000,0.02297000,175.400,175.400,0,0,0.000,0.000,0,,0
N111150_N110914_1,,N111150,N110914,,138.000,0.00000000,0.00467000,256.400,256.400,0,0,0.000,0.000,0,,0
N110914_N111172_1,,N110914,N111172,,138.000,0.00000000,0.01381000,290.700,290.700,0,0,0.000,0.000,0,,0
N110916_N110919_1,,N110916,N110919,,138.000,0.00000000,0.00933000,285.300,285.300,0,0,0.000,0.000,0,,0
N110916_N111338_1,,N110916,N111338,,138.000,0.00000000,0.04022000,348.000,348.000,0,0,0.000,0.000,0,,0
N110916_N111338_2,,N110916,N111338,,138.000,0.00000000,0.04022000,348.000,348.000,0,0,0.000,0.000,0,,0
N111135_N110921_1,,N111135,N110921,,138.000,0.00000000,0.01642000,310.900,310.900,0,0,0.000,0.000,0,,0
N110922_N110923_1,,N110922,N110923,,69.000,0.00000000,0.01780000,138.900,138.900,0,0,0.000,0.000,0,,0
N110927_N110924_1,,N110927,N110924,,69.000,0.00000000,0.03250000,141.100,141.100,0,0,0.000,0.000,0,,0
N110924_N110932_1,,N110924,N110932,,69.000,0.00000000,0.03334000,123.200,123.200,0,0,0.000,0.000,0,,0
N110927_N110925_1,,N110927,N110925,,69.000,0.00000000,0.04993000,128.400,128.400,0,0,0.000,0.000,0,,0
N110929_N110926_1,,N110929,N110926,,138.000,0.00000000,0.01991000,286.900,286.900,0,0,0.000,0.000,0,,0
N110928_N110972_1,,N110928,N110972,,345.000,0.00000000,0.01446000,1096.800,1096.800,0,1,0.000,0.000,0,,0
N110928_N230283_1,,N110928,N230283,,345.000,0.00000000,0.02000000,1400.000,1400.000,0,1,0.000,0.000,0,,0
N110930_N110931_1,,N110930,N110931,,69.000,0.00000000,0.04011000,91.100,91.100,0,0,0.000,0.000,0,,0
N110934_N110930_1,,N110934,N110930,,69.000,0.00000000,0.05592000,91.100,91.100,0,0,0.000,0.000,0,,0
N110930_N110935_1,,N110930,N110935,,69.000,0.00000000,0.04604000,122.600,122.600,0,0,0.000,0.000,0,,0
N110930_N230191_1,,N110930,N230191,,69.000,0.00000000,0.11428000,101.900,101.900,0,0,0.000,0.000,0,,0
N110933_N110931_1,,N110933,N110931,,69.000,0.00000000,0.08075000,79.500,79.500,0,0,0.000,0.000,0,,0
N110933_N110934_1,,N110933,N110934,,69.000,0.00000000,0.07282000,71.500,71.500,0,0,0.000,0.000,0,,0
N110936_N110945_1,,N110936,N110945,,69.000,0.00000000,0.01728000,115.100,115.100,0,0,0.000,0.000,0,,0
N110937_N110941_1,,N110937,N110941,,138.000,0.00000000,0.01719000,276.200,276.200,0,0,0.000,0.000,0,,0
N110937_N110944_1,,N110937,N110944,,138.000,0.00000000,0.01620000,303.300,303.300,0,0,0.000,0.000,0,,0
N110947_N110937_1,,N110947,N110937,,138.000,0.00000000,0.01025000,264.400,264.400,0,0,0.000,0.000,0,,0
N110937_N111169_1,,N110937,N111169,,138.000,0.00000000,0.02880000,303.500,303.500,0,0,0.000,0.000,0,,0
N110941_N110944_1,,N110941,N110944,,138.000,0.00000000,0.01546000,338.800,338.800,0,0,0.000,0.000,0,,0
N110941_N110944_2,,N110941,N110944,,138.000,0.00000000,0.01546000,338.800,338.800,0,0,0.000,0.000,0,,0
N110941_N110947_1,,N110941,N110947,,138.000,0.00000000,0.01613000,292.900,292.900,0,0,0.000,0.000,0,,0
N110951_N110941_1,,N110951,N110941,,138.000,0.00000000,0.01079000,276.900,276.900,0,0,0.000,0.000,0,,0
N110941_N111176_1,,N110941,N111176,,138.000,0.00000000,0.03463000,329.100,329.100,0,0,0.000,0.000,0,,0
N110941_N111176_2,,N110941,N111176,,138.000,0.00000000,0.03463000,329.100,329.100,0,0,0.000,0.000,0,,0
N110949_N110942_1,,N110949,N110942,,69.000,0.00000000,0.03223000,126.200,126.200,0,0,0.000,0.000,0,,0
N110943_N111171_1,,N110943,N111171,,345.000,0.00000000,0.00896000,1129.500,1129.500,0,1,0.000,0.000,0,,0
N110943_N111362_1,,N110943,N111362,,345.000,0.00000000,0.01704000,1250.200,1250.200,0,1,0.000,0.000,0,,0
N111389_N110943_1,,N111389,N110943,,345.000,0.00000000,0.01412000,1317.300,1317.300,0,1,0.000,0.000,0,,0
N110944_N110947_1,,N110944,N110947,,138.000,0.00000000,0.01001000,313.500,313.500,0,0,0.000,0.000,0,,0
N110945_N110946_1,,N110945,N110946,,69.000,0.00000000,0.06315000,127.700,127.700,0,0,0.000,0.000,0,,0
N110950_N110948_1,,N110950,N110948,,69.000,0.00000000,0.04415000,102.600,102.600,0,0,0.000,0.000,0,,0
N110953_N110959_1,,N110953,N110959,,138.000,0.00000000,0.02612000,314.300,314.300,0,0,0.000,0.000,0,,0
N110957_N110960_1,,N110957,N110960,,69.000,0.00000000,0.02979000,123.800,123.800,0,0,0.000,0.000,0,,0
N110957_N110965_1,,N110957,N110965,,69.000,0.00000000,0.02678000,141.600,141.600,0,0,0.000,0.000,0,,0
N110958_N111035_1,,N110958,N111035,,345.000,0.00000000,0.01052000,1149.900,1149.900,0,1,0.000,0.000,0,,0
N230072_N110958_1,,N230072,N110958,,345.000,0.00000000,0.00976000,1034.500,1034.500,0,1,0.000,0.000,0,,0
N230197_N110960_1,,N230197,N110960,,69.000,0.00000000,0.05229000,136.000,136.000,0,0,0.000,0.000,0,,0
N110961_N110970_1,,N110961,N110970,,138.000,0.00000000,0.00680000,289.800,289.800,0,0,0.000,0.000,0,,0
N110962_N230197_1,,N110962,N230197,,69.000,0.00000000,0.03874000,131.000,131.000,0,0,0.000,0.000,0,,0
N110971_N110965_1,,N110971,N110965,,69.000,0.00000000,0.02698000,147.300,147.300,0,0,0.000,0.000,0,,0
N110966_N111033_1,,N110966,N111033,,138.000,0.00000000,0.02084000,309.100,309.100,0,0,0.000,0.000,0,,0
N110967_N110971_1,,N110967,N110971,,69.000,0.00000000,0.02655000,126.500,126.500,0,0,0.000,0.000,0,,0
N110970_N230051_1,,N110970,N230051,,138.000,0.00000000,0.03528000,315.300,315.300,0,0,0.000,0.000,0,,0
N110970_N230051_2,,N110970,N230051,,138.000,0.00000000,0.03528000,315.300,315.300,0,0,0.000,0.000,0,,0
N111067_N110972_1,,N111067,N110972,,345.000,0.00000000,0.00578000,1247.000,1247.000,0,1,0.000,0.000,0,,0
N111067_N110972_2,,N111067,N110972,,345.000,0.00000000,0.00578000,1247.000,1247.000,0,1,0.000,0.000,0,,0
N110973_N110982_1,,N110973,N110982,,138.000,0.00000000,0.00906000,380.000,380.000,0,0,0.000,0.000,0,,0
N110987_N110973_1,,N110987,N110973,,138.000,0.00000000,0.01841000,310.100,310.100,0,0,0.000,0.000,0,,0
N110980_N110974_1,,N110980,N110974,,69.000,0.00000000,0.01064000,140.100,140.100,0,0,0.000,0.000,0,,0
N110981_N110974_1,,N110981,N110974,,69.000,0.00000000,0.08312000,121.900,121.900,0,0,0.000,0.000,0,,0
N110974_N110991_1,,N110974,N110991,,69.000,0.00000000,0.06574000,139.000,139.000,0,0,0.000,0.000,0,,0
N110981_N110976_1,,N110981,N110976,,69.000,0.00000000,0.04242000,120.700,120.700,0,0,0.000,0.000,0,,0
N110983_N110979_1,,N110983,N110979,,69.000,0.00000000,0.02135000,127.600,127.600,0,0,0.000,0.000,0,,0
N111065_N110979_1,,N111065,N110979,,69.000,0.00000000,0.04902000,150.000,150.000,0,0,0.000,0.000,0,,0
N110988_N110980_1,,N110988,N110980,,69.000,0.00000000,0.01886000,138.900,138.900,0,0,0.000,0.000,0,,0
N110991_N110983_1,,N110991,N110983,,69.000,0.00000000,0.02601000,119.600,119.600,0,0,0.000,0.000,0,,0
N110986_N111056_1,,N110986,N111056,,69.000,0.00000000,0.05411000,129.700,129.700,0,0,0.000,0.000,0,,0
N110992_N110998_1,,N110992,N110998,,138.000,0.00000000,0.01347000,285.500,285.500,0,0,0.000,0.000,0,,0
N111004_N110992_1,,N111004,N110992,,138.000,0.00000000,0.00864000,257.500,257.500,0,0,0.000,0.000,0,,0
N110993_N110997_1,,N110993,N110997,,69.000,0.00000000,0.03033000,105.600,105.600,0,0,0.000,0.000,0,,0
N110993_N111009_1,,N110993,N111009,,69.000,0.00000000,0.01839000,130.500,130.500,0,0,0.000,0.000,0,,0
N111001_N110994_1,,N111001,N110994,,69.000,0.00000000,0.01993000,124.800,124.800,0,0,0.000,0.000,0,,0
N111005_N110996_1,,N111005,N110996,,69.000,0.00000000,0.00476000,118.300,118.300,0,0,0.000,0.000,0,,0
N110998_N111174_1,,N110998,N111174,,138.000,0.00000000,0.01227000,316.100,316.100,0,0,0.000,0.000,0,,0
N110998_N111174_2,,N110998,N111174,,138.000,0.00000000,0.01227000,316.100,316.100,0,0,0.000,0.000,0,,0
N111011_N110999_1,,N111011,N110999,,69.000,0.00000000,0.03599000,148.900,148.900,0,0,0.000,0.000,0,,0
N111014_N111000_1,,N111014,N111000,,138.000,0.00000000,0.01374000,272.400,272.400,0,0,0.000,0.000,0,,0
N111154_N111000_1,,N111154,N111000,,138.000,0.00000000,0.01379000,289.900,289.900,0,0,0.000,0.000,0,,0
N111017_N111001_1,,N111017,N111001,,69.000,0.00000000,0.02491000,138.500,138.500,0,0,0.000,0.000,0,,0
N111003_N111010_1,,N111003,N111010,,69.000,0.00000000,0.01686000,141.500,141.500,0,0,0.000,0.000,0,,0
N111007_N111016_1,,N111007,N111016,,69.000,0.00000000,0.02210000,127.700,127.700,0,0,0.000,0.000,0,,0
N111009_N111008_1,,N111009,N111008,,69.000,0.00000000,0.02264000,153.200,153.200,0,0,0.000,0.000,0,,0
N111008_N111018_1,,N111008,N111018,,69.000,0.00000000,0.00554000,218.500,218.500,0,0,0.000,0.000,0,,0
N111008_N111166_1,,N111008,N111166,,69.000,0.00000000,0.04014000,139.300,139.300,0,0,0.000,0.000,0,,0
N111010_N111011_1,,N111010,N111011,,69.000,0.00000000,0.02137000,127.100,127.100,0,0,0.000,0.000,0,,0
N111016_N111010_1,,N111016,N111010,,69.000,0.00000000,0.01954000,129.300,129.300,0,0,0.000,0.000,0,,0
N111013_N111148_1,,N111013,N111148,,69.000,0.00000000,0.06431000,128.300,128.300,0,0,0.000,0.000,0,,0
N111155_N111018_1,,N111155,N111018,,69.000,0.00000000,0.02159000,170.500,170.500,0,0,0.000,0.000,0,,0
N111026_N111019_1,,N111026,N111019,,138.000,0.00000000,0.01901000,251.200,251.200,0,0,0.000,0.000,0,,0
N111019_N111375_1,,N111019,N111375,,138.000,0.00000000,0.07224000,259.400,259.400,0,0,0.000,0.000,0,,0
N111020_N111025_1,,N111020,N111025,,69.000,0.00000000,0.09004000,90.300,90.300,0,0,0.000,0.000,0,,0
N111020_N111028_1,,N111020,N111028,,69.000,0.00000000,0.15773000,77.800,77.800,0,0,0.000,0.000,0,,0
N111026_N111022_1,,N111026,N111022,,138.000,0.00000000,0.06843000,238.800,238.800,0,0,0.000,0.000,0,,0
N111023_N111029_1,,N111023,N111029,,69.000,0.00000000,0.07198000,97.100,97.100,0,0,0.000,0.000,0,,0
N111030_N111023_1,,N111030,N111023,,69.000,0.00000000,0.04345000,78.700,78.700,0,0,0.000,0.000,0,,0
N111025_N111031_1,,N111025,N111031,,69.000,0.00000000,0.06728000,86.400,86.400,0,0,0.000,0.000,0,,0
N111029_N111028_1,,N111029,N111028,,69.000,0.00000000,0.15269000,75.200,75.200,0,0,0.000,0.000,0,,0
N111029_N111125_1,,N111029,N111125,,69.000,0.00000000,0.12907000,79.400,79.400,0,0,0.000,0.000,0,,0
N111030_N111031_1,,N111030,N111031,,69.000,0.00000000,0.13330000,81.900,81.900,0,0,0.000,0.000,0,,0
N111032_N111034_1,,N111032,N111034,,69.000,0.00000000,0.02319000,145.500,145.500,0,0,0.000,0.000,0,,0
N111033_N111036_1,,N111033,N111036,,138.000,0.00000000,0.00782000,332.300,332.300,0,0,0.000,0.000,0,,0
N111033_N111036_2,,N111033,N111036,,138.000,0.00000000,0.00782000,332.300,332.300,0,0,0.000,0.000,0,,0
N111033_N111048_1,,N111033,N111048,,138.000,0.00000000,0.00396000,272.700,272.700,0,0,0.000,0.000,0,,0
N111047_N111034_1,,N111047,N111034,,69.000,0.00000000,0.03811000,140.000,140.000,0,0,0.000,0.000,0,,0
N111035_N111189_1,,N111035,N111189,,345.000,0.00000000,0.00191000,1265.900,1265.900,0,1,0.000,0.000,0,,0
N111035_N111323_1,,N111035,N111323,,345.000,0.00000000,0.01141000,1226.900,1226.900,0,1,0.000,0.000,0,,0
N111045_N111036_1,,N111045,N111036,,138.000,0.00000000,0.01133000,317.400,317.400,0,0,0.000,0.000,0,,0
N111045_N111036_2,,N111045,N111036,,138.000,0.00000000,0.01133000,317.400,317.400,0,0,0.000,0.000,0,,0
N111037_N111047_1,,N111037,N111047,,69.000,0.00000000,0.01570000,132.300,132.300,0,0,0.000,0.000,0,,0
N111046_N111038_1,,N111046,N111038,,69.000,0.00000000,0.02152000,127.400,127.400,0,0,0.000,0.000,0,,0
N111039_N111041_1,,N111039,N111041,,69.000,0.00000000,0.02044000,151.900,151.900,0,0,0.000,0.000,0,,0
N111039_N111049_1,,N111039,N111049,,69.000,0.00000000,0.03028000,108.300,108.300,0,0,0.000,0.000,0,,0
N111040_N111049_1,,N111040,N111049,,69.000,0.00000000,0.01902000,121.600,121.600,0,0,0.000,0.000,0,,0
N111042_N111045_1,,N111042,N111045,,138.000,0.00000000,0.00736000,267.200,267.200,0,0,0.000,0.000,0,,0
N111052_N111050_1,,N111052,N111050,,69.000,0.00000000,0.02696000,152.300,152.300,0,0,0.000,0.000,0,,0
N111073_N111050_1,,N111073,N111050,,69.000,0.00000000,0.05657000,119.600,119.600,0,0,0.000,0.000,0,,0
N111051_N111053_1,,N111051,N111053,,138.000,0.00000000,0.01307000,274.400,274.400,0,0,0.000,0.000,0,,0
N111051_N111068_1,,N111051,N111068,,138.000,0.00000000,0.02345000,318.700,318.700,0,0,0.000,0.000,0,,0
N111051_N111068_2,,N111051,N111068,,138.000,0.00000000,0.02345000,318.700,318.700,0,0,0.000,0.000,0,,0
N111052_N111054_1,,N111052,N111054,,69.000,0.00000000,0.02176000,137.400,137.400,0,0,0.000,0.000,0,,0
N111053_N111057_1,,N111053,N111057,,138.000,0.00000000,0.01204000,264.800,264.800,0,0,0.000,0.000,0,,0
N111068_N111053_1,,N111068,N111053,,138.000,0.00000000,0.01761000,307.000,307.000,0,0,0.000,0.000,0,,0
N111055_N111068_1,,N111055,N111068,,138.000,0.00000000,0.02578000,281.200,281.200,0,0,0.000,0.000,0,,0
N111059_N111056_1,,N111059,N111056,,69.000,0.00000000,0.01914000,132.700,132.700,0,0,0.000,0.000,0,,0
N111056_N111074_1,,N111056,N111074,,69.000,0.00000000,0.03129000,156.900,156.900,0,0,0.000,0.000,0,,0
N111068_N111057_1,,N111068,N111057,,138.000,0.00000000,0.01727000,296.200,296.200,0,0,0.000,0.000,0,,0
N111060_N111058_1,,N111060,N111058,,69.000,0.00000000,0.01365000,129.400,129.400,0,0,0.000,0.000,0,,0
N111059_N111060_1,,N111059,N111060,,69.000,0.00000000,0.02714000,119.600,119.600,0,0,0.000,0.000,0,,0
N111068_N111061_1,,N111068,N111061,,138.000,0.00000000,0.00973000,239.000,239.000,0,0,0.000,0.000,0,,0
N111065_N111062_1,,N111065,N111062,,69.000,0.00000000,0.04179000,152.900,152.900,0,0,0.000,0.000,0,,0
N111062_N111066_1,,N111062,N111066,,69.000,0.00000000,0.03762000,145.000,145.000,0,0,0.000,0.000,0,,0
N111069_N111062_1,,N111069,N111062,,69.000,0.00000000,0.02391000,119.500,119.500,0,0,0.000,0.000,0,,0
N111073_N111066_1,,N111073,N111066,,69.000,0.00000000,0.01860000,146.700,146.700,0,0,0.000,0.000,0,,0
N111189_N111067_1,,N111189,N111067,,345.000,0.00000000,0.00392000,1247.300,1247.300,0,1,0.000,0.000,0,,0
N111067_N111317_1,,N111067,N111317,,345.000,0.00000000,0.01018000,1210.100,1210.100,0,1,0.000,0.000,0,,0
N111075_N111079_1,,N111075,N111079,,69.000,0.00000000,0.03593000,144.900,144.900,0,0,0.000,0.000,0,,0
N111076_N111080_1,,N111076,N111080,,69.000,0.00000000,0.02275000,101.100,101.100,0,0,0.000,0.000,0,,0
N111076_N111083_1,,N111076,N111083,,69.000,0.00000000,0.04216000,89.400,89.400,0,0,0.000,0.000,0,,0
N111083_N111077_1,,N111083,N111077,,69.000,0.00000000,0.04085000,113.300,113.300,0,0,0.000,0.000,0,,0
N111077_N111087_1,,N111077,N111087,,69.000,0.00000000,0.07450000,94.100,94.100,0,0,0.000,0.000,0,,0
N111077_N111093_1,,N111077,N111093,,69.000,0.00000000,0.08942000,101.700,101.700,0,0,0.000,0.000,0,,0
N111236_N111078_1,,N111236,N111078,,138.000,0.00000000,0.02318000,349.300,349.300,0,0,0.000,0.000,0,,0
N111236_N111078_2,,N111236,N111078,,138.000,0.00000000,0.02318000,349.300,349.300,0,0,0.000,0.000,0,,0
N111078_N111261_1,,N111078,N111261,,138.000,0.00000000,0.01177000,311.300,311.300,0,0,0.000,0.000,0,,0
N111078_N111294_1,,N111078,N111294,,138.000,0.00000000,0.03712000,287.200,287.200,0,0,0.000,0.000,0,,0
N111079_N111081_1,,N111079,N111081,,69.000,0.00000000,0.04472000,141.600,141.600,0,0,0.000,0.000,0,,0
N111084_N111079_1,,N111084,N111079,,69.000,0.00000000,0.02231000,162.500,162.500,0,0,0.000,0.000,0,,0
N111084_N111079_2,,N111084,N111079,,69.000,0.00000000,0.02231000,162.500,162.500,0,0,0.000,0.000,0,,0
N111080_N111081_1,,N111080,N111081,,69.000,0.00000000,0.03606000,138.800,138.800,0,0,0.000,0.000,0,,0
N111080_N111089_1,,N111080,N111089,,69.000,0.00000000,0.04655000,142.600,142.600,0,0,0.000,0.000,0,,0
N111090_N111085_1,,N111090,N111085,,69.000,0.00000000,0.03728000,125.400,125.400,0,0,0.000,0.000,0,,0
N111086_N111089_1,,N111086,N111089,,69.000,0.00000000,0.04339000,152.500,152.500,0,0,0.000,0.000,0,,0
N111086_N111090_1,,N111086,N111090,,69.000,0.00000000,0.02393000,153.200,153.200,0,0,0.000,0.000,0,,0
N111091_N111086_1,,N111091,N111086,,69.000,0.00000000,0.01991000,148.900,148.900,0,0,0.000,0.000,0,,0
N111086_N111093_1,,N111086,N111093,,69.000,0.00000000,0.06962000,100.300,100.300,0,0,0.000,0.000,0,,0
N111086_N111095_1,,N111086,N111095,,69.000,0.00000000,0.04706000,146.400,146.400,0,0,0.000,0.000,0,,0
N111261_N111088_1,,N111261,N111088,,138.000,0.00000000,0.01303000,309.000,309.000,0,0,0.000,0.000,0,,0
N111088_N111294_1,,N111088,N111294,,138.000,0.00000000,0.03471000,302.700,302.700,0,0,0.000,0.000,0,,0
N111089_N111091_1,,N111089,N111091,,69.000,0.00000000,0.03164000,154.000,154.000,0,0,0.000,0.000,0,,0
N111095_N111090_1,,N111095,N111090,,69.000,0.00000000,0.02832000,124.500,124.500,0,0,0.000,0.000,0,,0
N111091_N111092_1,,N111091,N111092,,69.000,0.00000000,0.03606000,118.400,118.400,0,0,0.000,0.000,0,,0
N111092_N111094_1,,N111092,N111094,,69.000,0.00000000,0.04770000,123.900,123.900,0,0,0.000,0.000,0,,0
N111096_N111105_1,,N111096,N111105,,138.000,0.00000000,0.01306000,279.000,279.000,0,0,0.000,0.000,0,,0
N111096_N111122_1,,N111096,N111122,,138.000,0.00000000,0.01070000,298.200,298.200,0,0,0.000,0.000,0,,0
N111096_N111311_1,,N111096,N111311,,138.000,0.00000000,0.01437000,327.000,327.000,0,0,0.000,0.000,0,,0
N111096_N111311_2,,N111096,N111311,,138.000,0.00000000,0.01437000,327.000,327.000,0,0,0.000,0.000,0,,0
N111096_N111379_1,,N111096,N111379,,138.000,0.00000000,0.01344000,280.800,280.800,0,0,0.000,0.000,0,,0
N111097_N111106_1,,N111097,N111106,,69.000,0.00000000,0.01587000,142.300,142.300,0,0,0.000,0.000,0,,0
N111097_N111108_1,,N111097,N111108,,69.000,0.00000000,0.01797000,153.500,153.500,0,0,0.000,0.000,0,,0
N111111_N111097_1,,N111111,N111097,,69.000,0.00000000,0.02464000,128.400,128.400,0,0,0.000,0.000,0,,0
N111100_N111098_1,,N111100,N111098,,138.000,0.00000000,0.01147000,194.200,194.200,0,0,0.000,0.000,0,,0
N111122_N111098_1,,N111122,N111098,,138.000,0.00000000,0.00902000,270.400,270.400,0,0,0.000,0.000,0,,0
N111108_N111099_1,,N111108,N111099,,69.000,0.00000000,0.02736000,136.600,136.600,0,0,0.000,0.000,0,,0
N111116_N111101_1,,N111116,N111101,,69.000,0.00000000,0.01206000,112.600,112.600,0,0,0.000,0.000,0,,0
N111101_N111124_1,,N111101,N111124,,69.000,0.00000000,0.02297000,111.300,111.300,0,0,0.000,0.000,0,,0
N111104_N111115_1,,N111104,N111115,,69.000,0.00000000,0.02296000,117.400,117.400,0,0,0.000,0.000,0,,0
N111105_N111311_1,,N111105,N111311,,138.000,0.00000000,0.00904000,291.700,291.700,0,0,0.000,0.000,0,,0
N111109_N111106_1,,N111109,N111106,,69.000,0.00000000,0.00983000,138.900,138.900,0,0,0.000,0.000,0,,0
N111116_N111106_1,,N111116,N111106,,69.000,0.00000000,0.03234000,107.900,107.900,0,0,0.000,0.000,0,,0
N111123_N111107_1,,N111123,N111107,,69.000,0.00000000,0.02295000,123.200,123.200,0,0,0.000,0.000,0,,0
N111110_N111109_1,,N111110,N111109,,69.000,0.00000000,0.01510000,127.100,127.100,0,0,0.000,0.000,0,,0
N111109_N111116_1,,N111109,N111116,,69.000,0.00000000,0.01947000,89.400,89.400,0,0,0.000,0.000,0,,0
N111110_N111121_1,,N111110,N111121,,69.000,0.00000000,0.02548000,103.800,103.800,0,0,0.000,0.000,0,,0
N111111_N111121_1,,N111111,N111121,,69.000,0.00000000,0.01337000,107.000,107.000,0,0,0.000,0.000,0,,0
N111124_N111112_1,,N111124,N111112,,69.000,0.00000000,0.01736000,140.000,140.000,0,0,0.000,0.000,0,,0
N111113_N111265_1,,N111113,N111265,,138.000,0.00000000,0.02393000,296.100,296.100,0,0,0.000,0.000,0,,0
N111114_N111263_1,,N111114,N111263,,69.000,0.00000000,0.00802000,130.800,130.800,0,0,0.000,0.000,0,,0
N111277_N111114_1,,N111277,N111114,,69.000,0.00000000,0.02014000,132.300,132.300,0,0,0.000,0.000,0,,0
N111117_N111311_1,,N111117,N111311,,138.000,0.00000000,0.01386000,308.200,308.200,0,0,0.000,0.000,0,,0
N111117_N111379_1,,N111117,N111379,,138.000,0.00000000,0.00590000,301.000,301.000,0,0,0.000,0.000,0,,0
N111263_N111121_1,,N111263,N111121,,69.000,0.00000000,0.02390000,120.300,120.300,0,0,0.000,0.000,0,,0
N111126_N111125_1,,N111126,N111125,,69.000,0.00000000,0.05900000,69.200,69.200,0,0,0.000,0.000,0,,0
N111127_N111125_1,,N111127,N111125,,69.000,0.00000000,0.09548000,88.000,88.000,0,0,0.000,0.000,0,,0
N111128_N111139_1,,N111128,N111139,,69.000,0.00000000,0.04016000,94.600,94.600,0,0,0.000,0.000,0,,0
N111144_N111128_1,,N111144,N111128,,69.000,0.00000000,0.05531000,137.000,137.000,0,0,0.000,0.000,0,,0
N111129_N111131_1,,N111129,N111131,,69.000,0.00000000,0.02936000,123.800,123.800,0,0,0.000,0.000,0,,0
N111129_N111142_1,,N111129,N111142,,69.000,0.00000000,0.03527000,113.700,113.700,0,0,0.000,0.000,0,,0
N111130_N111135_1,,N111130,N111135,,138.000,0.00000000,0.01376000,272.100,272.100,0,0,0.000,0.000,0,,0
N111338_N111130_1,,N111338,N111130,,138.000,0.00000000,0.03586000,299.700,299.700,0,0,0.000,0.000,0,,0
N111131_N111134_1,,N111131,N111134,,69.000,0.00000000,0.03320000,132.800,132.800,0,0,0.000,0.000,0,,0
N111134_N111132_1,,N111134,N111132,,69.000,0.00000000,0.04509000,123.000,123.000,0,0,0.000,0.000,0,,0
N111132_N111144_1,,N111132,N111144,,69.000,0.00000000,0.04570000,126.800,126.800,0,0,0.000,0.000,0,,0
N111134_N111133_1,,N111134,N111133,,69.000,0.00000000,0.02430000,152.200,152.200,0,0,0.000,0.000,0,,0
N111133_N111138_1,,N111133,N111138,,69.000,0.00000000,0.05665000,92.600,92.600,0,0,0.000,0.000,0,,0
N111141_N111139_1,,N111141,N111139,,69.000,0.00000000,0.07009000,98.000,98.000,0,0,0.000,0.000,0,,0
N111338_N111140_1,,N111338,N111140,,138.000,0.00000000,0.02043000,278.000,278.000,0,0,0.000,0.000,0,,0
N111143_N111381_1,,N111143,N111381,,138.000,0.00000000,0.01450000,263.000,263.000,0,0,0.000,0.000,0,,0
N111147_N111156_1,,N111147,N111156,,138.000,0.00000000,0.00722000,271.700,271.700,0,0,0.000,0.000,0,,0
N111152_N111148_1,,N111152,N111148,,69.000,0.00000000,0.02382000,113.500,113.500,0,0,0.000,0.000,0,,0
N111166_N111148_1,,N111166,N111148,,69.000,0.00000000,0.00966000,139.300,139.300,0,0,0.000,0.000,0,,0
N111161_N111149_1,,N111161,N111149,,69.000,0.00000000,0.01357000,143.000,143.000,0,0,0.000,0.000,0,,0
N111149_N111177_1,,N111149,N111177,,69.000,0.00000000,0.02296000,141.300,141.300,0,0,0.000,0.000,0,,0
N111157_N111151_1,,N111157,N111151,,69.000,0.00000000,0.01631000,123.800,123.800,0,0,0.000,0.000,0,,0
N111151_N111163_1,,N111151,N111163,,69.000,0.00000000,0.02069000,123.900,123.900,0,0,0.000,0.000,0,,0
N111152_N111298_1,,N111152,N111298,,69.000,0.00000000,0.01923000,140.900,140.900,0,0,0.000,0.000,0,,0
N111170_N111153_1,,N111170,N111153,,69.000,0.00000000,0.02982000,135.300,135.300,0,0,0.000,0.000,0,,0
N111173_N111153_1,,N111173,N111153,,69.000,0.00000000,0.02930000,162.100,162.100,0,0,0.000,0.000,0,,0
N111154_N111156_1,,N111154,N111156,,138.000,0.00000000,0.00831000,311.900,311.900,0,0,0.000,0.000,0,,0
N111174_N111154_1,,N111174,N111154,,138.000,0.00000000,0.00702000,329.600,329.600,0,0,0.000,0.000,0,,0
N111174_N111154_2,,N111174,N111154,,138.000,0.00000000,0.00702000,329.600,329.600,0,0,0.000,0.000,0,,0
N111155_N111162_1,,N111155,N111162,,69.000,0.00000000,0.00540000,131.100,131.100,0,0,0.000,0.000,0,,0
N111156_N111160_1,,N111156,N111160,,138.000,0.00000000,0.00632000,297.500,297.500,0,0,0.000,0.000,0,,0
N111156_N111176_1,,N111156,N111176,,138.000,0.00000000,0.01293000,292.400,292.400,0,0,0.000,0.000,0,,0
N111157_N111173_1,,N111157,N111173,,69.000,0.00000000,0.04374000,135.100,135.100,0,0,0.000,0.000,0,,0
N111160_N111172_1,,N111160,N111172,,138.000,0.00000000,0.01439000,292.000,292.000,0,0,0.000,0.000,0,,0
N111176_N111160_1,,N111176,N111160,,138.000,0.00000000,0.00679000,305.700,305.700,0,0,0.000,0.000,0,,0
N111163_N111161_1,,N111163,N111161,,69.000,0.00000000,0.01978000,152.300,152.300,0,0,0.000,0.000,0,,0
N111162_N111175_1,,N111162,N111175,,69.000,0.00000000,0.03512000,159.200,159.200,0,0,0.000,0.000,0,,0
N111164_N111166_1,,N111164,N111166,,69.000,0.00000000,0.02599000,153.500,153.500,0,0,0.000,0.000,0,,0
N111164_N111175_1,,N111164,N111175,,69.000,0.00000000,0.00358000,136.200,136.200,0,0,0.000,0.000,0,,0
N111164_N111298_1,,N111164,N111298,,69.000,0.00000000,0.01867000,122.200,122.200,0,0,0.000,0.000,0,,0
N111167_N111169_1,,N111167,N111169,,138.000,0.00000000,0.01780000,292.000,292.000,0,0,0.000,0.000,0,,0
N111172_N111167_1,,N111172,N111167,,138.000,0.00000000,0.01528000,283.500,283.500,0,0,0.000,0.000,0,,0
N111167_N111174_1,,N111167,N111174,,138.000,0.00000000,0.01460000,292.800,292.800,0,0,0.000,0.000,0,,0
N111176_N111169_1,,N111176,N111169,,138.000,0.00000000,0.00866000,326.200,326.200,0,0,0.000,0.000,0,,0
N111176_N111169_2,,N111176,N111169,,138.000,0.00000000,0.00866000,326.200,326.200,0,0,0.000,0.000,0,,0
N111189_N111171_1,,N111189,N111171,,345.000,0.00000000,0.00893000,1152.800,1152.800,0,1,0.000,0.000,0,,0
N111207_N111171_1,,N111207,N111171,,345.000,0.00000000,0.00866000,1312.700,1312.700,0,1,0.000,0.000,0,,0
N111207_N111171_2,,N111207,N111171,,345.000,0.00000000,0.00866000,1312.700,1312.700,0,1,0.000,0.000,0,,0
N111174_N111172_1,,N111174,N111172,,138.000,0.00000000,0.00700000,354.300,354.300,0,0,0.000,0.000,0,,0
N111174_N111172_2,,N111174,N111172,,138.000,0.00000000,0.00700000,354.300,354.300,0,0,0.000,0.000,0,,0
N111298_N111173_1,,N111298,N111173,,69.000,0.00000000,0.02999000,138.000,138.000,0,0,0.000,0.000,0,,0
N111174_N111176_1,,N111174,N111176,,138.000,0.00000000,0.01358000,304.100,304.100,0,0,0.000,0.000,0,,0
N111178_N230250_1,,N111178,N230250,,138.000,0.00000000,0.01457000,242.400,242.400,0,0,0.000,0.000,0,,0
N111179_N111370_1,,N111179,N111370,,345.000,0.00000000,0.00022000,1192.200,1192.200,0,1,0.000,0.000,0,,0
N111179_N111370_2,,N111179,N111370,,345.000,0.00000000,0.00022000,1192.200,1192.200,0,1,0.000,0.000,0,,0
N111182_N111379_1,,N111182,N111379,,138.000,0.00000000,0.00968000,315.000,315.000,0,0,0.000,0.000,0,,0
N111337_N111207_1,,N111337,N111207,,345.000,0.00000000,0.00062000,1650.000,1650.000,0,1,0.000,0.000,0,,0
N111207_N111389_1,,N111207,N111389,,345.000,0.00000000,0.01298000,1219.500,1219.500,0,1,0.000,0.000,0,,0
N111216_N111389_1,,N111216,N111389,,345.000,0.00000000,0.01736000,1373.400,1373.400,0,1,0.000,0.000,0,,0
N111216_N111389_2,,N111216,N111389,,345.000,0.00000000,0.01736000,1373.400,1373.400,0,1,0.000,0.000,0,,0
N111219_N111250_1,,N111219,N111250,,138.000,0.00000000,0.00996000,274.000,274.000,0,0,0.000,0.000,0,,0
N111236_N111222_1,,N111236,N111222,,138.000,0.00000000,0.00973000,298.600,298.600,0,0,0.000,0.000,0,,0
N111375_N111224_1,,N111375,N111224,,138.000,0.00000000,0.00866000,282.800,282.800,0,0,0.000,0.000,0,,0
N111230_N111342_1,,N111230,N111342,,138.000,0.00000000,0.02061000,271.300,271.300,0,0,0.000,0.000,0,,0
N111235_N111279_1,,N111235,N111279,,345.000,0.00000000,0.00978000,1067.200,1067.200,0,1,0.000,0.000,0,,0
N111235_N111284_1,,N111235,N111284,,345.000,0.00000000,0.01243000,1198.900,1198.900,0,1,0.000,0.000,0,,0
N111300_N111235_1,,N111300,N111235,,345.000,0.00000000,0.01321000,1186.400,1186.400,0,1,0.000,0.000,0,,0
N111240_N111245_1,,N111240,N111245,,138.000,0.00000000,0.00641000,283.100,283.100,0,0,0.000,0.000,0,,0
N111240_N111371_1,,N111240,N111371,,138.000,0.00000000,0.02004000,303.900,303.900,0,0,0.000,0.000,0,,0
N111342_N111250_1,,N111342,N111250,,138.000,0.00000000,0.00895000,268.600,268.600,0,0,0.000,0.000,0,,0
N111250_N111383_1,,N111250,N111383,,138.000,0.00000000,0.01565000,298.200,298.200,0,0,0.000,0.000,0,,0
N111259_N111411_1,,N111259,N111411,,138.000,0.00000000,0.02825000,287.900,287.900,0,0,0.000,0.000,0,,0
N111261_N111294_1,,N111261,N111294,,138.000,0.00000000,0.00899000,355.500,355.500,0,0,0.000,0.000,0,,0
N111261_N111294_2,,N111261,N111294,,138.000,0.00000000,0.00899000,355.500,355.500,0,0,0.000,0.000,0,,0
N111317_N111269_1,,N111317,N111269,,345.000,0.00000000,0.00080000,1195.900,1195.900,0,1,0.000,0.000,0,,0
N111269_N111370_1,,N111269,N111370,,345.000,0.00000000,0.00652000,1258.800,1258.800,0,1,0.000,0.000,0,,0
N111279_N111353_1,,N111279,N111353,,345.000,0.00000000,0.00047000,1188.200,1188.200,0,1,0.000,0.000,0,,0
N111300_N111284_1,,N111300,N111284,,345.000,0.00000000,0.00221000,1198.600,1198.600,0,1,0.000,0.000,0,,0
N111284_N111305_1,,N111284,N111305,,345.000,0.00000000,0.00759000,1242.000,1242.000,0,1,0.000,0.000,0,,0
N111328_N111285_1,,N111328,N111285,,138.000,0.00000000,0.00585000,295.100,295.100,0,0,0.000,0.000,0,,0
N111359_N111285_1,,N111359,N111285,,138.000,0.00000000,0.00479000,264.600,264.600,0,0,0.000,0.000,0,,0
N111353_N111293_1,,N111353,N111293,,345.000,0.00000000,0.00066000,1211.000,1211.000,0,1,0.000,0.000,0,,0
N111310_N111323_1,,N111310,N111323,,345.000,0.00000000,0.00177000,1098.100,1098.100,0,1,0.000,0.000,0,,0
N111346_N111310_1,,N111346,N111310,,345.000,0.00000000,0.00122000,1279.100,1279.100,0,1,0.000,0.000,0,,0
N111346_N111310_2,,N111346,N111310,,345.000,0.00000000,0.00122000,1279.100,1279.100,0,1,0.000,0.000,0,,0
N111311_N111379_1,,N111311,N111379,,138.000,0.00000000,0.00762000,362.600,362.600,0,0,0.000,0.000,0,,0
N111311_N111379_2,,N111311,N111379,,138.000,0.00000000,0.00762000,362.600,362.600,0,0,0.000,0.000,0,,0
N111328_N111359_1,,N111328,N111359,,138.000,0.00000000,0.00529000,293.800,293.800,0,0,0.000,0.000,0,,0
N111346_N111332_1,,N111346,N111332,,345.000,0.00000000,0.00800000,1100.000,1100.000,0,1,0.000,0.000,0,,0
N111370_N111332_1,,N111370,N111332,,345.000,0.00000000,0.00092000,1174.200,1174.200,0,1,0.000,0.000,0,,0
N111381_N111338_1,,N111381,N111338,,138.000,0.00000000,0.00449000,285.300,285.300,0,0,0.000,0.000,0,,0
N111353_N111393_1,,N111353,N111393,,345.000,0.00000000,0.00284000,1210.100,1210.100,0,1,0.000,0.000,0,,0
N111362_N111389_1,,N111362,N111389,,345.000,0.00000000,0.00021000,1287.500,1287.500,0,1,0.000,0.000,0,,0
N111377_N111387_1,,N111377,N111387,,69.000,0.00000000,0.00447000,113.500,113.500,0,0,0.000,0.000,0,,0
N111405_N230039_1,,N111405,N230039,,138.000,0.00000000,0.01442000,279.800,279.800,0,0,0.000,0.000,0,,0
N111405_N230065_1,,N111405,N230065,,138.000,0.00000000,0.01718000,277.800,277.800,0,0,0.000,0.000,0,,0
N120011_N120001_1,,N120011,N120001,,138.000,0.00000000,0.03096000,266.800,266.800,0,0,0.000,0.000,0,,0
N120001_N120511_1,,N120001,N120511,,138.000,0.00000000,0.01507000,271.800,271.800,0,0,0.000,0.000,0,,0
N120002_N120126_1,,N120002,N120126,,138.000,0.00000000,0.03125000,277.400,277.400,0,0,0.000,0.000,0,,0
N120002_N120511_1,,N120002,N120511,,138.000,0.00000000,0.03976000,291.400,291.400,0,0,0.000,0.000,0,,0
N120003_N120492_1,,N120003,N120492,,138.000,0.00000000,0.01806000,270.800,270.800,0,0,0.000,0.000,0,,0
N120506_N120003_1,,N120506,N120003,,138.000,0.00000000,0.03889000,267.900,267.900,0,0,0.000,0.000,0,,0
N120004_N120506_1,,N120004,N120506,,138.000,0.00000000,0.03602000,295.800,295.800,0,0,0.000,0.000,0,,0
N240050_N120004_1,,N240050,N120004,,138.000,0.00000000,0.06465000,292.900,292.900,0,0,0.000,0.000,0,,0
N120006_N120005_1,,N120006,N120005,,138.000,0.00000000,0.07684000,305.700,305.700,0,0,0.000,0.000,0,,0
N120005_N240001_1,,N120005,N240001,,138.000,0.00000000,0.06984000,305.800,305.800,0,0,0.000,0.000,0,,0
N120006_N120007_1,,N120006,N120007,,138.000,0.00000000,0.09183000,264.200,264.200,0,0,0.000,0.000,0,,0
N120519_N120006_1,,N120519,N120006,,138.000,0.00000000,0.04758000,278.100,278.100,0,0,0.000,0.000,0,,0
N120010_N120007_1,,N120010,N120007,,138.000,0.00000000,0.04700000,257.900,257.900,0,0,0.000,0.000,0,,0
N120009_N120008_1,,N120009,N120008,,138.000,0.00000000,0.03560000,240.400,240.400,0,0,0.000,0.000,0,,0
N120008_N120519_1,,N120008,N120519,,138.000,0.00000000,0.02007000,228.700,228.700,0,0,0.000,0.000,0,,0
N120009_N120117_1,,N120009,N120117,,138.000,0.00000000,0.06006000,242.100,242.100,0,0,0.000,0.000,0,,0
N120010_N120024_1,,N120010,N120024,,138.000,0.00000000,0.05166000,253.900,253.900,0,0,0.000,0.000,0,,0
N120016_N120011_1,,N120016,N120011,,138.000,0.00000000,0.02916000,279.600,279.600,0,0,0.000,0.000,0,,0
N120012_N120095_1,,N120012,N120095,,138.000,0.00000000,0.04624000,312.900,312.900,0,0,0.000,0.000,0,,0
N120012_N120119_1,,N120012,N120119,,138.000,0.00000000,0.04928000,304.900,304.900,0,0,0.000,0.000,0,,0
N120155_N120012_1,,N120155,N120012,,138.000,0.00000000,0.05643000,304.800,304.800,0,0,0.000,0.000,0,,0
N120012_N240002_1,,N120012,N240002,,138.000,0.00000000,0.07329000,323.400,323.400,0,0,0.000,0.000,0,,0
N120063_N120013_1,,N120063,N120013,,138.000,0.00000000,0.07778000,259.000,259.000,0,0,0.000,0.000,0,,0
N120013_N160001_1,,N120013,N160001,,138.000,0.00000000,0.05555000,252.100,252.100,0,0,0.000,0.000,0,,0
N120013_N180041_1,,N120013,N180041,,138.000,0.00000000,0.14328000,239.500,239.500,0,0,0.000,0.000,0,,0
N120014_N120194_1,,N120014,N120194,,138.000,0.00000000,0.03004000,264.900,264.900,0,0,0.000,0.000,0,,0
N120014_N160001_1,,N120014,N160001,,138.000,0.00000000,0.03902000,265.700,265.700,0,0,0.000,0.000,0,,0
N120046_N120015_1,,N120046,N120015,,138.000,0.00000000,0.05907000,247.400,247.400,0,0,0.000,0.000,0,,0
N120015_N180044_1,,N120015,N180044,,138.000,0.00000000,0.07466000,252.800,252.800,0,0,0.000,0.000,0,,0
N120016_N180076_1,,N120016,N180076,,138.000,0.00000000,0.05723000,281.100,281.100,0,0,0.000,0.000,0,,0
N120017_N120174_1,,N120017,N120174,,138.000,0.00000000,0.00572000,285.400,285.400,0,0,0.000,0.000,0,,0
N120189_N120017_1,,N120189,N120017,,138.000,0.00000000,0.02878000,273.800,273.800,0,0,0.000,0.000,0,,0
N120018_N120183_1,,N120018,N120183,,138.000,0.00000000,0.01575000,268.800,268.800,0,0,0.000,0.000,0,,0
N120185_N120018_1,,N120185,N120018,,138.000,0.00000000,0.01418000,270.700,270.700,0,0,0.000,0.000,0,,0
N120019_N120056_1,,N120019,N120056,,138.000,0.00000000,0.01322000,211.800,211.800,0,0,0.000,0.000,0,,0
N120187_N120019_1,,N120187,N120019,,138.000,0.00000000,0.01747000,206.000,206.000,0,0,0.000,0.000,0,,0
N120020_N120053_1,,N120020,N120053,,138.000,0.00000000,0.04923000,267.200,267.200,0,0,0.000,0.000,0,,0
N120020_N120056_1,,N120020,N120056,,138.000,0.00000000,0.05615000,227.000,227.000,0,0,0.000,0.000,0,,0
N120020_N120062_1,,N120020,N120062,,138.000,0.00000000,0.13384000,273.200,273.200,0,0,0.000,0.000,0,,0
N120020_N120131_1,,N120020,N120131,,138.000,0.00000000,0.09665000,257.000,257.000,0,0,0.000,0.000,0,,0
N120143_N120020_1,,N120143,N120020,,138.000,0.00000000,0.03512000,255.000,255.000,0,0,0.000,0.000,0,,0
N120020_N120185_1,,N120020,N120185,,138.000,0.00000000,0.06041000,224.800,224.800,0,0,0.000,0.000,0,,0
N120044_N120021_1,,N120044,N120021,,138.000,0.00000000,0.04222000,279.000,279.000,0,0,0.000,0.000,0,,0
N120021_N120053_1,,N120021,N120053,,138.000,0.00000000,0.02913000,279.000,279.000,0,0,0.000,0.000,0,,0
N120466_N120021_1,,N120466,N120021,,138.000,0.00000000,0.02259000,318.800,318.800,0,0,0.000,0.000,0,,0
N120032_N120022_1,,N120032,N120022,,138.000,0.00000000,0.02487000,316.000,316.000,0,0,0.000,0.000,0,,0
N120302_N120022_1,,N120302,N120022,,138.000,0.00000000,0.03664000,314.900,314.900,0,0,0.000,0.000,0,,0
N120023_N120026_1,,N120023,N120026,,138.000,0.00000000,0.01463000,224.800,224.800,0,0,0.000,0.000,0,,0
N120023_N120179_1,,N120023,N120179,,138.000,0.00000000,0.01413000,226.200,226.200,0,0,0.000,0.000,0,,0
N120072_N120024_1,,N120072,N120024,,138.000,0.00000000,0.03765000,235.500,235.500,0,0,0.000,0.000,0,,0
N120024_N120121_1,,N120024,N120121,,138.000,0.00000000,0.02668000,264.400,264.400,0,0,0.000,0.000,0,,0
N120178_N120025_1,,N120178,N120025,,138.000,0.00000000,0.03146000,247.800,247.800,0,0,0.000,0.000,0,,0
N120025_N120179_1,,N120025,N120179,,138.000,0.00000000,0.01413000,245.100,245.100,0,0,0.000,0.000,0,,0
N120026_N120069_1,,N120026,N120069,,138.000,0.00000000,0.01153000,224.900,224.900,0,0,0.000,0.000,0,,0
N120027_N120029_1,,N120027,N120029,,138.000,0.00000000,0.02163000,248.400,248.400,0,0,0.000,0.000,0,,0
N120027_N120034_1,,N120027,N120034,,138.000,0.00000000,0.02222000,274.600,274.600,0,0,0.000,0.000,0,,0
N120027_N120039_1,,N120027,N120039,,138.000,0.00000000,0.02054000,291.400,291.400,0,0,0.000,0.000,0,,0
N120039_N120028_1,,N120039,N120028,,138.000,0.00000000,0.02766000,292.000,292.000,0,0,0.000,0.000,0,,0
N120028_N120448_1,,N120028,N120448,,138.000,0.00000000,0.02038000,292.400,292.400,0,0,0.000,0.000,0,,0
N120029_N120068_1,,N120029,N120068,,138.000,0.00000000,0.04125000,255.600,255.600,0,0,0.000,0.000,0,,0
N120072_N120029_1,,N120072,N120029,,138.000,0.00000000,0.02440000,236.000,236.000,0,0,0.000,0.000,0,,0
N120034_N120030_1,,N120034,N120030,,138.000,0.00000000,0.00982000,231.800,231.800,0,0,0.000,0.000,0,,0
N120069_N120030_1,,N120069,N120030,,138.000,0.00000000,0.03600000,228.700,228.700,0,0,0.000,0.000,0,,0
N120447_N120031_1,,N120447,N120031,,345.000,0.00000000,0.01781000,1119.100,1119.100,0,1,0.000,0.000,0,,0
N120031_N120494_1,,N120031,N120494,,345.000,0.00000000,0.01202000,1041.800,1041.800,0,1,0.000,0.000,0,,0
N120180_N120032_1,,N120180,N120032,,138.000,0.00000000,0.01856000,256.000,256.000,0,0,0.000,0.000,0,,0
N120248_N120032_1,,N120248,N120032,,138.000,0.00000000,0.01478000,351.200,351.200,0,0,0.000,0.000,0,,0
N120248_N120032_2,,N120248,N120032,,138.000,0.00000000,0.01478000,351.200,351.200,0,0,0.000,0.000,0,,0
N120034_N120033_1,,N120034,N120033,,138.000,0.00000000,0.00464000,263.500,263.500,0,0,0.000,0.000,0,,0
N120033_N120035_1,,N120033,N120035,,138.000,0.00000000,0.02195000,261.400,261.400,0,0,0.000,0.000,0,,0
N120035_N120038_1,,N120035,N120038,,138.000,0.00000000,0.02626000,259.900,259.900,0,0,0.000,0.000,0,,0
N120042_N120036_1,,N120042,N120036,,138.000,0.00000000,0.01385000,297.300,297.300,0,0,0.000,0.000,0,,0
N120036_N120495_1,,N120036,N120495,,138.000,0.00000000,0.01848000,291.800,291.800,0,0,0.000,0.000,0,,0
N120058_N120037_1,,N120058,N120037,,138.000,0.00000000,0.02395000,248.800,248.800,0,0,0.000,0.000,0,,0
N120059_N120037_1,,N120059,N120037,,138.000,0.00000000,0.01186000,252.400,252.400,0,0,0.000,0.000,0,,0
N120038_N120040_1,,N120038,N120040,,138.000,0.00000000,0.02203000,316.300,316.300,0,0,0.000,0.000,0,,0
N120177_N120038_1,,N120177,N120038,,138.000,0.00000000,0.02906000,315.000,315.000,0,0,0.000,0.000,0,,0
N120040_N120067_1,,N120040,N120067,,138.000,0.00000000,0.02682000,307.400,307.400,0,0,0.000,0.000,0,,0
N120040_N120073_1,,N120040,N120073,,138.000,0.00000000,0.02116000,258.400,258.400,0,0,0.000,0.000,0,,0
N120042_N120041_1,,N120042,N120041,,138.000,0.00000000,0.02641000,231.800,231.800,0,0,0.000,0.000,0,,0
N120058_N120041_1,,N120058,N120041,,138.000,0.00000000,0.03737000,234.400,234.400,0,0,0.000,0.000,0,,0
N120183_N120042_1,,N120183,N120042,,138.000,0.00000000,0.01412000,266.400,266.400,0,0,0.000,0.000,0,,0
N120043_N120044_1,,N120043,N120044,,138.000,0.00000000,0.07831000,278.000,278.000,0,0,0.000,0.000,0,,0
N120043_N120059_1,,N120043,N120059,,138.000,0.00000000,0.03675000,297.100,297.100,0,0,0.000,0.000,0,,0
N120043_N120441_1,,N120043,N120441,,138.000,0.00000000,0.02634000,321.000,321.000,0,0,0.000,0.000,0,,0
N120185_N120045_1,,N120185,N120045,,138.000,0.00000000,0.01911000,252.000,252.000,0,0,0.000,0.000,0,,0
N120045_N120186_1,,N120045,N120186,,138.000,0.00000000,0.01863000,235.100,235.100,0,0,0.000,0.000,0,,0
N120045_N120188_1,,N120045,N120188,,138.000,0.00000000,0.03917000,284.600,284.600,0,0,0.000,0.000,0,,0
N120046_N120068_1,,N120046,N120068,,138.000,0.00000000,0.03266000,257.000,257.000,0,0,0.000,0.000,0,,0
N120071_N120046_1,,N120071,N120046,,138.000,0.00000000,0.03832000,239.700,239.700,0,0,0.000,0.000,0,,0
N120050_N120047_1,,N120050,N120047,,138.000,0.00000000,0.02450000,261.000,261.000,0,0,0.000,0.000,0,,0
N120047_N120073_1,,N120047,N120073,,138.000,0.00000000,0.02173000,260.200,260.200,0,0,0.000,0.000,0,,0
N120048_N120049_1,,N120048,N120049,,138.000,0.00000000,0.02672000,269.100,269.100,0,0,0.000,0.000,0,,0
N120048_N120067_1,,N120048,N120067,,138.000,0.00000000,0.02360000,269.000,269.000,0,0,0.000,0.000,0,,0
N120071_N120049_1,,N120071,N120049,,138.000,0.00000000,0.02499000,233.100,233.100,0,0,0.000,0.000,0,,0
N120049_N120176_1,,N120049,N120176,,138.000,0.00000000,0.02725000,236.700,236.700,0,0,0.000,0.000,0,,0
N120051_N120050_1,,N120051,N120050,,138.000,0.00000000,0.03018000,241.800,241.800,0,0,0.000,0.000,0,,0
N120060_N120050_1,,N120060,N120050,,138.000,0.00000000,0.03919000,221.500,221.500,0,0,0.000,0.000,0,,0
N120176_N120051_1,,N120176,N120051,,138.000,0.00000000,0.00768000,242.800,242.800,0,0,0.000,0.000,0,,0
N120054_N120052_1,,N120054,N120052,,138.000,0.00000000,0.03466000,223.200,223.200,0,0,0.000,0.000,0,,0
N120052_N120060_1,,N120052,N120060,,138.000,0.00000000,0.04448000,223.100,223.100,0,0,0.000,0.000,0,,0
N120054_N120055_1,,N120054,N120055,,138.000,0.00000000,0.04068000,302.600,302.600,0,0,0.000,0.000,0,,0
N120188_N120054_1,,N120188,N120054,,138.000,0.00000000,0.03072000,288.800,288.800,0,0,0.000,0.000,0,,0
N120055_N120065_1,,N120055,N120065,,138.000,0.00000000,0.02259000,263.200,263.200,0,0,0.000,0.000,0,,0
N120055_N180034_1,,N120055,N180034,,138.000,0.00000000,0.09574000,311.800,311.800,0,0,0.000,0.000,0,,0
N120057_N120061_1,,N120057,N120061,,138.000,0.00000000,0.04517000,218.700,218.700,0,0,0.000,0.000,0,,0
N120143_N120057_1,,N120143,N120057,,138.000,0.00000000,0.03366000,218.500,218.500,0,0,0.000,0.000,0,,0
N120059_N120182_1,,N120059,N120182,,138.000,0.00000000,0.02222000,312.200,312.200,0,0,0.000,0.000,0,,0
N120061_N120184_1,,N120061,N120184,,138.000,0.00000000,0.03043000,192.200,192.200,0,0,0.000,0.000,0,,0
N120062_N120466_1,,N120062,N120466,,138.000,0.00000000,0.01591000,257.800,257.800,0,0,0.000,0.000,0,,0
N180051_N120062_1,,N180051,N120062,,138.000,0.00000000,0.12086000,258.800,258.800,0,0,0.000,0.000,0,,0
N120063_N120466_1,,N120063,N120466,,138.000,0.00000000,0.02470000,257.700,257.700,0,0,0.000,0.000,0,,0
N120064_N120070_1,,N120064,N120070,,138.000,0.00000000,0.03606000,251.100,251.100,0,0,0.000,0.000,0,,0
N120064_N120178_1,,N120064,N120178,,138.000,0.00000000,0.01511000,251.300,251.300,0,0,0.000,0.000,0,,0
N120065_N120466_1,,N120065,N120466,,138.000,0.00000000,0.00408000,261.400,261.400,0,0,0.000,0.000,0,,0
N120174_N120066_1,,N120174,N120066,,138.000,0.00000000,0.00646000,268.400,268.400,0,0,0.000,0.000,0,,0
N120066_N120222_1,,N120066,N120222,,138.000,0.00000000,0.03236000,265.400,265.400,0,0,0.000,0.000,0,,0
N120067_N120175_1,,N120067,N120175,,138.000,0.00000000,0.00788000,308.500,308.500,0,0,0.000,0.000,0,,0
N120070_N120122_1,,N120070,N120122,,138.000,0.00000000,0.02948000,249.900,249.900,0,0,0.000,0.000,0,,0
N180050_N120071_1,,N180050,N120071,,138.000,0.00000000,0.10376000,258.000,258.000,0,0,0.000,0.000,0,,0
N120074_N120084_1,,N120074,N120084,,138.000,0.00000000,0.04952000,311.900,311.900,0,0,0.000,0.000,0,,0
N270005_N120074_1,,N270005,N120074,,138.000,0.00000000,0.03710000,297.900,297.900,0,0,0.000,0.000,0,,0
N270011_N120074_1,,N270011,N120074,,138.000,0.00000000,0.02607000,281.500,281.500,0,0,0.000,0.000,0,,0
N120075_N120087_1,,N120075,N120087,,138.000,0.00000000,0.03947000,254.800,254.800,0,0,0.000,0.000,0,,0
N120075_N120088_1,,N120075,N120088,,138.000,0.00000000,0.02784000,262.000,262.000,0,0,0.000,0.000,0,,0
N120090_N120075_1,,N120090,N120075,,138.000,0.00000000,0.02599000,276.800,276.800,0,0,0.000,0.000,0,,0
N120124_N120075_1,,N120124,N120075,,138.000,0.00000000,0.03471000,296.600,296.600,0,0,0.000,0.000,0,,0
N120076_N120078_1,,N120076,N120078,,138.000,0.00000000,0.02796000,252.800,252.800,0,0,0.000,0.000,0,,0
N120076_N140301_1,,N120076,N140301,,138.000,0.00000000,0.03778000,281.300,281.300,0,0,0.000,0.000,0,,0
N120076_N210120_1,,N120076,N210120,,138.000,0.00000000,0.14489000,278.600,278.600,0,0,0.000,0.000,0,,0
N270007_N120076_1,,N270007,N120076,,138.000,0.00000000,0.01335000,245.200,245.200,0,0,0.000,0.000,0,,0
N120077_N120079_1,,N120077,N120079,,138.000,0.00000000,0.01472000,245.300,245.300,0,0,0.000,0.000,0,,0
N120090_N120077_1,,N120090,N120077,,138.000,0.00000000,0.02747000,260.700,260.700,0,0,0.000,0.000,0,,0
N120077_N120156_1,,N120077,N120156,,138.000,0.00000000,0.03505000,289.100,289.100,0,0,0.000,0.000,0,,0
N120077_N120157_1,,N120077,N120157,,138.000,0.00000000,0.01096000,319.100,319.100,0,0,0.000,0.000,0,,0
N120157_N120078_1,,N120157,N120078,,138.000,0.00000000,0.01356000,254.800,254.800,0,0,0.000,0.000,0,,0
N120079_N120097_1,,N120079,N120097,,138.000,0.00000000,0.03878000,247.800,247.800,0,0,0.000,0.000,0,,0
N120082_N120080_1,,N120082,N120080,,138.000,0.00000000,0.03622000,251.800,251.800,0,0,0.000,0.000,0,,0
N120089_N120080_1,,N120089,N120080,,138.000,0.00000000,0.01016000,246.300,246.300,0,0,0.000,0.000,0,,0
N120081_N270002_1,,N120081,N270002,,138.000,0.00000000,0.02792000,293.100,293.100,0,0,0.000,0.000,0,,0
N120081_N270003_1,,N120081,N270003,,138.000,0.00000000,0.03639000,292.300,292.300,0,0,0.000,0.000,0,,0
N120082_N120165_1,,N120082,N120165,,138.000,0.00000000,0.01632000,252.700,252.700,0,0,0.000,0.000,0,,0
N120084_N120083_1,,N120084,N120083,,138.000,0.00000000,0.01650000,312.800,312.800,0,0,0.000,0.000,0,,0
N120083_N120154_1,,N120083,N120154,,138.000,0.00000000,0.02309000,318.400,318.400,0,0,0.000,0.000,0,,0
N120166_N120083_1,,N120166,N120083,,138.000,0.00000000,0.02046000,294.100,294.100,0,0,0.000,0.000,0,,0
N120085_N120166_1,,N120085,N120166,,138.000,0.00000000,0.01889000,309.300,309.300,0,0,0.000,0.000,0,,0
N120085_N270133_1,,N120085,N270133,,138.000,0.00000000,0.06140000,306.800,306.800,0,0,0.000,0.000,0,,0
N120086_N120147_1,,N120086,N120147,,138.000,0.00000000,0.00981000,313.800,313.800,0,0,0.000,0.000,0,,0
N120086_N120167_1,,N120086,N120167,,138.000,0.00000000,0.01042000,312.300,312.300,0,0,0.000,0.000,0,,0
N270012_N120087_1,,N270012,N120087,,138.000,0.00000000,0.04129000,253.100,253.100,0,0,0.000,0.000,0,,0
N240112_N120088_1,,N240112,N120088,,138.000,0.00000000,0.04381000,263.600,263.600,0,0,0.000,0.000,0,,0
N120159_N120089_1,,N120159,N120089,,138.000,0.00000000,0.00355000,246.000,246.000,0,0,0.000,0.000,0,,0
N120090_N270012_1,,N120090,N270012,,138.000,0.00000000,0.05598000,238.600,238.600,0,0,0.000,0.000,0,,0
N120091_N120097_1,,N120091,N120097,,138.000,0.00000000,0.01203000,252.500,252.500,0,0,0.000,0.000,0,,0
N120091_N120153_1,,N120091,N120153,,138.000,0.00000000,0.01337000,294.200,294.200,0,0,0.000,0.000,0,,0
N120091_N120163_1,,N120091,N120163,,138.000,0.00000000,0.00714000,305.000,305.000,0,0,0.000,0.000,0,,0
N120092_N120109_1,,N120092,N120109,,138.000,0.00000000,0.01954000,286.400,286.400,0,0,0.000,0.000,0,,0
N120092_N120110_1,,N120092,N120110,,138.000,0.00000000,0.00450000,244.000,244.000,0,0,0.000,0.000,0,,0
N120092_N120167_1,,N120092,N120167,,138.000,0.00000000,0.02233000,312.800,312.800,0,0,0.000,0.000,0,,0
N120128_N120093_1,,N120128,N120093,,138.000,0.00000000,0.02545000,294.600,294.600,0,0,0.000,0.000,0,,0
N120093_N120160_1,,N120093,N120160,,138.000,0.00000000,0.03028000,274.700,274.700,0,0,0.000,0.000,0,,0
N120096_N120094_1,,N120096,N120094,,138.000,0.00000000,0.03519000,229.800,229.800,0,0,0.000,0.000,0,,0
N120155_N120094_1,,N120155,N120094,,138.000,0.00000000,0.02073000,230.100,230.100,0,0,0.000,0.000,0,,0
N120095_N120120_1,,N120095,N120120,,138.000,0.00000000,0.02686000,310.600,310.600,0,0,0.000,0.000,0,,0
N120096_N120128_1,,N120096,N120128,,138.000,0.00000000,0.03172000,233.000,233.000,0,0,0.000,0.000,0,,0
N120098_N120099_1,,N120098,N120099,,138.000,0.00000000,0.02741000,292.000,292.000,0,0,0.000,0.000,0,,0
N120098_N120100_1,,N120098,N120100,,138.000,0.00000000,0.02830000,286.800,286.800,0,0,0.000,0.000,0,,0
N120098_N120116_1,,N120098,N120116,,138.000,0.00000000,0.03240000,315.100,315.100,0,0,0.000,0.000,0,,0
N120117_N120098_1,,N120117,N120098,,138.000,0.00000000,0.02575000,242.500,242.500,0,0,0.000,0.000,0,,0
N120099_N120128_1,,N120099,N120128,,138.000,0.00000000,0.03103000,297.800,297.800,0,0,0.000,0.000,0,,0
N120099_N240059_1,,N120099,N240059,,138.000,0.00000000,0.02742000,297.100,297.100,0,0,0.000,0.000,0,,0
N120101_N120100_1,,N120101,N120100,,138.000,0.00000000,0.02913000,283.100,283.100,0,0,0.000,0.000,0,,0
N120101_N120103_1,,N120101,N120103,,138.000,0.00000000,0.02992000,282.200,282.200,0,0,0.000,0.000,0,,0
N120103_N120173_1,,N120103,N120173,,138.000,0.00000000,0.01874000,243.500,243.500,0,0,0.000,0.000,0,,0
N120104_N120106_1,,N120104,N120106,,138.000,0.00000000,0.01701000,268.400,268.400,0,0,0.000,0.000,0,,0
N120104_N120168_1,,N120104,N120168,,138.000,0.00000000,0.02283000,263.300,263.300,0,0,0.000,0.000,0,,0
N120125_N120105_1,,N120125,N120105,,138.000,0.00000000,0.03014000,256.000,256.000,0,0,0.000,0.000,0,,0
N120105_N120519_1,,N120105,N120519,,138.000,0.00000000,0.07017000,260.600,260.600,0,0,0.000,0.000,0,,0
N120106_N120173_1,,N120106,N120173,,138.000,0.00000000,0.02970000,269.700,269.700,0,0,0.000,0.000,0,,0
N120107_N120114_1,,N120107,N120114,,138.000,0.00000000,0.01884000,277.200,277.200,0,0,0.000,0.000,0,,0
N120107_N120129_1,,N120107,N120129,,138.000,0.00000000,0.02442000,277.500,277.500,0,0,0.000,0.000,0,,0
N120108_N120121_1,,N120108,N120121,,138.000,0.00000000,0.01530000,249.100,249.100,0,0,0.000,0.000,0,,0
N120129_N120108_1,,N120129,N120108,,138.000,0.00000000,0.02646000,247.700,247.700,0,0,0.000,0.000,0,,0
N120109_N120164_1,,N120109,N120164,,138.000,0.00000000,0.00716000,292.100,292.100,0,0,0.000,0.000,0,,0
N120110_N120127_1,,N120110,N120127,,138.000,0.00000000,0.00902000,246.900,246.900,0,0,0.000,0.000,0,,0
N120168_N120111_1,,N120168,N120111,,138.000,0.00000000,0.01728000,274.500,274.500,0,0,0.000,0.000,0,,0
N120170_N120111_1,,N120170,N120111,,138.000,0.00000000,0.01441000,268.500,268.500,0,0,0.000,0.000,0,,0
N120112_N120170_1,,N120112,N120170,,138.000,0.00000000,0.01656000,302.400,302.400,0,0,0.000,0.000,0,,0
N120112_N120319_1,,N120112,N120319,,138.000,0.00000000,0.05856000,296.200,296.200,0,0,0.000,0.000,0,,0
N120149_N120113_1,,N120149,N120113,,138.000,0.00000000,0.02167000,336.600,336.600,0,0,0.000,0.000,0,,0
N120149_N120113_2,,N120149,N120113,,138.000,0.00000000,0.02167000,336.600,336.600,0,0,0.000,0.000,0,,0
N120315_N120113_1,,N120315,N120113,,138.000,0.00000000,0.02993000,335.800,335.800,0,0,0.000,0.000,0,,0
N120315_N120113_2,,N120315,N120113,,138.000,0.00000000,0.02993000,335.800,335.800,0,0,0.000,0.000,0,,0
N120114_N120171_1,,N120114,N120171,,138.000,0.00000000,0.02975000,276.200,276.200,0,0,0.000,0.000,0,,0
N120172_N120115_1,,N120172,N120115,,138.000,0.00000000,0.02118000,285.200,285.200,0,0,0.000,0.000,0,,0
N120115_N120302_1,,N120115,N120302,,138.000,0.00000000,0.02877000,280.100,280.100,0,0,0.000,0.000,0,,0
N240018_N120116_1,,N240018,N120116,,138.000,0.00000000,0.04517000,315.100,315.100,0,0,0.000,0.000,0,,0
N120118_N120162_1,,N120118,N120162,,138.000,0.00000000,0.01504000,288.400,288.400,0,0,0.000,0.000,0,,0
N120118_N120168_1,,N120118,N120168,,138.000,0.00000000,0.03951000,285.300,285.300,0,0,0.000,0.000,0,,0
N240002_N120119_1,,N240002,N120119,,138.000,0.00000000,0.05629000,323.400,323.400,0,0,0.000,0.000,0,,0
N120119_N240059_1,,N120119,N240059,,138.000,0.00000000,0.03197000,297.600,297.600,0,0,0.000,0.000,0,,0
N120152_N120120_1,,N120152,N120120,,138.000,0.00000000,0.01161000,287.200,287.200,0,0,0.000,0.000,0,,0
N120120_N120163_1,,N120120,N120163,,138.000,0.00000000,0.02323000,307.100,307.100,0,0,0.000,0.000,0,,0
N120121_N120125_1,,N120121,N120125,,138.000,0.00000000,0.02608000,232.200,232.200,0,0,0.000,0.000,0,,0
N120129_N120122_1,,N120129,N120122,,138.000,0.00000000,0.01701000,249.200,249.200,0,0,0.000,0.000,0,,0
N120123_N120125_1,,N120123,N120125,,138.000,0.00000000,0.02254000,258.600,258.600,0,0,0.000,0.000,0,,0
N120123_N120173_1,,N120123,N120173,,138.000,0.00000000,0.03473000,258.200,258.200,0,0,0.000,0.000,0,,0
N120155_N120124_1,,N120155,N120124,,138.000,0.00000000,0.02472000,297.100,297.100,0,0,0.000,0.000,0,,0
N120126_N120178_1,,N120126,N120178,,138.000,0.00000000,0.01575000,277.100,277.100,0,0,0.000,0.000,0,,0
N120165_N120127_1,,N120165,N120127,,138.000,0.00000000,0.01600000,252.000,252.000,0,0,0.000,0.000,0,,0
N120132_N120130_1,,N120132,N120130,,138.000,0.00000000,0.02605000,234.200,234.200,0,0,0.000,0.000,0,,0
N120134_N120130_1,,N120134,N120130,,138.000,0.00000000,0.03339000,256.800,256.800,0,0,0.000,0.000,0,,0
N120131_N120132_1,,N120131,N120132,,138.000,0.00000000,0.02336000,240.700,240.700,0,0,0.000,0.000,0,,0
N120517_N120132_1,,N120517,N120132,,138.000,0.00000000,0.02659000,273.400,273.400,0,0,0.000,0.000,0,,0
N120133_N120144_1,,N120133,N120144,,138.000,0.00000000,0.07437000,252.000,252.000,0,0,0.000,0.000,0,,0
N120133_N120146_1,,N120133,N120146,,138.000,0.00000000,0.04474000,269.700,269.700,0,0,0.000,0.000,0,,0
N120133_N120197_1,,N120133,N120197,,138.000,0.00000000,0.02295000,256.200,256.200,0,0,0.000,0.000,0,,0
N120140_N120134_1,,N120140,N120134,,138.000,0.00000000,0.02516000,308.700,308.700,0,0,0.000,0.000,0,,0
N120134_N270095_1,,N120134,N270095,,138.000,0.00000000,0.02349000,291.700,291.700,0,0,0.000,0.000,0,,0
N120136_N120135_1,,N120136,N120135,,138.000,0.00000000,0.02882000,247.200,247.200,0,0,0.000,0.000,0,,0
N120441_N120135_1,,N120441,N120135,,138.000,0.00000000,0.03355000,240.900,240.900,0,0,0.000,0.000,0,,0
N120145_N120136_1,,N120145,N120136,,138.000,0.00000000,0.02235000,249.100,249.100,0,0,0.000,0.000,0,,0
N120139_N120137_1,,N120139,N120137,,138.000,0.00000000,0.02844000,295.100,295.100,0,0,0.000,0.000,0,,0
N120137_N120145_1,,N120137,N120145,,138.000,0.00000000,0.01877000,288.300,288.300,0,0,0.000,0.000,0,,0
N120139_N120138_1,,N120139,N120138,,138.000,0.00000000,0.02532000,295.600,295.600,0,0,0.000,0.000,0,,0
N120138_N120141_1,,N120138,N120141,,138.000,0.00000000,0.02686000,273.900,273.900,0,0,0.000,0.000,0,,0
N120142_N120138_1,,N120142,N120138,,138.000,0.00000000,0.03529000,294.500,294.500,0,0,0.000,0.000,0,,0
N120141_N120140_1,,N120141,N120140,,138.000,0.00000000,0.04173000,325.200,325.200,0,0,0.000,0.000,0,,0
N270068_N120140_1,,N270068,N120140,,138.000,0.00000000,0.03874000,251.100,251.100,0,0,0.000,0.000,0,,0
N120199_N120141_1,,N120199,N120141,,138.000,0.00000000,0.04677000,339.000,339.000,0,0,0.000,0.000,0,,0
N120191_N120142_1,,N120191,N120142,,138.000,0.00000000,0.02958000,312.500,312.500,0,0,0.000,0.000,0,,0
N120143_N120144_1,,N120143,N120144,,138.000,0.00000000,0.03606000,252.200,252.200,0,0,0.000,0.000,0,,0
N120145_N120197_1,,N120145,N120197,,138.000,0.00000000,0.00542000,295.700,295.700,0,0,0.000,0.000,0,,0
N120521_N120146_1,,N120521,N120146,,138.000,0.00000000,0.02676000,278.600,278.600,0,0,0.000,0.000,0,,0
N120147_N120149_1,,N120147,N120149,,138.000,0.00000000,0.01373000,325.800,325.800,0,0,0.000,0.000,0,,0
N120150_N120147_1,,N120150,N120147,,138.000,0.00000000,0.01056000,309.600,309.600,0,0,0.000,0.000,0,,0
N120148_N120151_1,,N120148,N120151,,345.000,0.00000000,0.01857000,1178.000,1178.000,0,1,0.000,0.000,0,,0
N120351_N120148_1,,N120351,N120148,,345.000,0.00000000,0.01146000,1200.800,1200.800,0,1,0.000,0.000,0,,0
N120148_N240012_1,,N120148,N240012,,345.000,0.00000000,0.04807000,1255.100,1255.100,0,1,0.000,0.000,0,,0
N120150_N120149_1,,N120150,N120149,,138.000,0.00000000,0.01628000,330.700,330.700,0,0,0.000,0.000,0,,0
N120154_N120149_1,,N120154,N120149,,138.000,0.00000000,0.01043000,319.700,319.700,0,0,0.000,0.000,0,,0
N120150_N120211_1,,N120150,N120211,,138.000,0.00000000,0.01493000,356.800,356.800,0,0,0.000,0.000,0,,0
N120151_N240012_1,,N120151,N240012,,345.000,0.00000000,0.03980000,1238.200,1238.200,0,1,0.000,0.000,0,,0
N120156_N120152_1,,N120156,N120152,,138.000,0.00000000,0.01537000,294.700,294.700,0,0,0.000,0.000,0,,0
N120161_N120152_1,,N120161,N120152,,138.000,0.00000000,0.01360000,273.600,273.600,0,0,0.000,0.000,0,,0
N120152_N120162_1,,N120152,N120162,,138.000,0.00000000,0.00786000,327.300,327.300,0,0,0.000,0.000,0,,0
N120153_N120162_1,,N120153,N120162,,138.000,0.00000000,0.00502000,309.500,309.500,0,0,0.000,0.000,0,,0
N120153_N120164_1,,N120153,N120164,,138.000,0.00000000,0.02002000,316.200,316.200,0,0,0.000,0.000,0,,0
N120158_N120157_1,,N120158,N120157,,138.000,0.00000000,0.00495000,246.200,246.200,0,0,0.000,0.000,0,,0
N120157_N140005_1,,N120157,N140005,,138.000,0.00000000,0.04779000,285.700,285.700,0,0,0.000,0.000,0,,0
N120159_N120158_1,,N120159,N120158,,138.000,0.00000000,0.00930000,239.700,239.700,0,0,0.000,0.000,0,,0
N120160_N120161_1,,N120160,N120161,,138.000,0.00000000,0.02919000,257.200,257.200,0,0,0.000,0.000,0,,0
N120164_N120165_1,,N120164,N120165,,138.000,0.00000000,0.01726000,264.600,264.600,0,0,0.000,0.000,0,,0
N120167_N120166_1,,N120167,N120166,,138.000,0.00000000,0.01807000,267.000,267.000,0,0,0.000,0.000,0,,0
N120167_N120289_1,,N120167,N120289,,138.000,0.00000000,0.03744000,308.000,308.000,0,0,0.000,0.000,0,,0
N120169_N120168_1,,N120169,N120168,,138.000,0.00000000,0.00668000,272.600,272.600,0,0,0.000,0.000,0,,0
N120170_N120169_1,,N120170,N120169,,138.000,0.00000000,0.02656000,270.500,270.500,0,0,0.000,0.000,0,,0
N120170_N120172_1,,N120170,N120172,,138.000,0.00000000,0.00973000,248.500,248.500,0,0,0.000,0.000,0,,0
N120171_N120172_1,,N120171,N120172,,138.000,0.00000000,0.01147000,269.200,269.200,0,0,0.000,0.000,0,,0
N120181_N120174_1,,N120181,N120174,,138.000,0.00000000,0.01047000,307.300,307.300,0,0,0.000,0.000,0,,0
N120175_N120448_1,,N120175,N120448,,138.000,0.00000000,0.00848000,316.200,316.200,0,0,0.000,0.000,0,,0
N180047_N120176_1,,N180047,N120176,,138.000,0.00000000,0.04142000,288.300,288.300,0,0,0.000,0.000,0,,0
N120181_N120177_1,,N120181,N120177,,138.000,0.00000000,0.02009000,308.200,308.200,0,0,0.000,0.000,0,,0
N120180_N120189_1,,N120180,N120189,,138.000,0.00000000,0.01989000,260.300,260.300,0,0,0.000,0.000,0,,0
N120448_N120182_1,,N120448,N120182,,138.000,0.00000000,0.05477000,312.800,312.800,0,0,0.000,0.000,0,,0
N120183_N120184_1,,N120183,N120184,,138.000,0.00000000,0.02505000,221.400,221.400,0,0,0.000,0.000,0,,0
N120186_N120187_1,,N120186,N120187,,138.000,0.00000000,0.01907000,226.200,226.200,0,0,0.000,0.000,0,,0
N120190_N120199_1,,N120190,N120199,,138.000,0.00000000,0.02907000,340.600,340.600,0,0,0.000,0.000,0,,0
N120190_N270078_1,,N120190,N270078,,138.000,0.00000000,0.01800000,339.400,339.400,0,0,0.000,0.000,0,,0
N120191_N120195_1,,N120191,N120195,,138.000,0.00000000,0.01925000,260.900,260.900,0,0,0.000,0.000,0,,0
N120191_N160071_1,,N120191,N160071,,138.000,0.00000000,0.01893000,286.400,286.400,0,0,0.000,0.000,0,,0
N120196_N120192_1,,N120196,N120192,,138.000,0.00000000,0.02753000,300.600,300.600,0,0,0.000,0.000,0,,0
N120199_N120192_1,,N120199,N120192,,138.000,0.00000000,0.02822000,290.200,290.200,0,0,0.000,0.000,0,,0
N120193_N160074_1,,N120193,N160074,,138.000,0.00000000,0.02818000,302.300,302.300,0,0,0.000,0.000,0,,0
N160078_N120193_1,,N160078,N120193,,138.000,0.00000000,0.01589000,302.500,302.500,0,0,0.000,0.000,0,,0
N120194_N160082_1,,N120194,N160082,,138.000,0.00000000,0.02179000,264.500,264.500,0,0,0.000,0.000,0,,0
N120195_N160082_1,,N120195,N160082,,138.000,0.00000000,0.02919000,261.600,261.600,0,0,0.000,0.000,0,,0
N160074_N120196_1,,N160074,N120196,,138.000,0.00000000,0.03776000,301.200,301.200,0,0,0.000,0.000,0,,0
N120197_N120517_1,,N120197,N120517,,138.000,0.00000000,0.08110000,234.400,234.400,0,0,0.000,0.000,0,,0
N120440_N120198_1,,N120440,N120198,,345.000,0.00000000,0.04000000,1350.000,1350.000,0,1,0.000,0.000,0,,0
N120198_N160080_1,,N120198,N160080,,345.000,0.00000000,0.01995000,1131.300,1131.300,0,1,0.000,0.000,0,,0
N120206_N120200_1,,N120206,N120200,,69.000,0.00000000,0.03013000,110.800,110.800,0,0,0.000,0.000,0,,0
N120200_N120212_1,,N120200,N120212,,69.000,0.00000000,0.05542000,117.700,117.700,0,0,0.000,0.000,0,,0
N120201_N120203_1,,N120201,N120203,,69.000,0.00000000,0.02644000,111.000,111.000,0,0,0.000,0.000,0,,0
N120201_N120204_1,,N120201,N120204,,69.000,0.00000000,0.05040000,97.700,97.700,0,0,0.000,0.000,0,,0
N120202_N120212_1,,N120202,N120212,,69.000,0.00000000,0.06238000,112.400,112.400,0,0,0.000,0.000,0,,0
N120202_N120367_1,,N120202,N120367,,69.000,0.00000000,0.12942000,109.900,109.900,0,0,0.000,0.000,0,,0
N120203_N120212_1,,N120203,N120212,,69.000,0.00000000,0.05279000,131.300,131.300,0,0,0.000,0.000,0,,0
N120204_N120300_1,,N120204,N120300,,69.000,0.00000000,0.03349000,98.000,98.000,0,0,0.000,0.000,0,,0
N120374_N120205_1,,N120374,N120205,,138.000,0.00000000,0.02470000,207.400,207.400,0,0,0.000,0.000,0,,0
N120209_N120206_1,,N120209,N120206,,69.000,0.00000000,0.04557000,108.200,108.200,0,0,0.000,0.000,0,,0
N120377_N120209_1,,N120377,N120209,,69.000,0.00000000,0.06393000,92.500,92.500,0,0,0.000,0.000,0,,0
N120212_N120210_1,,N120212,N120210,,69.000,0.00000000,0.14336000,82.300,82.300,0,0,0.000,0.000,0,,0
N120308_N120210_1,,N120308,N120210,,69.000,0.00000000,0.08558000,84.900,84.900,0,0,0.000,0.000,0,,0
N120211_N120356_1,,N120211,N120356,,138.000,0.00000000,0.01357000,332.900,332.900,0,0,0.000,0.000,0,,0
N120212_N120297_1,,N120212,N120297,,69.000,0.00000000,0.05049000,125.500,125.500,0,0,0.000,0.000,0,,0
N120220_N120213_1,,N120220,N120213,,69.000,0.00000000,0.02949000,101.900,101.900,0,0,0.000,0.000,0,,0
N120213_N120223_1,,N120213,N120223,,69.000,0.00000000,0.02731000,122.400,122.400,0,0,0.000,0.000,0,,0
N120497_N120214_1,,N120497,N120214,,69.000,0.00000000,0.00929000,101.800,101.800,0,0,0.000,0.000,0,,0
N120214_N120499_1,,N120214,N120499,,69.000,0.00000000,0.01408000,86.100,86.100,0,0,0.000,0.000,0,,0
N120215_N120335_1,,N120215,N120335,,69.000,0.00000000,0.06579000,90.400,90.400,0,0,0.000,0.000,0,,0
N120215_N120499_1,,N120215,N120499,,69.000,0.00000000,0.07785000,100.900,100.900,0,0,0.000,0.000,0,,0
N120217_N120216_1,,N120217,N120216,,69.000,0.00000000,0.05807000,78.800,78.800,0,0,0.000,0.000,0,,0
N120216_N120497_1,,N120216,N120497,,69.000,0.00000000,0.07208000,88.000,88.000,0,0,0.000,0.000,0,,0
N120218_N120217_1,,N120218,N120217,,69.000,0.00000000,0.03743000,81.800,81.800,0,0,0.000,0.000,0,,0
N120223_N120218_1,,N120223,N120218,,69.000,0.00000000,0.05335000,88.000,88.000,0,0,0.000,0.000,0,,0
N120221_N120219_1,,N120221,N120219,,69.000,0.00000000,0.05773000,56.500,56.500,0,0,0.000,0.000,0,,0
N120219_N120256_1,,N120219,N120256,,69.000,0.00000000,0.07118000,82.800,82.800,0,0,0.000,0.000,0,,0
N120220_N120224_1,,N120220,N120224,,69.000,0.00000000,0.02074000,109.700,109.700,0,0,0.000,0.000,0,,0
N120410_N120220_1,,N120410,N120220,,69.000,0.00000000,0.04374000,124.600,124.600,0,0,0.000,0.000,0,,0
N120502_N120220_1,,N120502,N120220,,69.000,0.00000000,0.04022000,130.200,130.200,0,0,0.000,0.000,0,,0
N120222_N120326_1,,N120222,N120326,,138.000,0.00000000,0.01546000,325.200,325.200,0,0,0.000,0.000,0,,0
N120495_N120222_1,,N120495,N120222,,138.000,0.00000000,0.02464000,333.600,333.600,0,0,0.000,0.000,0,,0
N120224_N120223_1,,N120224,N120223,,69.000,0.00000000,0.01444000,144.500,144.500,0,0,0.000,0.000,0,,0
N120224_N120404_1,,N120224,N120404,,69.000,0.00000000,0.05187000,110.900,110.900,0,0,0.000,0.000,0,,0
N120414_N120224_1,,N120414,N120224,,69.000,0.00000000,0.05124000,134.000,134.000,0,0,0.000,0.000,0,,0
N120234_N120225_1,,N120234,N120225,,69.000,0.00000000,0.02207000,115.600,115.600,0,0,0.000,0.000,0,,0
N120432_N120225_1,,N120432,N120225,,69.000,0.00000000,0.03713000,126.800,126.800,0,0,0.000,0.000,0,,0
N120232_N120226_1,,N120232,N120226,,69.000,0.00000000,0.02166000,133.100,133.100,0,0,0.000,0.000,0,,0
N120226_N120370_1,,N120226,N120370,,69.000,0.00000000,0.03132000,112.100,112.100,0,0,0.000,0.000,0,,0
N120227_N120239_1,,N120227,N120239,,138.000,0.00000000,0.00972000,332.000,332.000,0,0,0.000,0.000,0,,0
N120227_N120398_1,,N120227,N120398,,138.000,0.00000000,0.01251000,320.400,320.400,0,0,0.000,0.000,0,,0
N120228_N120229_1,,N120228,N120229,,69.000,0.00000000,0.02503000,130.900,130.900,0,0,0.000,0.000,0,,0
N120233_N120228_1,,N120233,N120228,,69.000,0.00000000,0.02409000,124.000,124.000,0,0,0.000,0.000,0,,0
N120228_N120237_1,,N120228,N120237,,69.000,0.00000000,0.00757000,126.300,126.300,0,0,0.000,0.000,0,,0
N120229_N120243_1,,N120229,N120243,,69.000,0.00000000,0.00693000,121.300,121.300,0,0,0.000,0.000,0,,0
N120233_N120230_1,,N120233,N120230,,69.000,0.00000000,0.01949000,132.400,132.400,0,0,0.000,0.000,0,,0
N120230_N120240_1,,N120230,N120240,,69.000,0.00000000,0.02481000,152.100,152.100,0,0,0.000,0.000,0,,0
N120230_N120360_1,,N120230,N120360,,69.000,0.00000000,0.03328000,98.200,98.200,0,0,0.000,0.000,0,,0
N120240_N120231_1,,N120240,N120231,,69.000,0.00000000,0.02353000,116.400,116.400,0,0,0.000,0.000,0,,0
N120231_N120282_1,,N120231,N120282,,69.000,0.00000000,0.04110000,113.600,113.600,0,0,0.000,0.000,0,,0
N120232_N120242_1,,N120232,N120242,,69.000,0.00000000,0.01081000,131.400,131.400,0,0,0.000,0.000,0,,0
N120232_N120339_1,,N120232,N120339,,69.000,0.00000000,0.01749000,147.400,147.400,0,0,0.000,0.000,0,,0
N120233_N120237_1,,N120233,N120237,,69.000,0.00000000,0.02765000,95.000,95.000,0,0,0.000,0.000,0,,0
N120236_N120234_1,,N120236,N120234,,69.000,0.00000000,0.01614000,149.800,149.800,0,0,0.000,0.000,0,,0
N120234_N120243_1,,N120234,N120243,,69.000,0.00000000,0.02326000,137.700,137.700,0,0,0.000,0.000,0,,0
N120416_N120235_1,,N120416,N120235,,138.000,0.00000000,0.02215000,302.600,302.600,0,0,0.000,0.000,0,,0
N120238_N120236_1,,N120238,N120236,,69.000,0.00000000,0.01783000,131.400,131.400,0,0,0.000,0.000,0,,0
N120238_N120399_1,,N120238,N120399,,69.000,0.00000000,0.02332000,127.000,127.000,0,0,0.000,0.000,0,,0
N120356_N120239_1,,N120356,N120239,,138.000,0.00000000,0.01982000,333.100,333.100,0,0,0.000,0.000,0,,0
N120239_N120369_1,,N120239,N120369,,138.000,0.00000000,0.01282000,296.100,296.100,0,0,0.000,0.000,0,,0
N120240_N120385_1,,N120240,N120385,,69.000,0.00000000,0.02709000,130.300,130.300,0,0,0.000,0.000,0,,0
N120275_N120241_1,,N120275,N120241,,138.000,0.00000000,0.01741000,308.200,308.200,0,0,0.000,0.000,0,,0
N120241_N120356_1,,N120241,N120356,,138.000,0.00000000,0.01702000,326.400,326.400,0,0,0.000,0.000,0,,0
N120242_N120282_1,,N120242,N120282,,69.000,0.00000000,0.02102000,156.400,156.400,0,0,0.000,0.000,0,,0
N120242_N120283_1,,N120242,N120283,,69.000,0.00000000,0.02638000,120.300,120.300,0,0,0.000,0.000,0,,0
N120250_N120244_1,,N120250,N120244,,69.000,0.00000000,0.04441000,102.000,102.000,0,0,0.000,0.000,0,,0
N120244_N120253_1,,N120244,N120253,,69.000,0.00000000,0.03387000,111.500,111.500,0,0,0.000,0.000,0,,0
N120252_N120245_1,,N120252,N120245,,138.000,0.00000000,0.01129000,310.100,310.100,0,0,0.000,0.000,0,,0
N120258_N120245_1,,N120258,N120245,,138.000,0.00000000,0.01491000,312.000,312.000,0,0,0.000,0.000,0,,0
N120245_N120495_1,,N120245,N120495,,138.000,0.00000000,0.03232000,330.300,330.300,0,0,0.000,0.000,0,,0
N120247_N120246_1,,N120247,N120246,,69.000,0.00000000,0.03171000,128.700,128.700,0,0,0.000,0.000,0,,0
N120251_N120246_1,,N120251,N120246,,69.000,0.00000000,0.02149000,118.400,118.400,0,0,0.000,0.000,0,,0
N120525_N120247_1,,N120525,N120247,,69.000,0.00000000,0.01555000,104.500,104.500,0,0,0.000,0.000,0,,0
N120248_N120252_1,,N120248,N120252,,138.000,0.00000000,0.01488000,318.400,318.400,0,0,0.000,0.000,0,,0
N120309_N120248_1,,N120309,N120248,,138.000,0.00000000,0.01499000,313.500,313.500,0,0,0.000,0.000,0,,0
N120249_N120250_1,,N120249,N120250,,69.000,0.00000000,0.06969000,108.300,108.300,0,0,0.000,0.000,0,,0
N120249_N120257_1,,N120249,N120257,,69.000,0.00000000,0.02991000,107.400,107.400,0,0,0.000,0.000,0,,0
N120301_N120249_1,,N120301,N120249,,69.000,0.00000000,0.07261000,121.200,121.200,0,0,0.000,0.000,0,,0
N120255_N120250_1,,N120255,N120250,,69.000,0.00000000,0.02443000,112.000,112.000,0,0,0.000,0.000,0,,0
N120251_N120253_1,,N120251,N120253,,69.000,0.00000000,0.03540000,119.600,119.600,0,0,0.000,0.000,0,,0
N120251_N120257_1,,N120251,N120257,,69.000,0.00000000,0.04571000,101.300,101.300,0,0,0.000,0.000,0,,0
N120253_N120482_1,,N120253,N120482,,69.000,0.00000000,0.04025000,113.500,113.500,0,0,0.000,0.000,0,,0
N120254_N120259_1,,N120254,N120259,,69.000,0.00000000,0.04269000,145.400,145.400,0,0,0.000,0.000,0,,0
N120261_N120254_1,,N120261,N120254,,69.000,0.00000000,0.00519000,151.100,151.100,0,0,0.000,0.000,0,,0
N120408_N120254_1,,N120408,N120254,,69.000,0.00000000,0.03492000,109.400,109.400,0,0,0.000,0.000,0,,0
N120256_N120255_1,,N120256,N120255,,69.000,0.00000000,0.04556000,94.200,94.200,0,0,0.000,0.000,0,,0
N120256_N120303_1,,N120256,N120303,,69.000,0.00000000,0.20489000,109.700,109.700,0,0,0.000,0.000,0,,0
N120258_N120260_1,,N120258,N120260,,138.000,0.00000000,0.01746000,261.300,261.300,0,0,0.000,0.000,0,,0
N120259_N120286_1,,N120259,N120286,,69.000,0.00000000,0.04955000,71.400,71.400,0,0,0.000,0.000,0,,0
N120260_N120403_1,,N120260,N120403,,138.000,0.00000000,0.01264000,307.700,307.700,0,0,0.000,0.000,0,,0
N120260_N120495_1,,N120260,N120495,,138.000,0.00000000,0.04174000,321.500,321.500,0,0,0.000,0.000,0,,0
N120261_N120408_1,,N120261,N120408,,69.000,0.00000000,0.02814000,117.900,117.900,0,0,0.000,0.000,0,,0
N120482_N120261_1,,N120482,N120261,,69.000,0.00000000,0.02468000,103.500,103.500,0,0,0.000,0.000,0,,0
N120266_N120262_1,,N120266,N120262,,69.000,0.00000000,0.00965000,119.100,119.100,0,0,0.000,0.000,0,,0
N120262_N120274_1,,N120262,N120274,,69.000,0.00000000,0.01790000,143.600,143.600,0,0,0.000,0.000,0,,0
N120263_N120267_1,,N120263,N120267,,69.000,0.00000000,0.01685000,112.500,112.500,0,0,0.000,0.000,0,,0
N120288_N120263_1,,N120288,N120263,,69.000,0.00000000,0.01491000,146.600,146.600,0,0,0.000,0.000,0,,0
N120263_N120402_1,,N120263,N120402,,69.000,0.00000000,0.01645000,134.600,134.600,0,0,0.000,0.000,0,,0
N120264_N120269_1,,N120264,N120269,,69.000,0.00000000,0.01884000,134.200,134.200,0,0,0.000,0.000,0,,0
N120264_N120324_1,,N120264,N120324,,69.000,0.00000000,0.01776000,118.000,118.000,0,0,0.000,0.000,0,,0
N120265_N120273_1,,N120265,N120273,,69.000,0.00000000,0.01248000,180.000,180.000,0,0,0.000,0.000,0,,0
N120281_N120265_1,,N120281,N120265,,69.000,0.00000000,0.00860000,130.700,130.700,0,0,0.000,0.000,0,,0
N120265_N120402_1,,N120265,N120402,,69.000,0.00000000,0.02410000,170.300,170.300,0,0,0.000,0.000,0,,0
N120266_N120278_1,,N120266,N120278,,69.000,0.00000000,0.00955000,128.900,128.900,0,0,0.000,0.000,0,,0
N120267_N120276_1,,N120267,N120276,,69.000,0.00000000,0.02337000,119.200,119.200,0,0,0.000,0.000,0,,0
N120268_N120275_1,,N120268,N120275,,138.000,0.00000000,0.01282000,271.000,271.000,0,0,0.000,0.000,0,,0
N120268_N120336_1,,N120268,N120336,,138.000,0.00000000,0.02029000,320.000,320.000,0,0,0.000,0.000,0,,0
N120269_N120274_1,,N120269,N120274,,69.000,0.00000000,0.02448000,155.400,155.400,0,0,0.000,0.000,0,,0
N120269_N120284_1,,N120269,N120284,,69.000,0.00000000,0.02818000,110.200,110.200,0,0,0.000,0.000,0,,0
N120270_N120283_1,,N120270,N120283,,69.000,0.00000000,0.02437000,129.200,129.200,0,0,0.000,0.000,0,,0
N120270_N120288_1,,N120270,N120288,,69.000,0.00000000,0.00934000,139.800,139.800,0,0,0.000,0.000,0,,0
N120272_N120271_1,,N120272,N120271,,69.000,0.00000000,0.01462000,127.800,127.800,0,0,0.000,0.000,0,,0
N120271_N120373_1,,N120271,N120373,,69.000,0.00000000,0.02912000,101.600,101.600,0,0,0.000,0.000,0,,0
N120280_N120272_1,,N120280,N120272,,69.000,0.00000000,0.02090000,142.100,142.100,0,0,0.000,0.000,0,,0
N120272_N120281_1,,N120272,N120281,,69.000,0.00000000,0.03235000,106.900,106.900,0,0,0.000,0.000,0,,0
N120280_N120273_1,,N120280,N120273,,69.000,0.00000000,0.05620000,114.100,114.100,0,0,0.000,0.000,0,,0
N120274_N120276_1,,N120274,N120276,,69.000,0.00000000,0.01069000,126.100,126.100,0,0,0.000,0.000,0,,0
N120287_N120275_1,,N120287,N120275,,138.000,0.00000000,0.01403000,303.900,303.900,0,0,0.000,0.000,0,,0
N120276_N120386_1,,N120276,N120386,,69.000,0.00000000,0.03706000,125.000,125.000,0,0,0.000,0.000,0,,0
N120277_N120311_1,,N120277,N120311,,138.000,0.00000000,0.01536000,308.900,308.900,0,0,0.000,0.000,0,,0
N120371_N120277_1,,N120371,N120277,,138.000,0.00000000,0.00896000,273.200,273.200,0,0,0.000,0.000,0,,0
N120386_N120278_1,,N120386,N120278,,69.000,0.00000000,0.03456000,103.400,103.400,0,0,0.000,0.000,0,,0
N120279_N120433_1,,N120279,N120433,,138.000,0.00000000,0.02648000,304.000,304.000,0,0,0.000,0.000,0,,0
N120323_N120280_1,,N120323,N120280,,69.000,0.00000000,0.03820000,103.900,103.900,0,0,0.000,0.000,0,,0
N120282_N120285_1,,N120282,N120285,,69.000,0.00000000,0.02004000,146.100,146.100,0,0,0.000,0.000,0,,0
N120284_N120523_1,,N120284,N120523,,69.000,0.00000000,0.03181000,106.200,106.200,0,0,0.000,0.000,0,,0
N120368_N120285_1,,N120368,N120285,,69.000,0.00000000,0.02834000,122.200,122.200,0,0,0.000,0.000,0,,0
N120287_N120330_1,,N120287,N120330,,138.000,0.00000000,0.02589000,327.000,327.000,0,0,0.000,0.000,0,,0
N120287_N120340_1,,N120287,N120340,,138.000,0.00000000,0.00782000,312.500,312.500,0,0,0.000,0.000,0,,0
N120342_N120288_1,,N120342,N120288,,69.000,0.00000000,0.00707000,139.700,139.700,0,0,0.000,0.000,0,,0
N120292_N120289_1,,N120292,N120289,,138.000,0.00000000,0.02872000,268.800,268.800,0,0,0.000,0.000,0,,0
N120291_N120290_1,,N120291,N120290,,69.000,0.00000000,0.05565000,98.500,98.500,0,0,0.000,0.000,0,,0
N120294_N120290_1,,N120294,N120290,,69.000,0.00000000,0.04613000,93.900,93.900,0,0,0.000,0.000,0,,0
N120290_N120295_1,,N120290,N120295,,69.000,0.00000000,0.07187000,108.400,108.400,0,0,0.000,0.000,0,,0
N120298_N120290_1,,N120298,N120290,,69.000,0.00000000,0.04385000,104.900,104.900,0,0,0.000,0.000,0,,0
N120294_N120291_1,,N120294,N120291,,69.000,0.00000000,0.08292000,78.400,78.400,0,0,0.000,0.000,0,,0
N120291_N270134_1,,N120291,N270134,,69.000,0.00000000,0.07351000,105.800,105.800,0,0,0.000,0.000,0,,0
N120293_N120294_1,,N120293,N120294,,69.000,0.00000000,0.08582000,91.300,91.300,0,0,0.000,0.000,0,,0
N120293_N120299_1,,N120293,N120299,,69.000,0.00000000,0.04282000,83.500,83.500,0,0,0.000,0.000,0,,0
N270128_N120293_1,,N270128,N120293,,69.000,0.00000000,0.03372000,118.200,118.200,0,0,0.000,0.000,0,,0
N120295_N120296_1,,N120295,N120296,,69.000,0.00000000,0.05051000,92.700,92.700,0,0,0.000,0.000,0,,0
N120296_N270131_1,,N120296,N270131,,69.000,0.00000000,0.06741000,109.500,109.500,0,0,0.000,0.000,0,,0
N270176_N120296_1,,N270176,N120296,,69.000,0.00000000,0.05769000,107.600,107.600,0,0,0.000,0.000,0,,0
N120297_N120298_1,,N120297,N120298,,69.000,0.00000000,0.08207000,92.400,92.400,0,0,0.000,0.000,0,,0
N120299_N120297_1,,N120299,N120297,,69.000,0.00000000,0.10092000,85.000,85.000,0,0,0.000,0.000,0,,0
N120300_N120318_1,,N120300,N120318,,69.000,0.00000000,0.02007000,115.700,115.700,0,0,0.000,0.000,0,,0
N120303_N120301_1,,N120303,N120301,,69.000,0.00000000,0.05187000,110.600,110.600,0,0,0.000,0.000,0,,0
N120321_N120302_1,,N120321,N120302,,138.000,0.00000000,0.00741000,318.800,318.800,0,0,0.000,0.000,0,,0
N120308_N120303_1,,N120308,N120303,,69.000,0.00000000,0.05412000,93.800,93.800,0,0,0.000,0.000,0,,0
N120304_N120318_1,,N120304,N120318,,69.000,0.00000000,0.02266000,119.200,119.200,0,0,0.000,0.000,0,,0
N120304_N120382_1,,N120304,N120382,,69.000,0.00000000,0.01601000,120.800,120.800,0,0,0.000,0.000,0,,0
N120305_N120312_1,,N120305,N120312,,69.000,0.00000000,0.01611000,123.000,123.000,0,0,0.000,0.000,0,,0
N120373_N120305_1,,N120373,N120305,,69.000,0.00000000,0.01814000,115.800,115.800,0,0,0.000,0.000,0,,0
N120307_N120306_1,,N120307,N120306,,69.000,0.00000000,0.01664000,141.600,141.600,0,0,0.000,0.000,0,,0
N120310_N120306_1,,N120310,N120306,,69.000,0.00000000,0.03095000,154.300,154.300,0,0,0.000,0.000,0,,0
N120306_N120312_1,,N120306,N120312,,69.000,0.00000000,0.02162000,148.800,148.800,0,0,0.000,0.000,0,,0
N120310_N120307_1,,N120310,N120307,,69.000,0.00000000,0.00927000,172.300,172.300,0,0,0.000,0.000,0,,0
N120323_N120307_1,,N120323,N120307,,69.000,0.00000000,0.03510000,133.200,133.200,0,0,0.000,0.000,0,,0
N120310_N120316_1,,N120310,N120316,,69.000,0.00000000,0.03240000,135.000,135.000,0,0,0.000,0.000,0,,0
N120320_N120310_1,,N120320,N120310,,69.000,0.00000000,0.02110000,123.900,123.900,0,0,0.000,0.000,0,,0
N120322_N120310_1,,N120322,N120310,,69.000,0.00000000,0.01239000,145.100,145.100,0,0,0.000,0.000,0,,0
N120319_N120311_1,,N120319,N120311,,138.000,0.00000000,0.01032000,316.900,316.900,0,0,0.000,0.000,0,,0
N120319_N120315_1,,N120319,N120315,,138.000,0.00000000,0.00862000,328.200,328.200,0,0,0.000,0.000,0,,0
N120315_N120321_1,,N120315,N120321,,138.000,0.00000000,0.00926000,296.700,296.700,0,0,0.000,0.000,0,,0
N120317_N120319_1,,N120317,N120319,,138.000,0.00000000,0.00994000,301.100,301.100,0,0,0.000,0.000,0,,0
N120318_N120377_1,,N120318,N120377,,69.000,0.00000000,0.02314000,92.700,92.700,0,0,0.000,0.000,0,,0
N120324_N120333_1,,N120324,N120333,,69.000,0.00000000,0.01686000,137.500,137.500,0,0,0.000,0.000,0,,0
N120324_N120341_1,,N120324,N120341,,69.000,0.00000000,0.02120000,133.300,133.300,0,0,0.000,0.000,0,,0
N120341_N120325_1,,N120341,N120325,,69.000,0.00000000,0.01167000,151.500,151.500,0,0,0.000,0.000,0,,0
N120325_N120342_1,,N120325,N120342,,69.000,0.00000000,0.01862000,124.000,124.000,0,0,0.000,0.000,0,,0
N120325_N120393_1,,N120325,N120393,,69.000,0.00000000,0.03676000,152.100,152.100,0,0,0.000,0.000,0,,0
N120326_N120330_1,,N120326,N120330,,138.000,0.00000000,0.01658000,308.900,308.900,0,0,0.000,0.000,0,,0
N120326_N120336_1,,N120326,N120336,,138.000,0.00000000,0.01206000,297.600,297.600,0,0,0.000,0.000,0,,0
N120327_N120333_1,,N120327,N120333,,69.000,0.00000000,0.01618000,155.500,155.500,0,0,0.000,0.000,0,,0
N120327_N120334_1,,N120327,N120334,,69.000,0.00000000,0.01649000,137.700,137.700,0,0,0.000,0.000,0,,0
N120336_N120328_1,,N120336,N120328,,138.000,0.00000000,0.01249000,274.800,274.800,0,0,0.000,0.000,0,,0
N120328_N120517_1,,N120328,N120517,,138.000,0.00000000,0.01344000,295.600,295.600,0,0,0.000,0.000,0,,0
N120329_N120332_1,,N120329,N120332,,69.000,0.00000000,0.02653000,120.100,120.100,0,0,0.000,0.000,0,,0
N120329_N120395_1,,N120329,N120395,,69.000,0.00000000,0.02162000,176.100,176.100,0,0,0.000,0.000,0,,0
N120441_N120330_1,,N120441,N120330,,138.000,0.00000000,0.01217000,359.100,359.100,0,0,0.000,0.000,0,,0
N120441_N120330_2,,N120441,N120330,,138.000,0.00000000,0.01217000,359.100,359.100,0,0,0.000,0.000,0,,0
N120501_N120330_1,,N120501,N120330,,138.000,0.00000000,0.01498000,309.000,309.000,0,0,0.000,0.000,0,,0
N120331_N120337_1,,N120331,N120337,,69.000,0.00000000,0.02310000,126.700,126.700,0,0,0.000,0.000,0,,0
N120331_N120407_1,,N120331,N120407,,69.000,0.00000000,0.02448000,139.700,139.700,0,0,0.000,0.000,0,,0
N120410_N120331_1,,N120410,N120331,,69.000,0.00000000,0.04388000,105.900,105.900,0,0,0.000,0.000,0,,0
N120489_N120331_1,,N120489,N120331,,69.000,0.00000000,0.02133000,114.300,114.300,0,0,0.000,0.000,0,,0
N120332_N120407_1,,N120332,N120407,,69.000,0.00000000,0.02566000,142.500,142.500,0,0,0.000,0.000,0,,0
N120334_N120409_1,,N120334,N120409,,69.000,0.00000000,0.02667000,117.300,117.300,0,0,0.000,0.000,0,,0
N120335_N120489_1,,N120335,N120489,,69.000,0.00000000,0.02691000,81.600,81.600,0,0,0.000,0.000,0,,0
N120336_N120441_1,,N120336,N120441,,138.000,0.00000000,0.02802000,335.400,335.400,0,0,0.000,0.000,0,,0
N120336_N120441_2,,N120336,N120441,,138.000,0.00000000,0.02802000,335.400,335.400,0,0,0.000,0.000,0,,0
N120340_N120338_1,,N120340,N120338,,138.000,0.00000000,0.01138000,314.100,314.100,0,0,0.000,0.000,0,,0
N120475_N120339_1,,N120475,N120339,,69.000,0.00000000,0.02885000,140.000,140.000,0,0,0.000,0.000,0,,0
N120340_N120441_1,,N120340,N120441,,138.000,0.00000000,0.03228000,342.600,342.600,0,0,0.000,0.000,0,,0
N120340_N120441_2,,N120340,N120441,,138.000,0.00000000,0.03228000,342.600,342.600,0,0,0.000,0.000,0,,0
N120343_N120345_1,,N120343,N120345,,69.000,0.00000000,0.04625000,113.000,113.000,0,0,0.000,0.000,0,,0
N120348_N120343_1,,N120348,N120343,,69.000,0.00000000,0.03468000,125.600,125.600,0,0,0.000,0.000,0,,0
N120344_N120347_1,,N120344,N120347,,69.000,0.00000000,0.05592000,113.400,113.400,0,0,0.000,0.000,0,,0
N120349_N120344_1,,N120349,N120344,,69.000,0.00000000,0.04540000,121.300,121.300,0,0,0.000,0.000,0,,0
N120345_N120347_1,,N120345,N120347,,69.000,0.00000000,0.06102000,106.300,106.300,0,0,0.000,0.000,0,,0
N120347_N120346_1,,N120347,N120346,,69.000,0.00000000,0.08250000,135.100,135.100,0,0,0.000,0.000,0,,0
N120346_N270120_1,,N120346,N270120,,69.000,0.00000000,0.04587000,132.100,132.100,0,0,0.000,0.000,0,,0
N120348_N120489_1,,N120348,N120489,,69.000,0.00000000,0.05055000,133.200,133.200,0,0,0.000,0.000,0,,0
N120349_N120428_1,,N120349,N120428,,69.000,0.00000000,0.05572000,121.900,121.900,0,0,0.000,0.000,0,,0
N120349_N120508_1,,N120349,N120508,,69.000,0.00000000,0.06096000,118.200,118.200,0,0,0.000,0.000,0,,0
N120350_N270114_1,,N120350,N270114,,69.000,0.00000000,0.04355000,122.500,122.500,0,0,0.000,0.000,0,,0
N120350_N270120_1,,N120350,N270120,,69.000,0.00000000,0.03120000,123.500,123.500,0,0,0.000,0.000,0,,0
N120437_N120351_1,,N120437,N120351,,345.000,0.00000000,0.01497000,1172.600,1172.600,0,1,0.000,0.000,0,,0
N270001_N120351_1,,N270001,N120351,,345.000,0.00000000,0.01993000,1124.700,1124.700,0,1,0.000,0.000,0,,0
N120356_N120352_1,,N120356,N120352,,138.000,0.00000000,0.01786000,370.000,370.000,0,0,0.000,0.000,0,,0
N120356_N120352_2,,N120356,N120352,,138.000,0.00000000,0.01786000,370.000,370.000,0,0,0.000,0.000,0,,0
N120363_N120352_1,,N120363,N120352,,138.000,0.00000000,0.03345000,345.800,345.800,0,0,0.000,0.000,0,,0
N120363_N120352_2,,N120363,N120352,,138.000,0.00000000,0.03345000,345.800,345.800,0,0,0.000,0.000,0,,0
N120352_N120380_1,,N120352,N120380,,138.000,0.00000000,0.03844000,327.700,327.700,0,0,0.000,0.000,0,,0
N120353_N120361_1,,N120353,N120361,,69.000,0.00000000,0.04177000,109.300,109.300,0,0,0.000,0.000,0,,0
N120365_N120353_1,,N120365,N120353,,69.000,0.00000000,0.06029000,100.400,100.400,0,0,0.000,0.000,0,,0
N120360_N120357_1,,N120360,N120357,,69.000,0.00000000,0.01616000,88.800,88.800,0,0,0.000,0.000,0,,0
N120357_N120367_1,,N120357,N120367,,69.000,0.00000000,0.03046000,95.400,95.400,0,0,0.000,0.000,0,,0
N120361_N120362_1,,N120361,N120362,,69.000,0.00000000,0.03895000,97.200,97.200,0,0,0.000,0.000,0,,0
N120362_N120364_1,,N120362,N120364,,69.000,0.00000000,0.02847000,115.500,115.500,0,0,0.000,0.000,0,,0
N120363_N120369_1,,N120363,N120369,,138.000,0.00000000,0.01209000,319.500,319.500,0,0,0.000,0.000,0,,0
N120363_N120380_1,,N120363,N120380,,138.000,0.00000000,0.01785000,300.000,300.000,0,0,0.000,0.000,0,,0
N120366_N120364_1,,N120366,N120364,,69.000,0.00000000,0.02485000,136.200,136.200,0,0,0.000,0.000,0,,0
N120365_N120367_1,,N120365,N120367,,69.000,0.00000000,0.02054000,110.900,110.900,0,0,0.000,0.000,0,,0
N120378_N120366_1,,N120378,N120366,,69.000,0.00000000,0.03749000,137.600,137.600,0,0,0.000,0.000,0,,0
N120370_N120368_1,,N120370,N120368,,69.000,0.00000000,0.02644000,151.200,151.200,0,0,0.000,0.000,0,,0
N120380_N120369_1,,N120380,N120369,,138.000,0.00000000,0.01362000,291.600,291.600,0,0,0.000,0.000,0,,0
N120370_N120384_1,,N120370,N120384,,69.000,0.00000000,0.01579000,145.400,145.400,0,0,0.000,0.000,0,,0
N120372_N120383_1,,N120372,N120383,,69.000,0.00000000,0.02486000,123.400,123.400,0,0,0.000,0.000,0,,0
N120375_N120373_1,,N120375,N120373,,69.000,0.00000000,0.02995000,118.000,118.000,0,0,0.000,0.000,0,,0
N120374_N120380_1,,N120374,N120380,,138.000,0.00000000,0.01954000,282.700,282.700,0,0,0.000,0.000,0,,0
N120378_N120376_1,,N120378,N120376,,69.000,0.00000000,0.02706000,117.100,117.100,0,0,0.000,0.000,0,,0
N120376_N120382_1,,N120376,N120382,,69.000,0.00000000,0.03038000,100.000,100.000,0,0,0.000,0.000,0,,0
N120378_N120379_1,,N120378,N120379,,69.000,0.00000000,0.03260000,146.700,146.700,0,0,0.000,0.000,0,,0
N120379_N120381_1,,N120379,N120381,,69.000,0.00000000,0.01423000,160.700,160.700,0,0,0.000,0.000,0,,0
N120381_N120384_1,,N120381,N120384,,69.000,0.00000000,0.02031000,142.500,142.500,0,0,0.000,0.000,0,,0
N120382_N120383_1,,N120382,N120383,,69.000,0.00000000,0.01851000,135.800,135.800,0,0,0.000,0.000,0,,0
N120382_N120385_1,,N120382,N120385,,69.000,0.00000000,0.02760000,112.500,112.500,0,0,0.000,0.000,0,,0
N120386_N120384_1,,N120386,N120384,,69.000,0.00000000,0.02456000,123.300,123.300,0,0,0.000,0.000,0,,0
N120394_N120387_1,,N120394,N120387,,69.000,0.00000000,0.03568000,112.500,112.500,0,0,0.000,0.000,0,,0
N120387_N120397_1,,N120387,N120397,,69.000,0.00000000,0.03367000,140.100,140.100,0,0,0.000,0.000,0,,0
N120388_N120392_1,,N120388,N120392,,69.000,0.00000000,0.02236000,124.800,124.800,0,0,0.000,0.000,0,,0
N120388_N120397_1,,N120388,N120397,,69.000,0.00000000,0.03164000,113.000,113.000,0,0,0.000,0.000,0,,0
N120388_N120399_1,,N120388,N120399,,69.000,0.00000000,0.03206000,121.900,121.900,0,0,0.000,0.000,0,,0
N120389_N120391_1,,N120389,N120391,,69.000,0.00000000,0.03037000,146.300,146.300,0,0,0.000,0.000,0,,0
N120392_N120389_1,,N120392,N120389,,69.000,0.00000000,0.03789000,119.700,119.700,0,0,0.000,0.000,0,,0
N120389_N120395_1,,N120389,N120395,,69.000,0.00000000,0.01794000,159.100,159.100,0,0,0.000,0.000,0,,0
N120398_N120390_1,,N120398,N120390,,138.000,0.00000000,0.01164000,325.000,325.000,0,0,0.000,0.000,0,,0
N120390_N120416_1,,N120390,N120416,,138.000,0.00000000,0.01459000,330.600,330.600,0,0,0.000,0.000,0,,0
N120391_N120423_1,,N120391,N120423,,69.000,0.00000000,0.02809000,136.500,136.500,0,0,0.000,0.000,0,,0
N120475_N120392_1,,N120475,N120392,,69.000,0.00000000,0.02433000,143.500,143.500,0,0,0.000,0.000,0,,0
N120397_N120393_1,,N120397,N120393,,69.000,0.00000000,0.01962000,122.700,122.700,0,0,0.000,0.000,0,,0
N120399_N120394_1,,N120399,N120394,,69.000,0.00000000,0.01959000,140.500,140.500,0,0,0.000,0.000,0,,0
N120395_N120508_1,,N120395,N120508,,69.000,0.00000000,0.00843000,113.500,113.500,0,0,0.000,0.000,0,,0
N120396_N120504_1,,N120396,N120504,,138.000,0.00000000,0.01522000,283.700,283.700,0,0,0.000,0.000,0,,0
N120400_N120402_1,,N120400,N120402,,69.000,0.00000000,0.02510000,107.800,107.800,0,0,0.000,0.000,0,,0
N120400_N120513_1,,N120400,N120513,,69.000,0.00000000,0.06757000,116.200,116.200,0,0,0.000,0.000,0,,0
N120401_N120411_1,,N120401,N120411,,138.000,0.00000000,0.00409000,267.800,267.800,0,0,0.000,0.000,0,,0
N120433_N120401_1,,N120433,N120401,,138.000,0.00000000,0.01890000,299.700,299.700,0,0,0.000,0.000,0,,0
N120403_N120433_1,,N120403,N120433,,138.000,0.00000000,0.01297000,281.200,281.200,0,0,0.000,0.000,0,,0
N120409_N120405_1,,N120409,N120405,,69.000,0.00000000,0.01545000,142.000,142.000,0,0,0.000,0.000,0,,0
N120412_N120405_1,,N120412,N120405,,69.000,0.00000000,0.01255000,128.000,128.000,0,0,0.000,0.000,0,,0
N120411_N120406_1,,N120411,N120406,,138.000,0.00000000,0.01214000,311.300,311.300,0,0,0.000,0.000,0,,0
N120501_N120406_1,,N120501,N120406,,138.000,0.00000000,0.01835000,321.100,321.100,0,0,0.000,0.000,0,,0
N120414_N120407_1,,N120414,N120407,,69.000,0.00000000,0.02183000,121.400,121.400,0,0,0.000,0.000,0,,0
N120408_N120413_1,,N120408,N120413,,69.000,0.00000000,0.02039000,113.100,113.100,0,0,0.000,0.000,0,,0
N120409_N120410_1,,N120409,N120410,,69.000,0.00000000,0.03755000,143.000,143.000,0,0,0.000,0.000,0,,0
N120413_N120412_1,,N120413,N120412,,69.000,0.00000000,0.04583000,99.600,99.600,0,0,0.000,0.000,0,,0
N120413_N120414_1,,N120413,N120414,,69.000,0.00000000,0.04564000,122.600,122.600,0,0,0.000,0.000,0,,0
N120437_N120415_1,,N120437,N120415,,345.000,0.00000000,0.01095000,1149.500,1149.500,0,1,0.000,0.000,0,,0
N120415_N120440_1,,N120415,N120440,,345.000,0.00000000,0.01201000,1136.100,1136.100,0,1,0.000,0.000,0,,0
N120415_N270216_1,,N120415,N270216,,345.000,0.00000000,0.00768000,1233.200,1233.200,0,1,0.000,0.000,0,,0
N120416_N120418_1,,N120416,N120418,,138.000,0.00000000,0.01680000,317.000,317.000,0,0,0.000,0.000,0,,0
N120427_N120416_1,,N120427,N120416,,138.000,0.00000000,0.00914000,317.200,317.200,0,0,0.000,0.000,0,,0
N120417_N120420_1,,N120417,N120420,,69.000,0.00000000,0.02107000,145.500,145.500,0,0,0.000,0.000,0,,0
N120417_N120423_1,,N120417,N120423,,69.000,0.00000000,0.02955000,126.600,126.600,0,0,0.000,0.000,0,,0
N120417_N120426_1,,N120417,N120426,,69.000,0.00000000,0.02835000,125.200,125.200,0,0,0.000,0.000,0,,0
N120425_N120419_1,,N120425,N120419,,69.000,0.00000000,0.05802000,134.400,134.400,0,0,0.000,0.000,0,,0
N120431_N120419_1,,N120431,N120419,,69.000,0.00000000,0.03355000,130.600,130.600,0,0,0.000,0.000,0,,0
N120419_N120432_1,,N120419,N120432,,69.000,0.00000000,0.02327000,135.400,135.400,0,0,0.000,0.000,0,,0
N120420_N120424_1,,N120420,N120424,,69.000,0.00000000,0.05743000,137.900,137.900,0,0,0.000,0.000,0,,0
N120421_N120428_1,,N120421,N120428,,69.000,0.00000000,0.02202000,153.400,153.400,0,0,0.000,0.000,0,,0
N120430_N120421_1,,N120430,N120421,,69.000,0.00000000,0.02120000,134.100,134.100,0,0,0.000,0.000,0,,0
N120421_N120431_1,,N120421,N120431,,69.000,0.00000000,0.01704000,135.400,135.400,0,0,0.000,0.000,0,,0
N120423_N120422_1,,N120423,N120422,,69.000,0.00000000,0.02441000,115.200,115.200,0,0,0.000,0.000,0,,0
N120422_N120428_1,,N120422,N120428,,69.000,0.00000000,0.01742000,157.700,157.700,0,0,0.000,0.000,0,,0
N120429_N120422_1,,N120429,N120422,,69.000,0.00000000,0.02723000,126.300,126.300,0,0,0.000,0.000,0,,0
N120424_N270184_1,,N120424,N270184,,69.000,0.00000000,0.06032000,134.700,134.700,0,0,0.000,0.000,0,,0
N270176_N120425_1,,N270176,N120425,,69.000,0.00000000,0.03350000,129.100,129.100,0,0,0.000,0.000,0,,0
N120426_N120429_1,,N120426,N120429,,69.000,0.00000000,0.01183000,101.800,101.800,0,0,0.000,0.000,0,,0
N120430_N270183_1,,N120430,N270183,,69.000,0.00000000,0.03374000,130.000,130.000,0,0,0.000,0.000,0,,0
N120440_N120437_1,,N120440,N120437,,345.000,0.00000000,0.00309000,1089.900,1089.900,0,1,0.000,0.000,0,,0
N120462_N120437_1,,N120462,N120437,,345.000,0.00000000,0.00017000,1459.000,1459.000,0,1,0.000,0.000,0,,0
N120471_N120440_1,,N120471,N120440,,345.000,0.00000000,0.00015000,1122.300,1122.300,0,1,0.000,0.000,0,,0
N120441_N120501_1,,N120441,N120501,,138.000,0.00000000,0.02035000,327.000,327.000,0,0,0.000,0.000,0,,0
N180138_N120447_1,,N180138,N120447,,345.000,0.00000000,0.05245000,1123.700,1123.700,0,1,0.000,0.000,0,,0
N120462_N120468_1,,N120462,N120468,,345.000,0.00000000,0.00021000,1092.600,1092.600,0,1,0.000,0.000,0,,0
N120468_N120494_1,,N120468,N120494,,345.000,0.00000000,0.00976000,1133.900,1133.900,0,1,0.000,0.000,0,,0
N120494_N120471_1,,N120494,N120471,,345.000,0.00000000,0.00963000,1164.300,1164.300,0,1,0.000,0.000,0,,0
N120513_N120482_1,,N120513,N120482,,69.000,0.00000000,0.02055000,116.100,116.100,0,0,0.000,0.000,0,,0
N180063_N120492_1,,N180063,N120492,,138.000,0.00000000,0.02781000,307.400,307.400,0,0,0.000,0.000,0,,0
N120497_N120502_1,,N120497,N120502,,69.000,0.00000000,0.03433000,99.500,99.500,0,0,0.000,0.000,0,,0
N120504_N120521_1,,N120504,N120521,,138.000,0.00000000,0.02230000,280.300,280.300,0,0,0.000,0.000,0,,0
N120523_N120525_1,,N120523,N120525,,69.000,0.00000000,0.00249000,95.900,95.900,0,0,0.000,0.000,0,,0
N130001_N130002_1,,N130001,N130002,,138.000,0.00000000,0.06377000,265.000,265.000,0,0,0.000,0.000,0,,0
N250004_N130001_1,,N250004,N130001,,138.000,0.00000000,0.02556000,251.500,251.500,0,0,0.000,0.000,0,,0
N130002_N130340_1,,N130002,N130340,,138.000,0.00000000,0.01817000,282.200,282.200,0,0,0.000,0.000,0,,0
N130341_N130002_1,,N130341,N130002,,138.000,0.00000000,0.03945000,231.400,231.400,0,0,0.000,0.000,0,,0
N130003_N130339_1,,N130003,N130339,,138.000,0.00000000,0.01065000,278.700,278.700,0,0,0.000,0.000,0,,0
N130003_N250017_1,,N130003,N250017,,138.000,0.00000000,0.03438000,277.100,277.100,0,0,0.000,0.000,0,,0
N130004_N130305_1,,N130004,N130305,,138.000,0.00000000,0.02668000,223.000,223.000,0,0,0.000,0.000,0,,0
N130015_N130005_1,,N130015,N130005,,138.000,0.00000000,0.04345000,278.400,278.400,0,0,0.000,0.000,0,,0
N130005_N130022_1,,N130005,N130022,,138.000,0.00000000,0.05252000,415.000,415.000,0,0,0.000,0.000,0,,0
N130005_N130317_1,,N130005,N130317,,138.000,0.00000000,0.06502000,319.200,319.200,0,0,0.000,0.000,0,,0
N130318_N130005_1,,N130318,N130005,,138.000,0.00000000,0.02341000,273.900,273.900,0,0,0.000,0.000,0,,0
N130005_N130322_1,,N130005,N130322,,138.000,0.00000000,0.04826000,335.100,335.100,0,0,0.000,0.000,0,,0
N130005_N130322_2,,N130005,N130322,,138.000,0.00000000,0.04826000,335.100,335.100,0,0,0.000,0.000,0,,0
N130005_N260199_1,,N130005,N260199,,138.000,0.00000000,0.04144000,322.000,322.000,0,0,0.000,0.000,0,,0
N130011_N130006_1,,N130011,N130006,,138.000,0.00000000,0.02453000,282.500,282.500,0,0,0.000,0.000,0,,0
N130006_N130018_1,,N130006,N130018,,138.000,0.00000000,0.07983000,269.700,269.700,0,0,0.000,0.000,0,,0
N130006_N130025_1,,N130006,N130025,,138.000,0.00000000,0.03992000,304.200,304.200,0,0,0.000,0.000,0,,0
N130006_N130026_1,,N130006,N130026,,138.000,0.00000000,0.04465000,280.800,280.800,0,0,0.000,0.000,0,,0
N130006_N130027_1,,N130006,N130027,,138.000,0.00000000,0.07230000,306.400,306.400,0,0,0.000,0.000,0,,0
N130007_N130309_1,,N130007,N130309,,138.000,0.00000000,0.02392000,283.800,283.800,0,0,0.000,0.000,0,,0
N130007_N130313_1,,N130007,N130313,,138.000,0.00000000,0.00830000,283.200,283.200,0,0,0.000,0.000,0,,0
N130024_N130008_1,,N130024,N130008,,138.000,0.00000000,0.03146000,279.700,279.700,0,0,0.000,0.000,0,,0
N130030_N130008_1,,N130030,N130008,,138.000,0.00000000,0.01960000,250.900,250.900,0,0,0.000,0.000,0,,0
N130008_N260018_1,,N130008,N260018,,138.000,0.00000000,0.02313000,259.000,259.000,0,0,0.000,0.000,0,,0
N130009_N130022_1,,N130009,N130022,,138.000,0.00000000,0.03927000,295.100,295.100,0,0,0.000,0.000,0,,0
N130009_N230244_1,,N130009,N230244,,138.000,0.00000000,0.08979000,259.800,259.800,0,0,0.000,0.000,0,,0
N130009_N260011_1,,N130009,N260011,,138.000,0.00000000,0.02514000,284.500,284.500,0,0,0.000,0.000,0,,0
N130010_N130026_1,,N130010,N130026,,138.000,0.00000000,0.01768000,250.600,250.600,0,0,0.000,0.000,0,,0
N130030_N130010_1,,N130030,N130010,,138.000,0.00000000,0.01295000,250.000,250.000,0,0,0.000,0.000,0,,0
N130010_N130307_1,,N130010,N130307,,138.000,0.00000000,0.02877000,261.100,261.100,0,0,0.000,0.000,0,,0
N130336_N130011_1,,N130336,N130011,,138.000,0.00000000,0.01282000,277.100,277.100,0,0,0.000,0.000,0,,0
N130012_N130041_1,,N130012,N130041,,138.000,0.00000000,0.04568000,245.200,245.200,0,0,0.000,0.000,0,,0
N130344_N130012_1,,N130344,N130012,,138.000,0.00000000,0.01091000,258.500,258.500,0,0,0.000,0.000,0,,0
N130017_N130013_1,,N130017,N130013,,138.000,0.00000000,0.03631000,218.600,218.600,0,0,0.000,0.000,0,,0
N130013_N130340_1,,N130013,N130340,,138.000,0.00000000,0.02713000,242.000,242.000,0,0,0.000,0.000,0,,0
N130303_N130014_1,,N130303,N130014,,138.000,0.00000000,0.00917000,257.000,257.000,0,0,0.000,0.000,0,,0
N130014_N130368_1,,N130014,N130368,,138.000,0.00000000,0.01598000,257.300,257.300,0,0,0.000,0.000,0,,0
N130020_N130015_1,,N130020,N130015,,138.000,0.00000000,0.01981000,327.200,327.200,0,0,0.000,0.000,0,,0
N130020_N130015_2,,N130020,N130015,,138.000,0.00000000,0.01981000,327.200,327.200,0,0,0.000,0.000,0,,0
N130015_N130322_1,,N130015,N130322,,138.000,0.00000000,0.08845000,317.700,317.700,0,0,0.000,0.000,0,,0
N130304_N130016_1,,N130304,N130016,,138.000,0.00000000,0.01242000,262.300,262.300,0,0,0.000,0.000,0,,0
N130016_N130323_1,,N130016,N130323,,138.000,0.00000000,0.05176000,259.700,259.700,0,0,0.000,0.000,0,,0
N130019_N130017_1,,N130019,N130017,,138.000,0.00000000,0.01959000,266.500,266.500,0,0,0.000,0.000,0,,0
N130017_N130340_1,,N130017,N130340,,138.000,0.00000000,0.03968000,226.700,226.700,0,0,0.000,0.000,0,,0
N130018_N130307_1,,N130018,N130307,,138.000,0.00000000,0.01571000,241.000,241.000,0,0,0.000,0.000,0,,0
N130019_N130347_1,,N130019,N130347,,138.000,0.00000000,0.01466000,274.100,274.100,0,0,0.000,0.000,0,,0
N130020_N130325_1,,N130020,N130325,,138.000,0.00000000,0.02101000,328.000,328.000,0,0,0.000,0.000,0,,0
N130020_N130325_2,,N130020,N130325,,138.000,0.00000000,0.02101000,328.000,328.000,0,0,0.000,0.000,0,,0
N130021_N260016_1,,N130021,N260016,,138.000,0.00000000,0.02415000,270.100,270.100,0,0,0.000,0.000,0,,0
N130021_N260017_1,,N130021,N260017,,138.000,0.00000000,0.03101000,271.300,271.300,0,0,0.000,0.000,0,,0
N130022_N130325_1,,N130022,N130325,,138.000,0.00000000,0.01289000,291.200,291.200,0,0,0.000,0.000,0,,0
N130022_N260008_1,,N130022,N260008,,138.000,0.00000000,0.03882000,297.500,297.500,0,0,0.000,0.000,0,,0
N130022_N260010_1,,N130022,N260010,,138.000,0.00000000,0.01190000,285.300,285.300,0,0,0.000,0.000,0,,0
N130023_N130316_1,,N130023,N130316,,138.000,0.00000000,0.01062000,271.800,271.800,0,0,0.000,0.000,0,,0
N130023_N130326_1,,N130023,N130326,,138.000,0.00000000,0.01808000,270.900,270.900,0,0,0.000,0.000,0,,0
N130024_N130315_1,,N130024,N130315,,138.000,0.00000000,0.02362000,281.100,281.100,0,0,0.000,0.000,0,,0
N130025_N130347_1,,N130025,N130347,,138.000,0.00000000,0.03631000,266.900,266.900,0,0,0.000,0.000,0,,0
N130326_N130027_1,,N130326,N130027,,138.000,0.00000000,0.01202000,270.100,270.100,0,0,0.000,0.000,0,,0
N130028_N130039_1,,N130028,N130039,,138.000,0.00000000,0.03256000,258.800,258.800,0,0,0.000,0.000,0,,0
N130028_N130313_1,,N130028,N130313,,138.000,0.00000000,0.01249000,282.500,282.500,0,0,0.000,0.000,0,,0
N130028_N130342_1,,N130028,N130342,,138.000,0.00000000,0.03021000,264.700,264.700,0,0,0.000,0.000,0,,0
N130029_N130033_1,,N130029,N130033,,138.000,0.00000000,0.02092000,280.200,280.200,0,0,0.000,0.000,0,,0
N130029_N130325_1,,N130029,N130325,,138.000,0.00000000,0.05426000,321.600,321.600,0,0,0.000,0.000,0,,0
N130029_N130325_2,,N130029,N130325,,138.000,0.00000000,0.05426000,321.600,321.600,0,0,0.000,0.000,0,,0
N130334_N130029_1,,N130334,N130029,,138.000,0.00000000,0.03036000,302.300,302.300,0,0,0.000,0.000,0,,0
N130029_N230243_1,,N130029,N230243,,138.000,0.00000000,0.04891000,281.300,281.300,0,0,0.000,0.000,0,,0
N130029_N230244_1,,N130029,N230244,,138.000,0.00000000,0.04376000,260.400,260.400,0,0,0.000,0.000,0,,0
N130311_N130031_1,,N130311,N130031,,138.000,0.00000000,0.00854000,267.800,267.800,0,0,0.000,0.000,0,,0
N130031_N130319_1,,N130031,N130319,,138.000,0.00000000,0.01106000,266.600,266.600,0,0,0.000,0.000,0,,0
N130337_N130032_1,,N130337,N130032,,138.000,0.00000000,0.01386000,248.700,248.700,0,0,0.000,0.000,0,,0
N230154_N130032_1,,N230154,N130032,,138.000,0.00000000,0.02874000,274.400,274.400,0,0,0.000,0.000,0,,0
N130033_N130334_1,,N130033,N130334,,138.000,0.00000000,0.01578000,261.800,261.800,0,0,0.000,0.000,0,,0
N130033_N130337_1,,N130033,N130337,,138.000,0.00000000,0.02860000,278.100,278.100,0,0,0.000,0.000,0,,0
N130033_N230243_1,,N130033,N230243,,138.000,0.00000000,0.03006000,326.200,326.200,0,0,0.000,0.000,0,,0
N130336_N130034_1,,N130336,N130034,,138.000,0.00000000,0.02669000,275.900,275.900,0,0,0.000,0.000,0,,0
N130034_N250112_1,,N130034,N250112,,138.000,0.00000000,0.01722000,315.800,315.800,0,0,0.000,0.000,0,,0
N130034_N260009_1,,N130034,N260009,,138.000,0.00000000,0.02616000,286.700,286.700,0,0,0.000,0.000,0,,0
N130035_N130039_1,,N130035,N130039,,138.000,0.00000000,0.01691000,267.900,267.900,0,0,0.000,0.000,0,,0
N130074_N130035_1,,N130074,N130035,,138.000,0.00000000,0.01553000,285.300,285.300,0,0,0.000,0.000,0,,0
N130035_N130343_1,,N130035,N130343,,138.000,0.00000000,0.02730000,293.300,293.300,0,0,0.000,0.000,0,,0
N130035_N130343_2,,N130035,N130343,,138.000,0.00000000,0.02730000,293.300,293.300,0,0,0.000,0.000,0,,0
N130036_N130045_1,,N130036,N130045,,69.000,0.00000000,0.04159000,115.700,115.700,0,0,0.000,0.000,0,,0
N130093_N130036_1,,N130093,N130036,,69.000,0.00000000,0.03626000,106.600,106.600,0,0,0.000,0.000,0,,0
N130036_N130211_1,,N130036,N130211,,69.000,0.00000000,0.11283000,88.100,88.100,0,0,0.000,0.000,0,,0
N130037_N130074_1,,N130037,N130074,,138.000,0.00000000,0.01030000,269.700,269.700,0,0,0.000,0.000,0,,0
N130037_N130358_1,,N130037,N130358,,138.000,0.00000000,0.02170000,366.700,366.700,0,0,0.000,0.000,0,,0
N130037_N170333_1,,N130037,N170333,,138.000,0.00000000,0.02629000,272.100,272.100,0,0,0.000,0.000,0,,0
N130038_N130079_1,,N130038,N130079,,69.000,0.00000000,0.03424000,130.500,130.500,0,0,0.000,0.000,0,,0
N130039_N130220_1,,N130039,N130220,,138.000,0.00000000,0.01725000,252.400,252.400,0,0,0.000,0.000,0,,0
N130040_N130212_1,,N130040,N130212,,69.000,0.00000000,0.02706000,93.500,93.500,0,0,0.000,0.000,0,,0
N130040_N130216_1,,N130040,N130216,,69.000,0.00000000,0.02405000,92.200,92.200,0,0,0.000,0.000,0,,0
N130041_N130344_1,,N130041,N130344,,138.000,0.00000000,0.06008000,229.000,229.000,0,0,0.000,0.000,0,,0
N130043_N130042_1,,N130043,N130042,,69.000,0.00000000,0.07200000,110.700,110.700,0,0,0.000,0.000,0,,0
N130042_N130044_1,,N130042,N130044,,69.000,0.00000000,0.02197000,94.900,94.900,0,0,0.000,0.000,0,,0
N130371_N130043_1,,N130371,N130043,,69.000,0.00000000,0.03701000,110.800,110.800,0,0,0.000,0.000,0,,0
N130044_N130079_1,,N130044,N130079,,69.000,0.00000000,0.09247000,86.300,86.300,0,0,0.000,0.000,0,,0
N130045_N130099_1,,N130045,N130099,,69.000,0.00000000,0.09204000,104.900,104.900,0,0,0.000,0.000,0,,0
N130054_N130046_1,,N130054,N130046,,69.000,0.00000000,0.01817000,115.600,115.600,0,0,0.000,0.000,0,,0
N130046_N130057_1,,N130046,N130057,,69.000,0.00000000,0.03357000,149.300,149.300,0,0,0.000,0.000,0,,0
N130046_N130070_1,,N130046,N130070,,69.000,0.00000000,0.06711000,113.300,113.300,0,0,0.000,0.000,0,,0
N130046_N130153_1,,N130046,N130153,,69.000,0.00000000,0.04511000,148.000,148.000,0,0,0.000,0.000,0,,0
N130058_N130047_1,,N130058,N130047,,69.000,0.00000000,0.01354000,137.700,137.700,0,0,0.000,0.000,0,,0
N130067_N130047_1,,N130067,N130047,,69.000,0.00000000,0.00697000,139.400,139.400,0,0,0.000,0.000,0,,0
N130047_N130070_1,,N130047,N130070,,69.000,0.00000000,0.02173000,141.100,141.100,0,0,0.000,0.000,0,,0
N130048_N130062_1,,N130048,N130062,,69.000,0.00000000,0.01392000,90.100,90.100,0,0,0.000,0.000,0,,0
N130048_N130071_1,,N130048,N130071,,69.000,0.00000000,0.01930000,106.900,106.900,0,0,0.000,0.000,0,,0
N130049_N130050_1,,N130049,N130050,,69.000,0.00000000,0.00772000,241.800,241.800,0,0,0.000,0.000,0,,0
N130049_N130050_2,,N130049,N130050,,69.000,0.00000000,0.00772000,241.800,241.800,0,0,0.000,0.000,0,,0
N130049_N130050_3,,N130049,N130050,,69.000,0.00000000,0.00772000,241.800,241.800,0,0,0.000,0.000,0,,0
N130049_N130282_1,,N130049,N130282,,69.000,0.00000000,0.07029000,104.200,104.200,0,0,0.000,0.000,0,,0
N130054_N130050_1,,N130054,N130050,,69.000,0.00000000,0.02456000,162.700,162.700,0,0,0.000,0.000,0,,0
N130057_N130050_1,,N130057,N130050,,69.000,0.00000000,0.00824000,137.300,137.300,0,0,0.000,0.000,0,,0
N130050_N130062_1,,N130050,N130062,,69.000,0.00000000,0.01231000,186.500,186.500,0,0,0.000,0.000,0,,0
N130050_N130065_1,,N130050,N130065,,69.000,0.00000000,0.03934000,114.100,114.100,0,0,0.000,0.000,0,,0
N130050_N130108_1,,N130050,N130108,,69.000,0.00000000,0.03810000,153.100,153.100,0,0,0.000,0.000,0,,0
N130050_N130108_2,,N130050,N130108,,69.000,0.00000000,0.03810000,153.100,153.100,0,0,0.000,0.000,0,,0
N130050_N130272_1,,N130050,N130272,,69.000,0.00000000,0.03678000,129.800,129.800,0,0,0.000,0.000,0,,0
N130050_N130299_1,,N130050,N130299,,69.000,0.00000000,0.03378000,119.100,119.100,0,0,0.000,0.000,0,,0
N130051_N130100_1,,N130051,N130100,,138.000,0.00000000,0.00856000,400.000,400.000,0,0,0.000,0.000,0,,0
N130051_N130100_2,,N130051,N130100,,138.000,0.00000000,0.00856000,400.000,400.000,0,0,0.000,0.000,0,,0
N130104_N130051_1,,N130104,N130051,,138.000,0.00000000,0.01650000,344.500,344.500,0,0,0.000,0.000,0,,0
N130104_N130051_2,,N130104,N130051,,138.000,0.00000000,0.01650000,344.500,344.500,0,0,0.000,0.000,0,,0
N130051_N130297_1,,N130051,N130297,,138.000,0.00000000,0.02077000,313.500,313.500,0,0,0.000,0.000,0,,0
N130051_N130297_2,,N130051,N130297,,138.000,0.00000000,0.02077000,313.500,313.500,0,0,0.000,0.000,0,,0
N270225_N130051_1,,N270225,N130051,,138.000,0.00000000,0.00400000,360.000,360.000,0,0,0.000,0.000,0,,0
N270225_N130051_2,,N270225,N130051,,138.000,0.00000000,0.00400000,360.000,360.000,0,0,0.000,0.000,0,,0
N270225_N130051_3,,N270225,N130051,,138.000,0.00000000,0.00400000,360.000,360.000,0,0,0.000,0.000,0,,0
N270225_N130051_4,,N270225,N130051,,138.000,0.00000000,0.00400000,360.000,360.000,0,0,0.000,0.000,0,,0
N130052_N130064_1,,N130052,N130064,,69.000,0.00000000,0.02145000,146.000,146.000,0,0,0.000,0.000,0,,0
N130072_N130052_1,,N130072,N130052,,69.000,0.00000000,0.02321000,120.800,120.800,0,0,0.000,0.000,0,,0
N130052_N130108_1,,N130052,N130108,,69.000,0.00000000,0.02101000,127.700,127.700,0,0,0.000,0.000,0,,0
N130052_N130279_1,,N130052,N130279,,69.000,0.00000000,0.03677000,131.400,131.400,0,0,0.000,0.000,0,,0
N130053_N130121_1,,N130053,N130121,,138.000,0.00000000,0.02007000,269.800,269.800,0,0,0.000,0.000,0,,0
N130054_N260054_1,,N130054,N260054,,69.000,0.00000000,0.02472000,146.400,146.400,0,0,0.000,0.000,0,,0
N130055_N130110_1,,N130055,N130110,,69.000,0.00000000,0.12954000,116.900,116.900,0,0,0.000,0.000,0,,0
N130055_N260050_1,,N130055,N260050,,69.000,0.00000000,0.02002000,105.100,105.100,0,0,0.000,0.000,0,,0
N130059_N130056_1,,N130059,N130056,,69.000,0.00000000,0.01471000,124.600,124.600,0,0,0.000,0.000,0,,0
N130056_N130069_1,,N130056,N130069,,69.000,0.00000000,0.01918000,131.700,131.700,0,0,0.000,0.000,0,,0
N130057_N130282_1,,N130057,N130282,,69.000,0.00000000,0.02555000,124.300,124.300,0,0,0.000,0.000,0,,0
N130069_N130058_1,,N130069,N130058,,69.000,0.00000000,0.02066000,124.100,124.100,0,0,0.000,0.000,0,,0
N130058_N260054_1,,N130058,N260054,,69.000,0.00000000,0.03140000,131.200,131.200,0,0,0.000,0.000,0,,0
N130059_N130116_1,,N130059,N130116,,69.000,0.00000000,0.09169000,105.800,105.800,0,0,0.000,0.000,0,,0
N130065_N130060_1,,N130065,N130060,,69.000,0.00000000,0.02509000,117.900,117.900,0,0,0.000,0.000,0,,0
N130060_N130071_1,,N130060,N130071,,69.000,0.00000000,0.01138000,113.500,113.500,0,0,0.000,0.000,0,,0
N130061_N130070_1,,N130061,N130070,,69.000,0.00000000,0.02228000,144.100,144.100,0,0,0.000,0.000,0,,0
N130061_N130111_1,,N130061,N130111,,69.000,0.00000000,0.05013000,95.000,95.000,0,0,0.000,0.000,0,,0
N130061_N130207_1,,N130061,N130207,,69.000,0.00000000,0.01574000,142.300,142.300,0,0,0.000,0.000,0,,0
N130272_N130062_1,,N130272,N130062,,69.000,0.00000000,0.01511000,136.100,136.100,0,0,0.000,0.000,0,,0
N130062_N130301_1,,N130062,N130301,,69.000,0.00000000,0.05685000,147.100,147.100,0,0,0.000,0.000,0,,0
N130063_N130069_1,,N130063,N130069,,69.000,0.00000000,0.04117000,125.500,125.500,0,0,0.000,0.000,0,,0
N130120_N130063_1,,N130120,N130063,,69.000,0.00000000,0.03352000,120.100,120.100,0,0,0.000,0.000,0,,0
N130064_N130277_1,,N130064,N130277,,69.000,0.00000000,0.04310000,135.200,135.200,0,0,0.000,0.000,0,,0
N130064_N130292_1,,N130064,N130292,,69.000,0.00000000,0.06910000,126.800,126.800,0,0,0.000,0.000,0,,0
N130070_N130065_1,,N130070,N130065,,69.000,0.00000000,0.02590000,152.600,152.600,0,0,0.000,0.000,0,,0
N130112_N130065_1,,N130112,N130065,,69.000,0.00000000,0.01903000,150.800,150.800,0,0,0.000,0.000,0,,0
N130068_N130066_1,,N130068,N130066,,138.000,0.00000000,0.01310000,278.800,278.800,0,0,0.000,0.000,0,,0
N130066_N130109_1,,N130066,N130109,,138.000,0.00000000,0.00729000,280.100,280.100,0,0,0.000,0.000,0,,0
N130066_N130143_1,,N130066,N130143,,138.000,0.00000000,0.01497000,449.900,449.900,0,0,0.000,0.000,0,,0
N130066_N130143_2,,N130066,N130143,,138.000,0.00000000,0.01497000,449.900,449.900,0,0,0.000,0.000,0,,0
N130071_N130072_1,,N130071,N130072,,69.000,0.00000000,0.02218000,120.700,120.700,0,0,0.000,0.000,0,,0
N130072_N130108_1,,N130072,N130108,,69.000,0.00000000,0.03614000,97.400,97.400,0,0,0.000,0.000,0,,0
N130112_N130072_1,,N130112,N130072,,69.000,0.00000000,0.03044000,112.700,112.700,0,0,0.000,0.000,0,,0
N130078_N130073_1,,N130078,N130073,,69.000,0.00000000,0.02835000,123.300,123.300,0,0,0.000,0.000,0,,0
N130073_N130081_1,,N130073,N130081,,69.000,0.00000000,0.03783000,130.700,130.700,0,0,0.000,0.000,0,,0
N130092_N130075_1,,N130092,N130075,,69.000,0.00000000,0.01707000,104.900,104.900,0,0,0.000,0.000,0,,0
N130075_N170389_1,,N130075,N170389,,69.000,0.00000000,0.07999000,102.700,102.700,0,0,0.000,0.000,0,,0
N130358_N130076_1,,N130358,N130076,,138.000,0.00000000,0.01864000,267.800,267.800,0,0,0.000,0.000,0,,0
N130077_N130078_1,,N130077,N130078,,69.000,0.00000000,0.03971000,133.000,133.000,0,0,0.000,0.000,0,,0
N130077_N170162_1,,N130077,N170162,,69.000,0.00000000,0.12721000,87.400,87.400,0,0,0.000,0.000,0,,0
N130079_N130083_1,,N130079,N130083,,69.000,0.00000000,0.01882000,149.200,149.200,0,0,0.000,0.000,0,,0
N130079_N130083_2,,N130079,N130083,,69.000,0.00000000,0.01882000,149.200,149.200,0,0,0.000,0.000,0,,0
N130079_N130253_1,,N130079,N130253,,69.000,0.00000000,0.06687000,129.400,129.400,0,0,0.000,0.000,0,,0
N130080_N130082_1,,N130080,N130082,,138.000,0.00000000,0.00966000,305.900,305.900,0,0,0.000,0.000,0,,0
N130080_N130082_2,,N130080,N130082,,138.000,0.00000000,0.00966000,305.900,305.900,0,0,0.000,0.000,0,,0
N130080_N130358_1,,N130080,N130358,,138.000,0.00000000,0.02245000,396.900,396.900,0,0,0.000,0.000,0,,0
N130080_N130358_2,,N130080,N130358,,138.000,0.00000000,0.02245000,396.900,396.900,0,0,0.000,0.000,0,,0
N130080_N170013_1,,N130080,N170013,,138.000,0.00000000,0.06658000,263.900,263.900,0,0,0.000,0.000,0,,0
N130081_N170394_1,,N130081,N170394,,69.000,0.00000000,0.10203000,109.000,109.000,0,0,0.000,0.000,0,,0
N130082_N130096_1,,N130082,N130096,,138.000,0.00000000,0.01205000,264.300,264.300,0,0,0.000,0.000,0,,0
N130082_N130175_1,,N130082,N130175,,138.000,0.00000000,0.00961000,369.100,369.100,0,0,0.000,0.000,0,,0
N130200_N130083_1,,N130200,N130083,,69.000,0.00000000,0.00583000,152.600,152.600,0,0,0.000,0.000,0,,0
N130200_N130083_2,,N130200,N130083,,69.000,0.00000000,0.00583000,152.600,152.600,0,0,0.000,0.000,0,,0
N130086_N130084_1,,N130086,N130084,,69.000,0.00000000,0.02227000,146.800,146.800,0,0,0.000,0.000,0,,0
N130084_N130091_1,,N130084,N130091,,69.000,0.00000000,0.02840000,127.600,127.600,0,0,0.000,0.000,0,,0
N130084_N130095_1,,N130084,N130095,,69.000,0.00000000,0.02041000,115.800,115.800,0,0,0.000,0.000,0,,0
N130084_N130097_1,,N130084,N130097,,69.000,0.00000000,0.00952000,117.500,117.500,0,0,0.000,0.000,0,,0
N130084_N130291_1,,N130084,N130291,,69.000,0.00000000,0.09844000,95.700,95.700,0,0,0.000,0.000,0,,0
N130085_N130091_1,,N130085,N130091,,69.000,0.00000000,0.02510000,124.300,124.300,0,0,0.000,0.000,0,,0
N130085_N130092_1,,N130085,N130092,,69.000,0.00000000,0.03478000,110.400,110.400,0,0,0.000,0.000,0,,0
N130086_N130089_1,,N130086,N130089,,69.000,0.00000000,0.04596000,138.900,138.900,0,0,0.000,0.000,0,,0
N130086_N130099_1,,N130086,N130099,,69.000,0.00000000,0.01902000,152.400,152.400,0,0,0.000,0.000,0,,0
N130086_N130277_1,,N130086,N130277,,69.000,0.00000000,0.01697000,169.300,169.300,0,0,0.000,0.000,0,,0
N130086_N130277_2,,N130086,N130277,,69.000,0.00000000,0.01697000,169.300,169.300,0,0,0.000,0.000,0,,0
N130098_N130087_1,,N130098,N130087,,69.000,0.00000000,0.01716000,122.300,122.300,0,0,0.000,0.000,0,,0
N130101_N130087_1,,N130101,N130087,,69.000,0.00000000,0.00881000,133.300,133.300,0,0,0.000,0.000,0,,0
N130088_N130099_1,,N130088,N130099,,69.000,0.00000000,0.01629000,148.500,148.500,0,0,0.000,0.000,0,,0
N130088_N130099_2,,N130088,N130099,,69.000,0.00000000,0.01629000,148.500,148.500,0,0,0.000,0.000,0,,0
N130088_N130182_1,,N130088,N130182,,69.000,0.00000000,0.00859000,146.700,146.700,0,0,0.000,0.000,0,,0
N130088_N130291_1,,N130088,N130291,,69.000,0.00000000,0.03776000,129.800,129.800,0,0,0.000,0.000,0,,0
N130089_N130094_1,,N130089,N130094,,69.000,0.00000000,0.02032000,128.200,128.200,0,0,0.000,0.000,0,,0
N130103_N130089_1,,N130103,N130089,,69.000,0.00000000,0.01681000,125.500,125.500,0,0,0.000,0.000,0,,0
N130089_N130183_1,,N130089,N130183,,69.000,0.00000000,0.01180000,100.700,100.700,0,0,0.000,0.000,0,,0
N130089_N130283_1,,N130089,N130283,,69.000,0.00000000,0.01911000,124.800,124.800,0,0,0.000,0.000,0,,0
N130100_N130090_1,,N130100,N130090,,138.000,0.00000000,0.03128000,270.200,270.200,0,0,0.000,0.000,0,,0
N130090_N130338_1,,N130090,N130338,,138.000,0.00000000,0.01253000,300.900,300.900,0,0,0.000,0.000,0,,0
N130090_N130338_2,,N130090,N130338,,138.000,0.00000000,0.01253000,300.900,300.900,0,0,0.000,0.000,0,,0
N130091_N130093_1,,N130091,N130093,,69.000,0.00000000,0.04267000,108.600,108.600,0,0,0.000,0.000,0,,0
N130095_N130091_1,,N130095,N130091,,69.000,0.00000000,0.01408000,124.900,124.900,0,0,0.000,0.000,0,,0
N130091_N130099_1,,N130091,N130099,,69.000,0.00000000,0.02464000,140.500,140.500,0,0,0.000,0.000,0,,0
N130093_N130095_1,,N130093,N130095,,69.000,0.00000000,0.04604000,119.000,119.000,0,0,0.000,0.000,0,,0
N130093_N130254_1,,N130093,N130254,,69.000,0.00000000,0.08891000,126.300,126.300,0,0,0.000,0.000,0,,0
N130094_N130184_1,,N130094,N130184,,69.000,0.00000000,0.02096000,117.600,117.600,0,0,0.000,0.000,0,,0
N130095_N130189_1,,N130095,N130189,,69.000,0.00000000,0.03550000,128.600,128.600,0,0,0.000,0.000,0,,0
N130097_N130099_1,,N130097,N130099,,69.000,0.00000000,0.01301000,111.900,111.900,0,0,0.000,0.000,0,,0
N130097_N130197_1,,N130097,N130197,,69.000,0.00000000,0.06746000,108.700,108.700,0,0,0.000,0.000,0,,0
N130098_N130101_1,,N130098,N130101,,69.000,0.00000000,0.02808000,132.400,132.400,0,0,0.000,0.000,0,,0
N130098_N130288_1,,N130098,N130288,,69.000,0.00000000,0.02012000,139.100,139.100,0,0,0.000,0.000,0,,0
N130100_N130113_1,,N130100,N130113,,138.000,0.00000000,0.01546000,336.200,336.200,0,0,0.000,0.000,0,,0
N130100_N130113_2,,N130100,N130113,,138.000,0.00000000,0.01546000,336.200,336.200,0,0,0.000,0.000,0,,0
N130100_N130293_1,,N130100,N130293,,138.000,0.00000000,0.01377000,455.600,455.600,0,0,0.000,0.000,0,,0
N130100_N130293_2,,N130100,N130293,,138.000,0.00000000,0.01377000,455.600,455.600,0,0,0.000,0.000,0,,0
N130175_N130102_1,,N130175,N130102,,138.000,0.00000000,0.00769000,267.700,267.700,0,0,0.000,0.000,0,,0
N130103_N130196_1,,N130103,N130196,,69.000,0.00000000,0.03575000,101.300,101.300,0,0,0.000,0.000,0,,0
N130106_N130104_1,,N130106,N130104,,138.000,0.00000000,0.00425000,550.000,550.000,0,0,0.000,0.000,0,,0
N130106_N130104_2,,N130106,N130104,,138.000,0.00000000,0.00425000,550.000,550.000,0,0,0.000,0.000,0,,0
N130106_N130104_3,,N130106,N130104,,138.000,0.00000000,0.00425000,550.000,550.000,0,0,0.000,0.000,0,,0
N130106_N130104_4,,N130106,N130104,,138.000,0.00000000,0.00425000,550.000,550.000,0,0,0.000,0.000,0,,0
N130104_N130113_1,,N130104,N130113,,138.000,0.00000000,0.00692000,349.100,349.100,0,0,0.000,0.000,0,,0
N130104_N130113_2,,N130104,N130113,,138.000,0.00000000,0.00692000,349.100,349.100,0,0,0.000,0.000,0,,0
N130104_N130297_1,,N130104,N130297,,138.000,0.00000000,0.03652000,329.000,329.000,0,0,0.000,0.000,0,,0
N130104_N130297_2,,N130104,N130297,,138.000,0.00000000,0.03652000,329.000,329.000,0,0,0.000,0.000,0,,0
N130105_N130108_1,,N130105,N130108,,69.000,0.00000000,0.02962000,168.900,168.900,0,0,0.000,0.000,0,,0
N130105_N130108_2,,N130105,N130108,,69.000,0.00000000,0.02962000,168.900,168.900,0,0,0.000,0.000,0,,0
N130105_N130112_1,,N130105,N130112,,69.000,0.00000000,0.02802000,172.000,172.000,0,0,0.000,0.000,0,,0
N130105_N130112_2,,N130105,N130112,,69.000,0.00000000,0.02802000,172.000,172.000,0,0,0.000,0.000,0,,0
N130114_N130105_1,,N130114,N130105,,69.000,0.00000000,0.02118000,153.500,153.500,0,0,0.000,0.000,0,,0
N130114_N130105_2,,N130114,N130105,,69.000,0.00000000,0.02118000,153.500,153.500,0,0,0.000,0.000,0,,0
N130106_N130317_1,,N130106,N130317,,138.000,0.00000000,0.04215000,450.000,450.000,0,0,0.000,0.000,0,,0
N130106_N130317_2,,N130106,N130317,,138.000,0.00000000,0.04215000,450.000,450.000,0,0,0.000,0.000,0,,0
N130106_N130322_1,,N130106,N130322,,138.000,0.00000000,0.03673000,450.000,450.000,0,0,0.000,0.000,0,,0
N130106_N130322_2,,N130106,N130322,,138.000,0.00000000,0.03673000,450.000,450.000,0,0,0.000,0.000,0,,0
N130106_N130322_3,,N130106,N130322,,138.000,0.00000000,0.03673000,450.000,450.000,0,0,0.000,0.000,0,,0
N130107_N130246_1,,N130107,N130246,,69.000,0.00000000,0.06242000,171.900,171.900,0,0,0.000,0.000,0,,0
N130108_N130110_1,,N130108,N130110,,69.000,0.00000000,0.02069000,162.700,162.700,0,0,0.000,0.000,0,,0
N130110_N130112_1,,N130110,N130112,,69.000,0.00000000,0.02336000,160.800,160.800,0,0,0.000,0.000,0,,0
N130110_N130115_1,,N130110,N130115,,69.000,0.00000000,0.04219000,117.800,117.800,0,0,0.000,0.000,0,,0
N130110_N130203_1,,N130110,N130203,,69.000,0.00000000,0.03342000,157.700,157.700,0,0,0.000,0.000,0,,0
N130110_N130222_1,,N130110,N130222,,69.000,0.00000000,0.03525000,132.700,132.700,0,0,0.000,0.000,0,,0
N130231_N130110_1,,N130231,N130110,,69.000,0.00000000,0.01517000,151.400,151.400,0,0,0.000,0.000,0,,0
N130111_N130255_1,,N130111,N130255,,69.000,0.00000000,0.02242000,118.600,118.600,0,0,0.000,0.000,0,,0
N130112_N130115_1,,N130112,N130115,,69.000,0.00000000,0.05278000,132.500,132.500,0,0,0.000,0.000,0,,0
N130114_N130279_1,,N130114,N130279,,69.000,0.00000000,0.02328000,225.800,225.800,0,0,0.000,0.000,0,,0
N130114_N130279_2,,N130114,N130279,,69.000,0.00000000,0.02328000,225.800,225.800,0,0,0.000,0.000,0,,0
N130115_N130371_1,,N130115,N130371,,69.000,0.00000000,0.10396000,109.900,109.900,0,0,0.000,0.000,0,,0
N130165_N130116_1,,N130165,N130116,,69.000,0.00000000,0.04448000,147.900,147.900,0,0,0.000,0.000,0,,0
N130165_N130116_2,,N130165,N130116,,69.000,0.00000000,0.04448000,147.900,147.900,0,0,0.000,0.000,0,,0
N130116_N260051_1,,N130116,N260051,,69.000,0.00000000,0.01546000,149.500,149.500,0,0,0.000,0.000,0,,0
N130116_N260051_2,,N130116,N260051,,69.000,0.00000000,0.01546000,149.500,149.500,0,0,0.000,0.000,0,,0
N260057_N130117_1,,N260057,N130117,,69.000,0.00000000,0.02151000,137.000,137.000,0,0,0.000,0.000,0,,0
N130117_N260102_1,,N130117,N260102,,69.000,0.00000000,0.04258000,120.300,120.300,0,0,0.000,0.000,0,,0
N130121_N130118_1,,N130121,N130118,,138.000,0.00000000,0.00667000,305.600,305.600,0,0,0.000,0.000,0,,0
N130121_N130118_2,,N130121,N130118,,138.000,0.00000000,0.00667000,305.600,305.600,0,0,0.000,0.000,0,,0
N260049_N130118_1,,N260049,N130118,,138.000,0.00000000,0.01460000,309.100,309.100,0,0,0.000,0.000,0,,0
N260049_N130118_2,,N260049,N130118,,138.000,0.00000000,0.01460000,309.100,309.100,0,0,0.000,0.000,0,,0
N130119_N130120_1,,N130119,N130120,,69.000,0.00000000,0.01296000,108.400,108.400,0,0,0.000,0.000,0,,0
N130152_N130121_1,,N130152,N130121,,138.000,0.00000000,0.01212000,292.800,292.800,0,0,0.000,0.000,0,,0
N130152_N130121_2,,N130152,N130121,,138.000,0.00000000,0.01212000,292.800,292.800,0,0,0.000,0.000,0,,0
N130122_N130135_1,,N130122,N130135,,69.000,0.00000000,0.02489000,164.400,164.400,0,0,0.000,0.000,0,,0
N130122_N130135_2,,N130122,N130135,,69.000,0.00000000,0.02489000,164.400,164.400,0,0,0.000,0.000,0,,0
N130122_N130282_1,,N130122,N130282,,69.000,0.00000000,0.04449000,168.000,168.000,0,0,0.000,0.000,0,,0
N130122_N130282_2,,N130122,N130282,,69.000,0.00000000,0.04449000,168.000,168.000,0,0,0.000,0.000,0,,0
N130131_N130123_1,,N130131,N130123,,138.000,0.00000000,0.01106000,297.000,297.000,0,0,0.000,0.000,0,,0
N130131_N130123_2,,N130131,N130123,,138.000,0.00000000,0.01106000,297.000,297.000,0,0,0.000,0.000,0,,0
N260214_N130123_1,,N260214,N130123,,138.000,0.00000000,0.00815000,303.000,303.000,0,0,0.000,0.000,0,,0
N260214_N130123_2,,N260214,N130123,,138.000,0.00000000,0.00815000,303.000,303.000,0,0,0.000,0.000,0,,0
N130125_N130124_1,,N130125,N130124,,69.000,0.00000000,0.01581000,138.300,138.300,0,0,0.000,0.000,0,,0
N130165_N130125_1,,N130165,N130125,,69.000,0.00000000,0.03598000,129.300,129.300,0,0,0.000,0.000,0,,0
N130125_N260052_1,,N130125,N260052,,69.000,0.00000000,0.10829000,110.700,110.700,0,0,0.000,0.000,0,,0
N260106_N130126_1,,N260106,N130126,,138.000,0.00000000,0.00867000,294.400,294.400,0,0,0.000,0.000,0,,0
N130130_N130127_1,,N130130,N130127,,69.000,0.00000000,0.01731000,162.400,162.400,0,0,0.000,0.000,0,,0
N130130_N130127_2,,N130130,N130127,,69.000,0.00000000,0.01731000,162.400,162.400,0,0,0.000,0.000,0,,0
N130127_N260100_1,,N130127,N260100,,69.000,0.00000000,0.02698000,115.900,115.900,0,0,0.000,0.000,0,,0
N130128_N130130_1,,N130128,N130130,,69.000,0.00000000,0.01103000,129.600,129.600,0,0,0.000,0.000,0,,0
N130128_N130132_1,,N130128,N130132,,69.000,0.00000000,0.01650000,137.200,137.200,0,0,0.000,0.000,0,,0
N130135_N130129_1,,N130135,N130129,,69.000,0.00000000,0.01491000,149.000,149.000,0,0,0.000,0.000,0,,0
N130135_N130129_2,,N130135,N130129,,69.000,0.00000000,0.01491000,149.000,149.000,0,0,0.000,0.000,0,,0
N130129_N130136_1,,N130129,N130136,,69.000,0.00000000,0.06703000,130.700,130.700,0,0,0.000,0.000,0,,0
N130129_N170105_1,,N130129,N170105,,69.000,0.00000000,0.04371000,137.600,137.600,0,0,0.000,0.000,0,,0
N130130_N130137_1,,N130130,N130137,,69.000,0.00000000,0.04519000,146.800,146.800,0,0,0.000,0.000,0,,0
N130130_N130137_2,,N130130,N130137,,69.000,0.00000000,0.04519000,146.800,146.800,0,0,0.000,0.000,0,,0
N130133_N130131_1,,N130133,N130131,,138.000,0.00000000,0.00997000,289.700,289.700,0,0,0.000,0.000,0,,0
N130133_N130138_1,,N130133,N130138,,138.000,0.00000000,0.00892000,288.500,288.500,0,0,0.000,0.000,0,,0
N130135_N130134_1,,N130135,N130134,,69.000,0.00000000,0.01551000,133.600,133.600,0,0,0.000,0.000,0,,0
N130135_N170225_1,,N130135,N170225,,69.000,0.00000000,0.05836000,133.000,133.000,0,0,0.000,0.000,0,,0
N130136_N170240_1,,N130136,N170240,,69.000,0.00000000,0.06070000,114.700,114.700,0,0,0.000,0.000,0,,0
N130139_N130137_1,,N130139,N130137,,69.000,0.00000000,0.00203000,138.600,138.600,0,0,0.000,0.000,0,,0
N130162_N130138_1,,N130162,N130138,,138.000,0.00000000,0.00863000,249.500,249.500,0,0,0.000,0.000,0,,0
N130138_N170096_1,,N130138,N170096,,138.000,0.00000000,0.00559000,238.400,238.400,0,0,0.000,0.000,0,,0
N130138_N170096_2,,N130138,N170096,,138.000,0.00000000,0.00558000,238.400,238.400,0,0,0.000,0.000,0,,0
N130138_N170543_1,,N130138,N170543,,138.000,0.00000000,0.01463000,288.000,288.000,0,0,0.000,0.000,0,,0
N130139_N170097_1,,N130139,N170097,,69.000,0.00000000,0.01914000,134.900,134.900,0,0,0.000,0.000,0,,0
N130140_N130142_1,,N130140,N130142,,69.000,0.00000000,0.02466000,137.600,137.600,0,0,0.000,0.000,0,,0
N130140_N130144_1,,N130140,N130144,,69.000,0.00000000,0.01065000,107.100,107.100,0,0,0.000,0.000,0,,0
N130140_N260123_1,,N130140,N260123,,69.000,0.00000000,0.03435000,120.000,120.000,0,0,0.000,0.000,0,,0
N130143_N130141_1,,N130143,N130141,,138.000,0.00000000,0.00619000,315.200,315.200,0,0,0.000,0.000,0,,0
N130143_N130141_2,,N130143,N130141,,138.000,0.00000000,0.00619000,315.200,315.200,0,0,0.000,0.000,0,,0
N130141_N130227_1,,N130141,N130227,,138.000,0.00000000,0.00980000,318.400,318.400,0,0,0.000,0.000,0,,0
N130141_N130227_2,,N130141,N130227,,138.000,0.00000000,0.00980000,318.400,318.400,0,0,0.000,0.000,0,,0
N130142_N130265_1,,N130142,N130265,,69.000,0.00000000,0.04422000,107.600,107.600,0,0,0.000,0.000,0,,0
N130143_N260035_1,,N130143,N260035,,138.000,0.00000000,0.01386000,400.000,400.000,0,0,0.000,0.000,0,,0
N130143_N260035_2,,N130143,N260035,,138.000,0.00000000,0.01386000,400.000,400.000,0,0,0.000,0.000,0,,0
N130143_N260120_1,,N130143,N260120,,138.000,0.00000000,0.02107000,500.000,500.000,0,0,0.000,0.000,0,,0
N130143_N260120_2,,N130143,N260120,,138.000,0.00000000,0.02107000,500.000,500.000,0,0,0.000,0.000,0,,0
N130144_N260124_1,,N130144,N260124,,69.000,0.00000000,0.03504000,106.900,106.900,0,0,0.000,0.000,0,,0
N130147_N130230_1,,N130147,N130230,,69.000,0.00000000,0.04555000,104.600,104.600,0,0,0.000,0.000,0,,0
N260126_N130147_1,,N260126,N130147,,69.000,0.00000000,0.04980000,94.900,94.900,0,0,0.000,0.000,0,,0
N130148_N130163_1,,N130148,N130163,,69.000,0.00000000,0.01391000,124.300,124.300,0,0,0.000,0.000,0,,0
N130148_N170097_1,,N130148,N170097,,69.000,0.00000000,0.02791000,116.600,116.600,0,0,0.000,0.000,0,,0
N130150_N130149_1,,N130150,N130149,,69.000,0.00000000,0.01719000,111.000,111.000,0,0,0.000,0.000,0,,0
N130149_N130155_1,,N130149,N130155,,69.000,0.00000000,0.00800000,114.400,114.400,0,0,0.000,0.000,0,,0
N130150_N130156_1,,N130150,N130156,,69.000,0.00000000,0.02700000,140.100,140.100,0,0,0.000,0.000,0,,0
N130150_N130163_1,,N130150,N130163,,69.000,0.00000000,0.00987000,142.400,142.400,0,0,0.000,0.000,0,,0
N130153_N130151_1,,N130153,N130151,,69.000,0.00000000,0.00651000,147.100,147.100,0,0,0.000,0.000,0,,0
N130153_N130151_2,,N130153,N130151,,69.000,0.00000000,0.00651000,147.100,147.100,0,0,0.000,0.000,0,,0
N130151_N130156_1,,N130151,N130156,,69.000,0.00000000,0.02498000,135.500,135.500,0,0,0.000,0.000,0,,0
N130151_N130276_1,,N130151,N130276,,69.000,0.00000000,0.03619000,119.700,119.700,0,0,0.000,0.000,0,,0
N130164_N130152_1,,N130164,N130152,,138.000,0.00000000,0.00616000,477.400,477.400,0,0,0.000,0.000,0,,0
N130160_N130154_1,,N130160,N130154,,138.000,0.00000000,0.00957000,254.000,254.000,0,0,0.000,0.000,0,,0
N130156_N130161_1,,N130156,N130161,,69.000,0.00000000,0.01769000,130.400,130.400,0,0,0.000,0.000,0,,0
N130157_N130159_1,,N130157,N130159,,69.000,0.00000000,0.01047000,128.400,128.400,0,0,0.000,0.000,0,,0
N130157_N170279_1,,N130157,N170279,,69.000,0.00000000,0.01427000,116.400,116.400,0,0,0.000,0.000,0,,0
N130280_N130158_1,,N130280,N130158,,138.000,0.00000000,0.01240000,277.100,277.100,0,0,0.000,0.000,0,,0
N170321_N130158_1,,N170321,N130158,,138.000,0.00000000,0.01232000,268.700,268.700,0,0,0.000,0.000,0,,0
N130159_N170324_1,,N130159,N170324,,69.000,0.00000000,0.02447000,136.900,136.900,0,0,0.000,0.000,0,,0
N130164_N130160_1,,N130164,N130160,,138.000,0.00000000,0.00866000,277.100,277.100,0,0,0.000,0.000,0,,0
N130161_N130165_1,,N130161,N130165,,69.000,0.00000000,0.01179000,140.500,140.500,0,0,0.000,0.000,0,,0
N130168_N130169_1,,N130168,N130169,,69.000,0.00000000,0.02301000,105.000,105.000,0,0,0.000,0.000,0,,0
N130168_N130178_1,,N130168,N130178,,69.000,0.00000000,0.01178000,119.400,119.400,0,0,0.000,0.000,0,,0
N130168_N130184_1,,N130168,N130184,,69.000,0.00000000,0.00956000,112.500,112.500,0,0,0.000,0.000,0,,0
N130169_N170397_1,,N130169,N170397,,69.000,0.00000000,0.00466000,100.700,100.700,0,0,0.000,0.000,0,,0
N130191_N130170_1,,N130191,N130170,,69.000,0.00000000,0.01555000,120.800,120.800,0,0,0.000,0.000,0,,0
N130200_N130170_1,,N130200,N130170,,69.000,0.00000000,0.00955000,146.700,146.700,0,0,0.000,0.000,0,,0
N130200_N130170_2,,N130200,N130170,,69.000,0.00000000,0.00955000,146.700,146.700,0,0,0.000,0.000,0,,0
N130170_N170383_1,,N130170,N170383,,69.000,0.00000000,0.01034000,176.200,176.200,0,0,0.000,0.000,0,,0
N130171_N130180_1,,N130171,N130180,,69.000,0.00000000,0.01386000,101.000,101.000,0,0,0.000,0.000,0,,0
N130171_N130198_1,,N130171,N130198,,69.000,0.00000000,0.00677000,101.700,101.700,0,0,0.000,0.000,0,,0
N130172_N130180_1,,N130172,N130180,,69.000,0.00000000,0.03585000,104.400,104.400,0,0,0.000,0.000,0,,0
N130185_N130172_1,,N130185,N130172,,69.000,0.00000000,0.00473000,141.400,141.400,0,0,0.000,0.000,0,,0
N130172_N170405_1,,N130172,N170405,,69.000,0.00000000,0.02947000,125.500,125.500,0,0,0.000,0.000,0,,0
N130174_N130173_1,,N130174,N130173,,69.000,0.00000000,0.00867000,101.700,101.700,0,0,0.000,0.000,0,,0
N130186_N130173_1,,N130186,N130173,,69.000,0.00000000,0.01329000,93.700,93.700,0,0,0.000,0.000,0,,0
N130174_N170391_1,,N130174,N170391,,69.000,0.00000000,0.01291000,105.600,105.600,0,0,0.000,0.000,0,,0
N130190_N130175_1,,N130190,N130175,,138.000,0.00000000,0.01613000,225.300,225.300,0,0,0.000,0.000,0,,0
N130176_N130189_1,,N130176,N130189,,69.000,0.00000000,0.01585000,110.100,110.100,0,0,0.000,0.000,0,,0
N130176_N130194_1,,N130176,N130194,,69.000,0.00000000,0.01117000,109.200,109.200,0,0,0.000,0.000,0,,0
N130184_N130177_1,,N130184,N130177,,69.000,0.00000000,0.00999000,134.400,134.400,0,0,0.000,0.000,0,,0
N130199_N130177_1,,N130199,N130177,,69.000,0.00000000,0.00876000,106.700,106.700,0,0,0.000,0.000,0,,0
N130177_N170420_1,,N130177,N170420,,69.000,0.00000000,0.01601000,119.200,119.200,0,0,0.000,0.000,0,,0
N130178_N130283_1,,N130178,N130283,,69.000,0.00000000,0.02886000,124.000,124.000,0,0,0.000,0.000,0,,0
N130182_N130179_1,,N130182,N130179,,69.000,0.00000000,0.00656000,134.400,134.400,0,0,0.000,0.000,0,,0
N130197_N130179_1,,N130197,N130179,,69.000,0.00000000,0.00793000,103.900,103.900,0,0,0.000,0.000,0,,0
N130179_N170384_1,,N130179,N170384,,69.000,0.00000000,0.02126000,107.100,107.100,0,0,0.000,0.000,0,,0
N130179_N170410_1,,N130179,N170410,,69.000,0.00000000,0.01284000,120.000,120.000,0,0,0.000,0.000,0,,0
N130180_N170366_1,,N130180,N170366,,69.000,0.00000000,0.01334000,106.800,106.800,0,0,0.000,0.000,0,,0
N130181_N130186_1,,N130181,N130186,,69.000,0.00000000,0.02673000,107.100,107.100,0,0,0.000,0.000,0,,0
N130189_N130181_1,,N130189,N130181,,69.000,0.00000000,0.00522000,109.900,109.900,0,0,0.000,0.000,0,,0
N130188_N130182_1,,N130188,N130182,,69.000,0.00000000,0.00722000,131.300,131.300,0,0,0.000,0.000,0,,0
N130183_N130187_1,,N130183,N130187,,69.000,0.00000000,0.00731000,96.300,96.300,0,0,0.000,0.000,0,,0
N130187_N130185_1,,N130187,N130185,,69.000,0.00000000,0.00546000,136.400,136.400,0,0,0.000,0.000,0,,0
N130185_N130195_1,,N130185,N130195,,69.000,0.00000000,0.01605000,150.900,150.900,0,0,0.000,0.000,0,,0
N130185_N130195_2,,N130185,N130195,,69.000,0.00000000,0.01605000,150.900,150.900,0,0,0.000,0.000,0,,0
N130196_N130185_1,,N130196,N130185,,69.000,0.00000000,0.00831000,109.800,109.800,0,0,0.000,0.000,0,,0
N130185_N130291_1,,N130185,N130291,,69.000,0.00000000,0.01001000,171.400,171.400,0,0,0.000,0.000,0,,0
N130185_N130291_2,,N130185,N130291,,69.000,0.00000000,0.01001000,171.400,171.400,0,0,0.000,0.000,0,,0
N170424_N130185_1,,N170424,N130185,,69.000,0.00000000,0.01112000,145.700,145.700,0,0,0.000,0.000,0,,0
N130186_N170382_1,,N130186,N170382,,69.000,0.00000000,0.01219000,105.200,105.200,0,0,0.000,0.000,0,,0
N130187_N130188_1,,N130187,N130188,,69.000,0.00000000,0.00537000,128.900,128.900,0,0,0.000,0.000,0,,0
N130191_N170388_1,,N130191,N170388,,69.000,0.00000000,0.04623000,101.200,101.200,0,0,0.000,0.000,0,,0
N130194_N130198_1,,N130194,N130198,,69.000,0.00000000,0.00999000,104.600,104.600,0,0,0.000,0.000,0,,0
N170371_N130195_1,,N170371,N130195,,69.000,0.00000000,0.00906000,149.000,149.000,0,0,0.000,0.000,0,,0
N170371_N130195_2,,N170371,N130195,,69.000,0.00000000,0.00906000,149.000,149.000,0,0,0.000,0.000,0,,0
N130196_N170340_1,,N130196,N170340,,69.000,0.00000000,0.03622000,112.100,112.100,0,0,0.000,0.000,0,,0
N130290_N130199_1,,N130290,N130199,,69.000,0.00000000,0.02328000,103.500,103.500,0,0,0.000,0.000,0,,0
N130200_N170392_1,,N130200,N170392,,69.000,0.00000000,0.01199000,113.800,113.800,0,0,0.000,0.000,0,,0
N130202_N130201_1,,N130202,N130201,,69.000,0.00000000,0.01271000,88.700,88.700,0,0,0.000,0.000,0,,0
N130201_N130225_1,,N130201,N130225,,69.000,0.00000000,0.03377000,85.100,85.100,0,0,0.000,0.000,0,,0
N130204_N130202_1,,N130204,N130202,,69.000,0.00000000,0.01133000,84.100,84.100,0,0,0.000,0.000,0,,0
N130202_N130247_1,,N130202,N130247,,69.000,0.00000000,0.00826000,85.500,85.500,0,0,0.000,0.000,0,,0
N130203_N130241_1,,N130203,N130241,,69.000,0.00000000,0.00932000,159.500,159.500,0,0,0.000,0.000,0,,0
N130254_N130203_1,,N130254,N130203,,69.000,0.00000000,0.01019000,128.800,128.800,0,0,0.000,0.000,0,,0
N130203_N130262_1,,N130203,N130262,,69.000,0.00000000,0.01006000,126.700,126.700,0,0,0.000,0.000,0,,0
N130204_N130210_1,,N130204,N130210,,69.000,0.00000000,0.00420000,105.500,105.500,0,0,0.000,0.000,0,,0
N130204_N130216_1,,N130204,N130216,,69.000,0.00000000,0.01638000,87.800,87.800,0,0,0.000,0.000,0,,0
N130204_N130250_1,,N130204,N130250,,69.000,0.00000000,0.01642000,93.800,93.800,0,0,0.000,0.000,0,,0
N130205_N130209_1,,N130205,N130209,,69.000,0.00000000,0.01079000,82.900,82.900,0,0,0.000,0.000,0,,0
N130205_N130252_1,,N130205,N130252,,69.000,0.00000000,0.01934000,81.000,81.000,0,0,0.000,0.000,0,,0
N130206_N130234_1,,N130206,N130234,,69.000,0.00000000,0.05509000,125.600,125.600,0,0,0.000,0.000,0,,0
N130206_N130239_1,,N130206,N130239,,69.000,0.00000000,0.00923000,103.400,103.400,0,0,0.000,0.000,0,,0
N130206_N130267_1,,N130206,N130267,,69.000,0.00000000,0.00597000,109.900,109.900,0,0,0.000,0.000,0,,0
N130207_N130231_1,,N130207,N130231,,69.000,0.00000000,0.01204000,127.600,127.600,0,0,0.000,0.000,0,,0
N130260_N130207_1,,N130260,N130207,,69.000,0.00000000,0.01467000,158.000,158.000,0,0,0.000,0.000,0,,0
N130208_N130228_1,,N130208,N130228,,69.000,0.00000000,0.03580000,151.400,151.400,0,0,0.000,0.000,0,,0
N130237_N130208_1,,N130237,N130208,,69.000,0.00000000,0.01434000,119.800,119.800,0,0,0.000,0.000,0,,0
N130238_N130208_1,,N130238,N130208,,69.000,0.00000000,0.01087000,141.400,141.400,0,0,0.000,0.000,0,,0
N130208_N130246_1,,N130208,N130246,,69.000,0.00000000,0.05784000,169.500,169.500,0,0,0.000,0.000,0,,0
N130208_N130249_1,,N130208,N130249,,69.000,0.00000000,0.00989000,151.500,151.500,0,0,0.000,0.000,0,,0
N130209_N130219_1,,N130209,N130219,,69.000,0.00000000,0.04267000,86.300,86.300,0,0,0.000,0.000,0,,0
N130210_N130261_1,,N130210,N130261,,69.000,0.00000000,0.00507000,105.200,105.200,0,0,0.000,0.000,0,,0
N130211_N130263_1,,N130211,N130263,,69.000,0.00000000,0.00730000,92.200,92.200,0,0,0.000,0.000,0,,0
N130218_N130212_1,,N130218,N130212,,69.000,0.00000000,0.02141000,83.500,83.500,0,0,0.000,0.000,0,,0
N130212_N130252_1,,N130212,N130252,,69.000,0.00000000,0.01614000,81.400,81.400,0,0,0.000,0.000,0,,0
N130224_N130213_1,,N130224,N130213,,69.000,0.00000000,0.00869000,94.600,94.600,0,0,0.000,0.000,0,,0
N130213_N130228_1,,N130213,N130228,,69.000,0.00000000,0.02248000,142.700,142.700,0,0,0.000,0.000,0,,0
N130213_N130262_1,,N130213,N130262,,69.000,0.00000000,0.00940000,143.000,143.000,0,0,0.000,0.000,0,,0
N130214_N130215_1,,N130214,N130215,,69.000,0.00000000,0.00467000,175.500,175.500,0,0,0.000,0.000,0,,0
N130235_N130214_1,,N130235,N130214,,69.000,0.00000000,0.01037000,173.800,173.800,0,0,0.000,0.000,0,,0
N130215_N130234_1,,N130215,N130234,,69.000,0.00000000,0.00570000,175.900,175.900,0,0,0.000,0.000,0,,0
N130217_N130245_1,,N130217,N130245,,69.000,0.00000000,0.02131000,127.700,127.700,0,0,0.000,0.000,0,,0
N130217_N130259_1,,N130217,N130259,,69.000,0.00000000,0.00524000,154.800,154.800,0,0,0.000,0.000,0,,0
N130217_N130259_2,,N130217,N130259,,69.000,0.00000000,0.00524000,154.800,154.800,0,0,0.000,0.000,0,,0
N130217_N130266_1,,N130217,N130266,,69.000,0.00000000,0.00329000,149.200,149.200,0,0,0.000,0.000,0,,0
N130217_N130266_2,,N130217,N130266,,69.000,0.00000000,0.00329000,149.200,149.200,0,0,0.000,0.000,0,,0
N130218_N130251_1,,N130218,N130251,,69.000,0.00000000,0.00635000,89.800,89.800,0,0,0.000,0.000,0,,0
N130218_N130253_1,,N130218,N130253,,69.000,0.00000000,0.02556000,112.700,112.700,0,0,0.000,0.000,0,,0
N130264_N130218_1,,N130264,N130218,,69.000,0.00000000,0.00635000,91.500,91.500,0,0,0.000,0.000,0,,0
N130219_N130223_1,,N130219,N130223,,69.000,0.00000000,0.06728000,81.200,81.200,0,0,0.000,0.000,0,,0
N130219_N130231_1,,N130219,N130231,,69.000,0.00000000,0.03299000,118.900,118.900,0,0,0.000,0.000,0,,0
N130219_N130247_1,,N130219,N130247,,69.000,0.00000000,0.04046000,87.200,87.200,0,0,0.000,0.000,0,,0
N130220_N130323_1,,N130220,N130323,,138.000,0.00000000,0.02035000,275.600,275.600,0,0,0.000,0.000,0,,0
N130221_N130269_1,,N130221,N130269,,69.000,0.00000000,0.00480000,121.600,121.600,0,0,0.000,0.000,0,,0
N130256_N130222_1,,N130256,N130222,,69.000,0.00000000,0.01578000,109.600,109.600,0,0,0.000,0.000,0,,0
N130222_N130263_1,,N130222,N130263,,69.000,0.00000000,0.05644000,96.900,96.900,0,0,0.000,0.000,0,,0
N130223_N130261_1,,N130223,N130261,,69.000,0.00000000,0.06080000,73.200,73.200,0,0,0.000,0.000,0,,0
N130233_N130224_1,,N130233,N130224,,69.000,0.00000000,0.01119000,93.200,93.200,0,0,0.000,0.000,0,,0
N130225_N130269_1,,N130225,N130269,,69.000,0.00000000,0.01974000,91.400,91.400,0,0,0.000,0.000,0,,0
N130228_N130226_1,,N130228,N130226,,69.000,0.00000000,0.00999000,140.600,140.600,0,0,0.000,0.000,0,,0
N130226_N130241_1,,N130226,N130241,,69.000,0.00000000,0.01330000,139.600,139.600,0,0,0.000,0.000,0,,0
N130258_N130227_1,,N130258,N130227,,138.000,0.00000000,0.01394000,266.800,266.800,0,0,0.000,0.000,0,,0
N130227_N130323_1,,N130227,N130323,,138.000,0.00000000,0.02753000,278.400,278.400,0,0,0.000,0.000,0,,0
N130227_N260120_1,,N130227,N260120,,138.000,0.00000000,0.01653000,436.400,436.400,0,0,0.000,0.000,0,,0
N130227_N260120_2,,N130227,N260120,,138.000,0.00000000,0.01653000,436.400,436.400,0,0,0.000,0.000,0,,0
N130229_N130241_1,,N130229,N130241,,69.000,0.00000000,0.00972000,109.700,109.700,0,0,0.000,0.000,0,,0
N130229_N260127_1,,N130229,N260127,,69.000,0.00000000,0.08774000,110.700,110.700,0,0,0.000,0.000,0,,0
N130230_N130235_1,,N130230,N130235,,69.000,0.00000000,0.00629000,124.300,124.300,0,0,0.000,0.000,0,,0
N130230_N130241_1,,N130230,N130241,,69.000,0.00000000,0.01895000,144.700,144.700,0,0,0.000,0.000,0,,0
N130249_N130230_1,,N130249,N130230,,69.000,0.00000000,0.02154000,158.900,158.900,0,0,0.000,0.000,0,,0
N130231_N130267_1,,N130231,N130267,,69.000,0.00000000,0.01917000,137.700,137.700,0,0,0.000,0.000,0,,0
N130232_N130244_1,,N130232,N130244,,69.000,0.00000000,0.00936000,98.100,98.100,0,0,0.000,0.000,0,,0
N130232_N130270_1,,N130232,N130270,,69.000,0.00000000,0.01031000,101.600,101.600,0,0,0.000,0.000,0,,0
N130241_N130233_1,,N130241,N130233,,69.000,0.00000000,0.00569000,92.200,92.200,0,0,0.000,0.000,0,,0
N130233_N130257_1,,N130233,N130257,,69.000,0.00000000,0.00875000,95.500,95.500,0,0,0.000,0.000,0,,0
N130234_N130257_1,,N130234,N130257,,69.000,0.00000000,0.01858000,100.000,100.000,0,0,0.000,0.000,0,,0
N130235_N130265_1,,N130235,N130265,,69.000,0.00000000,0.01038000,87.200,87.200,0,0,0.000,0.000,0,,0
N130235_N260125_1,,N130235,N260125,,69.000,0.00000000,0.04719000,110.000,110.000,0,0,0.000,0.000,0,,0
N130265_N130236_1,,N130265,N130236,,69.000,0.00000000,0.01120000,121.100,121.100,0,0,0.000,0.000,0,,0
N130236_N260121_1,,N130236,N260121,,69.000,0.00000000,0.03763000,121.600,121.600,0,0,0.000,0.000,0,,0
N130237_N260070_1,,N130237,N260070,,69.000,0.00000000,0.08357000,120.500,120.500,0,0,0.000,0.000,0,,0
N130238_N130249_1,,N130238,N130249,,69.000,0.00000000,0.01150000,109.100,109.100,0,0,0.000,0.000,0,,0
N130238_N260121_1,,N130238,N260121,,69.000,0.00000000,0.03070000,127.100,127.100,0,0,0.000,0.000,0,,0
N130255_N130239_1,,N130255,N130239,,69.000,0.00000000,0.01015000,100.100,100.100,0,0,0.000,0.000,0,,0
N130240_N130256_1,,N130240,N130256,,69.000,0.00000000,0.01337000,110.000,110.000,0,0,0.000,0.000,0,,0
N130240_N130268_1,,N130240,N130268,,69.000,0.00000000,0.00933000,112.300,112.300,0,0,0.000,0.000,0,,0
N130241_N130262_1,,N130241,N130262,,69.000,0.00000000,0.00902000,147.100,147.100,0,0,0.000,0.000,0,,0
N130241_N130265_1,,N130241,N130265,,69.000,0.00000000,0.02238000,130.700,130.700,0,0,0.000,0.000,0,,0
N130242_N130243_1,,N130242,N130243,,69.000,0.00000000,0.01443000,98.000,98.000,0,0,0.000,0.000,0,,0
N130242_N130267_1,,N130242,N130267,,69.000,0.00000000,0.01267000,102.400,102.400,0,0,0.000,0.000,0,,0
N130243_N130245_1,,N130243,N130245,,69.000,0.00000000,0.03712000,123.600,123.600,0,0,0.000,0.000,0,,0
N130243_N130250_1,,N130243,N130250,,69.000,0.00000000,0.02118000,107.200,107.200,0,0,0.000,0.000,0,,0
N130244_N130264_1,,N130244,N130264,,69.000,0.00000000,0.04503000,94.700,94.700,0,0,0.000,0.000,0,,0
N130246_N130248_1,,N130246,N130248,,69.000,0.00000000,0.01579000,100.000,100.000,0,0,0.000,0.000,0,,0
N130250_N130251_1,,N130250,N130251,,69.000,0.00000000,0.01443000,91.500,91.500,0,0,0.000,0.000,0,,0
N130253_N130261_1,,N130253,N130261,,69.000,0.00000000,0.04894000,105.400,105.400,0,0,0.000,0.000,0,,0
N130255_N130266_1,,N130255,N130266,,69.000,0.00000000,0.01472000,115.200,115.200,0,0,0.000,0.000,0,,0
N130258_N130324_1,,N130258,N130324,,138.000,0.00000000,0.05558000,288.100,288.100,0,0,0.000,0.000,0,,0
N130262_N130260_1,,N130262,N130260,,69.000,0.00000000,0.00441000,158.500,158.500,0,0,0.000,0.000,0,,0
N130267_N130266_1,,N130267,N130266,,69.000,0.00000000,0.00996000,126.800,126.800,0,0,0.000,0.000,0,,0
N130266_N130270_1,,N130266,N130270,,69.000,0.00000000,0.01019000,101.700,101.700,0,0,0.000,0.000,0,,0
N130268_N130269_1,,N130268,N130269,,69.000,0.00000000,0.00746000,113.800,113.800,0,0,0.000,0.000,0,,0
N130293_N130271_1,,N130293,N130271,,138.000,0.00000000,0.01244000,335.100,335.100,0,0,0.000,0.000,0,,0
N130293_N130271_2,,N130293,N130271,,138.000,0.00000000,0.01244000,335.100,335.100,0,0,0.000,0.000,0,,0
N130272_N130273_1,,N130272,N130273,,69.000,0.00000000,0.02424000,144.000,144.000,0,0,0.000,0.000,0,,0
N130277_N130272_1,,N130277,N130272,,69.000,0.00000000,0.01716000,194.000,194.000,0,0,0.000,0.000,0,,0
N130277_N130272_2,,N130277,N130272,,69.000,0.00000000,0.01716000,194.000,194.000,0,0,0.000,0.000,0,,0
N130273_N130279_1,,N130273,N130279,,69.000,0.00000000,0.01400000,167.800,167.800,0,0,0.000,0.000,0,,0
N130273_N130279_2,,N130273,N130279,,69.000,0.00000000,0.01400000,167.800,167.800,0,0,0.000,0.000,0,,0
N130292_N130273_1,,N130292,N130273,,69.000,0.00000000,0.00524000,172.000,172.000,0,0,0.000,0.000,0,,0
N130292_N130273_2,,N130292,N130273,,69.000,0.00000000,0.00524000,172.000,172.000,0,0,0.000,0.000,0,,0
N130274_N130275_1,,N130274,N130275,,69.000,0.00000000,0.02075000,143.600,143.600,0,0,0.000,0.000,0,,0
N130274_N130285_1,,N130274,N130285,,69.000,0.00000000,0.02665000,138.200,138.200,0,0,0.000,0.000,0,,0
N130298_N130275_1,,N130298,N130275,,69.000,0.00000000,0.01134000,149.100,149.100,0,0,0.000,0.000,0,,0
N130298_N130275_2,,N130298,N130275,,69.000,0.00000000,0.01134000,149.100,149.100,0,0,0.000,0.000,0,,0
N130276_N130284_1,,N130276,N130284,,69.000,0.00000000,0.02280000,125.300,125.300,0,0,0.000,0.000,0,,0
N130276_N170303_1,,N130276,N170303,,69.000,0.00000000,0.08523000,129.700,129.700,0,0,0.000,0.000,0,,0
N130277_N130283_1,,N130277,N130283,,69.000,0.00000000,0.04842000,164.000,164.000,0,0,0.000,0.000,0,,0
N130277_N130283_2,,N130277,N130283,,69.000,0.00000000,0.04842000,164.000,164.000,0,0,0.000,0.000,0,,0
N130299_N130277_1,,N130299,N130277,,69.000,0.00000000,0.02121000,139.200,139.200,0,0,0.000,0.000,0,,0
N130298_N130278_1,,N130298,N130278,,69.000,0.00000000,0.01700000,137.400,137.400,0,0,0.000,0.000,0,,0
N130278_N130302_1,,N130278,N130302,,69.000,0.00000000,0.07904000,126.500,126.500,0,0,0.000,0.000,0,,0
N130279_N130294_1,,N130279,N130294,,69.000,0.00000000,0.01155000,113.100,113.100,0,0,0.000,0.000,0,,0
N130280_N130297_1,,N130280,N130297,,138.000,0.00000000,0.00649000,330.000,330.000,0,0,0.000,0.000,0,,0
N130280_N130297_2,,N130280,N130297,,138.000,0.00000000,0.00649000,330.000,330.000,0,0,0.000,0.000,0,,0
N130281_N130282_1,,N130281,N130282,,69.000,0.00000000,0.03056000,162.400,162.400,0,0,0.000,0.000,0,,0
N130281_N130289_1,,N130281,N130289,,69.000,0.00000000,0.02703000,133.400,133.400,0,0,0.000,0.000,0,,0
N130300_N130281_1,,N130300,N130281,,69.000,0.00000000,0.01611000,167.400,167.400,0,0,0.000,0.000,0,,0
N130300_N130281_2,,N130300,N130281,,69.000,0.00000000,0.01611000,167.400,167.400,0,0,0.000,0.000,0,,0
N130282_N130299_1,,N130282,N130299,,69.000,0.00000000,0.02079000,130.900,130.900,0,0,0.000,0.000,0,,0
N130300_N130282_1,,N130300,N130282,,69.000,0.00000000,0.01657000,165.500,165.500,0,0,0.000,0.000,0,,0
N130300_N130282_2,,N130300,N130282,,69.000,0.00000000,0.01657000,165.500,165.500,0,0,0.000,0.000,0,,0
N130284_N130283_1,,N130284,N130283,,69.000,0.00000000,0.01943000,159.300,159.300,0,0,0.000,0.000,0,,0
N130284_N130283_2,,N130284,N130283,,69.000,0.00000000,0.01943000,159.300,159.300,0,0,0.000,0.000,0,,0
N130284_N170336_1,,N130284,N170336,,69.000,0.00000000,0.02481000,139.700,139.700,0,0,0.000,0.000,0,,0
N130285_N130301_1,,N130285,N130301,,69.000,0.00000000,0.02329000,132.500,132.500,0,0,0.000,0.000,0,,0
N130293_N130286_1,,N130293,N130286,,138.000,0.00000000,0.01337000,268.100,268.100,0,0,0.000,0.000,0,,0
N130302_N130287_1,,N130302,N130287,,69.000,0.00000000,0.01964000,126.700,126.700,0,0,0.000,0.000,0,,0
N130287_N170279_1,,N130287,N170279,,69.000,0.00000000,0.04861000,122.300,122.300,0,0,0.000,0.000,0,,0
N130288_N130301_1,,N130288,N130301,,69.000,0.00000000,0.02444000,136.700,136.700,0,0,0.000,0.000,0,,0
N130302_N130289_1,,N130302,N130289,,69.000,0.00000000,0.01417000,140.900,140.900,0,0,0.000,0.000,0,,0
N130290_N170421_1,,N130290,N170421,,69.000,0.00000000,0.01582000,90.700,90.700,0,0,0.000,0.000,0,,0
N130292_N130291_1,,N130292,N130291,,69.000,0.00000000,0.03508000,177.300,177.300,0,0,0.000,0.000,0,,0
N130292_N130291_2,,N130292,N130291,,69.000,0.00000000,0.03508000,177.300,177.300,0,0,0.000,0.000,0,,0
N130297_N170321_1,,N130297,N170321,,138.000,0.00000000,0.03984000,285.600,285.600,0,0,0.000,0.000,0,,0
N130303_N130333_1,,N130303,N130333,,138.000,0.00000000,0.01281000,377.600,377.600,0,0,0.000,0.000,0,,0
N130303_N130368_1,,N130303,N130368,,138.000,0.00000000,0.00628000,289.500,289.500,0,0,0.000,0.000,0,,0
N130307_N130304_1,,N130307,N130304,,138.000,0.00000000,0.00497000,271.600,271.600,0,0,0.000,0.000,0,,0
N130311_N130305_1,,N130311,N130305,,138.000,0.00000000,0.00497000,399.400,399.400,0,0,0.000,0.000,0,,0
N130305_N130316_1,,N130305,N130316,,138.000,0.00000000,0.01063000,274.600,274.600,0,0,0.000,0.000,0,,0
N130306_N130332_1,,N130306,N130332,,138.000,0.00000000,0.01320000,298.000,298.000,0,0,0.000,0.000,0,,0
N130306_N130332_2,,N130306,N130332,,138.000,0.00000000,0.01320000,298.000,298.000,0,0,0.000,0.000,0,,0
N130306_N130343_1,,N130306,N130343,,138.000,0.00000000,0.02709000,296.900,296.900,0,0,0.000,0.000,0,,0
N130306_N130343_2,,N130306,N130343,,138.000,0.00000000,0.02709000,296.900,296.900,0,0,0.000,0.000,0,,0
N130330_N130307_1,,N130330,N130307,,138.000,0.00000000,0.00839000,289.100,289.100,0,0,0.000,0.000,0,,0
N130308_N130324_1,,N130308,N130324,,138.000,0.00000000,0.00983000,289.100,289.100,0,0,0.000,0.000,0,,0
N130308_N130328_1,,N130308,N130328,,138.000,0.00000000,0.00292000,304.000,304.000,0,0,0.000,0.000,0,,0
N130308_N130328_2,,N130308,N130328,,138.000,0.00000000,0.00292000,304.000,304.000,0,0,0.000,0.000,0,,0
N260015_N130308_1,,N260015,N130308,,138.000,0.00000000,0.01483000,289.500,289.500,0,0,0.000,0.000,0,,0
N130309_N130330_1,,N130309,N130330,,138.000,0.00000000,0.00698000,301.200,301.200,0,0,0.000,0.000,0,,0
N130309_N130330_2,,N130309,N130330,,138.000,0.00000000,0.00698000,301.200,301.200,0,0,0.000,0.000,0,,0
N130332_N130309_1,,N130332,N130309,,138.000,0.00000000,0.00503000,288.900,288.900,0,0,0.000,0.000,0,,0
N130309_N260198_1,,N130309,N260198,,138.000,0.00000000,0.03228000,249.800,249.800,0,0,0.000,0.000,0,,0
N130354_N130310_1,,N130354,N130310,,345.000,0.00000000,0.01226000,1067.600,1067.600,0,1,0.000,0.000,0,,0
N230242_N130310_1,,N230242,N130310,,345.000,0.00000000,0.03000000,1783.500,1783.500,0,1,0.000,0.000,0,,0
N130310_N250366_1,,N130310,N250366,,345.000,0.00000000,0.01410000,1231.300,1231.300,0,1,0.000,0.000,0,,0
N130319_N130311_1,,N130319,N130311,,138.000,0.00000000,0.00500000,351.800,351.800,0,0,0.000,0.000,0,,0
N130314_N130312_1,,N130314,N130312,,138.000,0.00000000,0.01124000,289.800,289.800,0,0,0.000,0.000,0,,0
N130331_N130312_1,,N130331,N130312,,138.000,0.00000000,0.01520000,302.100,302.100,0,0,0.000,0.000,0,,0
N130331_N130312_2,,N130331,N130312,,138.000,0.00000000,0.01520000,302.100,302.100,0,0,0.000,0.000,0,,0
N130312_N130333_1,,N130312,N130333,,138.000,0.00000000,0.01059000,297.500,297.500,0,0,0.000,0.000,0,,0
N130312_N130333_2,,N130312,N130333,,138.000,0.00000000,0.01059000,297.500,297.500,0,0,0.000,0.000,0,,0
N130328_N130314_1,,N130328,N130314,,138.000,0.00000000,0.01865000,292.400,292.400,0,0,0.000,0.000,0,,0
N130315_N130319_1,,N130315,N130319,,138.000,0.00000000,0.00690000,303.000,303.000,0,0,0.000,0.000,0,,0
N130317_N130318_1,,N130317,N130318,,138.000,0.00000000,0.03801000,344.400,344.400,0,0,0.000,0.000,0,,0
N130317_N130318_2,,N130317,N130318,,138.000,0.00000000,0.03801000,344.400,344.400,0,0,0.000,0.000,0,,0
N130322_N130317_1,,N130322,N130317,,138.000,0.00000000,0.01341000,321.100,321.100,0,0,0.000,0.000,0,,0
N130317_N260016_1,,N130317,N260016,,138.000,0.00000000,0.09010000,328.200,328.200,0,0,0.000,0.000,0,,0
N130318_N130322_1,,N130318,N130322,,138.000,0.00000000,0.05904000,332.000,332.000,0,0,0.000,0.000,0,,0
N130318_N130322_2,,N130318,N130322,,138.000,0.00000000,0.05904000,332.000,332.000,0,0,0.000,0.000,0,,0
N130318_N260016_1,,N130318,N260016,,138.000,0.00000000,0.04017000,317.900,317.900,0,0,0.000,0.000,0,,0
N130318_N260019_1,,N130318,N260019,,138.000,0.00000000,0.05986000,324.800,324.800,0,0,0.000,0.000,0,,0
N260192_N130318_1,,N260192,N130318,,138.000,0.00000000,0.01357000,323.700,323.700,0,0,0.000,0.000,0,,0
N260192_N130318_2,,N260192,N130318,,138.000,0.00000000,0.01357000,323.700,323.700,0,0,0.000,0.000,0,,0
N130331_N130320_1,,N130331,N130320,,138.000,0.00000000,0.01150000,300.600,300.600,0,0,0.000,0.000,0,,0
N130331_N130320_2,,N130331,N130320,,138.000,0.00000000,0.01150000,300.600,300.600,0,0,0.000,0.000,0,,0
N130320_N260044_1,,N130320,N260044,,138.000,0.00000000,0.04263000,299.200,299.200,0,0,0.000,0.000,0,,0
N130320_N260044_2,,N130320,N260044,,138.000,0.00000000,0.04263000,299.200,299.200,0,0,0.000,0.000,0,,0
N260015_N130321_1,,N260015,N130321,,138.000,0.00000000,0.01839000,262.700,262.700,0,0,0.000,0.000,0,,0
N130321_N260084_1,,N130321,N260084,,138.000,0.00000000,0.05341000,258.300,258.300,0,0,0.000,0.000,0,,0
N130327_N130354_1,,N130327,N130354,,345.000,0.00000000,0.00709000,1115.400,1115.400,0,1,0.000,0.000,0,,0
N260119_N130327_1,,N260119,N130327,,345.000,0.00000000,0.00830000,1196.800,1196.800,0,1,0.000,0.000,0,,0
N260206_N130327_1,,N260206,N130327,,345.000,0.00000000,0.00739000,1290.700,1290.700,0,1,0.000,0.000,0,,0
N130328_N130333_1,,N130328,N130333,,138.000,0.00000000,0.01296000,288.900,288.900,0,0,0.000,0.000,0,,0
N130329_N250352_1,,N130329,N250352,,345.000,0.00000000,0.03000000,1400.000,1400.000,0,1,0.000,0.000,0,,0
N130329_N260206_1,,N130329,N260206,,345.000,0.00000000,0.01266000,1229.000,1229.000,0,1,0.000,0.000,0,,0
N130332_N130330_1,,N130332,N130330,,138.000,0.00000000,0.00879000,301.100,301.100,0,0,0.000,0.000,0,,0
N130332_N130330_2,,N130332,N130330,,138.000,0.00000000,0.00879000,301.100,301.100,0,0,0.000,0.000,0,,0
N230243_N130334_1,,N230243,N130334,,138.000,0.00000000,0.04284000,302.800,302.800,0,0,0.000,0.000,0,,0
N130335_N260018_1,,N130335,N260018,,138.000,0.00000000,0.01504000,257.400,257.400,0,0,0.000,0.000,0,,0
N130335_N260188_1,,N130335,N260188,,138.000,0.00000000,0.02630000,256.600,256.600,0,0,0.000,0.000,0,,0
N130338_N130340_1,,N130338,N130340,,138.000,0.00000000,0.03798000,258.900,258.900,0,0,0.000,0.000,0,,0
N130342_N130338_1,,N130342,N130338,,138.000,0.00000000,0.01215000,325.500,325.500,0,0,0.000,0.000,0,,0
N130338_N130344_1,,N130338,N130344,,138.000,0.00000000,0.04521000,265.000,265.000,0,0,0.000,0.000,0,,0
N130338_N130358_1,,N130338,N130358,,138.000,0.00000000,0.00551000,307.300,307.300,0,0,0.000,0.000,0,,0
N130338_N130358_2,,N130338,N130358,,138.000,0.00000000,0.00551000,307.300,307.300,0,0,0.000,0.000,0,,0
N130344_N130339_1,,N130344,N130339,,138.000,0.00000000,0.01047000,288.600,288.600,0,0,0.000,0.000,0,,0
N130339_N130345_1,,N130339,N130345,,138.000,0.00000000,0.00530000,245.900,245.900,0,0,0.000,0.000,0,,0
N130341_N170034_1,,N130341,N170034,,138.000,0.00000000,0.03472000,244.200,244.200,0,0,0.000,0.000,0,,0
N130341_N170514_1,,N130341,N170514,,138.000,0.00000000,0.02620000,255.500,255.500,0,0,0.000,0.000,0,,0
N130342_N130343_1,,N130342,N130343,,138.000,0.00000000,0.04416000,304.900,304.900,0,0,0.000,0.000,0,,0
N130345_N170032_1,,N130345,N170032,,138.000,0.00000000,0.01690000,246.100,246.100,0,0,0.000,0.000,0,,0
N130346_N130349_1,,N130346,N130349,,138.000,0.00000000,0.04252000,282.500,282.500,0,0,0.000,0.000,0,,0
N130346_N130368_1,,N130346,N130368,,138.000,0.00000000,0.05859000,333.000,333.000,0,0,0.000,0.000,0,,0
N130346_N250326_1,,N130346,N250326,,138.000,0.00000000,0.02478000,319.100,319.100,0,0,0.000,0.000,0,,0
N130347_N130348_1,,N130347,N130348,,138.000,0.00000000,0.00602000,302.200,302.200,0,0,0.000,0.000,0,,0
N130348_N250316_1,,N130348,N250316,,138.000,0.00000000,0.01072000,297.300,297.300,0,0,0.000,0.000,0,,0
N130349_N250324_1,,N130349,N250324,,138.000,0.00000000,0.01711000,269.500,269.500,0,0,0.000,0.000,0,,0
N170517_N130350_1,,N170517,N130350,,345.000,0.00000000,0.01268000,1258.500,1258.500,0,1,0.000,0.000,0,,0
N130350_N260105_1,,N130350,N260105,,345.000,0.00000000,0.01030000,1283.200,1283.200,0,1,0.000,0.000,0,,0
N130350_N260119_1,,N130350,N260119,,345.000,0.00000000,0.00480000,1914.000,1914.000,0,1,0.000,0.000,0,,0
N130367_N130357_1,,N130367,N130357,,345.000,0.00000000,0.01130000,1335.600,1335.600,0,1,0.000,0.000,0,,0
N130367_N130357_2,,N130367,N130357,,345.000,0.00000000,0.01130000,1335.600,1335.600,0,1,0.000,0.000,0,,0
N130357_N170168_1,,N130357,N170168,,345.000,0.00000000,0.00849000,1213.200,1213.200,0,1,0.000,0.000,0,,0
N130357_N170512_1,,N130357,N170512,,345.000,0.00000000,0.00617000,1239.500,1239.500,0,1,0.000,0.000,0,,0
N130357_N170520_1,,N130357,N170520,,345.000,0.00000000,0.01256000,1150.800,1150.800,0,1,0.000,0.000,0,,0
N130357_N250233_1,,N130357,N250233,,345.000,0.00000000,0.03115000,1047.500,1047.500,0,1,0.000,0.000,0,,0
N170506_N130358_1,,N170506,N130358,,138.000,0.00000000,0.01033000,335.100,335.100,0,0,0.000,0.000,0,,0
N130367_N150341_1,,N130367,N150341,,345.000,0.00000000,0.01827000,1186.400,1186.400,0,1,0.000,0.000,0,,0
N130367_N150430_1,,N130367,N150430,,345.000,0.00000000,0.02013000,1092.300,1092.300,0,1,0.000,0.000,0,,0
N130367_N260119_1,,N130367,N260119,,345.000,0.00000000,0.00767000,1188.100,1188.100,0,1,0.000,0.000,0,,0
N130367_N260206_1,,N130367,N260206,,345.000,0.00000000,0.01333000,1263.000,1263.000,0,1,0.000,0.000,0,,0
N140002_N140001_1,,N140002,N140001,,138.000,0.00000000,0.01812000,283.300,283.300,0,0,0.000,0.000,0,,0
N140001_N270008_1,,N140001,N270008,,138.000,0.00000000,0.03459000,285.100,285.100,0,0,0.000,0.000,0,,0
N140005_N140002_1,,N140005,N140002,,138.000,0.00000000,0.03742000,295.000,295.000,0,0,0.000,0.000,0,,0
N140002_N140044_1,,N140002,N140044,,138.000,0.00000000,0.04098000,301.600,301.600,0,0,0.000,0.000,0,,0
N140003_N140324_1,,N140003,N140324,,138.000,0.00000000,0.01972000,289.700,289.700,0,0,0.000,0.000,0,,0
N140003_N270073_1,,N140003,N270073,,138.000,0.00000000,0.04193000,289.900,289.900,0,0,0.000,0.000,0,,0
N140004_N140101_1,,N140004,N140101,,138.000,0.00000000,0.04843000,308.100,308.100,0,0,0.000,0.000,0,,0
N140004_N270004_1,,N140004,N270004,,138.000,0.00000000,0.03571000,309.300,309.300,0,0,0.000,0.000,0,,0
N270007_N140005_1,,N270007,N140005,,138.000,0.00000000,0.04233000,240.800,240.800,0,0,0.000,0.000,0,,0
N140006_N140035_1,,N140006,N140035,,138.000,0.00000000,0.02817000,228.700,228.700,0,0,0.000,0.000,0,,0
N270040_N140006_1,,N270040,N140006,,138.000,0.00000000,0.02871000,228.100,228.100,0,0,0.000,0.000,0,,0
N140007_N140034_1,,N140007,N140034,,138.000,0.00000000,0.02416000,294.100,294.100,0,0,0.000,0.000,0,,0
N140007_N140040_1,,N140007,N140040,,138.000,0.00000000,0.00424000,284.500,284.500,0,0,0.000,0.000,0,,0
N140008_N140015_1,,N140008,N140015,,138.000,0.00000000,0.03750000,244.300,244.300,0,0,0.000,0.000,0,,0
N140008_N140155_1,,N140008,N140155,,138.000,0.00000000,0.02455000,221.500,221.500,0,0,0.000,0.000,0,,0
N140009_N140036_1,,N140009,N140036,,138.000,0.00000000,0.03400000,288.800,288.800,0,0,0.000,0.000,0,,0
N140009_N140038_1,,N140009,N140038,,138.000,0.00000000,0.01378000,277.700,277.700,0,0,0.000,0.000,0,,0
N140010_N140013_1,,N140010,N140013,,138.000,0.00000000,0.02993000,259.100,259.100,0,0,0.000,0.000,0,,0
N140010_N140028_1,,N140010,N140028,,138.000,0.00000000,0.03008000,255.400,255.400,0,0,0.000,0.000,0,,0
N140011_N140014_1,,N140011,N140014,,138.000,0.00000000,0.02121000,316.600,316.600,0,0,0.000,0.000,0,,0
N140029_N140011_1,,N140029,N140011,,138.000,0.00000000,0.01787000,314.200,314.200,0,0,0.000,0.000,0,,0
N140031_N140012_1,,N140031,N140012,,138.000,0.00000000,0.02251000,323.000,323.000,0,0,0.000,0.000,0,,0
N140012_N140376_1,,N140012,N140376,,138.000,0.00000000,0.00898000,321.100,321.100,0,0,0.000,0.000,0,,0
N140025_N140013_1,,N140025,N140013,,138.000,0.00000000,0.02410000,261.100,261.100,0,0,0.000,0.000,0,,0
N140025_N140014_1,,N140025,N140014,,138.000,0.00000000,0.01997000,309.700,309.700,0,0,0.000,0.000,0,,0
N140330_N140014_1,,N140330,N140014,,138.000,0.00000000,0.01545000,330.800,330.800,0,0,0.000,0.000,0,,0
N140015_N140039_1,,N140015,N140039,,138.000,0.00000000,0.00913000,250.000,250.000,0,0,0.000,0.000,0,,0
N140016_N140017_1,,N140016,N140017,,138.000,0.00000000,0.01321000,299.100,299.100,0,0,0.000,0.000,0,,0
N140016_N140031_1,,N140016,N140031,,138.000,0.00000000,0.01502000,302.400,302.400,0,0,0.000,0.000,0,,0
N140017_N140093_1,,N140017,N140093,,138.000,0.00000000,0.02458000,306.300,306.300,0,0,0.000,0.000,0,,0
N140017_N270065_1,,N140017,N270065,,138.000,0.00000000,0.10069000,259.800,259.800,0,0,0.000,0.000,0,,0
N140018_N140019_1,,N140018,N140019,,138.000,0.00000000,0.02562000,261.800,261.800,0,0,0.000,0.000,0,,0
N140018_N140030_1,,N140018,N140030,,138.000,0.00000000,0.03136000,267.100,267.100,0,0,0.000,0.000,0,,0
N140019_N140039_1,,N140019,N140039,,138.000,0.00000000,0.02433000,251.700,251.700,0,0,0.000,0.000,0,,0
N140019_N140224_1,,N140019,N140224,,138.000,0.00000000,0.07269000,282.400,282.400,0,0,0.000,0.000,0,,0
N140024_N140020_1,,N140024,N140020,,138.000,0.00000000,0.03256000,254.000,254.000,0,0,0.000,0.000,0,,0
N140020_N140031_1,,N140020,N140031,,138.000,0.00000000,0.03573000,302.000,302.000,0,0,0.000,0.000,0,,0
N140020_N140330_1,,N140020,N140330,,138.000,0.00000000,0.02659000,310.000,310.000,0,0,0.000,0.000,0,,0
N140021_N140027_1,,N140021,N140027,,138.000,0.00000000,0.01399000,289.100,289.100,0,0,0.000,0.000,0,,0
N140021_N140354_1,,N140021,N140354,,138.000,0.00000000,0.01867000,293.000,293.000,0,0,0.000,0.000,0,,0
N140022_N140023_1,,N140022,N140023,,138.000,0.00000000,0.03611000,285.700,285.700,0,0,0.000,0.000,0,,0
N140022_N140039_1,,N140022,N140039,,138.000,0.00000000,0.02632000,284.600,284.600,0,0,0.000,0.000,0,,0
N140023_N140040_1,,N140023,N140040,,138.000,0.00000000,0.02481000,271.500,271.500,0,0,0.000,0.000,0,,0
N270037_N140023_1,,N270037,N140023,,138.000,0.00000000,0.03716000,275.000,275.000,0,0,0.000,0.000,0,,0
N140024_N140026_1,,N140024,N140026,,138.000,0.00000000,0.07490000,251.800,251.800,0,0,0.000,0.000,0,,0
N140025_N140373_1,,N140025,N140373,,138.000,0.00000000,0.02159000,320.300,320.300,0,0,0.000,0.000,0,,0
N140040_N140026_1,,N140040,N140026,,138.000,0.00000000,0.00603000,250.300,250.300,0,0,0.000,0.000,0,,0
N140026_N230014_1,,N140026,N230014,,138.000,0.00000000,0.03152000,256.200,256.200,0,0,0.000,0.000,0,,0
N140027_N140037_1,,N140027,N140037,,138.000,0.00000000,0.02303000,288.200,288.200,0,0,0.000,0.000,0,,0
N140049_N140028_1,,N140049,N140028,,138.000,0.00000000,0.01057000,282.600,282.600,0,0,0.000,0.000,0,,0
N140028_N230013_1,,N140028,N230013,,138.000,0.00000000,0.03398000,248.900,248.900,0,0,0.000,0.000,0,,0
N140038_N140029_1,,N140038,N140029,,138.000,0.00000000,0.01926000,268.800,268.800,0,0,0.000,0.000,0,,0
N140167_N140029_1,,N140167,N140029,,138.000,0.00000000,0.01551000,303.300,303.300,0,0,0.000,0.000,0,,0
N140030_N270059_1,,N140030,N270059,,138.000,0.00000000,0.01859000,259.800,259.800,0,0,0.000,0.000,0,,0
N270064_N140030_1,,N270064,N140030,,138.000,0.00000000,0.01900000,254.600,254.600,0,0,0.000,0.000,0,,0
N140031_N140354_1,,N140031,N140354,,138.000,0.00000000,0.01551000,337.000,337.000,0,0,0.000,0.000,0,,0
N140031_N140354_2,,N140031,N140354,,138.000,0.00000000,0.01551000,337.000,337.000,0,0,0.000,0.000,0,,0
N140035_N140032_1,,N140035,N140032,,138.000,0.00000000,0.00886000,221.500,221.500,0,0,0.000,0.000,0,,0
N140032_N140373_1,,N140032,N140373,,138.000,0.00000000,0.05529000,285.000,285.000,0,0,0.000,0.000,0,,0
N140032_N230034_1,,N140032,N230034,,138.000,0.00000000,0.02877000,277.200,277.200,0,0,0.000,0.000,0,,0
N140036_N140033_1,,N140036,N140033,,138.000,0.00000000,0.01943000,289.600,289.600,0,0,0.000,0.000,0,,0
N140033_N140037_1,,N140033,N140037,,138.000,0.00000000,0.00928000,294.600,294.600,0,0,0.000,0.000,0,,0
N140034_N140037_1,,N140034,N140037,,138.000,0.00000000,0.03050000,307.800,307.800,0,0,0.000,0.000,0,,0
N140373_N140034_1,,N140373,N140034,,138.000,0.00000000,0.00477000,400.000,400.000,0,0,0.000,0.000,0,,0
N230075_N140037_1,,N230075,N140037,,138.000,0.00000000,0.02098000,260.100,260.100,0,0,0.000,0.000,0,,0
N140041_N230001_1,,N140041,N230001,,138.000,0.00000000,0.00634000,242.300,242.300,0,0,0.000,0.000,0,,0
N270038_N140041_1,,N270038,N140041,,138.000,0.00000000,0.02649000,226.800,226.800,0,0,0.000,0.000,0,,0
N140041_N270042_1,,N140041,N270042,,138.000,0.00000000,0.03758000,209.600,209.600,0,0,0.000,0.000,0,,0
N140042_N140297_1,,N140042,N140297,,138.000,0.00000000,0.00586000,267.200,267.200,0,0,0.000,0.000,0,,0
N140042_N210030_1,,N140042,N210030,,138.000,0.00000000,0.04604000,263.800,263.800,0,0,0.000,0.000,0,,0
N140043_N140045_1,,N140043,N140045,,138.000,0.00000000,0.01852000,286.700,286.700,0,0,0.000,0.000,0,,0
N210283_N140043_1,,N210283,N140043,,138.000,0.00000000,0.00950000,286.600,286.600,0,0,0.000,0.000,0,,0
N140044_N140046_1,,N140044,N140046,,138.000,0.00000000,0.01925000,300.200,300.200,0,0,0.000,0.000,0,,0
N140045_N140047_1,,N140045,N140047,,138.000,0.00000000,0.01503000,289.200,289.200,0,0,0.000,0.000,0,,0
N140045_N140300_1,,N140045,N140300,,138.000,0.00000000,0.00810000,269.600,269.600,0,0,0.000,0.000,0,,0
N140317_N140045_1,,N140317,N140045,,138.000,0.00000000,0.00889000,280.700,280.700,0,0,0.000,0.000,0,,0
N140299_N140046_1,,N140299,N140046,,138.000,0.00000000,0.00408000,297.500,297.500,0,0,0.000,0.000,0,,0
N140047_N140142_1,,N140047,N140142,,138.000,0.00000000,0.05444000,324.300,324.300,0,0,0.000,0.000,0,,0
N140047_N210028_1,,N140047,N210028,,138.000,0.00000000,0.03177000,290.800,290.800,0,0,0.000,0.000,0,,0
N140049_N140048_1,,N140049,N140048,,138.000,0.00000000,0.02555000,281.300,281.300,0,0,0.000,0.000,0,,0
N140048_N140302_1,,N140048,N140302,,138.000,0.00000000,0.02763000,279.300,279.300,0,0,0.000,0.000,0,,0
N140052_N140050_1,,N140052,N140050,,138.000,0.00000000,0.02772000,237.000,237.000,0,0,0.000,0.000,0,,0
N140050_N210121_1,,N140050,N210121,,138.000,0.00000000,0.03474000,249.200,249.200,0,0,0.000,0.000,0,,0
N140051_N140052_1,,N140051,N140052,,138.000,0.00000000,0.04259000,274.200,274.200,0,0,0.000,0.000,0,,0
N140301_N140051_1,,N140301,N140051,,138.000,0.00000000,0.01396000,245.500,245.500,0,0,0.000,0.000,0,,0
N140052_N270012_1,,N140052,N270012,,138.000,0.00000000,0.04284000,275.400,275.400,0,0,0.000,0.000,0,,0
N140053_N140057_1,,N140053,N140057,,69.000,0.00000000,0.02185000,120.700,120.700,0,0,0.000,0.000,0,,0
N140209_N140053_1,,N140209,N140053,,69.000,0.00000000,0.03154000,139.300,139.300,0,0,0.000,0.000,0,,0
N140053_N270100_1,,N140053,N270100,,69.000,0.00000000,0.04726000,130.300,130.300,0,0,0.000,0.000,0,,0
N140054_N140217_1,,N140054,N140217,,69.000,0.00000000,0.06126000,109.100,109.100,0,0,0.000,0.000,0,,0
N140054_N270105_1,,N140054,N270105,,69.000,0.00000000,0.10350000,112.100,112.100,0,0,0.000,0.000,0,,0
N140055_N140166_1,,N140055,N140166,,69.000,0.00000000,0.06725000,91.100,91.100,0,0,0.000,0.000,0,,0
N270105_N140055_1,,N270105,N140055,,69.000,0.00000000,0.11045000,92.300,92.300,0,0,0.000,0.000,0,,0
N140056_N270101_1,,N140056,N270101,,138.000,0.00000000,0.02110000,271.300,271.300,0,0,0.000,0.000,0,,0
N140062_N140058_1,,N140062,N140058,,69.000,0.00000000,0.02168000,116.400,116.400,0,0,0.000,0.000,0,,0
N140098_N140058_1,,N140098,N140058,,69.000,0.00000000,0.02605000,121.400,121.400,0,0,0.000,0.000,0,,0
N140059_N140081_1,,N140059,N140081,,69.000,0.00000000,0.03581000,127.600,127.600,0,0,0.000,0.000,0,,0
N140059_N140090_1,,N140059,N140090,,69.000,0.00000000,0.01728000,109.200,109.200,0,0,0.000,0.000,0,,0
N140061_N140060_1,,N140061,N140060,,69.000,0.00000000,0.01500000,111.900,111.900,0,0,0.000,0.000,0,,0
N140060_N140066_1,,N140060,N140066,,69.000,0.00000000,0.01222000,138.700,138.700,0,0,0.000,0.000,0,,0
N140061_N140066_1,,N140061,N140066,,69.000,0.00000000,0.01681000,139.500,139.500,0,0,0.000,0.000,0,,0
N140083_N140061_1,,N140083,N140061,,69.000,0.00000000,0.01023000,119.700,119.700,0,0,0.000,0.000,0,,0
N140062_N140090_1,,N140062,N140090,,69.000,0.00000000,0.01627000,134.900,134.900,0,0,0.000,0.000,0,,0
N140081_N140063_1,,N140081,N140063,,69.000,0.00000000,0.02195000,136.500,136.500,0,0,0.000,0.000,0,,0
N140063_N140086_1,,N140063,N140086,,69.000,0.00000000,0.02244000,96.100,96.100,0,0,0.000,0.000,0,,0
N140088_N140063_1,,N140088,N140063,,69.000,0.00000000,0.01459000,132.400,132.400,0,0,0.000,0.000,0,,0
N140064_N140199_1,,N140064,N140199,,138.000,0.00000000,0.00925000,329.400,329.400,0,0,0.000,0.000,0,,0
N140349_N140064_1,,N140349,N140064,,138.000,0.00000000,0.00793000,295.500,295.500,0,0,0.000,0.000,0,,0
N140065_N140380_1,,N140065,N140380,,69.000,0.00000000,0.01433000,145.700,145.700,0,0,0.000,0.000,0,,0
N140066_N140067_1,,N140066,N140067,,69.000,0.00000000,0.01844000,139.100,139.100,0,0,0.000,0.000,0,,0
N140066_N140382_1,,N140066,N140382,,69.000,0.00000000,0.01126000,198.000,198.000,0,0,0.000,0.000,0,,0
N140067_N140128_1,,N140067,N140128,,69.000,0.00000000,0.02389000,157.100,157.100,0,0,0.000,0.000,0,,0
N140085_N140068_1,,N140085,N140068,,69.000,0.00000000,0.02320000,110.200,110.200,0,0,0.000,0.000,0,,0
N140068_N140129_1,,N140068,N140129,,69.000,0.00000000,0.01956000,129.900,129.900,0,0,0.000,0.000,0,,0
N140069_N140077_1,,N140069,N140077,,69.000,0.00000000,0.01301000,142.900,142.900,0,0,0.000,0.000,0,,0
N140069_N140094_1,,N140069,N140094,,69.000,0.00000000,0.01278000,152.800,152.800,0,0,0.000,0.000,0,,0
N140069_N140384_1,,N140069,N140384,,69.000,0.00000000,0.01736000,116.500,116.500,0,0,0.000,0.000,0,,0
N140074_N140070_1,,N140074,N140070,,138.000,0.00000000,0.00976000,289.000,289.000,0,0,0.000,0.000,0,,0
N140205_N140070_1,,N140205,N140070,,138.000,0.00000000,0.01629000,297.100,297.100,0,0,0.000,0.000,0,,0
N140071_N140198_1,,N140071,N140198,,69.000,0.00000000,0.03577000,120.400,120.400,0,0,0.000,0.000,0,,0
N140071_N140310_1,,N140071,N140310,,69.000,0.00000000,0.00802000,122.000,122.000,0,0,0.000,0.000,0,,0
N140142_N140074_1,,N140142,N140074,,138.000,0.00000000,0.01712000,325.800,325.800,0,0,0.000,0.000,0,,0
N140087_N140075_1,,N140087,N140075,,69.000,0.00000000,0.03669000,107.900,107.900,0,0,0.000,0.000,0,,0
N140139_N140075_1,,N140139,N140075,,69.000,0.00000000,0.02547000,119.600,119.600,0,0,0.000,0.000,0,,0
N140075_N140198_1,,N140075,N140198,,69.000,0.00000000,0.01855000,131.900,131.900,0,0,0.000,0.000,0,,0
N140076_N140094_1,,N140076,N140094,,69.000,0.00000000,0.05564000,137.900,137.900,0,0,0.000,0.000,0,,0
N140380_N140076_1,,N140380,N140076,,69.000,0.00000000,0.01472000,127.800,127.800,0,0,0.000,0.000,0,,0
N140077_N140082_1,,N140077,N140082,,69.000,0.00000000,0.01969000,97.600,97.600,0,0,0.000,0.000,0,,0
N140084_N140077_1,,N140084,N140077,,69.000,0.00000000,0.02211000,129.500,129.500,0,0,0.000,0.000,0,,0
N140077_N140092_1,,N140077,N140092,,69.000,0.00000000,0.01530000,148.200,148.200,0,0,0.000,0.000,0,,0
N140077_N140095_1,,N140077,N140095,,69.000,0.00000000,0.02596000,141.700,141.700,0,0,0.000,0.000,0,,0
N140078_N140096_1,,N140078,N140096,,138.000,0.00000000,0.01254000,309.200,309.200,0,0,0.000,0.000,0,,0
N140078_N140349_1,,N140078,N140349,,138.000,0.00000000,0.01210000,301.000,301.000,0,0,0.000,0.000,0,,0
N140085_N140079_1,,N140085,N140079,,69.000,0.00000000,0.01152000,116.200,116.200,0,0,0.000,0.000,0,,0
N140095_N140079_1,,N140095,N140079,,69.000,0.00000000,0.01153000,116.800,116.800,0,0,0.000,0.000,0,,0
N140364_N140079_1,,N140364,N140079,,69.000,0.00000000,0.01400000,133.600,133.600,0,0,0.000,0.000,0,,0
N140083_N140080_1,,N140083,N140080,,69.000,0.00000000,0.02456000,113.200,113.200,0,0,0.000,0.000,0,,0
N140310_N140080_1,,N140310,N140080,,69.000,0.00000000,0.01089000,131.500,131.500,0,0,0.000,0.000,0,,0
N140092_N140081_1,,N140092,N140081,,69.000,0.00000000,0.02039000,143.800,143.800,0,0,0.000,0.000,0,,0
N140212_N140081_1,,N140212,N140081,,69.000,0.00000000,0.00646000,150.000,150.000,0,0,0.000,0.000,0,,0
N140082_N140219_1,,N140082,N140219,,69.000,0.00000000,0.03445000,93.500,93.500,0,0,0.000,0.000,0,,0
N140162_N140084_1,,N140162,N140084,,69.000,0.00000000,0.04849000,135.600,135.600,0,0,0.000,0.000,0,,0
N140086_N140203_1,,N140086,N140203,,69.000,0.00000000,0.05119000,106.000,106.000,0,0,0.000,0.000,0,,0
N140087_N140154_1,,N140087,N140154,,69.000,0.00000000,0.01583000,116.300,116.300,0,0,0.000,0.000,0,,0
N140088_N140090_1,,N140088,N140090,,69.000,0.00000000,0.00983000,123.000,123.000,0,0,0.000,0.000,0,,0
N140349_N140089_1,,N140349,N140089,,138.000,0.00000000,0.00672000,288.000,288.000,0,0,0.000,0.000,0,,0
N140211_N140091_1,,N140211,N140091,,138.000,0.00000000,0.01054000,310.200,310.200,0,0,0.000,0.000,0,,0
N140091_N140224_1,,N140091,N140224,,138.000,0.00000000,0.00897000,280.100,280.100,0,0,0.000,0.000,0,,0
N140096_N140135_1,,N140096,N140135,,138.000,0.00000000,0.01362000,300.700,300.700,0,0,0.000,0.000,0,,0
N140096_N140146_1,,N140096,N140146,,138.000,0.00000000,0.01600000,289.800,289.800,0,0,0.000,0.000,0,,0
N140128_N140097_1,,N140128,N140097,,69.000,0.00000000,0.01759000,133.800,133.800,0,0,0.000,0.000,0,,0
N140097_N140154_1,,N140097,N140154,,69.000,0.00000000,0.01211000,140.300,140.300,0,0,0.000,0.000,0,,0
N140098_N140364_1,,N140098,N140364,,69.000,0.00000000,0.01227000,135.400,135.400,0,0,0.000,0.000,0,,0
N140108_N140099_1,,N140108,N140099,,69.000,0.00000000,0.02984000,87.900,87.900,0,0,0.000,0.000,0,,0
N140099_N140178_1,,N140099,N140178,,69.000,0.00000000,0.06535000,93.300,93.300,0,0,0.000,0.000,0,,0
N140106_N140100_1,,N140106,N140100,,69.000,0.00000000,0.05644000,104.700,104.700,0,0,0.000,0.000,0,,0
N140100_N140109_1,,N140100,N140109,,69.000,0.00000000,0.08685000,87.500,87.500,0,0,0.000,0.000,0,,0
N140100_N140112_1,,N140100,N140112,,69.000,0.00000000,0.04343000,87.000,87.000,0,0,0.000,0.000,0,,0
N140118_N140101_1,,N140118,N140101,,138.000,0.00000000,0.02660000,270.400,270.400,0,0,0.000,0.000,0,,0
N140111_N140102_1,,N140111,N140102,,69.000,0.00000000,0.03715000,101.300,101.300,0,0,0.000,0.000,0,,0
N140102_N140120_1,,N140102,N140120,,69.000,0.00000000,0.01462000,150.400,150.400,0,0,0.000,0.000,0,,0
N140102_N140234_1,,N140102,N140234,,69.000,0.00000000,0.02773000,146.200,146.200,0,0,0.000,0.000,0,,0
N140107_N140103_1,,N140107,N140103,,69.000,0.00000000,0.03665000,96.000,96.000,0,0,0.000,0.000,0,,0
N140103_N140112_1,,N140103,N140112,,69.000,0.00000000,0.02135000,135.900,135.900,0,0,0.000,0.000,0,,0
N140103_N140120_1,,N140103,N140120,,69.000,0.00000000,0.04394000,124.000,124.000,0,0,0.000,0.000,0,,0
N140104_N140107_1,,N140104,N140107,,69.000,0.00000000,0.09900000,77.200,77.200,0,0,0.000,0.000,0,,0
N140120_N140104_1,,N140120,N140104,,69.000,0.00000000,0.04425000,92.500,92.500,0,0,0.000,0.000,0,,0
N140105_N140115_1,,N140105,N140115,,69.000,0.00000000,0.05042000,78.100,78.100,0,0,0.000,0.000,0,,0
N140117_N140105_1,,N140117,N140105,,69.000,0.00000000,0.06203000,69.300,69.300,0,0,0.000,0.000,0,,0
N140106_N140108_1,,N140106,N140108,,69.000,0.00000000,0.02937000,88.800,88.800,0,0,0.000,0.000,0,,0
N140116_N140106_1,,N140116,N140106,,69.000,0.00000000,0.02474000,125.700,125.700,0,0,0.000,0.000,0,,0
N140107_N140114_1,,N140107,N140114,,69.000,0.00000000,0.03160000,80.900,80.900,0,0,0.000,0.000,0,,0
N140108_N140117_1,,N140108,N140117,,69.000,0.00000000,0.03947000,97.900,97.900,0,0,0.000,0.000,0,,0
N140109_N140117_1,,N140109,N140117,,69.000,0.00000000,0.07576000,101.900,101.900,0,0,0.000,0.000,0,,0
N140109_N140344_1,,N140109,N140344,,69.000,0.00000000,0.04345000,78.100,78.100,0,0,0.000,0.000,0,,0
N140110_N140111_1,,N140110,N140111,,69.000,0.00000000,0.02749000,104.800,104.800,0,0,0.000,0.000,0,,0
N140179_N140110_1,,N140179,N140110,,69.000,0.00000000,0.05778000,113.300,113.300,0,0,0.000,0.000,0,,0
N140119_N140112_1,,N140119,N140112,,69.000,0.00000000,0.04385000,153.200,153.200,0,0,0.000,0.000,0,,0
N140113_N140122_1,,N140113,N140122,,69.000,0.00000000,0.05873000,117.800,117.800,0,0,0.000,0.000,0,,0
N140113_N140136_1,,N140113,N140136,,69.000,0.00000000,0.04141000,101.300,101.300,0,0,0.000,0.000,0,,0
N140114_N140150_1,,N140114,N140150,,69.000,0.00000000,0.04151000,99.400,99.400,0,0,0.000,0.000,0,,0
N140114_N140344_1,,N140114,N140344,,69.000,0.00000000,0.01032000,78.000,78.000,0,0,0.000,0.000,0,,0
N140117_N140115_1,,N140117,N140115,,69.000,0.00000000,0.05223000,98.700,98.700,0,0,0.000,0.000,0,,0
N140115_N140119_1,,N140115,N140119,,69.000,0.00000000,0.04560000,115.800,115.800,0,0,0.000,0.000,0,,0
N140116_N140249_1,,N140116,N140249,,69.000,0.00000000,0.04440000,126.100,126.100,0,0,0.000,0.000,0,,0
N140118_N140299_1,,N140118,N140299,,138.000,0.00000000,0.03784000,294.800,294.800,0,0,0.000,0.000,0,,0
N140121_N140220_1,,N140121,N140220,,138.000,0.00000000,0.02045000,265.200,265.200,0,0,0.000,0.000,0,,0
N140179_N140122_1,,N140179,N140122,,69.000,0.00000000,0.03676000,99.300,99.300,0,0,0.000,0.000,0,,0
N140125_N140123_1,,N140125,N140123,,69.000,0.00000000,0.01749000,135.400,135.400,0,0,0.000,0.000,0,,0
N140123_N140133_1,,N140123,N140133,,69.000,0.00000000,0.01983000,121.100,121.100,0,0,0.000,0.000,0,,0
N140124_N140127_1,,N140124,N140127,,69.000,0.00000000,0.03266000,151.500,151.500,0,0,0.000,0.000,0,,0
N140141_N140124_1,,N140141,N140124,,69.000,0.00000000,0.01822000,156.500,156.500,0,0,0.000,0.000,0,,0
N140124_N140148_1,,N140124,N140148,,69.000,0.00000000,0.02691000,146.300,146.300,0,0,0.000,0.000,0,,0
N140125_N140131_1,,N140125,N140131,,69.000,0.00000000,0.03398000,151.800,151.800,0,0,0.000,0.000,0,,0
N140153_N140126_1,,N140153,N140126,,69.000,0.00000000,0.01499000,119.200,119.200,0,0,0.000,0.000,0,,0
N140154_N140126_1,,N140154,N140126,,69.000,0.00000000,0.01447000,126.200,126.200,0,0,0.000,0.000,0,,0
N140127_N140149_1,,N140127,N140149,,69.000,0.00000000,0.02769000,133.200,133.200,0,0,0.000,0.000,0,,0
N140152_N140128_1,,N140152,N140128,,69.000,0.00000000,0.01527000,128.200,128.200,0,0,0.000,0.000,0,,0
N140129_N140145_1,,N140129,N140145,,69.000,0.00000000,0.02376000,139.500,139.500,0,0,0.000,0.000,0,,0
N140152_N140129_1,,N140152,N140129,,69.000,0.00000000,0.00693000,122.800,122.800,0,0,0.000,0.000,0,,0
N140146_N140130_1,,N140146,N140130,,138.000,0.00000000,0.00934000,336.400,336.400,0,0,0.000,0.000,0,,0
N140130_N140186_1,,N140130,N140186,,138.000,0.00000000,0.02880000,324.100,324.100,0,0,0.000,0.000,0,,0
N140130_N140189_1,,N140130,N140189,,138.000,0.00000000,0.00654000,339.500,339.500,0,0,0.000,0.000,0,,0
N140130_N140189_2,,N140130,N140189,,138.000,0.00000000,0.00654000,339.500,339.500,0,0,0.000,0.000,0,,0
N140243_N140130_1,,N140243,N140130,,138.000,0.00000000,0.00976000,331.700,331.700,0,0,0.000,0.000,0,,0
N140131_N140141_1,,N140131,N140141,,69.000,0.00000000,0.02086000,161.500,161.500,0,0,0.000,0.000,0,,0
N140131_N140148_1,,N140131,N140148,,69.000,0.00000000,0.01164000,193.100,193.100,0,0,0.000,0.000,0,,0
N140131_N140148_2,,N140131,N140148,,69.000,0.00000000,0.01164000,193.100,193.100,0,0,0.000,0.000,0,,0
N140195_N140131_1,,N140195,N140131,,69.000,0.00000000,0.03044000,142.900,142.900,0,0,0.000,0.000,0,,0
N140132_N140140_1,,N140132,N140140,,69.000,0.00000000,0.02847000,118.700,118.700,0,0,0.000,0.000,0,,0
N140132_N140150_1,,N140132,N140150,,69.000,0.00000000,0.03135000,103.400,103.400,0,0,0.000,0.000,0,,0
N140133_N140140_1,,N140133,N140140,,69.000,0.00000000,0.01342000,128.700,128.700,0,0,0.000,0.000,0,,0
N140136_N140134_1,,N140136,N140134,,69.000,0.00000000,0.02166000,100.900,100.900,0,0,0.000,0.000,0,,0
N140154_N140134_1,,N140154,N140134,,69.000,0.00000000,0.01101000,121.400,121.400,0,0,0.000,0.000,0,,0
N140135_N140146_1,,N140135,N140146,,138.000,0.00000000,0.02200000,280.900,280.900,0,0,0.000,0.000,0,,0
N140135_N140324_1,,N140135,N140324,,138.000,0.00000000,0.02782000,325.600,325.600,0,0,0.000,0.000,0,,0
N140150_N140139_1,,N140150,N140139,,69.000,0.00000000,0.03997000,110.300,110.300,0,0,0.000,0.000,0,,0
N140140_N140147_1,,N140140,N140147,,69.000,0.00000000,0.01740000,157.700,157.700,0,0,0.000,0.000,0,,0
N140243_N140142_1,,N140243,N140142,,138.000,0.00000000,0.01577000,301.300,301.300,0,0,0.000,0.000,0,,0
N140142_N140247_1,,N140142,N140247,,138.000,0.00000000,0.02114000,289.700,289.700,0,0,0.000,0.000,0,,0
N140143_N140144_1,,N140143,N140144,,69.000,0.00000000,0.02053000,137.200,137.200,0,0,0.000,0.000,0,,0
N140144_N140149_1,,N140144,N140149,,69.000,0.00000000,0.03189000,127.300,127.300,0,0,0.000,0.000,0,,0
N140239_N140144_1,,N140239,N140144,,69.000,0.00000000,0.01580000,126.400,126.400,0,0,0.000,0.000,0,,0
N140145_N140148_1,,N140145,N140148,,69.000,0.00000000,0.02184000,141.600,141.600,0,0,0.000,0.000,0,,0
N140145_N140368_1,,N140145,N140368,,69.000,0.00000000,0.01565000,115.000,115.000,0,0,0.000,0.000,0,,0
N140151_N140146_1,,N140151,N140146,,138.000,0.00000000,0.01421000,278.400,278.400,0,0,0.000,0.000,0,,0
N140146_N140194_1,,N140146,N140194,,138.000,0.00000000,0.01467000,284.000,284.000,0,0,0.000,0.000,0,,0
N140148_N140147_1,,N140148,N140147,,69.000,0.00000000,0.01354000,168.000,168.000,0,0,0.000,0.000,0,,0
N140153_N140147_1,,N140153,N140147,,69.000,0.00000000,0.01381000,144.000,144.000,0,0,0.000,0.000,0,,0
N140156_N140163_1,,N140156,N140163,,69.000,0.00000000,0.05809000,91.300,91.300,0,0,0.000,0.000,0,,0
N140156_N140368_1,,N140156,N140368,,69.000,0.00000000,0.03342000,124.800,124.800,0,0,0.000,0.000,0,,0
N140160_N140159_1,,N140160,N140159,,69.000,0.00000000,0.05077000,105.500,105.500,0,0,0.000,0.000,0,,0
N140159_N140165_1,,N140159,N140165,,69.000,0.00000000,0.04720000,87.100,87.100,0,0,0.000,0.000,0,,0
N140160_N140168_1,,N140160,N140168,,69.000,0.00000000,0.00394000,148.400,148.400,0,0,0.000,0.000,0,,0
N140160_N140191_1,,N140160,N140191,,69.000,0.00000000,0.06444000,127.600,127.600,0,0,0.000,0.000,0,,0
N140161_N270064_1,,N140161,N270064,,138.000,0.00000000,0.02993000,277.300,277.300,0,0,0.000,0.000,0,,0
N140162_N140164_1,,N140162,N140164,,69.000,0.00000000,0.04481000,115.400,115.400,0,0,0.000,0.000,0,,0
N140162_N140166_1,,N140162,N140166,,69.000,0.00000000,0.03621000,83.000,83.000,0,0,0.000,0.000,0,,0
N140163_N140164_1,,N140163,N140164,,69.000,0.00000000,0.07830000,104.900,104.900,0,0,0.000,0.000,0,,0
N140164_N140165_1,,N140164,N140165,,69.000,0.00000000,0.06476000,89.000,89.000,0,0,0.000,0.000,0,,0
N140168_N140192_1,,N140168,N140192,,69.000,0.00000000,0.06903000,110.300,110.300,0,0,0.000,0.000,0,,0
N140168_N140197_1,,N140168,N140197,,69.000,0.00000000,0.07821000,134.800,134.800,0,0,0.000,0.000,0,,0
N140169_N140171_1,,N140169,N140171,,69.000,0.00000000,0.03491000,126.400,126.400,0,0,0.000,0.000,0,,0
N140175_N140169_1,,N140175,N140169,,69.000,0.00000000,0.04545000,111.400,111.400,0,0,0.000,0.000,0,,0
N270006_N140170_1,,N270006,N140170,,138.000,0.00000000,0.04844000,299.100,299.100,0,0,0.000,0.000,0,,0
N140180_N140171_1,,N140180,N140171,,69.000,0.00000000,0.07524000,123.800,123.800,0,0,0.000,0.000,0,,0
N140171_N270136_1,,N140171,N270136,,69.000,0.00000000,0.05380000,107.800,107.800,0,0,0.000,0.000,0,,0
N140171_N270138_1,,N140171,N270138,,69.000,0.00000000,0.05683000,101.600,101.600,0,0,0.000,0.000,0,,0
N140172_N140175_1,,N140172,N140175,,69.000,0.00000000,0.05491000,101.500,101.500,0,0,0.000,0.000,0,,0
N140172_N140177_1,,N140172,N140177,,69.000,0.00000000,0.03812000,115.000,115.000,0,0,0.000,0.000,0,,0
N140177_N140173_1,,N140177,N140173,,69.000,0.00000000,0.04645000,92.500,92.500,0,0,0.000,0.000,0,,0
N270139_N140173_1,,N270139,N140173,,69.000,0.00000000,0.04846000,104.600,104.600,0,0,0.000,0.000,0,,0
N140178_N140174_1,,N140178,N140174,,69.000,0.00000000,0.06005000,93.900,93.900,0,0,0.000,0.000,0,,0
N270137_N140174_1,,N270137,N140174,,69.000,0.00000000,0.08420000,101.300,101.300,0,0,0.000,0.000,0,,0
N140220_N140176_1,,N140220,N140176,,138.000,0.00000000,0.00974000,270.000,270.000,0,0,0.000,0.000,0,,0
N270148_N140176_1,,N270148,N140176,,138.000,0.00000000,0.01452000,288.100,288.100,0,0,0.000,0.000,0,,0
N140177_N140218_1,,N140177,N140218,,69.000,0.00000000,0.03172000,140.100,140.100,0,0,0.000,0.000,0,,0
N140179_N140180_1,,N140179,N140180,,69.000,0.00000000,0.06396000,112.100,112.100,0,0,0.000,0.000,0,,0
N140190_N140181_1,,N140190,N140181,,69.000,0.00000000,0.03567000,137.700,137.700,0,0,0.000,0.000,0,,0
N140197_N140181_1,,N140197,N140181,,69.000,0.00000000,0.01814000,146.600,146.600,0,0,0.000,0.000,0,,0
N140182_N140187_1,,N140182,N140187,,69.000,0.00000000,0.01850000,158.100,158.100,0,0,0.000,0.000,0,,0
N140182_N140284_1,,N140182,N140284,,69.000,0.00000000,0.05063000,134.100,134.100,0,0,0.000,0.000,0,,0
N140183_N140289_1,,N140183,N140289,,138.000,0.00000000,0.01655000,281.100,281.100,0,0,0.000,0.000,0,,0
N140184_N140196_1,,N140184,N140196,,69.000,0.00000000,0.04943000,131.200,131.200,0,0,0.000,0.000,0,,0
N140266_N140185_1,,N140266,N140185,,345.000,0.00000000,0.00919000,1152.500,1152.500,0,1,0.000,0.000,0,,0
N140272_N140185_1,,N140272,N140185,,345.000,0.00000000,0.00919000,1111.400,1111.400,0,1,0.000,0.000,0,,0
N140185_N140303_1,,N140185,N140303,,345.000,0.00000000,0.00604000,1294.600,1294.600,0,1,0.000,0.000,0,,0
N140185_N140303_2,,N140185,N140303,,345.000,0.00000000,0.00604000,1294.600,1294.600,0,1,0.000,0.000,0,,0
N140185_N140323_1,,N140185,N140323,,345.000,0.00000000,0.00775000,1252.100,1252.100,0,1,0.000,0.000,0,,0
N140189_N140186_1,,N140189,N140186,,138.000,0.00000000,0.01772000,351.300,351.300,0,0,0.000,0.000,0,,0
N140189_N140186_2,,N140189,N140186,,138.000,0.00000000,0.01772000,351.300,351.300,0,0,0.000,0.000,0,,0
N140186_N140243_1,,N140186,N140243,,138.000,0.00000000,0.01498000,351.000,351.000,0,0,0.000,0.000,0,,0
N140186_N140243_2,,N140186,N140243,,138.000,0.00000000,0.01498000,351.000,351.000,0,0,0.000,0.000,0,,0
N140187_N140196_1,,N140187,N140196,,69.000,0.00000000,0.03831000,131.200,131.200,0,0,0.000,0.000,0,,0
N140195_N140188_1,,N140195,N140188,,69.000,0.00000000,0.01293000,143.700,143.700,0,0,0.000,0.000,0,,0
N140188_N140233_1,,N140188,N140233,,69.000,0.00000000,0.03835000,116.700,116.700,0,0,0.000,0.000,0,,0
N140189_N140194_1,,N140189,N140194,,138.000,0.00000000,0.01472000,316.600,316.600,0,0,0.000,0.000,0,,0
N140189_N140376_1,,N140189,N140376,,138.000,0.00000000,0.02990000,327.600,327.600,0,0,0.000,0.000,0,,0
N140368_N140191_1,,N140368,N140191,,69.000,0.00000000,0.03689000,114.900,114.900,0,0,0.000,0.000,0,,0
N140197_N140192_1,,N140197,N140192,,69.000,0.00000000,0.08450000,104.400,104.400,0,0,0.000,0.000,0,,0
N140193_N140261_1,,N140193,N140261,,69.000,0.00000000,0.11168000,100.700,100.700,0,0,0.000,0.000,0,,0
N140193_N140265_1,,N140193,N140265,,69.000,0.00000000,0.02621000,101.700,101.700,0,0,0.000,0.000,0,,0
N140288_N140196_1,,N140288,N140196,,69.000,0.00000000,0.02026000,127.700,127.700,0,0,0.000,0.000,0,,0
N140205_N140199_1,,N140205,N140199,,138.000,0.00000000,0.01315000,299.500,299.500,0,0,0.000,0.000,0,,0
N140199_N140211_1,,N140199,N140211,,138.000,0.00000000,0.01292000,324.700,324.700,0,0,0.000,0.000,0,,0
N140214_N140199_1,,N140214,N140199,,138.000,0.00000000,0.01295000,360.200,360.200,0,0,0.000,0.000,0,,0
N140214_N140199_2,,N140214,N140199,,138.000,0.00000000,0.01295000,360.200,360.200,0,0,0.000,0.000,0,,0
N140200_N140207_1,,N140200,N140207,,69.000,0.00000000,0.03049000,148.900,148.900,0,0,0.000,0.000,0,,0
N140208_N140200_1,,N140208,N140200,,69.000,0.00000000,0.01172000,136.100,136.100,0,0,0.000,0.000,0,,0
N140203_N140206_1,,N140203,N140206,,69.000,0.00000000,0.01956000,142.600,142.600,0,0,0.000,0.000,0,,0
N140203_N140208_1,,N140203,N140208,,69.000,0.00000000,0.04131000,112.400,112.400,0,0,0.000,0.000,0,,0
N140210_N140204_1,,N140210,N140204,,69.000,0.00000000,0.02281000,119.800,119.800,0,0,0.000,0.000,0,,0
N140212_N140204_1,,N140212,N140204,,69.000,0.00000000,0.02165000,155.100,155.100,0,0,0.000,0.000,0,,0
N140204_N140225_1,,N140204,N140225,,69.000,0.00000000,0.01686000,138.100,138.100,0,0,0.000,0.000,0,,0
N140205_N140214_1,,N140205,N140214,,138.000,0.00000000,0.02162000,334.500,334.500,0,0,0.000,0.000,0,,0
N140220_N140205_1,,N140220,N140205,,138.000,0.00000000,0.01672000,277.600,277.600,0,0,0.000,0.000,0,,0
N140206_N140216_1,,N140206,N140216,,69.000,0.00000000,0.01966000,127.500,127.500,0,0,0.000,0.000,0,,0
N140215_N140207_1,,N140215,N140207,,69.000,0.00000000,0.01978000,164.300,164.300,0,0,0.000,0.000,0,,0
N140215_N140207_2,,N140215,N140207,,69.000,0.00000000,0.01978000,164.300,164.300,0,0,0.000,0.000,0,,0
N140207_N140217_1,,N140207,N140217,,69.000,0.00000000,0.04893000,109.600,109.600,0,0,0.000,0.000,0,,0
N140210_N140208_1,,N140210,N140208,,69.000,0.00000000,0.02868000,126.300,126.300,0,0,0.000,0.000,0,,0
N140226_N140209_1,,N140226,N140209,,69.000,0.00000000,0.01514000,132.900,132.900,0,0,0.000,0.000,0,,0
N140211_N140214_1,,N140211,N140214,,138.000,0.00000000,0.02796000,328.200,328.200,0,0,0.000,0.000,0,,0
N140323_N140213_1,,N140323,N140213,,345.000,0.00000000,0.00849000,1195.700,1195.700,0,1,0.000,0.000,0,,0
N140213_N140338_1,,N140213,N140338,,345.000,0.00000000,0.00642000,1294.000,1294.000,0,1,0.000,0.000,0,,0
N140213_N270153_1,,N140213,N270153,,345.000,0.00000000,0.01426000,1109.200,1109.200,0,1,0.000,0.000,0,,0
N140213_N270211_1,,N140213,N270211,,345.000,0.00000000,0.01575000,1225.500,1225.500,0,1,0.000,0.000,0,,0
N140226_N140215_1,,N140226,N140215,,69.000,0.00000000,0.01565000,125.700,125.700,0,0,0.000,0.000,0,,0
N140215_N140384_1,,N140215,N140384,,69.000,0.00000000,0.08675000,115.300,115.300,0,0,0.000,0.000,0,,0
N140215_N270104_1,,N140215,N270104,,69.000,0.00000000,0.02704000,150.800,150.800,0,0,0.000,0.000,0,,0
N140218_N140216_1,,N140218,N140216,,69.000,0.00000000,0.04141000,124.000,124.000,0,0,0.000,0.000,0,,0
N140221_N140216_1,,N140221,N140216,,69.000,0.00000000,0.02540000,99.200,99.200,0,0,0.000,0.000,0,,0
N140217_N140219_1,,N140217,N140219,,69.000,0.00000000,0.03283000,102.000,102.000,0,0,0.000,0.000,0,,0
N140220_N270148_1,,N140220,N270148,,138.000,0.00000000,0.04017000,262.100,262.100,0,0,0.000,0.000,0,,0
N140241_N140227_1,,N140241,N140227,,138.000,0.00000000,0.01721000,285.400,285.400,0,0,0.000,0.000,0,,0
N140378_N140227_1,,N140378,N140227,,138.000,0.00000000,0.01934000,293.000,293.000,0,0,0.000,0.000,0,,0
N140228_N140233_1,,N140228,N140233,,69.000,0.00000000,0.01603000,141.300,141.300,0,0,0.000,0.000,0,,0
N140228_N140276_1,,N140228,N140276,,69.000,0.00000000,0.02683000,120.800,120.800,0,0,0.000,0.000,0,,0
N140231_N140237_1,,N140231,N140237,,138.000,0.00000000,0.01511000,285.400,285.400,0,0,0.000,0.000,0,,0
N140247_N140231_1,,N140247,N140231,,138.000,0.00000000,0.00951000,271.200,271.200,0,0,0.000,0.000,0,,0
N140245_N140232_1,,N140245,N140232,,69.000,0.00000000,0.00449000,124.000,124.000,0,0,0.000,0.000,0,,0
N140252_N140233_1,,N140252,N140233,,69.000,0.00000000,0.03267000,126.900,126.900,0,0,0.000,0.000,0,,0
N140234_N140239_1,,N140234,N140239,,69.000,0.00000000,0.01478000,126.400,126.400,0,0,0.000,0.000,0,,0
N140238_N140235_1,,N140238,N140235,,69.000,0.00000000,0.04851000,144.400,144.400,0,0,0.000,0.000,0,,0
N140235_N140245_1,,N140235,N140245,,69.000,0.00000000,0.03334000,122.300,122.300,0,0,0.000,0.000,0,,0
N140238_N140236_1,,N140238,N140236,,69.000,0.00000000,0.03421000,104.300,104.300,0,0,0.000,0.000,0,,0
N140250_N140236_1,,N140250,N140236,,69.000,0.00000000,0.02466000,107.600,107.600,0,0,0.000,0.000,0,,0
N140236_N140269_1,,N140236,N140269,,69.000,0.00000000,0.06597000,91.900,91.900,0,0,0.000,0.000,0,,0
N140237_N210029_1,,N140237,N210029,,138.000,0.00000000,0.05488000,300.900,300.900,0,0,0.000,0.000,0,,0
N140242_N140240_1,,N140242,N140240,,69.000,0.00000000,0.02952000,150.700,150.700,0,0,0.000,0.000,0,,0
N140254_N140240_1,,N140254,N140240,,69.000,0.00000000,0.01624000,139.500,139.500,0,0,0.000,0.000,0,,0
N140247_N140241_1,,N140247,N140241,,138.000,0.00000000,0.01456000,283.500,283.500,0,0,0.000,0.000,0,,0
N140246_N140242_1,,N140246,N140242,,69.000,0.00000000,0.00949000,119.400,119.400,0,0,0.000,0.000,0,,0
N140244_N140253_1,,N140244,N140253,,69.000,0.00000000,0.01927000,128.400,128.400,0,0,0.000,0.000,0,,0
N140248_N140246_1,,N140248,N140246,,69.000,0.00000000,0.02657000,111.200,111.200,0,0,0.000,0.000,0,,0
N140246_N140252_1,,N140246,N140252,,69.000,0.00000000,0.01852000,112.400,112.400,0,0,0.000,0.000,0,,0
N140251_N140249_1,,N140251,N140249,,69.000,0.00000000,0.04271000,95.600,95.600,0,0,0.000,0.000,0,,0
N140249_N210249_1,,N140249,N210249,,69.000,0.00000000,0.07727000,112.400,112.400,0,0,0.000,0.000,0,,0
N140250_N140251_1,,N140250,N140251,,69.000,0.00000000,0.04832000,99.700,99.700,0,0,0.000,0.000,0,,0
N140250_N140252_1,,N140250,N140252,,69.000,0.00000000,0.02364000,156.800,156.800,0,0,0.000,0.000,0,,0
N140250_N210234_1,,N140250,N210234,,69.000,0.00000000,0.04809000,133.100,133.100,0,0,0.000,0.000,0,,0
N210251_N140250_1,,N210251,N140250,,69.000,0.00000000,0.07799000,125.900,125.900,0,0,0.000,0.000,0,,0
N140253_N140254_1,,N140253,N140254,,69.000,0.00000000,0.01422000,129.700,129.700,0,0,0.000,0.000,0,,0
N140255_N140257_1,,N140255,N140257,,69.000,0.00000000,0.06351000,110.500,110.500,0,0,0.000,0.000,0,,0
N140255_N140268_1,,N140255,N140268,,69.000,0.00000000,0.02143000,126.800,126.800,0,0,0.000,0.000,0,,0
N140256_N140267_1,,N140256,N140267,,138.000,0.00000000,0.01730000,319.100,319.100,0,0,0.000,0.000,0,,0
N140277_N140256_1,,N140277,N140256,,138.000,0.00000000,0.02682000,313.800,313.800,0,0,0.000,0.000,0,,0
N140262_N140260_1,,N140262,N140260,,69.000,0.00000000,0.07945000,78.800,78.800,0,0,0.000,0.000,0,,0
N140268_N140260_1,,N140268,N140260,,69.000,0.00000000,0.06551000,108.800,108.800,0,0,0.000,0.000,0,,0
N140260_N210211_1,,N140260,N210211,,69.000,0.00000000,0.06591000,104.100,104.100,0,0,0.000,0.000,0,,0
N140261_N140268_1,,N140261,N140268,,69.000,0.00000000,0.10506000,95.000,95.000,0,0,0.000,0.000,0,,0
N140263_N140262_1,,N140263,N140262,,69.000,0.00000000,0.13870000,73.000,73.000,0,0,0.000,0.000,0,,0
N140263_N140265_1,,N140263,N140265,,69.000,0.00000000,0.09161000,83.000,83.000,0,0,0.000,0.000,0,,0
N140264_N210164_1,,N140264,N210164,,69.000,0.00000000,0.05122000,104.600,104.600,0,0,0.000,0.000,0,,0
N140264_N210210_1,,N140264,N210210,,69.000,0.00000000,0.02877000,101.700,101.700,0,0,0.000,0.000,0,,0
N140290_N140265_1,,N140290,N140265,,69.000,0.00000000,0.05660000,124.700,124.700,0,0,0.000,0.000,0,,0
N140266_N230207_1,,N140266,N230207,,345.000,0.00000000,0.02000000,1350.000,1350.000,0,1,0.000,0.000,0,,0
N140267_N140289_1,,N140267,N140289,,138.000,0.00000000,0.04672000,289.300,289.300,0,0,0.000,0.000,0,,0
N140302_N140267_1,,N140302,N140267,,138.000,0.00000000,0.04067000,278.900,278.900,0,0,0.000,0.000,0,,0
N140267_N210161_1,,N140267,N210161,,138.000,0.00000000,0.05134000,264.200,264.200,0,0,0.000,0.000,0,,0
N140269_N210240_1,,N140269,N210240,,69.000,0.00000000,0.05716000,99.300,99.300,0,0,0.000,0.000,0,,0
N140270_N140274_1,,N140270,N140274,,69.000,0.00000000,0.01900000,117.100,117.100,0,0,0.000,0.000,0,,0
N140279_N140270_1,,N140279,N140270,,69.000,0.00000000,0.03580000,160.300,160.300,0,0,0.000,0.000,0,,0
N210236_N140270_1,,N210236,N140270,,69.000,0.00000000,0.02133000,100.000,100.000,0,0,0.000,0.000,0,,0
N140279_N140271_1,,N140279,N140271,,69.000,0.00000000,0.04230000,155.800,155.800,0,0,0.000,0.000,0,,0
N140271_N210210_1,,N140271,N210210,,69.000,0.00000000,0.03221000,119.800,119.800,0,0,0.000,0.000,0,,0
N140271_N210243_1,,N140271,N210243,,69.000,0.00000000,0.04828000,133.500,133.500,0,0,0.000,0.000,0,,0
N210171_N140272_1,,N210171,N140272,,345.000,0.00000000,0.02000000,1400.000,1400.000,0,1,0.000,0.000,0,,0
N140272_N210317_1,,N140272,N210317,,345.000,0.00000000,0.01835000,1128.200,1128.200,0,1,0.000,0.000,0,,0
N140293_N140273_1,,N140293,N140273,,138.000,0.00000000,0.01859000,310.100,310.100,0,0,0.000,0.000,0,,0
N140273_N140378_1,,N140273,N140378,,138.000,0.00000000,0.02388000,319.200,319.200,0,0,0.000,0.000,0,,0
N140273_N210242_1,,N140273,N210242,,138.000,0.00000000,0.03110000,279.100,279.100,0,0,0.000,0.000,0,,0
N210236_N140274_1,,N210236,N140274,,69.000,0.00000000,0.02773000,114.000,114.000,0,0,0.000,0.000,0,,0
N140275_N140276_1,,N140275,N140276,,69.000,0.00000000,0.02320000,114.100,114.100,0,0,0.000,0.000,0,,0
N140292_N140275_1,,N140292,N140275,,69.000,0.00000000,0.03683000,116.700,116.700,0,0,0.000,0.000,0,,0
N140294_N140275_1,,N140294,N140275,,69.000,0.00000000,0.06622000,137.000,137.000,0,0,0.000,0.000,0,,0
N140281_N140277_1,,N140281,N140277,,138.000,0.00000000,0.01455000,284.000,284.000,0,0,0.000,0.000,0,,0
N140287_N140278_1,,N140287,N140278,,69.000,0.00000000,0.08840000,116.700,116.700,0,0,0.000,0.000,0,,0
N140279_N140287_1,,N140279,N140287,,69.000,0.00000000,0.05599000,121.600,121.600,0,0,0.000,0.000,0,,0
N140284_N140280_1,,N140284,N140280,,69.000,0.00000000,0.01789000,120.600,120.600,0,0,0.000,0.000,0,,0
N140280_N140292_1,,N140280,N140292,,69.000,0.00000000,0.03645000,144.300,144.300,0,0,0.000,0.000,0,,0
N140291_N140281_1,,N140291,N140281,,138.000,0.00000000,0.01728000,279.000,279.000,0,0,0.000,0.000,0,,0
N140282_N140288_1,,N140282,N140288,,69.000,0.00000000,0.03232000,111.700,111.700,0,0,0.000,0.000,0,,0
N140283_N140291_1,,N140283,N140291,,138.000,0.00000000,0.01352000,234.800,234.800,0,0,0.000,0.000,0,,0
N140291_N140378_1,,N140291,N140378,,138.000,0.00000000,0.01388000,315.900,315.900,0,0,0.000,0.000,0,,0
N140378_N140293_1,,N140378,N140293,,138.000,0.00000000,0.02574000,286.500,286.500,0,0,0.000,0.000,0,,0
N140294_N210244_1,,N140294,N210244,,69.000,0.00000000,0.02208000,128.700,128.700,0,0,0.000,0.000,0,,0
N140295_N140298_1,,N140295,N140298,,138.000,0.00000000,0.00631000,284.000,284.000,0,0,0.000,0.000,0,,0
N140300_N140295_1,,N140300,N140295,,138.000,0.00000000,0.00995000,277.000,277.000,0,0,0.000,0.000,0,,0
N210028_N140296_1,,N210028,N140296,,138.000,0.00000000,0.01031000,292.400,292.400,0,0,0.000,0.000,0,,0
N140296_N210321_1,,N140296,N210321,,138.000,0.00000000,0.01598000,294.400,294.400,0,0,0.000,0.000,0,,0
N140297_N140301_1,,N140297,N140301,,138.000,0.00000000,0.01215000,279.200,279.200,0,0,0.000,0.000,0,,0
N140297_N140312_1,,N140297,N140312,,138.000,0.00000000,0.01161000,262.000,262.000,0,0,0.000,0.000,0,,0
N140298_N140312_1,,N140298,N140312,,138.000,0.00000000,0.01569000,285.800,285.800,0,0,0.000,0.000,0,,0
N140338_N140303_1,,N140338,N140303,,345.000,0.00000000,0.00544000,1228.200,1228.200,0,1,0.000,0.000,0,,0
N140316_N140323_1,,N140316,N140323,,345.000,0.00000000,0.01507000,1181.400,1181.400,0,1,0.000,0.000,0,,0
N140334_N140316_1,,N140334,N140316,,345.000,0.00000000,0.00559000,1194.500,1194.500,0,1,0.000,0.000,0,,0
N140329_N140353_1,,N140329,N140353,,345.000,0.00000000,0.00025000,1108.300,1108.300,0,1,0.000,0.000,0,,0
N140360_N140329_1,,N140360,N140329,,345.000,0.00000000,0.01014000,1123.400,1123.400,0,1,0.000,0.000,0,,0
N140329_N140372_1,,N140329,N140372,,345.000,0.00000000,0.00805000,1196.300,1196.300,0,1,0.000,0.000,0,,0
N140354_N140330_1,,N140354,N140330,,138.000,0.00000000,0.00160000,339.100,339.100,0,0,0.000,0.000,0,,0
N140354_N140330_2,,N140354,N140330,,138.000,0.00000000,0.00160000,339.100,339.100,0,0,0.000,0.000,0,,0
N210317_N140334_1,,N210317,N140334,,345.000,0.00000000,0.00864000,1212.500,1212.500,0,1,0.000,0.000,0,,0
N140334_N270001_1,,N140334,N270001,,345.000,0.00000000,0.01626000,1188.200,1188.200,0,1,0.000,0.000,0,,0
N140338_N140360_1,,N140338,N140360,,345.000,0.00000000,0.01000000,1400.000,1400.000,0,1,0.000,0.000,0,,0
N140372_N230263_1,,N140372,N230263,,345.000,0.00000000,0.00879000,1166.000,1166.000,0,1,0.000,0.000,0,,0
N140373_N230015_1,,N140373,N230015,,138.000,0.00000000,0.02797000,301.300,301.300,0,0,0.000,0.000,0,,0
N140373_N230076_1,,N140373,N230076,,138.000,0.00000000,0.01695000,333.900,333.900,0,0,0.000,0.000,0,,0
N140382_N140380_1,,N140382,N140380,,69.000,0.00000000,0.00251000,198.500,198.500,0,0,0.000,0.000,0,,0
N150001_N150357_1,,N150001,N150357,,138.000,0.00000000,0.01446000,280.000,280.000,0,0,0.000,0.000,0,,0
N150001_N150363_1,,N150001,N150363,,138.000,0.00000000,0.02871000,275.700,275.700,0,0,0.000,0.000,0,,0
N150106_N150002_1,,N150106,N150002,,138.000,0.00000000,0.03635000,234.900,234.900,0,0,0.000,0.000,0,,0
N150002_N150362_1,,N150002,N150362,,138.000,0.00000000,0.02510000,239.900,239.900,0,0,0.000,0.000,0,,0
N150003_N150004_1,,N150003,N150004,,138.000,0.00000000,0.04984000,261.000,261.000,0,0,0.000,0.000,0,,0
N150007_N150003_1,,N150007,N150003,,138.000,0.00000000,0.02841000,237.500,237.500,0,0,0.000,0.000,0,,0
N150004_N150117_1,,N150004,N150117,,138.000,0.00000000,0.08500000,286.600,286.600,0,0,0.000,0.000,0,,0
N150004_N150364_1,,N150004,N150364,,138.000,0.00000000,0.00949000,268.100,268.100,0,0,0.000,0.000,0,,0
N150355_N150005_1,,N150355,N150005,,138.000,0.00000000,0.01389000,294.000,294.000,0,0,0.000,0.000,0,,0
N150005_N150360_1,,N150005,N150360,,138.000,0.00000000,0.02021000,292.800,292.800,0,0,0.000,0.000,0,,0
N150098_N150006_1,,N150098,N150006,,138.000,0.00000000,0.01931000,327.300,327.300,0,0,0.000,0.000,0,,0
N150098_N150006_2,,N150098,N150006,,138.000,0.00000000,0.01931000,327.300,327.300,0,0,0.000,0.000,0,,0
N150006_N150354_1,,N150006,N150354,,138.000,0.00000000,0.00566000,315.300,315.300,0,0,0.000,0.000,0,,0
N150450_N150006_1,,N150450,N150006,,138.000,0.00000000,0.00884000,320.200,320.200,0,0,0.000,0.000,0,,0
N150450_N150006_2,,N150450,N150006,,138.000,0.00000000,0.00884000,320.200,320.200,0,0,0.000,0.000,0,,0
N150007_N150356_1,,N150007,N150356,,138.000,0.00000000,0.01777000,245.200,245.200,0,0,0.000,0.000,0,,0
N150008_N150016_1,,N150008,N150016,,138.000,0.00000000,0.03652000,271.500,271.500,0,0,0.000,0.000,0,,0
N150018_N150008_1,,N150018,N150008,,138.000,0.00000000,0.00840000,243.000,243.000,0,0,0.000,0.000,0,,0
N150008_N150537_1,,N150008,N150537,,138.000,0.00000000,0.03407000,269.700,269.700,0,0,0.000,0.000,0,,0
N150009_N150015_1,,N150009,N150015,,138.000,0.00000000,0.04327000,286.400,286.400,0,0,0.000,0.000,0,,0
N150009_N150017_1,,N150009,N150017,,138.000,0.00000000,0.03131000,287.000,287.000,0,0,0.000,0.000,0,,0
N150009_N210008_1,,N150009,N210008,,138.000,0.00000000,0.01386000,197.400,197.400,0,0,0.000,0.000,0,,0
N150010_N150365_1,,N150010,N150365,,138.000,0.00000000,0.01542000,261.300,261.300,0,0,0.000,0.000,0,,0
N150010_N210324_1,,N150010,N210324,,138.000,0.00000000,0.02250000,261.600,261.600,0,0,0.000,0.000,0,,0
N150011_N150190_1,,N150011,N150190,,138.000,0.00000000,0.07795000,270.800,270.800,0,0,0.000,0.000,0,,0
N150011_N150415_1,,N150011,N150415,,138.000,0.00000000,0.02397000,274.000,274.000,0,0,0.000,0.000,0,,0
N150012_N150017_1,,N150012,N150017,,138.000,0.00000000,0.04684000,294.600,294.600,0,0,0.000,0.000,0,,0
N150012_N150049_1,,N150012,N150049,,138.000,0.00000000,0.05291000,295.000,295.000,0,0,0.000,0.000,0,,0
N210004_N150013_1,,N210004,N150013,,138.000,0.00000000,0.02632000,304.100,304.100,0,0,0.000,0.000,0,,0
N150013_N210355_1,,N150013,N210355,,138.000,0.00000000,0.03191000,304.400,304.400,0,0,0.000,0.000,0,,0
N150014_N150082_1,,N150014,N150082,,138.000,0.00000000,0.03915000,263.000,263.000,0,0,0.000,0.000,0,,0
N150168_N150014_1,,N150168,N150014,,138.000,0.00000000,0.04571000,261.900,261.900,0,0,0.000,0.000,0,,0
N150553_N150015_1,,N150553,N150015,,138.000,0.00000000,0.04079000,272.200,272.200,0,0,0.000,0.000,0,,0
N150015_N260090_1,,N150015,N260090,,138.000,0.00000000,0.03061000,298.100,298.100,0,0,0.000,0.000,0,,0
N150015_N260090_2,,N150015,N260090,,138.000,0.00000000,0.03061000,298.100,298.100,0,0,0.000,0.000,0,,0
N150016_N150553_1,,N150016,N150553,,138.000,0.00000000,0.01110000,269.700,269.700,0,0,0.000,0.000,0,,0
N150017_N150048_1,,N150017,N150048,,138.000,0.00000000,0.08981000,248.700,248.700,0,0,0.000,0.000,0,,0
N150018_N150378_1,,N150018,N150378,,138.000,0.00000000,0.02360000,238.800,238.800,0,0,0.000,0.000,0,,0
N150530_N150019_1,,N150530,N150019,,138.000,0.00000000,0.00566000,246.300,246.300,0,0,0.000,0.000,0,,0
N150019_N170010_1,,N150019,N170010,,138.000,0.00000000,0.03356000,240.400,240.400,0,0,0.000,0.000,0,,0
N150020_N150034_1,,N150020,N150034,,138.000,0.00000000,0.01030000,340.600,340.600,0,0,0.000,0.000,0,,0
N150020_N150034_2,,N150020,N150034,,138.000,0.00000000,0.01030000,340.600,340.600,0,0,0.000,0.000,0,,0
N150038_N150020_1,,N150038,N150020,,138.000,0.00000000,0.01721000,323.200,323.200,0,0,0.000,0.000,0,,0
N150038_N150020_2,,N150038,N150020,,138.000,0.00000000,0.01721000,323.200,323.200,0,0,0.000,0.000,0,,0
N150416_N150020_1,,N150416,N150020,,138.000,0.00000000,0.02047000,298.500,298.500,0,0,0.000,0.000,0,,0
N150021_N150034_1,,N150021,N150034,,138.000,0.00000000,0.01817000,335.300,335.300,0,0,0.000,0.000,0,,0
N150021_N150034_2,,N150021,N150034,,138.000,0.00000000,0.01817000,335.300,335.300,0,0,0.000,0.000,0,,0
N150021_N150423_1,,N150021,N150423,,138.000,0.00000000,0.00935000,322.000,322.000,0,0,0.000,0.000,0,,0
N150021_N150423_2,,N150021,N150423,,138.000,0.00000000,0.00935000,322.000,322.000,0,0,0.000,0.000,0,,0
N150465_N150021_1,,N150465,N150021,,138.000,0.00000000,0.00760000,300.500,300.500,0,0,0.000,0.000,0,,0
N150024_N150022_1,,N150024,N150022,,138.000,0.00000000,0.01187000,255.700,255.700,0,0,0.000,0.000,0,,0
N150063_N150022_1,,N150063,N150022,,138.000,0.00000000,0.02248000,271.400,271.400,0,0,0.000,0.000,0,,0
N150022_N150072_1,,N150022,N150072,,138.000,0.00000000,0.05151000,283.400,283.400,0,0,0.000,0.000,0,,0
N150023_N150032_1,,N150023,N150032,,138.000,0.00000000,0.02193000,249.700,249.700,0,0,0.000,0.000,0,,0
N150023_N150465_1,,N150023,N150465,,138.000,0.00000000,0.01319000,251.600,251.600,0,0,0.000,0.000,0,,0
N150024_N150423_1,,N150024,N150423,,138.000,0.00000000,0.03437000,259.900,259.900,0,0,0.000,0.000,0,,0
N150025_N150148_1,,N150025,N150148,,138.000,0.00000000,0.05722000,283.900,283.900,0,0,0.000,0.000,0,,0
N150418_N150025_1,,N150418,N150025,,138.000,0.00000000,0.00894000,281.500,281.500,0,0,0.000,0.000,0,,0
N150026_N150043_1,,N150026,N150043,,138.000,0.00000000,0.01565000,296.200,296.200,0,0,0.000,0.000,0,,0
N150026_N150418_1,,N150026,N150418,,138.000,0.00000000,0.01021000,295.800,295.800,0,0,0.000,0.000,0,,0
N150043_N150027_1,,N150043,N150027,,138.000,0.00000000,0.01258000,296.700,296.700,0,0,0.000,0.000,0,,0
N150027_N150044_1,,N150027,N150044,,138.000,0.00000000,0.01395000,279.000,279.000,0,0,0.000,0.000,0,,0
N150027_N150416_1,,N150027,N150416,,138.000,0.00000000,0.03597000,297.100,297.100,0,0,0.000,0.000,0,,0
N150420_N150027_1,,N150420,N150027,,138.000,0.00000000,0.01635000,279.600,279.600,0,0,0.000,0.000,0,,0
N150028_N150035_1,,N150028,N150035,,138.000,0.00000000,0.04261000,274.600,274.600,0,0,0.000,0.000,0,,0
N150420_N150028_1,,N150420,N150028,,138.000,0.00000000,0.01069000,282.500,282.500,0,0,0.000,0.000,0,,0
N150028_N150421_1,,N150028,N150421,,138.000,0.00000000,0.01827000,293.200,293.200,0,0,0.000,0.000,0,,0
N150029_N150042_1,,N150029,N150042,,138.000,0.00000000,0.02986000,192.600,192.600,0,0,0.000,0.000,0,,0
N150029_N150422_1,,N150029,N150422,,138.000,0.00000000,0.01854000,215.600,215.600,0,0,0.000,0.000,0,,0
N150034_N150030_1,,N150034,N150030,,138.000,0.00000000,0.03017000,284.800,284.800,0,0,0.000,0.000,0,,0
N150111_N150030_1,,N150111,N150030,,138.000,0.00000000,0.02491000,279.100,279.100,0,0,0.000,0.000,0,,0
N150030_N150425_1,,N150030,N150425,,138.000,0.00000000,0.00757000,295.800,295.800,0,0,0.000,0.000,0,,0
N150031_N150103_1,,N150031,N150103,,138.000,0.00000000,0.11531000,283.200,283.200,0,0,0.000,0.000,0,,0
N150031_N150114_1,,N150031,N150114,,138.000,0.00000000,0.03687000,271.500,271.500,0,0,0.000,0.000,0,,0
N150422_N150031_1,,N150422,N150031,,138.000,0.00000000,0.02040000,295.100,295.100,0,0,0.000,0.000,0,,0
N150422_N150031_2,,N150422,N150031,,138.000,0.00000000,0.02040000,295.100,295.100,0,0,0.000,0.000,0,,0
N150032_N150395_1,,N150032,N150395,,138.000,0.00000000,0.09449000,277.500,277.500,0,0,0.000,0.000,0,,0
N150417_N150032_1,,N150417,N150032,,138.000,0.00000000,0.01807000,255.500,255.500,0,0,0.000,0.000,0,,0
N150033_N150036_1,,N150033,N150036,,138.000,0.00000000,0.05666000,238.900,238.900,0,0,0.000,0.000,0,,0
N150424_N150033_1,,N150424,N150033,,138.000,0.00000000,0.02952000,239.900,239.900,0,0,0.000,0.000,0,,0
N150033_N170081_1,,N150033,N170081,,138.000,0.00000000,0.03030000,236.900,236.900,0,0,0.000,0.000,0,,0
N150038_N150035_1,,N150038,N150035,,138.000,0.00000000,0.02925000,275.000,275.000,0,0,0.000,0.000,0,,0
N150506_N150036_1,,N150506,N150036,,138.000,0.00000000,0.01921000,239.200,239.200,0,0,0.000,0.000,0,,0
N150038_N150037_1,,N150038,N150037,,138.000,0.00000000,0.02244000,313.000,313.000,0,0,0.000,0.000,0,,0
N150038_N150037_2,,N150038,N150037,,138.000,0.00000000,0.02244000,313.000,313.000,0,0,0.000,0.000,0,,0
N150037_N150096_1,,N150037,N150096,,138.000,0.00000000,0.08389000,259.100,259.100,0,0,0.000,0.000,0,,0
N150037_N150254_1,,N150037,N150254,,138.000,0.00000000,0.06865000,317.600,317.600,0,0,0.000,0.000,0,,0
N150037_N150254_2,,N150037,N150254,,138.000,0.00000000,0.06865000,317.600,317.600,0,0,0.000,0.000,0,,0
N150039_N150384_1,,N150039,N150384,,138.000,0.00000000,0.00390000,264.300,264.300,0,0,0.000,0.000,0,,0
N150039_N150465_1,,N150039,N150465,,138.000,0.00000000,0.05266000,266.300,266.300,0,0,0.000,0.000,0,,0
N150424_N150040_1,,N150424,N150040,,138.000,0.00000000,0.00326000,246.100,246.100,0,0,0.000,0.000,0,,0
N150530_N150040_1,,N150530,N150040,,138.000,0.00000000,0.02249000,247.000,247.000,0,0,0.000,0.000,0,,0
N150506_N150041_1,,N150506,N150041,,138.000,0.00000000,0.00726000,242.400,242.400,0,0,0.000,0.000,0,,0
N150041_N170446_1,,N150041,N170446,,138.000,0.00000000,0.02599000,240.200,240.200,0,0,0.000,0.000,0,,0
N150044_N170438_1,,N150044,N170438,,138.000,0.00000000,0.08515000,278.800,278.800,0,0,0.000,0.000,0,,0
N150045_N150047_1,,N150045,N150047,,138.000,0.00000000,0.02898000,285.300,285.300,0,0,0.000,0.000,0,,0
N150491_N150045_1,,N150491,N150045,,138.000,0.00000000,0.00804000,286.600,286.600,0,0,0.000,0.000,0,,0
N150046_N150051_1,,N150046,N150051,,138.000,0.00000000,0.02035000,297.700,297.700,0,0,0.000,0.000,0,,0
N150381_N150046_1,,N150381,N150046,,138.000,0.00000000,0.02118000,295.700,295.700,0,0,0.000,0.000,0,,0
N150127_N150047_1,,N150127,N150047,,138.000,0.00000000,0.02452000,320.100,320.100,0,0,0.000,0.000,0,,0
N150127_N150047_2,,N150127,N150047,,138.000,0.00000000,0.02452000,320.100,320.100,0,0,0.000,0.000,0,,0
N150047_N210062_1,,N150047,N210062,,138.000,0.00000000,0.02221000,310.800,310.800,0,0,0.000,0.000,0,,0
N210082_N150047_1,,N210082,N150047,,138.000,0.00000000,0.02372000,302.700,302.700,0,0,0.000,0.000,0,,0
N150048_N150059_1,,N150048,N150059,,138.000,0.00000000,0.02616000,254.400,254.400,0,0,0.000,0.000,0,,0
N150050_N150049_1,,N150050,N150049,,138.000,0.00000000,0.03706000,284.900,284.900,0,0,0.000,0.000,0,,0
N210101_N150049_1,,N210101,N150049,,138.000,0.00000000,0.03664000,278.700,278.700,0,0,0.000,0.000,0,,0
N150381_N150050_1,,N150381,N150050,,138.000,0.00000000,0.02487000,293.000,293.000,0,0,0.000,0.000,0,,0
N150051_N150491_1,,N150051,N150491,,138.000,0.00000000,0.02188000,301.200,301.200,0,0,0.000,0.000,0,,0
N150052_N150062_1,,N150052,N150062,,138.000,0.00000000,0.03328000,258.100,258.100,0,0,0.000,0.000,0,,0
N150052_N150380_1,,N150052,N150380,,138.000,0.00000000,0.00800000,260.400,260.400,0,0,0.000,0.000,0,,0
N150053_N150083_1,,N150053,N150083,,138.000,0.00000000,0.02152000,286.400,286.400,0,0,0.000,0.000,0,,0
N150053_N150090_1,,N150053,N150090,,138.000,0.00000000,0.01296000,299.800,299.800,0,0,0.000,0.000,0,,0
N150053_N210302_1,,N150053,N210302,,138.000,0.00000000,0.06696000,320.700,320.700,0,0,0.000,0.000,0,,0
N150053_N210302_2,,N150053,N210302,,138.000,0.00000000,0.06696000,320.700,320.700,0,0,0.000,0.000,0,,0
N150054_N150073_1,,N150054,N150073,,138.000,0.00000000,0.04570000,281.600,281.600,0,0,0.000,0.000,0,,0
N150393_N150054_1,,N150393,N150054,,138.000,0.00000000,0.01976000,259.900,259.900,0,0,0.000,0.000,0,,0
N150404_N150054_1,,N150404,N150054,,138.000,0.00000000,0.03347000,267.700,267.700,0,0,0.000,0.000,0,,0
N150055_N150066_1,,N150055,N150066,,138.000,0.00000000,0.04650000,284.800,284.800,0,0,0.000,0.000,0,,0
N150091_N150055_1,,N150091,N150055,,138.000,0.00000000,0.01316000,281.000,281.000,0,0,0.000,0.000,0,,0
N150055_N150389_1,,N150055,N150389,,138.000,0.00000000,0.01820000,217.600,217.600,0,0,0.000,0.000,0,,0
N150058_N150056_1,,N150058,N150056,,138.000,0.00000000,0.03594000,281.700,281.700,0,0,0.000,0.000,0,,0
N150056_N150102_1,,N150056,N150102,,138.000,0.00000000,0.08325000,305.700,305.700,0,0,0.000,0.000,0,,0
N150385_N150056_1,,N150385,N150056,,138.000,0.00000000,0.01764000,281.000,281.000,0,0,0.000,0.000,0,,0
N150093_N150057_1,,N150093,N150057,,138.000,0.00000000,0.01663000,247.100,247.100,0,0,0.000,0.000,0,,0
N150057_N150533_1,,N150057,N150533,,138.000,0.00000000,0.09784000,248.200,248.200,0,0,0.000,0.000,0,,0
N150058_N150068_1,,N150058,N150068,,138.000,0.00000000,0.04650000,291.800,291.800,0,0,0.000,0.000,0,,0
N150058_N150128_1,,N150058,N150128,,138.000,0.00000000,0.03241000,305.400,305.400,0,0,0.000,0.000,0,,0
N150078_N150059_1,,N150078,N150059,,138.000,0.00000000,0.01414000,281.800,281.800,0,0,0.000,0.000,0,,0
N150059_N150087_1,,N150059,N150087,,138.000,0.00000000,0.02191000,288.100,288.100,0,0,0.000,0.000,0,,0
N150059_N150090_1,,N150059,N150090,,138.000,0.00000000,0.04677000,310.400,310.400,0,0,0.000,0.000,0,,0
N150060_N150062_1,,N150060,N150062,,138.000,0.00000000,0.02541000,321.100,321.100,0,0,0.000,0.000,0,,0
N150060_N150062_2,,N150060,N150062,,138.000,0.00000000,0.02541000,321.100,321.100,0,0,0.000,0.000,0,,0
N150064_N150060_1,,N150064,N150060,,138.000,0.00000000,0.04409000,314.700,314.700,0,0,0.000,0.000,0,,0
N150064_N150060_2,,N150064,N150060,,138.000,0.00000000,0.04409000,314.700,314.700,0,0,0.000,0.000,0,,0
N150105_N150060_1,,N150105,N150060,,138.000,0.00000000,0.02165000,282.400,282.400,0,0,0.000,0.000,0,,0
N150086_N150061_1,,N150086,N150061,,138.000,0.00000000,0.03781000,255.600,255.600,0,0,0.000,0.000,0,,0
N150061_N150104_1,,N150061,N150104,,138.000,0.00000000,0.04154000,282.400,282.400,0,0,0.000,0.000,0,,0
N150061_N150385_1,,N150061,N150385,,138.000,0.00000000,0.02041000,278.400,278.400,0,0,0.000,0.000,0,,0
N150061_N150495_1,,N150061,N150495,,138.000,0.00000000,0.05051000,286.900,286.900,0,0,0.000,0.000,0,,0
N150062_N150380_1,,N150062,N150380,,138.000,0.00000000,0.01811000,288.900,288.900,0,0,0.000,0.000,0,,0
N150387_N150062_1,,N150387,N150062,,138.000,0.00000000,0.02618000,321.900,321.900,0,0,0.000,0.000,0,,0
N150387_N150062_2,,N150387,N150062,,138.000,0.00000000,0.02618000,321.900,321.900,0,0,0.000,0.000,0,,0
N150063_N150085_1,,N150063,N150085,,138.000,0.00000000,0.01971000,298.700,298.700,0,0,0.000,0.000,0,,0
N150063_N150397_1,,N150063,N150397,,138.000,0.00000000,0.05684000,276.200,276.200,0,0,0.000,0.000,0,,0
N150063_N150480_1,,N150063,N150480,,138.000,0.00000000,0.02383000,325.900,325.900,0,0,0.000,0.000,0,,0
N150063_N150480_2,,N150063,N150480,,138.000,0.00000000,0.02383000,325.900,325.900,0,0,0.000,0.000,0,,0
N150064_N150072_1,,N150064,N150072,,138.000,0.00000000,0.03316000,314.400,314.400,0,0,0.000,0.000,0,,0
N150064_N150072_2,,N150064,N150072,,138.000,0.00000000,0.03316000,314.400,314.400,0,0,0.000,0.000,0,,0
N150065_N150390_1,,N150065,N150390,,138.000,0.00000000,0.01541000,283.000,283.000,0,0,0.000,0.000,0,,0
N150065_N150395_1,,N150065,N150395,,138.000,0.00000000,0.04469000,284.200,284.200,0,0,0.000,0.000,0,,0
N150066_N150085_1,,N150066,N150085,,138.000,0.00000000,0.01541000,298.000,298.000,0,0,0.000,0.000,0,,0
N150066_N150395_1,,N150066,N150395,,138.000,0.00000000,0.04009000,277.600,277.600,0,0,0.000,0.000,0,,0
N150068_N150067_1,,N150068,N150067,,138.000,0.00000000,0.02901000,272.300,272.300,0,0,0.000,0.000,0,,0
N150067_N150086_1,,N150067,N150086,,138.000,0.00000000,0.04108000,249.700,249.700,0,0,0.000,0.000,0,,0
N150067_N150128_1,,N150067,N150128,,138.000,0.00000000,0.06961000,276.300,276.300,0,0,0.000,0.000,0,,0
N150068_N150388_1,,N150068,N150388,,138.000,0.00000000,0.02297000,296.200,296.200,0,0,0.000,0.000,0,,0
N150069_N150070_1,,N150069,N150070,,138.000,0.00000000,0.03060000,235.100,235.100,0,0,0.000,0.000,0,,0
N150069_N150079_1,,N150069,N150079,,138.000,0.00000000,0.03803000,251.600,251.600,0,0,0.000,0.000,0,,0
N150093_N150069_1,,N150093,N150069,,138.000,0.00000000,0.02927000,280.800,280.800,0,0,0.000,0.000,0,,0
N150403_N150070_1,,N150403,N150070,,138.000,0.00000000,0.03732000,232.400,232.400,0,0,0.000,0.000,0,,0
N150389_N150071_1,,N150389,N150071,,138.000,0.00000000,0.01854000,217.200,217.200,0,0,0.000,0.000,0,,0
N150395_N150072_1,,N150395,N150072,,138.000,0.00000000,0.01902000,321.500,321.500,0,0,0.000,0.000,0,,0
N150395_N150072_2,,N150395,N150072,,138.000,0.00000000,0.01902000,321.500,321.500,0,0,0.000,0.000,0,,0
N150398_N150072_1,,N150398,N150072,,138.000,0.00000000,0.01077000,285.800,285.800,0,0,0.000,0.000,0,,0
N150073_N150289_1,,N150073,N150289,,138.000,0.00000000,0.04862000,279.400,279.400,0,0,0.000,0.000,0,,0
N150074_N150311_1,,N150074,N150311,,138.000,0.00000000,0.04647000,258.800,258.800,0,0,0.000,0.000,0,,0
N150401_N150074_1,,N150401,N150074,,138.000,0.00000000,0.00865000,261.500,261.500,0,0,0.000,0.000,0,,0
N150075_N150392_1,,N150075,N150392,,138.000,0.00000000,0.04936000,289.200,289.200,0,0,0.000,0.000,0,,0
N150075_N150402_1,,N150075,N150402,,138.000,0.00000000,0.02581000,284.500,284.500,0,0,0.000,0.000,0,,0
N150076_N150077_1,,N150076,N150077,,138.000,0.00000000,0.03747000,267.500,267.500,0,0,0.000,0.000,0,,0
N150076_N150533_1,,N150076,N150533,,138.000,0.00000000,0.02737000,263.800,263.800,0,0,0.000,0.000,0,,0
N150077_N150081_1,,N150077,N150081,,138.000,0.00000000,0.02738000,283.400,283.400,0,0,0.000,0.000,0,,0
N150077_N150089_1,,N150077,N150089,,138.000,0.00000000,0.06463000,254.000,254.000,0,0,0.000,0.000,0,,0
N150533_N150078_1,,N150533,N150078,,138.000,0.00000000,0.01288000,281.500,281.500,0,0,0.000,0.000,0,,0
N150403_N150079_1,,N150403,N150079,,138.000,0.00000000,0.00942000,232.200,232.200,0,0,0.000,0.000,0,,0
N150079_N150407_1,,N150079,N150407,,138.000,0.00000000,0.02385000,264.100,264.100,0,0,0.000,0.000,0,,0
N150082_N150080_1,,N150082,N150080,,138.000,0.00000000,0.02187000,278.000,278.000,0,0,0.000,0.000,0,,0
N150408_N150080_1,,N150408,N150080,,138.000,0.00000000,0.02572000,278.700,278.700,0,0,0.000,0.000,0,,0
N150090_N150081_1,,N150090,N150081,,138.000,0.00000000,0.02782000,264.200,264.200,0,0,0.000,0.000,0,,0
N150081_N150408_1,,N150081,N150408,,138.000,0.00000000,0.02079000,265.400,265.400,0,0,0.000,0.000,0,,0
N150082_N150411_1,,N150082,N150411,,138.000,0.00000000,0.02582000,249.900,249.900,0,0,0.000,0.000,0,,0
N150083_N150408_1,,N150083,N150408,,138.000,0.00000000,0.02424000,253.800,253.800,0,0,0.000,0.000,0,,0
N150083_N150537_1,,N150083,N150537,,138.000,0.00000000,0.04438000,268.800,268.800,0,0,0.000,0.000,0,,0
N150084_N150182_1,,N150084,N150182,,138.000,0.00000000,0.02794000,268.800,268.800,0,0,0.000,0.000,0,,0
N150444_N150084_1,,N150444,N150084,,138.000,0.00000000,0.01356000,270.000,270.000,0,0,0.000,0.000,0,,0
N150384_N150085_1,,N150384,N150085,,138.000,0.00000000,0.02195000,240.200,240.200,0,0,0.000,0.000,0,,0
N150383_N150087_1,,N150383,N150087,,138.000,0.00000000,0.00986000,287.100,287.100,0,0,0.000,0.000,0,,0
N150088_N150093_1,,N150088,N150093,,138.000,0.00000000,0.01933000,256.200,256.200,0,0,0.000,0.000,0,,0
N150088_N150386_1,,N150088,N150386,,138.000,0.00000000,0.01978000,256.900,256.900,0,0,0.000,0.000,0,,0
N150386_N150089_1,,N150386,N150089,,138.000,0.00000000,0.02651000,259.000,259.000,0,0,0.000,0.000,0,,0
N150091_N150399_1,,N150091,N150399,,138.000,0.00000000,0.01822000,278.300,278.300,0,0,0.000,0.000,0,,0
N150092_N150371_1,,N150092,N150371,,138.000,0.00000000,0.00893000,299.600,299.600,0,0,0.000,0.000,0,,0
N150092_N150408_1,,N150092,N150408,,138.000,0.00000000,0.08771000,298.700,298.700,0,0,0.000,0.000,0,,0
N150108_N150094_1,,N150108,N150094,,138.000,0.00000000,0.01698000,273.000,273.000,0,0,0.000,0.000,0,,0
N150111_N150094_1,,N150111,N150094,,138.000,0.00000000,0.03467000,278.200,278.200,0,0,0.000,0.000,0,,0
N150113_N150095_1,,N150113,N150095,,138.000,0.00000000,0.05352000,311.600,311.600,0,0,0.000,0.000,0,,0
N150498_N150095_1,,N150498,N150095,,138.000,0.00000000,0.01981000,330.900,330.900,0,0,0.000,0.000,0,,0
N150498_N150095_2,,N150498,N150095,,138.000,0.00000000,0.01981000,330.900,330.900,0,0,0.000,0.000,0,,0
N150095_N150501_1,,N150095,N150501,,138.000,0.00000000,0.01628000,329.000,329.000,0,0,0.000,0.000,0,,0
N150095_N150501_2,,N150095,N150501,,138.000,0.00000000,0.01628000,329.000,329.000,0,0,0.000,0.000,0,,0
N150096_N150108_1,,N150096,N150108,,138.000,0.00000000,0.04577000,270.200,270.200,0,0,0.000,0.000,0,,0
N150109_N150096_1,,N150109,N150096,,138.000,0.00000000,0.03864000,202.200,202.200,0,0,0.000,0.000,0,,0
N150097_N150104_1,,N150097,N150104,,138.000,0.00000000,0.01388000,282.400,282.400,0,0,0.000,0.000,0,,0
N150427_N150097_1,,N150427,N150097,,138.000,0.00000000,0.01913000,276.000,276.000,0,0,0.000,0.000,0,,0
N150098_N150364_1,,N150098,N150364,,138.000,0.00000000,0.02012000,273.500,273.500,0,0,0.000,0.000,0,,0
N150098_N150427_1,,N150098,N150427,,138.000,0.00000000,0.14085000,326.500,326.500,0,0,0.000,0.000,0,,0
N150098_N150427_2,,N150098,N150427,,138.000,0.00000000,0.14085000,326.500,326.500,0,0,0.000,0.000,0,,0
N150099_N150105_1,,N150099,N150105,,138.000,0.00000000,0.04424000,303.800,303.800,0,0,0.000,0.000,0,,0
N150099_N150504_1,,N150099,N150504,,138.000,0.00000000,0.02736000,304.500,304.500,0,0,0.000,0.000,0,,0
N150100_N150103_1,,N150100,N150103,,138.000,0.00000000,0.07750000,297.500,297.500,0,0,0.000,0.000,0,,0
N150100_N150119_1,,N150100,N150119,,138.000,0.00000000,0.06737000,302.900,302.900,0,0,0.000,0.000,0,,0
N150107_N150101_1,,N150107,N150101,,138.000,0.00000000,0.04379000,227.700,227.700,0,0,0.000,0.000,0,,0
N150101_N150495_1,,N150101,N150495,,138.000,0.00000000,0.16767000,277.500,277.500,0,0,0.000,0.000,0,,0
N150101_N150516_1,,N150101,N150516,,138.000,0.00000000,0.02492000,282.200,282.200,0,0,0.000,0.000,0,,0
N150118_N150102_1,,N150118,N150102,,138.000,0.00000000,0.06959000,306.800,306.800,0,0,0.000,0.000,0,,0
N150104_N150126_1,,N150104,N150126,,138.000,0.00000000,0.01796000,314.500,314.500,0,0,0.000,0.000,0,,0
N150104_N150427_1,,N150104,N150427,,138.000,0.00000000,0.01834000,301.000,301.000,0,0,0.000,0.000,0,,0
N150511_N150105_1,,N150511,N150105,,138.000,0.00000000,0.03558000,274.000,274.000,0,0,0.000,0.000,0,,0
N150106_N150351_1,,N150106,N150351,,138.000,0.00000000,0.05951000,260.100,260.100,0,0,0.000,0.000,0,,0
N150106_N150355_1,,N150106,N150355,,138.000,0.00000000,0.07108000,258.000,258.000,0,0,0.000,0.000,0,,0
N150107_N150352_1,,N150107,N150352,,138.000,0.00000000,0.05737000,233.200,233.200,0,0,0.000,0.000,0,,0
N150108_N150112_1,,N150108,N150112,,138.000,0.00000000,0.10199000,214.200,214.200,0,0,0.000,0.000,0,,0
N150110_N150495_1,,N150110,N150495,,138.000,0.00000000,0.11709000,288.000,288.000,0,0,0.000,0.000,0,,0
N150110_N150514_1,,N150110,N150514,,138.000,0.00000000,0.06916000,288.800,288.800,0,0,0.000,0.000,0,,0
N150118_N150113_1,,N150118,N150113,,138.000,0.00000000,0.05702000,312.200,312.200,0,0,0.000,0.000,0,,0
N150119_N150113_1,,N150119,N150113,,138.000,0.00000000,0.09918000,280.000,280.000,0,0,0.000,0.000,0,,0
N150114_N150511_1,,N150114,N150511,,138.000,0.00000000,0.02969000,275.400,275.400,0,0,0.000,0.000,0,,0
N150115_N150116_1,,N150115,N150116,,138.000,0.00000000,0.05084000,359.600,359.600,0,0,0.000,0.000,0,,0
N150551_N150115_1,,N150551,N150115,,138.000,0.00000000,0.02294000,337.900,337.900,0,0,0.000,0.000,0,,0
N150115_N190186_1,,N150115,N190186,,138.000,0.00000000,0.04659000,342.700,342.700,0,0,0.000,0.000,0,,0
N150527_N150116_1,,N150527,N150116,,138.000,0.00000000,0.01006000,358.200,358.200,0,0,0.000,0.000,0,,0
N150119_N150117_1,,N150119,N150117,,138.000,0.00000000,0.03056000,295.700,295.700,0,0,0.000,0.000,0,,0
N150117_N150519_1,,N150117,N150519,,138.000,0.00000000,0.02928000,302.100,302.100,0,0,0.000,0.000,0,,0
N150117_N150548_1,,N150117,N150548,,138.000,0.00000000,0.03304000,255.400,255.400,0,0,0.000,0.000,0,,0
N240151_N150118_1,,N240151,N150118,,138.000,0.00000000,0.08573000,295.900,295.900,0,0,0.000,0.000,0,,0
N150118_N240292_1,,N150118,N240292,,138.000,0.00000000,0.08740000,316.400,316.400,0,0,0.000,0.000,0,,0
N150548_N150119_1,,N150548,N150119,,138.000,0.00000000,0.01418000,302.900,302.900,0,0,0.000,0.000,0,,0
N150120_N150341_1,,N150120,N150341,,345.000,0.00000000,0.05000000,1250.000,1250.000,0,1,0.000,0.000,0,,0
N150434_N150120_1,,N150434,N150120,,345.000,0.00000000,0.02550000,1293.100,1293.100,0,1,0.000,0.000,0,,0
N150434_N150120_2,,N150434,N150120,,345.000,0.00000000,0.02550000,1293.100,1293.100,0,1,0.000,0.000,0,,0
N150120_N150532_1,,N150120,N150532,,345.000,0.00000000,0.02000000,1500.000,1500.000,0,1,0.000,0.000,0,,0
N240231_N150120_1,,N240231,N150120,,345.000,0.00000000,0.02000000,1300.000,1300.000,0,1,0.000,0.000,0,,0
N240231_N150120_2,,N240231,N150120,,345.000,0.00000000,0.02000000,1300.000,1300.000,0,1,0.000,0.000,0,,0
N150121_N150125_1,,N150121,N150125,,138.000,0.00000000,0.02595000,345.700,345.700,0,0,0.000,0.000,0,,0
N150121_N150125_2,,N150121,N150125,,138.000,0.00000000,0.02595000,345.700,345.700,0,0,0.000,0.000,0,,0
N150127_N150121_1,,N150127,N150121,,138.000,0.00000000,0.05092000,321.800,321.800,0,0,0.000,0.000,0,,0
N150127_N150121_2,,N150127,N150121,,138.000,0.00000000,0.05092000,321.800,321.800,0,0,0.000,0.000,0,,0
N150129_N150121_1,,N150129,N150121,,138.000,0.00000000,0.05467000,298.200,298.200,0,0,0.000,0.000,0,,0
N150125_N150124_1,,N150125,N150124,,138.000,0.00000000,0.03062000,318.200,318.200,0,0,0.000,0.000,0,,0
N150126_N150124_1,,N150126,N150124,,138.000,0.00000000,0.05456000,315.800,315.800,0,0,0.000,0.000,0,,0
N150128_N150125_1,,N150128,N150125,,138.000,0.00000000,0.07595000,313.800,313.800,0,0,0.000,0.000,0,,0
N240145_N150125_1,,N240145,N150125,,138.000,0.00000000,0.06933000,372.500,372.500,0,0,0.000,0.000,0,,0
N240145_N150125_2,,N240145,N150125,,138.000,0.00000000,0.06933000,372.500,372.500,0,0,0.000,0.000,0,,0
N150128_N150129_1,,N150128,N150129,,138.000,0.00000000,0.05847000,290.400,290.400,0,0,0.000,0.000,0,,0
N150491_N150129_1,,N150491,N150129,,138.000,0.00000000,0.04585000,304.500,304.500,0,0,0.000,0.000,0,,0
N150134_N150130_1,,N150134,N150130,,69.000,0.00000000,0.02140000,105.900,105.900,0,0,0.000,0.000,0,,0
N150130_N150349_1,,N150130,N150349,,69.000,0.00000000,0.05660000,100.300,100.300,0,0,0.000,0.000,0,,0
N150131_N150132_1,,N150131,N150132,,69.000,0.00000000,0.04721000,113.500,113.500,0,0,0.000,0.000,0,,0
N170082_N150131_1,,N170082,N150131,,69.000,0.00000000,0.03624000,115.200,115.200,0,0,0.000,0.000,0,,0
N150132_N150134_1,,N150132,N150134,,69.000,0.00000000,0.06992000,108.000,108.000,0,0,0.000,0.000,0,,0
N150133_N150135_1,,N150133,N150135,,69.000,0.00000000,0.04516000,57.500,57.500,0,0,0.000,0.000,0,,0
N150135_N150252_1,,N150135,N150252,,69.000,0.00000000,0.04194000,66.500,66.500,0,0,0.000,0.000,0,,0
N150136_N150142_1,,N150136,N150142,,69.000,0.00000000,0.02309000,129.100,129.100,0,0,0.000,0.000,0,,0
N150147_N150136_1,,N150147,N150136,,69.000,0.00000000,0.01018000,180.000,180.000,0,0,0.000,0.000,0,,0
N150342_N150137_1,,N150342,N150137,,138.000,0.00000000,0.01721000,278.600,278.600,0,0,0.000,0.000,0,,0
N150137_N260022_1,,N150137,N260022,,138.000,0.00000000,0.01428000,274.400,274.400,0,0,0.000,0.000,0,,0
N150145_N150138_1,,N150145,N150138,,69.000,0.00000000,0.01501000,109.400,109.400,0,0,0.000,0.000,0,,0
N150141_N150222_1,,N150141,N150222,,138.000,0.00000000,0.00817000,268.400,268.400,0,0,0.000,0.000,0,,0
N260024_N150141_1,,N260024,N150141,,138.000,0.00000000,0.01599000,252.200,252.200,0,0,0.000,0.000,0,,0
N150143_N150226_1,,N150143,N150226,,138.000,0.00000000,0.01248000,258.400,258.400,0,0,0.000,0.000,0,,0
N150144_N150146_1,,N150144,N150146,,69.000,0.00000000,0.02095000,107.900,107.900,0,0,0.000,0.000,0,,0
N260027_N150144_1,,N260027,N150144,,69.000,0.00000000,0.02503000,126.400,126.400,0,0,0.000,0.000,0,,0
N150147_N150145_1,,N150147,N150145,,69.000,0.00000000,0.02925000,136.600,136.600,0,0,0.000,0.000,0,,0
N150218_N150145_1,,N150218,N150145,,69.000,0.00000000,0.03197000,132.000,132.000,0,0,0.000,0.000,0,,0
N150145_N150348_1,,N150145,N150348,,69.000,0.00000000,0.07735000,126.900,126.900,0,0,0.000,0.000,0,,0
N150227_N150146_1,,N150227,N150146,,69.000,0.00000000,0.02336000,140.400,140.400,0,0,0.000,0.000,0,,0
N150146_N260027_1,,N150146,N260027,,69.000,0.00000000,0.03079000,121.400,121.400,0,0,0.000,0.000,0,,0
N150147_N150215_1,,N150147,N150215,,69.000,0.00000000,0.04496000,101.800,101.800,0,0,0.000,0.000,0,,0
N150421_N150148_1,,N150421,N150148,,138.000,0.00000000,0.01854000,294.800,294.800,0,0,0.000,0.000,0,,0
N150149_N150156_1,,N150149,N150156,,69.000,0.00000000,0.04445000,123.100,123.100,0,0,0.000,0.000,0,,0
N150149_N150302_1,,N150149,N150302,,69.000,0.00000000,0.03529000,135.100,135.100,0,0,0.000,0.000,0,,0
N150152_N150265_1,,N150152,N150265,,345.000,0.00000000,0.00790000,1425.100,1425.100,0,1,0.000,0.000,0,,0
N150152_N150265_2,,N150152,N150265,,345.000,0.00000000,0.00790000,1425.100,1425.100,0,1,0.000,0.000,0,,0
N150152_N150487_1,,N150152,N150487,,345.000,0.00000000,0.01292000,1500.000,1500.000,0,1,0.000,0.000,0,,0
N150152_N150487_2,,N150152,N150487,,345.000,0.00000000,0.01292000,1500.000,1500.000,0,1,0.000,0.000,0,,0
N150152_N150487_3,,N150152,N150487,,345.000,0.00000000,0.01292000,1500.000,1500.000,0,1,0.000,0.000,0,,0
N150152_N260137_1,,N150152,N260137,,345.000,0.00000000,0.01371000,1400.400,1400.400,0,1,0.000,0.000,0,,0
N150152_N260137_2,,N150152,N260137,,345.000,0.00000000,0.01371000,1400.400,1400.400,0,1,0.000,0.000,0,,0
N150153_N150297_1,,N150153,N150297,,138.000,0.00000000,0.02912000,307.800,307.800,0,0,0.000,0.000,0,,0
N150153_N150297_2,,N150153,N150297,,138.000,0.00000000,0.02912000,307.800,307.800,0,0,0.000,0.000,0,,0
N150155_N150154_1,,N150155,N150154,,69.000,0.00000000,0.13666000,130.000,130.000,0,0,0.000,0.000,0,,0
N150154_N150157_1,,N150154,N150157,,69.000,0.00000000,0.03957000,132.500,132.500,0,0,0.000,0.000,0,,0
N150156_N150155_1,,N150156,N150155,,69.000,0.00000000,0.06464000,132.100,132.100,0,0,0.000,0.000,0,,0
N150264_N150156_1,,N150264,N150156,,69.000,0.00000000,0.05864000,145.600,145.600,0,0,0.000,0.000,0,,0
N150290_N150157_1,,N150290,N150157,,69.000,0.00000000,0.06616000,125.100,125.100,0,0,0.000,0.000,0,,0
N150158_N150164_1,,N150158,N150164,,69.000,0.00000000,0.09304000,137.100,137.100,0,0,0.000,0.000,0,,0
N150158_N150174_1,,N150158,N150174,,69.000,0.00000000,0.03849000,102.200,102.200,0,0,0.000,0.000,0,,0
N150158_N150175_1,,N150158,N150175,,69.000,0.00000000,0.02797000,109.900,109.900,0,0,0.000,0.000,0,,0
N150175_N150159_1,,N150175,N150159,,69.000,0.00000000,0.00846000,103.500,103.500,0,0,0.000,0.000,0,,0
N150159_N150183_1,,N150159,N150183,,69.000,0.00000000,0.12237000,98.100,98.100,0,0,0.000,0.000,0,,0
N150160_N150162_1,,N150160,N150162,,69.000,0.00000000,0.03656000,91.200,91.200,0,0,0.000,0.000,0,,0
N150160_N150174_1,,N150160,N150174,,69.000,0.00000000,0.04737000,98.900,98.900,0,0,0.000,0.000,0,,0
N150161_N150173_1,,N150161,N150173,,138.000,0.00000000,0.02230000,268.200,268.200,0,0,0.000,0.000,0,,0
N260088_N150161_1,,N260088,N150161,,138.000,0.00000000,0.01653000,254.700,254.700,0,0,0.000,0.000,0,,0
N150176_N150162_1,,N150176,N150162,,69.000,0.00000000,0.06925000,97.700,97.700,0,0,0.000,0.000,0,,0
N150162_N150245_1,,N150162,N150245,,69.000,0.00000000,0.05740000,120.000,120.000,0,0,0.000,0.000,0,,0
N150162_N260089_1,,N150162,N260089,,69.000,0.00000000,0.04489000,100.700,100.700,0,0,0.000,0.000,0,,0
N150163_N150172_1,,N150163,N150172,,69.000,0.00000000,0.02901000,121.200,121.200,0,0,0.000,0.000,0,,0
N150174_N150163_1,,N150174,N150163,,69.000,0.00000000,0.02347000,108.300,108.300,0,0,0.000,0.000,0,,0
N150169_N150164_1,,N150169,N150164,,69.000,0.00000000,0.02892000,152.300,152.300,0,0,0.000,0.000,0,,0
N150164_N260096_1,,N150164,N260096,,69.000,0.00000000,0.06842000,125.300,125.300,0,0,0.000,0.000,0,,0
N150170_N150165_1,,N150170,N150165,,69.000,0.00000000,0.09029000,78.200,78.200,0,0,0.000,0.000,0,,0
N150165_N150198_1,,N150165,N150198,,69.000,0.00000000,0.14201000,74.900,74.900,0,0,0.000,0.000,0,,0
N150170_N150166_1,,N150170,N150166,,69.000,0.00000000,0.09811000,80.500,80.500,0,0,0.000,0.000,0,,0
N150172_N150166_1,,N150172,N150166,,69.000,0.00000000,0.10799000,81.600,81.600,0,0,0.000,0.000,0,,0
N150167_N150169_1,,N150167,N150169,,69.000,0.00000000,0.13701000,135.600,135.600,0,0,0.000,0.000,0,,0
N150167_N150172_1,,N150167,N150172,,69.000,0.00000000,0.09988000,133.500,133.500,0,0,0.000,0.000,0,,0
N150169_N210201_1,,N150169,N210201,,69.000,0.00000000,0.41179000,154.500,154.500,0,0,0.000,0.000,0,,0
N150173_N150171_1,,N150173,N150171,,138.000,0.00000000,0.01744000,278.600,278.600,0,0,0.000,0.000,0,,0
N150171_N150379_1,,N150171,N150379,,138.000,0.00000000,0.08621000,271.400,271.400,0,0,0.000,0.000,0,,0
N150461_N150171_1,,N150461,N150171,,138.000,0.00000000,0.01907000,286.900,286.900,0,0,0.000,0.000,0,,0
N150174_N150175_1,,N150174,N150175,,69.000,0.00000000,0.01832000,90.700,90.700,0,0,0.000,0.000,0,,0
N150177_N150176_1,,N150177,N150176,,69.000,0.00000000,0.03569000,118.500,118.500,0,0,0.000,0.000,0,,0
N150194_N150176_1,,N150194,N150176,,69.000,0.00000000,0.04032000,116.200,116.200,0,0,0.000,0.000,0,,0
N150177_N150192_1,,N150177,N150192,,69.000,0.00000000,0.01979000,112.300,112.300,0,0,0.000,0.000,0,,0
N150178_N150180_1,,N150178,N150180,,69.000,0.00000000,0.02305000,115.800,115.800,0,0,0.000,0.000,0,,0
N150197_N150178_1,,N150197,N150178,,69.000,0.00000000,0.01723000,105.100,105.100,0,0,0.000,0.000,0,,0
N150179_N150190_1,,N150179,N150190,,138.000,0.00000000,0.01512000,290.500,290.500,0,0,0.000,0.000,0,,0
N150277_N150179_1,,N150277,N150179,,138.000,0.00000000,0.01581000,301.800,301.800,0,0,0.000,0.000,0,,0
N150277_N150179_2,,N150277,N150179,,138.000,0.00000000,0.01581000,301.800,301.800,0,0,0.000,0.000,0,,0
N150179_N150346_1,,N150179,N150346,,138.000,0.00000000,0.00933000,286.300,286.300,0,0,0.000,0.000,0,,0
N150179_N150461_1,,N150179,N150461,,138.000,0.00000000,0.03107000,312.700,312.700,0,0,0.000,0.000,0,,0
N150179_N150461_2,,N150179,N150461,,138.000,0.00000000,0.03107000,312.700,312.700,0,0,0.000,0.000,0,,0
N150181_N150180_1,,N150181,N150180,,69.000,0.00000000,0.02549000,142.300,142.300,0,0,0.000,0.000,0,,0
N150180_N150332_1,,N150180,N150332,,69.000,0.00000000,0.02499000,111.600,111.600,0,0,0.000,0.000,0,,0
N150280_N150181_1,,N150280,N150181,,69.000,0.00000000,0.02949000,125.000,125.000,0,0,0.000,0.000,0,,0
N150181_N260072_1,,N150181,N260072,,69.000,0.00000000,0.09466000,105.300,105.300,0,0,0.000,0.000,0,,0
N150182_N150405_1,,N150182,N150405,,138.000,0.00000000,0.06337000,253.800,253.800,0,0,0.000,0.000,0,,0
N150185_N150183_1,,N150185,N150183,,69.000,0.00000000,0.06686000,82.700,82.700,0,0,0.000,0.000,0,,0
N150183_N150187_1,,N150183,N150187,,69.000,0.00000000,0.05247000,129.500,129.500,0,0,0.000,0.000,0,,0
N150183_N150189_1,,N150183,N150189,,69.000,0.00000000,0.04467000,105.900,105.900,0,0,0.000,0.000,0,,0
N150191_N150184_1,,N150191,N150184,,69.000,0.00000000,0.01355000,112.100,112.100,0,0,0.000,0.000,0,,0
N150184_N150194_1,,N150184,N150194,,69.000,0.00000000,0.05759000,110.200,110.200,0,0,0.000,0.000,0,,0
N150185_N150198_1,,N150185,N150198,,69.000,0.00000000,0.03571000,79.700,79.700,0,0,0.000,0.000,0,,0
N150189_N150186_1,,N150189,N150186,,69.000,0.00000000,0.05283000,103.200,103.200,0,0,0.000,0.000,0,,0
N150186_N150194_1,,N150186,N150194,,69.000,0.00000000,0.03506000,91.000,91.000,0,0,0.000,0.000,0,,0
N150188_N150187_1,,N150188,N150187,,69.000,0.00000000,0.08569000,126.700,126.700,0,0,0.000,0.000,0,,0
N150188_N150197_1,,N150188,N150197,,69.000,0.00000000,0.03971000,116.200,116.200,0,0,0.000,0.000,0,,0
N150190_N150409_1,,N150190,N150409,,138.000,0.00000000,0.06566000,277.000,277.000,0,0,0.000,0.000,0,,0
N150282_N150192_1,,N150282,N150192,,69.000,0.00000000,0.03195000,108.900,108.900,0,0,0.000,0.000,0,,0
N150193_N150346_1,,N150193,N150346,,138.000,0.00000000,0.01711000,308.000,308.000,0,0,0.000,0.000,0,,0
N150193_N150346_2,,N150193,N150346,,138.000,0.00000000,0.01711000,308.000,308.000,0,0,0.000,0.000,0,,0
N150461_N150193_1,,N150461,N150193,,138.000,0.00000000,0.01566000,310.000,310.000,0,0,0.000,0.000,0,,0
N150461_N150193_2,,N150461,N150193,,138.000,0.00000000,0.01566000,310.000,310.000,0,0,0.000,0.000,0,,0
N150205_N150199_1,,N150205,N150199,,69.000,0.00000000,0.02204000,128.900,128.900,0,0,0.000,0.000,0,,0
N150199_N150300_1,,N150199,N150300,,69.000,0.00000000,0.02593000,116.400,116.400,0,0,0.000,0.000,0,,0
N150286_N150200_1,,N150286,N150200,,138.000,0.00000000,0.01201000,260.700,260.700,0,0,0.000,0.000,0,,0
N150208_N150201_1,,N150208,N150201,,69.000,0.00000000,0.02831000,135.700,135.700,0,0,0.000,0.000,0,,0
N150201_N150217_1,,N150201,N150217,,69.000,0.00000000,0.01682000,141.300,141.300,0,0,0.000,0.000,0,,0
N150202_N150211_1,,N150202,N150211,,138.000,0.00000000,0.00651000,300.800,300.800,0,0,0.000,0.000,0,,0
N150219_N150202_1,,N150219,N150202,,138.000,0.00000000,0.01099000,328.900,328.900,0,0,0.000,0.000,0,,0
N150219_N150202_2,,N150219,N150202,,138.000,0.00000000,0.01099000,328.900,328.900,0,0,0.000,0.000,0,,0
N150202_N150307_1,,N150202,N150307,,138.000,0.00000000,0.02064000,341.900,341.900,0,0,0.000,0.000,0,,0
N150202_N150307_2,,N150202,N150307,,138.000,0.00000000,0.02064000,341.900,341.900,0,0,0.000,0.000,0,,0
N150204_N150203_1,,N150204,N150203,,69.000,0.00000000,0.01359000,147.500,147.500,0,0,0.000,0.000,0,,0
N150203_N150218_1,,N150203,N150218,,69.000,0.00000000,0.02093000,105.300,105.300,0,0,0.000,0.000,0,,0
N150203_N150221_1,,N150203,N150221,,69.000,0.00000000,0.02019000,122.600,122.600,0,0,0.000,0.000,0,,0
N150220_N150204_1,,N150220,N150204,,69.000,0.00000000,0.01709000,140.100,140.100,0,0,0.000,0.000,0,,0
N150205_N150216_1,,N150205,N150216,,69.000,0.00000000,0.03762000,134.800,134.800,0,0,0.000,0.000,0,,0
N150207_N150206_1,,N150207,N150206,,69.000,0.00000000,0.02035000,139.200,139.200,0,0,0.000,0.000,0,,0
N150206_N150210_1,,N150206,N150210,,69.000,0.00000000,0.02694000,145.200,145.200,0,0,0.000,0.000,0,,0
N150305_N150207_1,,N150305,N150207,,69.000,0.00000000,0.02535000,134.100,134.100,0,0,0.000,0.000,0,,0
N150208_N150220_1,,N150208,N150220,,69.000,0.00000000,0.01855000,132.600,132.600,0,0,0.000,0.000,0,,0
N150208_N150301_1,,N150208,N150301,,69.000,0.00000000,0.05215000,119.600,119.600,0,0,0.000,0.000,0,,0
N150212_N150209_1,,N150212,N150209,,69.000,0.00000000,0.03489000,125.800,125.800,0,0,0.000,0.000,0,,0
N150209_N150221_1,,N150209,N150221,,69.000,0.00000000,0.01166000,115.200,115.200,0,0,0.000,0.000,0,,0
N150210_N150335_1,,N150210,N150335,,69.000,0.00000000,0.00897000,123.200,123.200,0,0,0.000,0.000,0,,0
N150210_N150338_1,,N150210,N150338,,69.000,0.00000000,0.01707000,135.400,135.400,0,0,0.000,0.000,0,,0
N150211_N150337_1,,N150211,N150337,,138.000,0.00000000,0.01024000,302.300,302.300,0,0,0.000,0.000,0,,0
N150344_N150211_1,,N150344,N150211,,138.000,0.00000000,0.01349000,318.400,318.400,0,0,0.000,0.000,0,,0
N150344_N150211_2,,N150344,N150211,,138.000,0.00000000,0.01349000,318.400,318.400,0,0,0.000,0.000,0,,0
N150211_N260141_1,,N150211,N260141,,138.000,0.00000000,0.01239000,279.600,279.600,0,0,0.000,0.000,0,,0
N150218_N150212_1,,N150218,N150212,,69.000,0.00000000,0.02707000,133.000,133.000,0,0,0.000,0.000,0,,0
N150213_N150219_1,,N150213,N150219,,138.000,0.00000000,0.00730000,317.600,317.600,0,0,0.000,0.000,0,,0
N150213_N150219_2,,N150213,N150219,,138.000,0.00000000,0.00730000,317.600,317.600,0,0,0.000,0.000,0,,0
N150213_N150222_1,,N150213,N150222,,138.000,0.00000000,0.01422000,307.800,307.800,0,0,0.000,0.000,0,,0
N150213_N150222_2,,N150213,N150222,,138.000,0.00000000,0.01422000,307.800,307.800,0,0,0.000,0.000,0,,0
N150214_N150244_1,,N150214,N150244,,69.000,0.00000000,0.01461000,136.900,136.900,0,0,0.000,0.000,0,,0
N150215_N150285_1,,N150215,N150285,,69.000,0.00000000,0.06464000,111.000,111.000,0,0,0.000,0.000,0,,0
N150215_N150303_1,,N150215,N150303,,69.000,0.00000000,0.03193000,118.400,118.400,0,0,0.000,0.000,0,,0
N150221_N150216_1,,N150221,N150216,,69.000,0.00000000,0.01689000,140.300,140.300,0,0,0.000,0.000,0,,0
N150306_N150217_1,,N150306,N150217,,69.000,0.00000000,0.01109000,137.700,137.700,0,0,0.000,0.000,0,,0
N150226_N150222_1,,N150226,N150222,,138.000,0.00000000,0.01201000,278.100,278.100,0,0,0.000,0.000,0,,0
N150222_N150229_1,,N150222,N150229,,138.000,0.00000000,0.01380000,251.500,251.500,0,0,0.000,0.000,0,,0
N150223_N150242_1,,N150223,N150242,,69.000,0.00000000,0.01589000,119.300,119.300,0,0,0.000,0.000,0,,0
N150224_N150271_1,,N150224,N150271,,69.000,0.00000000,0.06187000,128.400,128.400,0,0,0.000,0.000,0,,0
N150224_N260140_1,,N150224,N260140,,69.000,0.00000000,0.03543000,116.000,116.000,0,0,0.000,0.000,0,,0
N150225_N150228_1,,N150225,N150228,,69.000,0.00000000,0.01287000,103.600,103.600,0,0,0.000,0.000,0,,0
N150225_N150240_1,,N150225,N150240,,69.000,0.00000000,0.01984000,118.500,118.500,0,0,0.000,0.000,0,,0
N150227_N150236_1,,N150227,N150236,,69.000,0.00000000,0.00935000,144.000,144.000,0,0,0.000,0.000,0,,0
N150227_N260087_1,,N150227,N260087,,69.000,0.00000000,0.03234000,121.700,121.700,0,0,0.000,0.000,0,,0
N150228_N150269_1,,N150228,N150269,,69.000,0.00000000,0.02490000,123.100,123.100,0,0,0.000,0.000,0,,0
N150241_N150230_1,,N150241,N150230,,69.000,0.00000000,0.02126000,111.700,111.700,0,0,0.000,0.000,0,,0
N150231_N150237_1,,N150231,N150237,,69.000,0.00000000,0.02524000,133.900,133.900,0,0,0.000,0.000,0,,0
N150231_N150243_1,,N150231,N150243,,69.000,0.00000000,0.02390000,140.200,140.200,0,0,0.000,0.000,0,,0
N150241_N150232_1,,N150241,N150232,,69.000,0.00000000,0.02731000,111.600,111.600,0,0,0.000,0.000,0,,0
N260086_N150232_1,,N260086,N150232,,69.000,0.00000000,0.02674000,125.800,125.800,0,0,0.000,0.000,0,,0
N150234_N150233_1,,N150234,N150233,,69.000,0.00000000,0.02805000,111.400,111.400,0,0,0.000,0.000,0,,0
N150233_N150271_1,,N150233,N150271,,69.000,0.00000000,0.04637000,115.000,115.000,0,0,0.000,0.000,0,,0
N260146_N150234_1,,N260146,N150234,,69.000,0.00000000,0.02060000,116.700,116.700,0,0,0.000,0.000,0,,0
N150235_N150238_1,,N150235,N150238,,69.000,0.00000000,0.01427000,133.600,133.600,0,0,0.000,0.000,0,,0
N150235_N150257_1,,N150235,N150257,,69.000,0.00000000,0.13675000,138.500,138.500,0,0,0.000,0.000,0,,0
N150236_N150242_1,,N150236,N150242,,69.000,0.00000000,0.01247000,116.500,116.500,0,0,0.000,0.000,0,,0
N150236_N150242_2,,N150236,N150242,,69.000,0.00000000,0.01247000,116.500,116.500,0,0,0.000,0.000,0,,0
N150236_N150243_1,,N150236,N150243,,69.000,0.00000000,0.02894000,149.200,149.200,0,0,0.000,0.000,0,,0
N150244_N150236_1,,N150244,N150236,,69.000,0.00000000,0.00828000,130.400,130.400,0,0,0.000,0.000,0,,0
N150238_N150237_1,,N150238,N150237,,69.000,0.00000000,0.02930000,128.100,128.100,0,0,0.000,0.000,0,,0
N150237_N150284_1,,N150237,N150284,,69.000,0.00000000,0.03360000,132.900,132.900,0,0,0.000,0.000,0,,0
N150270_N150239_1,,N150270,N150239,,138.000,0.00000000,0.01527000,296.700,296.700,0,0,0.000,0.000,0,,0
N150270_N150239_2,,N150270,N150239,,138.000,0.00000000,0.01527000,296.700,296.700,0,0,0.000,0.000,0,,0
N150239_N260145_1,,N150239,N260145,,138.000,0.00000000,0.01170000,257.500,257.500,0,0,0.000,0.000,0,,0
N150239_N260155_1,,N150239,N260155,,138.000,0.00000000,0.01191000,286.500,286.500,0,0,0.000,0.000,0,,0
N150240_N150275_1,,N150240,N150275,,69.000,0.00000000,0.01851000,121.600,121.600,0,0,0.000,0.000,0,,0
N150298_N150243_1,,N150298,N150243,,69.000,0.00000000,0.03168000,157.500,157.500,0,0,0.000,0.000,0,,0
N150298_N150243_2,,N150298,N150243,,69.000,0.00000000,0.03168000,157.500,157.500,0,0,0.000,0.000,0,,0
N150250_N150246_1,,N150250,N150246,,69.000,0.00000000,0.05098000,145.400,145.400,0,0,0.000,0.000,0,,0
N150246_N170443_1,,N150246,N170443,,69.000,0.00000000,0.13996000,143.300,143.300,0,0,0.000,0.000,0,,0
N150258_N150247_1,,N150258,N150247,,138.000,0.00000000,0.01720000,252.100,252.100,0,0,0.000,0.000,0,,0
N150248_N150249_1,,N150248,N150249,,69.000,0.00000000,0.04274000,137.400,137.400,0,0,0.000,0.000,0,,0
N150253_N150248_1,,N150253,N150248,,69.000,0.00000000,0.02091000,117.500,117.500,0,0,0.000,0.000,0,,0
N150249_N150250_1,,N150249,N150250,,69.000,0.00000000,0.02018000,154.000,154.000,0,0,0.000,0.000,0,,0
N150328_N150249_1,,N150328,N150249,,69.000,0.00000000,0.08680000,130.300,130.300,0,0,0.000,0.000,0,,0
N150250_N150252_1,,N150250,N150252,,69.000,0.00000000,0.08817000,72.700,72.700,0,0,0.000,0.000,0,,0
N150255_N150250_1,,N150255,N150250,,69.000,0.00000000,0.06296000,164.500,164.500,0,0,0.000,0.000,0,,0
N150255_N150250_2,,N150255,N150250,,69.000,0.00000000,0.06296000,164.500,164.500,0,0,0.000,0.000,0,,0
N150255_N150251_1,,N150255,N150251,,69.000,0.00000000,0.08730000,158.300,158.300,0,0,0.000,0.000,0,,0
N150255_N150251_2,,N150255,N150251,,69.000,0.00000000,0.08730000,158.300,158.300,0,0,0.000,0.000,0,,0
N260166_N150251_1,,N260166,N150251,,69.000,0.00000000,0.02624000,155.700,155.700,0,0,0.000,0.000,0,,0
N260166_N150251_2,,N260166,N150251,,69.000,0.00000000,0.02624000,155.700,155.700,0,0,0.000,0.000,0,,0
N150256_N150253_1,,N150256,N150253,,69.000,0.00000000,0.08084000,104.600,104.600,0,0,0.000,0.000,0,,0
N150255_N170444_1,,N150255,N170444,,69.000,0.00000000,0.11440000,124.000,124.000,0,0,0.000,0.000,0,,0
N150256_N150259_1,,N150256,N150259,,69.000,0.00000000,0.05237000,101.700,101.700,0,0,0.000,0.000,0,,0
N150256_N150274_1,,N150256,N150274,,69.000,0.00000000,0.05627000,119.800,119.800,0,0,0.000,0.000,0,,0
N150257_N150264_1,,N150257,N150264,,69.000,0.00000000,0.05358000,141.700,141.700,0,0,0.000,0.000,0,,0
N150258_N150266_1,,N150258,N150266,,138.000,0.00000000,0.01337000,297.200,297.200,0,0,0.000,0.000,0,,0
N150258_N150266_2,,N150258,N150266,,138.000,0.00000000,0.01337000,297.200,297.200,0,0,0.000,0.000,0,,0
N150324_N150258_1,,N150324,N150258,,138.000,0.00000000,0.01259000,276.500,276.500,0,0,0.000,0.000,0,,0
N150327_N150258_1,,N150327,N150258,,138.000,0.00000000,0.01497000,246.600,246.600,0,0,0.000,0.000,0,,0
N150262_N150259_1,,N150262,N150259,,69.000,0.00000000,0.02608000,124.700,124.700,0,0,0.000,0.000,0,,0
N150262_N150267_1,,N150262,N150267,,69.000,0.00000000,0.03837000,123.300,123.300,0,0,0.000,0.000,0,,0
N150262_N150273_1,,N150262,N150273,,69.000,0.00000000,0.02681000,108.800,108.800,0,0,0.000,0.000,0,,0
N150263_N150421_1,,N150263,N150421,,138.000,0.00000000,0.00946000,323.800,323.800,0,0,0.000,0.000,0,,0
N150263_N150421_2,,N150263,N150421,,138.000,0.00000000,0.00946000,323.800,323.800,0,0,0.000,0.000,0,,0
N150264_N150276_1,,N150264,N150276,,69.000,0.00000000,0.07005000,163.800,163.800,0,0,0.000,0.000,0,,0
N150264_N150276_2,,N150264,N150276,,69.000,0.00000000,0.07005000,163.800,163.800,0,0,0.000,0.000,0,,0
N150430_N150265_1,,N150430,N150265,,345.000,0.00000000,0.00733000,1262.600,1262.600,0,1,0.000,0.000,0,,0
N150503_N150265_1,,N150503,N150265,,345.000,0.00000000,0.05000000,1180.000,1180.000,0,1,0.000,0.000,0,,0
N150265_N150539_1,,N150265,N150539,,345.000,0.00000000,0.01231000,1276.000,1276.000,0,1,0.000,0.000,0,,0
N260137_N150265_1,,N260137,N150265,,345.000,0.00000000,0.00647000,1274.400,1274.400,0,1,0.000,0.000,0,,0
N150266_N150272_1,,N150266,N150272,,138.000,0.00000000,0.00700000,380.500,380.500,0,0,0.000,0.000,0,,0
N150266_N150272_2,,N150266,N150272,,138.000,0.00000000,0.00700000,380.500,380.500,0,0,0.000,0.000,0,,0
N150267_N150268_1,,N150267,N150268,,69.000,0.00000000,0.03548000,133.600,133.600,0,0,0.000,0.000,0,,0
N150273_N150268_1,,N150273,N150268,,69.000,0.00000000,0.02086000,105.900,105.900,0,0,0.000,0.000,0,,0
N150275_N150268_1,,N150275,N150268,,69.000,0.00000000,0.03458000,130.600,130.600,0,0,0.000,0.000,0,,0
N150273_N150269_1,,N150273,N150269,,69.000,0.00000000,0.02996000,128.600,128.600,0,0,0.000,0.000,0,,0
N150270_N150272_1,,N150270,N150272,,138.000,0.00000000,0.01124000,309.300,309.300,0,0,0.000,0.000,0,,0
N150270_N150272_2,,N150270,N150272,,138.000,0.00000000,0.01124000,309.300,309.300,0,0,0.000,0.000,0,,0
N150293_N150272_1,,N150293,N150272,,138.000,0.00000000,0.01554000,312.900,312.900,0,0,0.000,0.000,0,,0
N150274_N150322_1,,N150274,N150322,,69.000,0.00000000,0.09041000,109.100,109.100,0,0,0.000,0.000,0,,0
N150294_N150276_1,,N150294,N150276,,69.000,0.00000000,0.02653000,163.300,163.300,0,0,0.000,0.000,0,,0
N150294_N150276_2,,N150294,N150276,,69.000,0.00000000,0.02653000,163.300,163.300,0,0,0.000,0.000,0,,0
N150277_N260128_1,,N150277,N260128,,138.000,0.00000000,0.02094000,298.400,298.400,0,0,0.000,0.000,0,,0
N150277_N260128_2,,N150277,N260128,,138.000,0.00000000,0.02094000,298.400,298.400,0,0,0.000,0.000,0,,0
N150278_N150282_1,,N150278,N150282,,69.000,0.00000000,0.02951000,117.200,117.200,0,0,0.000,0.000,0,,0
N150280_N150279_1,,N150280,N150279,,69.000,0.00000000,0.04776000,118.200,118.200,0,0,0.000,0.000,0,,0
N150279_N150339_1,,N150279,N150339,,69.000,0.00000000,0.04800000,114.600,114.600,0,0,0.000,0.000,0,,0
N150279_N260061_1,,N150279,N260061,,69.000,0.00000000,0.09426000,117.200,117.200,0,0,0.000,0.000,0,,0
N150282_N150281_1,,N150282,N150281,,69.000,0.00000000,0.04175000,123.700,123.700,0,0,0.000,0.000,0,,0
N150281_N260131_1,,N150281,N260131,,69.000,0.00000000,0.02661000,115.700,115.700,0,0,0.000,0.000,0,,0
N260098_N150282_1,,N260098,N150282,,69.000,0.00000000,0.05324000,108.400,108.400,0,0,0.000,0.000,0,,0
N150283_N150293_1,,N150283,N150293,,138.000,0.00000000,0.01492000,250.300,250.300,0,0,0.000,0.000,0,,0
N150298_N150285_1,,N150298,N150285,,69.000,0.00000000,0.03237000,127.600,127.600,0,0,0.000,0.000,0,,0
N150286_N150289_1,,N150286,N150289,,138.000,0.00000000,0.00999000,279.500,279.500,0,0,0.000,0.000,0,,0
N150287_N150294_1,,N150287,N150294,,69.000,0.00000000,0.02471000,155.400,155.400,0,0,0.000,0.000,0,,0
N150287_N150303_1,,N150287,N150303,,69.000,0.00000000,0.01996000,135.500,135.500,0,0,0.000,0.000,0,,0
N150288_N150301_1,,N150288,N150301,,69.000,0.00000000,0.02034000,117.600,117.600,0,0,0.000,0.000,0,,0
N150302_N150288_1,,N150302,N150288,,69.000,0.00000000,0.02612000,125.100,125.100,0,0,0.000,0.000,0,,0
N150289_N150299_1,,N150289,N150299,,138.000,0.00000000,0.01605000,267.800,267.800,0,0,0.000,0.000,0,,0
N150290_N150303_1,,N150290,N150303,,69.000,0.00000000,0.03723000,106.000,106.000,0,0,0.000,0.000,0,,0
N150293_N150419_1,,N150293,N150419,,138.000,0.00000000,0.04841000,309.500,309.500,0,0,0.000,0.000,0,,0
N150301_N150294_1,,N150301,N150294,,69.000,0.00000000,0.02529000,122.500,122.500,0,0,0.000,0.000,0,,0
N150297_N150299_1,,N150297,N150299,,138.000,0.00000000,0.01369000,285.000,285.000,0,0,0.000,0.000,0,,0
N150313_N150304_1,,N150313,N150304,,69.000,0.00000000,0.01965000,105.900,105.900,0,0,0.000,0.000,0,,0
N150304_N150317_1,,N150304,N150317,,69.000,0.00000000,0.04820000,117.900,117.900,0,0,0.000,0.000,0,,0
N150319_N150304_1,,N150319,N150304,,69.000,0.00000000,0.01917000,127.400,127.400,0,0,0.000,0.000,0,,0
N150317_N150305_1,,N150317,N150305,,69.000,0.00000000,0.01766000,121.500,121.500,0,0,0.000,0.000,0,,0
N150306_N150319_1,,N150306,N150319,,69.000,0.00000000,0.03582000,125.600,125.600,0,0,0.000,0.000,0,,0
N150307_N150344_1,,N150307,N150344,,138.000,0.00000000,0.02313000,325.400,325.400,0,0,0.000,0.000,0,,0
N150307_N150344_2,,N150307,N150344,,138.000,0.00000000,0.02313000,325.400,325.400,0,0,0.000,0.000,0,,0
N150307_N150402_1,,N150307,N150402,,138.000,0.00000000,0.03891000,331.700,331.700,0,0,0.000,0.000,0,,0
N150307_N150402_2,,N150307,N150402,,138.000,0.00000000,0.03891000,331.700,331.700,0,0,0.000,0.000,0,,0
N150493_N150307_1,,N150493,N150307,,138.000,0.00000000,0.02581000,337.700,337.700,0,0,0.000,0.000,0,,0
N150493_N150307_2,,N150493,N150307,,138.000,0.00000000,0.02581000,337.700,337.700,0,0,0.000,0.000,0,,0
N150308_N150314_1,,N150308,N150314,,69.000,0.00000000,0.04660000,142.800,142.800,0,0,0.000,0.000,0,,0
N150315_N150308_1,,N150315,N150308,,69.000,0.00000000,0.05671000,136.500,136.500,0,0,0.000,0.000,0,,0
N150414_N150311_1,,N150414,N150311,,138.000,0.00000000,0.03987000,290.700,290.700,0,0,0.000,0.000,0,,0
N150318_N150312_1,,N150318,N150312,,69.000,0.00000000,0.02155000,150.900,150.900,0,0,0.000,0.000,0,,0
N150317_N150313_1,,N150317,N150313,,69.000,0.00000000,0.03287000,119.400,119.400,0,0,0.000,0.000,0,,0
N150314_N150318_1,,N150314,N150318,,69.000,0.00000000,0.03174000,146.600,146.600,0,0,0.000,0.000,0,,0
N150336_N150315_1,,N150336,N150315,,69.000,0.00000000,0.05814000,134.100,134.100,0,0,0.000,0.000,0,,0
N150316_N150410_1,,N150316,N150410,,138.000,0.00000000,0.11105000,272.200,272.200,0,0,0.000,0.000,0,,0
N150320_N150325_1,,N150320,N150325,,69.000,0.00000000,0.01023000,143.700,143.700,0,0,0.000,0.000,0,,0
N150320_N260157_1,,N150320,N260157,,69.000,0.00000000,0.06211000,139.800,139.800,0,0,0.000,0.000,0,,0
N150321_N150326_1,,N150321,N150326,,69.000,0.00000000,0.05571000,119.000,119.000,0,0,0.000,0.000,0,,0
N150328_N150321_1,,N150328,N150321,,69.000,0.00000000,0.03183000,124.000,124.000,0,0,0.000,0.000,0,,0
N260163_N150322_1,,N260163,N150322,,69.000,0.00000000,0.02838000,150.300,150.300,0,0,0.000,0.000,0,,0
N260166_N150322_1,,N260166,N150322,,69.000,0.00000000,0.07001000,149.700,149.700,0,0,0.000,0.000,0,,0
N150325_N150323_1,,N150325,N150323,,69.000,0.00000000,0.03193000,110.900,110.900,0,0,0.000,0.000,0,,0
N150326_N150323_1,,N150326,N150323,,69.000,0.00000000,0.02837000,117.400,117.400,0,0,0.000,0.000,0,,0
N150326_N260153_1,,N150326,N260153,,69.000,0.00000000,0.02723000,121.900,121.900,0,0,0.000,0.000,0,,0
N150329_N150340_1,,N150329,N150340,,69.000,0.00000000,0.03386000,152.800,152.800,0,0,0.000,0.000,0,,0
N150329_N150340_2,,N150329,N150340,,69.000,0.00000000,0.03386000,152.800,152.800,0,0,0.000,0.000,0,,0
N150347_N150329_1,,N150347,N150329,,69.000,0.00000000,0.01660000,153.400,153.400,0,0,0.000,0.000,0,,0
N150347_N150329_2,,N150347,N150329,,69.000,0.00000000,0.01660000,153.400,153.400,0,0,0.000,0.000,0,,0
N150330_N150338_1,,N150330,N150338,,69.000,0.00000000,0.01700000,116.600,116.600,0,0,0.000,0.000,0,,0
N150330_N150340_1,,N150330,N150340,,69.000,0.00000000,0.02655000,117.500,117.500,0,0,0.000,0.000,0,,0
N150331_N150342_1,,N150331,N150342,,138.000,0.00000000,0.01619000,232.500,232.500,0,0,0.000,0.000,0,,0
N150340_N150335_1,,N150340,N150335,,69.000,0.00000000,0.01712000,134.700,134.700,0,0,0.000,0.000,0,,0
N150345_N150336_1,,N150345,N150336,,69.000,0.00000000,0.03326000,106.900,106.900,0,0,0.000,0.000,0,,0
N150336_N150347_1,,N150336,N150347,,69.000,0.00000000,0.03898000,139.800,139.800,0,0,0.000,0.000,0,,0
N150337_N150342_1,,N150337,N150342,,138.000,0.00000000,0.01314000,500.000,500.000,0,0,0.000,0.000,0,,0
N150339_N150343_1,,N150339,N150343,,69.000,0.00000000,0.01386000,120.300,120.300,0,0,0.000,0.000,0,,0
N150341_N150430_1,,N150341,N150430,,345.000,0.00000000,0.00563000,1301.000,1301.000,0,1,0.000,0.000,0,,0
N150460_N150341_1,,N150460,N150341,,345.000,0.00000000,0.00877000,1369.800,1369.800,0,1,0.000,0.000,0,,0
N150460_N150341_2,,N150460,N150341,,345.000,0.00000000,0.00877000,1369.800,1369.800,0,1,0.000,0.000,0,,0
N150535_N150343_1,,N150535,N150343,,69.000,0.00000000,0.03943000,107.300,107.300,0,0,0.000,0.000,0,,0
N150347_N150348_1,,N150347,N150348,,69.000,0.00000000,0.01783000,138.500,138.500,0,0,0.000,0.000,0,,0
N150347_N150348_2,,N150347,N150348,,69.000,0.00000000,0.01783000,138.500,138.500,0,0,0.000,0.000,0,,0
N150349_N260184_1,,N150349,N260184,,69.000,0.00000000,0.04044000,105.200,105.200,0,0,0.000,0.000,0,,0
N150354_N150350_1,,N150354,N150350,,138.000,0.00000000,0.00861000,276.400,276.400,0,0,0.000,0.000,0,,0
N150350_N150359_1,,N150350,N150359,,138.000,0.00000000,0.00571000,271.300,271.300,0,0,0.000,0.000,0,,0
N150360_N150350_1,,N150360,N150350,,138.000,0.00000000,0.00668000,267.600,267.600,0,0,0.000,0.000,0,,0
N150350_N150361_1,,N150350,N150361,,138.000,0.00000000,0.00500000,229.700,229.700,0,0,0.000,0.000,0,,0
N150351_N150359_1,,N150351,N150359,,138.000,0.00000000,0.00814000,238.700,238.700,0,0,0.000,0.000,0,,0
N150352_N150516_1,,N150352,N150516,,138.000,0.00000000,0.08059000,247.400,247.400,0,0,0.000,0.000,0,,0
N150353_N150455_1,,N150353,N150455,,138.000,0.00000000,0.00997000,213.900,213.900,0,0,0.000,0.000,0,,0
N150354_N150361_1,,N150354,N150361,,138.000,0.00000000,0.01256000,241.000,241.000,0,0,0.000,0.000,0,,0
N150354_N150450_1,,N150354,N150450,,138.000,0.00000000,0.00651000,325.100,325.100,0,0,0.000,0.000,0,,0
N150354_N150450_2,,N150354,N150450,,138.000,0.00000000,0.00651000,325.100,325.100,0,0,0.000,0.000,0,,0
N150455_N150355_1,,N150455,N150355,,138.000,0.00000000,0.03390000,311.500,311.500,0,0,0.000,0.000,0,,0
N150356_N150358_1,,N150356,N150358,,138.000,0.00000000,0.00906000,252.900,252.900,0,0,0.000,0.000,0,,0
N150357_N150360_1,,N150357,N150360,,138.000,0.00000000,0.01404000,232.400,232.400,0,0,0.000,0.000,0,,0
N150357_N150362_1,,N150357,N150362,,138.000,0.00000000,0.01535000,260.400,260.400,0,0,0.000,0.000,0,,0
N150364_N150358_1,,N150364,N150358,,138.000,0.00000000,0.02318000,261.100,261.100,0,0,0.000,0.000,0,,0
N150450_N150362_1,,N150450,N150362,,138.000,0.00000000,0.00271000,283.900,283.900,0,0,0.000,0.000,0,,0
N150363_N150548_1,,N150363,N150548,,138.000,0.00000000,0.10522000,271.600,271.600,0,0,0.000,0.000,0,,0
N150365_N210002_1,,N150365,N210002,,138.000,0.00000000,0.03076000,287.400,287.400,0,0,0.000,0.000,0,,0
N150365_N260006_1,,N150365,N260006,,138.000,0.00000000,0.03330000,295.300,295.300,0,0,0.000,0.000,0,,0
N210324_N150366_1,,N210324,N150366,,138.000,0.00000000,0.01171000,285.100,285.100,0,0,0.000,0.000,0,,0
N150366_N260005_1,,N150366,N260005,,138.000,0.00000000,0.03249000,282.000,282.000,0,0,0.000,0.000,0,,0
N150367_N150369_1,,N150367,N150369,,345.000,0.00000000,0.00979000,1332.200,1332.200,0,1,0.000,0.000,0,,0
N150367_N150369_2,,N150367,N150369,,345.000,0.00000000,0.00979000,1332.200,1332.200,0,1,0.000,0.000,0,,0
N150367_N150434_1,,N150367,N150434,,345.000,0.00000000,0.00935000,1327.300,1327.300,0,1,0.000,0.000,0,,0
N150367_N150434_2,,N150367,N150434,,345.000,0.00000000,0.00935000,1327.300,1327.300,0,1,0.000,0.000,0,,0
N150367_N240231_1,,N150367,N240231,,345.000,0.00000000,0.05000000,1230.000,1230.000,0,1,0.000,0.000,0,,0
N150377_N150368_1,,N150377,N150368,,138.000,0.00000000,0.00663000,294.800,294.800,0,0,0.000,0.000,0,,0
N150380_N150368_1,,N150380,N150368,,138.000,0.00000000,0.00731000,317.700,317.700,0,0,0.000,0.000,0,,0
N150487_N150369_1,,N150487,N150369,,345.000,0.00000000,0.01324000,1259.000,1259.000,0,1,0.000,0.000,0,,0
N150370_N150374_1,,N150370,N150374,,138.000,0.00000000,0.01181000,307.200,307.200,0,0,0.000,0.000,0,,0
N150370_N150374_2,,N150370,N150374,,138.000,0.00000000,0.01181000,307.200,307.200,0,0,0.000,0.000,0,,0
N150390_N150370_1,,N150390,N150370,,138.000,0.00000000,0.01173000,279.600,279.600,0,0,0.000,0.000,0,,0
N150370_N150392_1,,N150370,N150392,,138.000,0.00000000,0.01357000,327.000,327.000,0,0,0.000,0.000,0,,0
N150370_N150392_2,,N150370,N150392,,138.000,0.00000000,0.01357000,327.000,327.000,0,0,0.000,0.000,0,,0
N150412_N150370_1,,N150412,N150370,,138.000,0.00000000,0.00813000,316.700,316.700,0,0,0.000,0.000,0,,0
N150412_N150370_2,,N150412,N150370,,138.000,0.00000000,0.00813000,316.700,316.700,0,0,0.000,0.000,0,,0
N150380_N150371_1,,N150380,N150371,,138.000,0.00000000,0.01510000,300.400,300.400,0,0,0.000,0.000,0,,0
N150372_N150392_1,,N150372,N150392,,138.000,0.00000000,0.02926000,339.900,339.900,0,0,0.000,0.000,0,,0
N150372_N150392_2,,N150372,N150392,,138.000,0.00000000,0.02926000,339.900,339.900,0,0,0.000,0.000,0,,0
N150372_N150493_1,,N150372,N150493,,138.000,0.00000000,0.01094000,337.500,337.500,0,0,0.000,0.000,0,,0
N150372_N150493_2,,N150372,N150493,,138.000,0.00000000,0.01094000,337.500,337.500,0,0,0.000,0.000,0,,0
N150410_N150373_1,,N150410,N150373,,138.000,0.00000000,0.00751000,274.000,274.000,0,0,0.000,0.000,0,,0
N150373_N150444_1,,N150373,N150444,,138.000,0.00000000,0.01610000,276.700,276.700,0,0,0.000,0.000,0,,0
N150391_N150374_1,,N150391,N150374,,138.000,0.00000000,0.01310000,306.100,306.100,0,0,0.000,0.000,0,,0
N150391_N150374_2,,N150391,N150374,,138.000,0.00000000,0.01310000,306.100,306.100,0,0,0.000,0.000,0,,0
N150375_N150532_1,,N150375,N150532,,345.000,0.00000000,0.00702000,959.300,959.300,0,1,0.000,0.000,0,,0
N150376_N150383_1,,N150376,N150383,,138.000,0.00000000,0.00841000,282.700,282.700,0,0,0.000,0.000,0,,0
N150377_N150388_1,,N150377,N150388,,138.000,0.00000000,0.00994000,296.000,296.000,0,0,0.000,0.000,0,,0
N150378_N150411_1,,N150378,N150411,,138.000,0.00000000,0.00704000,243.000,243.000,0,0,0.000,0.000,0,,0
N150444_N150379_1,,N150444,N150379,,138.000,0.00000000,0.01239000,276.200,276.200,0,0,0.000,0.000,0,,0
N150382_N150394_1,,N150382,N150394,,138.000,0.00000000,0.02394000,264.800,264.800,0,0,0.000,0.000,0,,0
N150404_N150382_1,,N150404,N150382,,138.000,0.00000000,0.01708000,272.900,272.900,0,0,0.000,0.000,0,,0
N150382_N150522_1,,N150382,N150522,,138.000,0.00000000,0.02036000,291.500,291.500,0,0,0.000,0.000,0,,0
N150382_N150522_2,,N150382,N150522,,138.000,0.00000000,0.02036000,291.500,291.500,0,0,0.000,0.000,0,,0
N150384_N150396_1,,N150384,N150396,,138.000,0.00000000,0.02999000,261.900,261.900,0,0,0.000,0.000,0,,0
N150387_N150495_1,,N150387,N150495,,138.000,0.00000000,0.04131000,324.400,324.400,0,0,0.000,0.000,0,,0
N150387_N150495_2,,N150387,N150495,,138.000,0.00000000,0.04131000,324.400,324.400,0,0,0.000,0.000,0,,0
N150413_N150391_1,,N150413,N150391,,138.000,0.00000000,0.01933000,305.200,305.200,0,0,0.000,0.000,0,,0
N150413_N150391_2,,N150413,N150391,,138.000,0.00000000,0.01933000,305.200,305.200,0,0,0.000,0.000,0,,0
N150392_N150412_1,,N150392,N150412,,138.000,0.00000000,0.00838000,316.200,316.200,0,0,0.000,0.000,0,,0
N150392_N150412_2,,N150392,N150412,,138.000,0.00000000,0.00838000,316.200,316.200,0,0,0.000,0.000,0,,0
N150393_N150394_1,,N150393,N150394,,138.000,0.00000000,0.02346000,260.800,260.800,0,0,0.000,0.000,0,,0
N150395_N150421_1,,N150395,N150421,,138.000,0.00000000,0.01826000,340.900,340.900,0,0,0.000,0.000,0,,0
N150395_N150421_2,,N150395,N150421,,138.000,0.00000000,0.01826000,340.900,340.900,0,0,0.000,0.000,0,,0
N150396_N150397_1,,N150396,N150397,,138.000,0.00000000,0.01092000,273.200,273.200,0,0,0.000,0.000,0,,0
N150396_N150398_1,,N150396,N150398,,138.000,0.00000000,0.01159000,291.000,291.000,0,0,0.000,0.000,0,,0
N150414_N150398_1,,N150414,N150398,,138.000,0.00000000,0.01874000,293.400,293.400,0,0,0.000,0.000,0,,0
N150399_N150400_1,,N150399,N150400,,138.000,0.00000000,0.01334000,313.900,313.900,0,0,0.000,0.000,0,,0
N150399_N150400_2,,N150399,N150400,,138.000,0.00000000,0.01334000,313.900,313.900,0,0,0.000,0.000,0,,0
N150413_N150399_1,,N150413,N150399,,138.000,0.00000000,0.01020000,304.100,304.100,0,0,0.000,0.000,0,,0
N150413_N150399_2,,N150413,N150399,,138.000,0.00000000,0.01020000,304.100,304.100,0,0,0.000,0.000,0,,0
N150401_N150400_1,,N150401,N150400,,138.000,0.00000000,0.01250000,313.400,313.400,0,0,0.000,0.000,0,,0
N150401_N150400_2,,N150401,N150400,,138.000,0.00000000,0.01250000,313.400,313.400,0,0,0.000,0.000,0,,0
N150401_N150402_1,,N150401,N150402,,138.000,0.00000000,0.01365000,315.500,315.500,0,0,0.000,0.000,0,,0
N150401_N150402_2,,N150401,N150402,,138.000,0.00000000,0.01365000,315.500,315.500,0,0,0.000,0.000,0,,0
N150404_N150407_1,,N150404,N150407,,138.000,0.00000000,0.01891000,264.300,264.300,0,0,0.000,0.000,0,,0
N150406_N150405_1,,N150406,N150405,,138.000,0.00000000,0.01181000,254.800,254.800,0,0,0.000,0.000,0,,0
N150406_N150407_1,,N150406,N150407,,138.000,0.00000000,0.01254000,260.500,260.500,0,0,0.000,0.000,0,,0
N150409_N150444_1,,N150409,N150444,,138.000,0.00000000,0.01006000,278.400,278.400,0,0,0.000,0.000,0,,0
N150522_N150415_1,,N150522,N150415,,138.000,0.00000000,0.02014000,274.800,274.800,0,0,0.000,0.000,0,,0
N150417_N150422_1,,N150417,N150422,,138.000,0.00000000,0.01914000,279.100,279.100,0,0,0.000,0.000,0,,0
N150417_N150465_1,,N150417,N150465,,138.000,0.00000000,0.01241000,266.500,266.500,0,0,0.000,0.000,0,,0
N150419_N150418_1,,N150419,N150418,,138.000,0.00000000,0.01237000,310.400,310.400,0,0,0.000,0.000,0,,0
N150425_N150422_1,,N150425,N150422,,138.000,0.00000000,0.02928000,296.000,296.000,0,0,0.000,0.000,0,,0
N150423_N150480_1,,N150423,N150480,,138.000,0.00000000,0.02330000,328.200,328.200,0,0,0.000,0.000,0,,0
N150423_N150480_2,,N150423,N150480,,138.000,0.00000000,0.02330000,328.200,328.200,0,0,0.000,0.000,0,,0
N150497_N150426_1,,N150497,N150426,,345.000,0.00000000,0.01159000,1303.100,1303.100,0,1,0.000,0.000,0,,0
N150426_N150503_1,,N150426,N150503,,345.000,0.00000000,0.00811000,1376.500,1376.500,0,1,0.000,0.000,0,,0
N150426_N150503_2,,N150426,N150503,,345.000,0.00000000,0.00811000,1376.500,1376.500,0,1,0.000,0.000,0,,0
N150460_N150430_1,,N150460,N150430,,345.000,0.00000000,0.02000000,1300.000,1300.000,0,1,0.000,0.000,0,,0
N150430_N260119_1,,N150430,N260119,,345.000,0.00000000,0.00951000,1161.900,1161.900,0,1,0.000,0.000,0,,0
N150430_N260137_1,,N150430,N260137,,345.000,0.00000000,0.00836000,1265.500,1265.500,0,1,0.000,0.000,0,,0
N150440_N150521_1,,N150440,N150521,,345.000,0.00000000,0.00290000,1459.300,1459.300,0,1,0.000,0.000,0,,0
N150440_N150521_2,,N150440,N150521,,345.000,0.00000000,0.00290000,1459.300,1459.300,0,1,0.000,0.000,0,,0
N150440_N150521_3,,N150440,N150521,,345.000,0.00000000,0.00290000,1459.300,1459.300,0,1,0.000,0.000,0,,0
N150440_N210090_1,,N150440,N210090,,345.000,0.00000000,0.01919000,1438.200,1438.200,0,1,0.000,0.000,0,,0
N150440_N210090_2,,N150440,N210090,,345.000,0.00000000,0.01919000,1438.200,1438.200,0,1,0.000,0.000,0,,0
N150460_N150443_1,,N150460,N150443,,345.000,0.00000000,0.00734000,1332.600,1332.600,0,1,0.000,0.000,0,,0
N150460_N150443_2,,N150460,N150443,,345.000,0.00000000,0.00734000,1332.600,1332.600,0,1,0.000,0.000,0,,0
N150475_N150443_1,,N150475,N150443,,345.000,0.00000000,0.00346000,1275.600,1275.600,0,1,0.000,0.000,0,,0
N150521_N150443_1,,N150521,N150443,,345.000,0.00000000,0.00370000,1303.900,1303.900,0,1,0.000,0.000,0,,0
N150500_N150449_1,,N150500,N150449,,345.000,0.00000000,0.01739000,1312.500,1312.500,0,1,0.000,0.000,0,,0
N150513_N150449_1,,N150513,N150449,,345.000,0.00000000,0.01810000,1280.900,1280.900,0,1,0.000,0.000,0,,0
N150449_N150526_1,,N150449,N150526,,345.000,0.00000000,0.01885000,1290.500,1290.500,0,1,0.000,0.000,0,,0
N150449_N150529_1,,N150449,N150529,,345.000,0.00000000,0.03000000,1500.000,1500.000,0,1,0.000,0.000,0,,0
N150449_N150550_1,,N150449,N150550,,345.000,0.00000000,0.02197000,1370.300,1370.300,0,1,0.000,0.000,0,,0
N150455_N150509_1,,N150455,N150509,,138.000,0.00000000,0.13101000,312.400,312.400,0,0,0.000,0.000,0,,0
N150475_N150460_1,,N150475,N150460,,345.000,0.00000000,0.01159000,1323.100,1323.100,0,1,0.000,0.000,0,,0
N150475_N150460_2,,N150475,N150460,,345.000,0.00000000,0.01159000,1323.100,1323.100,0,1,0.000,0.000,0,,0
N150460_N150521_1,,N150460,N150521,,345.000,0.00000000,0.01146000,1339.400,1339.400,0,1,0.000,0.000,0,,0
N150460_N150521_2,,N150460,N150521,,345.000,0.00000000,0.01146000,1339.400,1339.400,0,1,0.000,0.000,0,,0
N150460_N260206_1,,N150460,N260206,,345.000,0.00000000,0.00944000,1395.400,1395.400,0,1,0.000,0.000,0,,0
N150460_N260206_2,,N150460,N260206,,345.000,0.00000000,0.00944000,1395.400,1395.400,0,1,0.000,0.000,0,,0
N150464_N150487_1,,N150464,N150487,,345.000,0.00000000,0.00774000,1208.600,1208.600,0,1,0.000,0.000,0,,0
N150475_N150521_1,,N150475,N150521,,345.000,0.00000000,0.00033000,1361.800,1361.800,0,1,0.000,0.000,0,,0
N150475_N150521_2,,N150475,N150521,,345.000,0.00000000,0.00033000,1361.800,1361.800,0,1,0.000,0.000,0,,0
N150487_N150479_1,,N150487,N150479,,345.000,0.00000000,0.00348000,1387.800,1387.800,0,1,0.000,0.000,0,,0
N150487_N150479_2,,N150487,N150479,,345.000,0.00000000,0.00348000,1387.800,1387.800,0,1,0.000,0.000,0,,0
N150479_N150503_1,,N150479,N150503,,345.000,0.00000000,0.01108000,1367.500,1367.500,0,1,0.000,0.000,0,,0
N150487_N150503_1,,N150487,N150503,,345.000,0.00000000,0.00940000,1402.300,1402.300,0,1,0.000,0.000,0,,0
N150487_N150503_2,,N150487,N150503,,345.000,0.00000000,0.00940000,1402.300,1402.300,0,1,0.000,0.000,0,,0
N150497_N150500_1,,N150497,N150500,,345.000,0.00000000,0.02000000,1500.000,1500.000,0,1,0.000,0.000,0,,0
N150497_N150503_1,,N150497,N150503,,345.000,0.00000000,0.00845000,1600.000,1600.000,0,1,0.000,0.000,0,,0
N150497_N150503_2,,N150497,N150503,,345.000,0.00000000,0.00845000,1600.000,1600.000,0,1,0.000,0.000,0,,0
N150497_N240299_1,,N150497,N240299,,345.000,0.00000000,0.02890000,1273.000,1273.000,0,1,0.000,0.000,0,,0
N150497_N240299_2,,N150497,N240299,,345.000,0.00000000,0.02890000,1273.000,1273.000,0,1,0.000,0.000,0,,0
N150501_N150498_1,,N150501,N150498,,138.000,0.00000000,0.04207000,311.500,311.500,0,0,0.000,0.000,0,,0
N150498_N150516_1,,N150498,N150516,,138.000,0.00000000,0.06390000,281.200,281.200,0,0,0.000,0.000,0,,0
N150500_N150513_1,,N150500,N150513,,345.000,0.00000000,0.00701000,1282.700,1282.700,0,1,0.000,0.000,0,,0
N150501_N150516_1,,N150501,N150516,,138.000,0.00000000,0.01851000,303.600,303.600,0,0,0.000,0.000,0,,0
N150506_N150530_1,,N150506,N150530,,138.000,0.00000000,0.01417000,231.700,231.700,0,0,0.000,0.000,0,,0
N150509_N190036_1,,N150509,N190036,,138.000,0.00000000,0.29927000,304.900,304.900,0,0,0.000,0.000,0,,0
N150519_N190166_1,,N150519,N190166,,138.000,0.00000000,0.04387000,273.900,273.900,0,0,0.000,0.000,0,,0
N150521_N150532_1,,N150521,N150532,,345.000,0.00000000,0.01571000,1115.100,1115.100,0,1,0.000,0.000,0,,0
N150521_N150532_2,,N150521,N150532,,345.000,0.00000000,0.01571000,1115.100,1115.100,0,1,0.000,0.000,0,,0
N150521_N260206_1,,N150521,N260206,,345.000,0.00000000,0.01536000,1392.300,1392.300,0,1,0.000,0.000,0,,0
N150521_N260206_2,,N150521,N260206,,345.000,0.00000000,0.01536000,1392.300,1392.300,0,1,0.000,0.000,0,,0
N150526_N150550_1,,N150526,N150550,,345.000,0.00000000,0.00800000,1100.000,1100.000,0,1,0.000,0.000,0,,0
N150529_N170562_1,,N150529,N170562,,345.000,0.00000000,0.01912000,1200.000,1200.000,0,1,0.000,0.000,0,,0
N150530_N170007_1,,N150530,N170007,,138.000,0.00000000,0.02815000,253.300,253.300,0,0,0.000,0.000,0,,0
N240208_N150532_1,,N240208,N150532,,345.000,0.00000000,0.05000000,1561.600,1561.600,0,1,0.000,0.000,0,,0
N150535_N260072_1,,N150535,N260072,,69.000,0.00000000,0.03458000,108.100,108.100,0,0,0.000,0.000,0,,0
N150539_N170118_1,,N150539,N170118,,345.000,0.00000000,0.01542000,1195.600,1195.600,0,1,0.000,0.000,0,,0
N150540_N170556_1,,N150540,N170556,,138.000,0.00000000,0.02068000,500.000,500.000,0,0,0.000,0.000,0,,0
N150540_N170556_2,,N150540,N170556,,138.000,0.00000000,0.02068000,500.000,500.000,0,0,0.000,0.000,0,,0
N150548_N190166_1,,N150548,N190166,,138.000,0.00000000,0.05032000,301.600,301.600,0,0,0.000,0.000,0,,0
N190204_N150550_1,,N190204,N150550,,345.000,0.00000000,0.01179000,1360.800,1360.800,0,1,0.000,0.000,0,,0
N190204_N150550_2,,N190204,N150550,,345.000,0.00000000,0.01179000,1360.800,1360.800,0,1,0.000,0.000,0,,0
N160001_N160002_1,,N160001,N160002,,138.000,0.00000000,0.03817000,247.500,247.500,0,0,0.000,0.000,0,,0
N160006_N160001_1,,N160006,N160001,,138.000,0.00000000,0.06057000,299.300,299.300,0,0,0.000,0.000,0,,0
N160002_N160073_1,,N160002,N160073,,138.000,0.00000000,0.02983000,239.700,239.700,0,0,0.000,0.000,0,,0
N160008_N160003_1,,N160008,N160003,,138.000,0.00000000,0.08692000,247.100,247.100,0,0,0.000,0.000,0,,0
N160003_N200076_1,,N160003,N200076,,138.000,0.00000000,0.03457000,249.900,249.900,0,0,0.000,0.000,0,,0
N160045_N160004_1,,N160045,N160004,,138.000,0.00000000,0.07024000,277.100,277.100,0,0,0.000,0.000,0,,0
N160004_N160287_1,,N160004,N160287,,138.000,0.00000000,0.05146000,300.200,300.200,0,0,0.000,0.000,0,,0
N200069_N160004_1,,N200069,N160004,,138.000,0.00000000,0.06430000,263.600,263.600,0,0,0.000,0.000,0,,0
N160028_N160005_1,,N160028,N160005,,138.000,0.00000000,0.02663000,273.500,273.500,0,0,0.000,0.000,0,,0
N160005_N160029_1,,N160005,N160029,,138.000,0.00000000,0.04431000,237.600,237.600,0,0,0.000,0.000,0,,0
N180035_N160005_1,,N180035,N160005,,138.000,0.00000000,0.05809000,278.800,278.800,0,0,0.000,0.000,0,,0
N160006_N160007_1,,N160006,N160007,,138.000,0.00000000,0.02952000,265.900,265.900,0,0,0.000,0.000,0,,0
N160006_N160031_1,,N160006,N160031,,138.000,0.00000000,0.04291000,268.000,268.000,0,0,0.000,0.000,0,,0
N160007_N160024_1,,N160007,N160024,,138.000,0.00000000,0.02976000,270.700,270.700,0,0,0.000,0.000,0,,0
N160041_N160008_1,,N160041,N160008,,138.000,0.00000000,0.03524000,232.800,232.800,0,0,0.000,0.000,0,,0
N160152_N160009_1,,N160152,N160009,,138.000,0.00000000,0.01952000,292.500,292.500,0,0,0.000,0.000,0,,0
N160009_N160155_1,,N160009,N160155,,138.000,0.00000000,0.02548000,260.900,260.900,0,0,0.000,0.000,0,,0
N160204_N160009_1,,N160204,N160009,,138.000,0.00000000,0.02776000,293.900,293.900,0,0,0.000,0.000,0,,0
N160146_N160010_1,,N160146,N160010,,138.000,0.00000000,0.01051000,307.800,307.800,0,0,0.000,0.000,0,,0
N160245_N160010_1,,N160245,N160010,,138.000,0.00000000,0.00999000,313.500,313.500,0,0,0.000,0.000,0,,0
N160011_N160052_1,,N160011,N160052,,138.000,0.00000000,0.01082000,293.600,293.600,0,0,0.000,0.000,0,,0
N160185_N160011_1,,N160185,N160011,,138.000,0.00000000,0.00960000,294.400,294.400,0,0,0.000,0.000,0,,0
N160039_N160012_1,,N160039,N160012,,138.000,0.00000000,0.02638000,273.700,273.700,0,0,0.000,0.000,0,,0
N160059_N160012_1,,N160059,N160012,,138.000,0.00000000,0.01657000,275.900,275.900,0,0,0.000,0.000,0,,0
N160099_N160013_1,,N160099,N160013,,138.000,0.00000000,0.01628000,260.300,260.300,0,0,0.000,0.000,0,,0
N160013_N160182_1,,N160013,N160182,,138.000,0.00000000,0.08967000,259.100,259.100,0,0,0.000,0.000,0,,0
N160014_N160028_1,,N160014,N160028,,138.000,0.00000000,0.00846000,274.600,274.600,0,0,0.000,0.000,0,,0
N160093_N160014_1,,N160093,N160014,,138.000,0.00000000,0.01363000,276.500,276.500,0,0,0.000,0.000,0,,0
N160015_N160030_1,,N160015,N160030,,138.000,0.00000000,0.02336000,283.300,283.300,0,0,0.000,0.000,0,,0
N160033_N160015_1,,N160033,N160015,,138.000,0.00000000,0.03069000,282.000,282.000,0,0,0.000,0.000,0,,0
N160180_N160016_1,,N160180,N160016,,138.000,0.00000000,0.01577000,309.900,309.900,0,0,0.000,0.000,0,,0
N160016_N160302_1,,N160016,N160302,,138.000,0.00000000,0.01438000,310.900,310.900,0,0,0.000,0.000,0,,0
N160017_N160027_1,,N160017,N160027,,138.000,0.00000000,0.01817000,271.500,271.500,0,0,0.000,0.000,0,,0
N160017_N160039_1,,N160017,N160039,,138.000,0.00000000,0.04994000,269.500,269.500,0,0,0.000,0.000,0,,0
N160042_N160017_1,,N160042,N160017,,138.000,0.00000000,0.02253000,273.000,273.000,0,0,0.000,0.000,0,,0
N160018_N160186_1,,N160018,N160186,,138.000,0.00000000,0.00603000,260.100,260.100,0,0,0.000,0.000,0,,0
N160018_N160248_1,,N160018,N160248,,138.000,0.00000000,0.03917000,262.100,262.100,0,0,0.000,0.000,0,,0
N160019_N160157_1,,N160019,N160157,,138.000,0.00000000,0.01461000,344.700,344.700,0,0,0.000,0.000,0,,0
N160019_N160180_1,,N160019,N160180,,138.000,0.00000000,0.01749000,346.800,346.800,0,0,0.000,0.000,0,,0
N160020_N160147_1,,N160020,N160147,,138.000,0.00000000,0.01737000,301.200,301.200,0,0,0.000,0.000,0,,0
N160290_N160020_1,,N160290,N160020,,138.000,0.00000000,0.02602000,305.900,305.900,0,0,0.000,0.000,0,,0
N160021_N160026_1,,N160021,N160026,,138.000,0.00000000,0.01562000,316.300,316.300,0,0,0.000,0.000,0,,0
N160021_N160072_1,,N160021,N160072,,138.000,0.00000000,0.04993000,314.700,314.700,0,0,0.000,0.000,0,,0
N160183_N160022_1,,N160183,N160022,,138.000,0.00000000,0.00653000,286.200,286.200,0,0,0.000,0.000,0,,0
N160184_N160022_1,,N160184,N160022,,138.000,0.00000000,0.01244000,312.400,312.400,0,0,0.000,0.000,0,,0
N160022_N160257_1,,N160022,N160257,,138.000,0.00000000,0.04538000,297.400,297.400,0,0,0.000,0.000,0,,0
N160023_N160033_1,,N160023,N160033,,138.000,0.00000000,0.02825000,280.700,280.700,0,0,0.000,0.000,0,,0
N160073_N160023_1,,N160073,N160023,,138.000,0.00000000,0.04873000,280.000,280.000,0,0,0.000,0.000,0,,0
N160024_N160049_1,,N160024,N160049,,138.000,0.00000000,0.03653000,252.400,252.400,0,0,0.000,0.000,0,,0
N160024_N160061_1,,N160024,N160061,,138.000,0.00000000,0.07320000,231.600,231.600,0,0,0.000,0.000,0,,0
N160055_N160025_1,,N160055,N160025,,138.000,0.00000000,0.02179000,253.800,253.800,0,0,0.000,0.000,0,,0
N160095_N160025_1,,N160095,N160025,,138.000,0.00000000,0.02802000,240.500,240.500,0,0,0.000,0.000,0,,0
N160095_N160026_1,,N160095,N160026,,138.000,0.00000000,0.01866000,319.600,319.600,0,0,0.000,0.000,0,,0
N160027_N160096_1,,N160027,N160096,,138.000,0.00000000,0.01446000,270.700,270.700,0,0,0.000,0.000,0,,0
N160029_N160032_1,,N160029,N160032,,138.000,0.00000000,0.07602000,245.000,245.000,0,0,0.000,0.000,0,,0
N160061_N160029_1,,N160061,N160029,,138.000,0.00000000,0.00408000,251.600,251.600,0,0,0.000,0.000,0,,0
N160030_N160145_1,,N160030,N160145,,138.000,0.00000000,0.03701000,284.000,284.000,0,0,0.000,0.000,0,,0
N160030_N160229_1,,N160030,N160229,,138.000,0.00000000,0.05151000,284.800,284.800,0,0,0.000,0.000,0,,0
N160162_N160031_1,,N160162,N160031,,138.000,0.00000000,0.02753000,269.800,269.800,0,0,0.000,0.000,0,,0
N160213_N160032_1,,N160213,N160032,,138.000,0.00000000,0.04305000,247.300,247.300,0,0,0.000,0.000,0,,0
N160034_N160065_1,,N160034,N160065,,138.000,0.00000000,0.02999000,296.300,296.300,0,0,0.000,0.000,0,,0
N160182_N160034_1,,N160182,N160034,,138.000,0.00000000,0.01082000,297.400,297.400,0,0,0.000,0.000,0,,0
N160036_N160035_1,,N160036,N160035,,138.000,0.00000000,0.02911000,301.400,301.400,0,0,0.000,0.000,0,,0
N160035_N160051_1,,N160035,N160051,,138.000,0.00000000,0.03813000,274.300,274.300,0,0,0.000,0.000,0,,0
N160035_N160079_1,,N160035,N160079,,138.000,0.00000000,0.03675000,333.300,333.300,0,0,0.000,0.000,0,,0
N160277_N160036_1,,N160277,N160036,,138.000,0.00000000,0.02011000,302.500,302.500,0,0,0.000,0.000,0,,0
N160037_N160146_1,,N160037,N160146,,138.000,0.00000000,0.00887000,209.800,209.800,0,0,0.000,0.000,0,,0
N160038_N160182_1,,N160038,N160182,,138.000,0.00000000,0.02914000,326.100,326.100,0,0,0.000,0.000,0,,0
N160038_N160272_1,,N160038,N160272,,138.000,0.00000000,0.00392000,326.700,326.700,0,0,0.000,0.000,0,,0
N160040_N160043_1,,N160040,N160043,,138.000,0.00000000,0.03494000,276.700,276.700,0,0,0.000,0.000,0,,0
N160040_N160091_1,,N160040,N160091,,138.000,0.00000000,0.02612000,275.900,275.900,0,0,0.000,0.000,0,,0
N160041_N160042_1,,N160041,N160042,,138.000,0.00000000,0.03883000,255.300,255.300,0,0,0.000,0.000,0,,0
N160053_N160041_1,,N160053,N160041,,138.000,0.00000000,0.03048000,240.900,240.900,0,0,0.000,0.000,0,,0
N160054_N160042_1,,N160054,N160042,,138.000,0.00000000,0.06641000,236.500,236.500,0,0,0.000,0.000,0,,0
N160043_N160049_1,,N160043,N160049,,138.000,0.00000000,0.07369000,263.300,263.300,0,0,0.000,0.000,0,,0
N160043_N160098_1,,N160043,N160098,,138.000,0.00000000,0.01489000,322.900,322.900,0,0,0.000,0.000,0,,0
N160213_N160043_1,,N160213,N160043,,138.000,0.00000000,0.00968000,272.600,272.600,0,0,0.000,0.000,0,,0
N160046_N160044_1,,N160046,N160044,,138.000,0.00000000,0.02855000,314.400,314.400,0,0,0.000,0.000,0,,0
N160044_N160047_1,,N160044,N160047,,138.000,0.00000000,0.08361000,278.600,278.600,0,0,0.000,0.000,0,,0
N160050_N160044_1,,N160050,N160044,,138.000,0.00000000,0.01968000,342.100,342.100,0,0,0.000,0.000,0,,0
N160044_N160097_1,,N160044,N160097,,138.000,0.00000000,0.01480000,332.200,332.200,0,0,0.000,0.000,0,,0
N160053_N160045_1,,N160053,N160045,,138.000,0.00000000,0.05047000,264.400,264.400,0,0,0.000,0.000,0,,0
N160280_N160046_1,,N160280,N160046,,138.000,0.00000000,0.03390000,314.500,314.500,0,0,0.000,0.000,0,,0
N160047_N160160_1,,N160047,N160160,,138.000,0.00000000,0.01863000,353.900,353.900,0,0,0.000,0.000,0,,0
N160047_N160160_2,,N160047,N160160,,138.000,0.00000000,0.01863000,353.900,353.900,0,0,0.000,0.000,0,,0
N160285_N160047_1,,N160285,N160047,,138.000,0.00000000,0.01373000,349.700,349.700,0,0,0.000,0.000,0,,0
N160285_N160047_2,,N160285,N160047,,138.000,0.00000000,0.01373000,349.700,349.700,0,0,0.000,0.000,0,,0
N160048_N160050_1,,N160048,N160050,,138.000,0.00000000,0.03212000,345.400,345.400,0,0,0.000,0.000,0,,0
N160274_N160048_1,,N160274,N160048,,138.000,0.00000000,0.04220000,349.900,349.900,0,0,0.000,0.000,0,,0
N160051_N160066_1,,N160051,N160066,,138.000,0.00000000,0.02815000,262.300,262.300,0,0,0.000,0.000,0,,0
N160051_N160186_1,,N160051,N160186,,138.000,0.00000000,0.05922000,253.400,253.400,0,0,0.000,0.000,0,,0
N160052_N160184_1,,N160052,N160184,,138.000,0.00000000,0.00637000,288.900,288.900,0,0,0.000,0.000,0,,0
N160053_N160054_1,,N160053,N160054,,138.000,0.00000000,0.04085000,236.800,236.800,0,0,0.000,0.000,0,,0
N160096_N160055_1,,N160096,N160055,,138.000,0.00000000,0.00685000,269.700,269.700,0,0,0.000,0.000,0,,0
N160056_N160089_1,,N160056,N160089,,138.000,0.00000000,0.09838000,278.600,278.600,0,0,0.000,0.000,0,,0
N160300_N160056_1,,N160300,N160056,,138.000,0.00000000,0.01236000,289.900,289.900,0,0,0.000,0.000,0,,0
N160155_N160057_1,,N160155,N160057,,138.000,0.00000000,0.01634000,279.400,279.400,0,0,0.000,0.000,0,,0
N160204_N160057_1,,N160204,N160057,,138.000,0.00000000,0.01453000,280.300,280.300,0,0,0.000,0.000,0,,0
N160060_N160058_1,,N160060,N160058,,138.000,0.00000000,0.03530000,255.600,255.600,0,0,0.000,0.000,0,,0
N160058_N160155_1,,N160058,N160155,,138.000,0.00000000,0.02941000,233.600,233.600,0,0,0.000,0.000,0,,0
N160059_N160285_1,,N160059,N160285,,138.000,0.00000000,0.02870000,277.900,277.900,0,0,0.000,0.000,0,,0
N160063_N160060_1,,N160063,N160060,,138.000,0.00000000,0.05515000,266.700,266.700,0,0,0.000,0.000,0,,0
N160064_N160060_1,,N160064,N160060,,138.000,0.00000000,0.05565000,244.100,244.100,0,0,0.000,0.000,0,,0
N160062_N160065_1,,N160062,N160065,,138.000,0.00000000,0.02895000,296.200,296.200,0,0,0.000,0.000,0,,0
N160129_N160062_1,,N160129,N160062,,138.000,0.00000000,0.02307000,282.900,282.900,0,0,0.000,0.000,0,,0
N160062_N160181_1,,N160062,N160181,,138.000,0.00000000,0.01638000,243.400,243.400,0,0,0.000,0.000,0,,0
N160063_N160290_1,,N160063,N160290,,138.000,0.00000000,0.00415000,267.300,267.300,0,0,0.000,0.000,0,,0
N160064_N160154_1,,N160064,N160154,,138.000,0.00000000,0.09183000,243.300,243.300,0,0,0.000,0.000,0,,0
N160064_N160160_1,,N160064,N160160,,138.000,0.00000000,0.11069000,233.400,233.400,0,0,0.000,0.000,0,,0
N160066_N160179_1,,N160066,N160179,,138.000,0.00000000,0.01249000,273.100,273.100,0,0,0.000,0.000,0,,0
N160075_N160067_1,,N160075,N160067,,138.000,0.00000000,0.04075000,264.400,264.400,0,0,0.000,0.000,0,,0
N160067_N160077_1,,N160067,N160077,,138.000,0.00000000,0.02864000,289.900,289.900,0,0,0.000,0.000,0,,0
N160086_N160067_1,,N160086,N160067,,138.000,0.00000000,0.02486000,257.900,257.900,0,0,0.000,0.000,0,,0
N160088_N160068_1,,N160088,N160068,,138.000,0.00000000,0.03373000,272.500,272.500,0,0,0.000,0.000,0,,0
N160068_N270076_1,,N160068,N270076,,138.000,0.00000000,0.01563000,273.700,273.700,0,0,0.000,0.000,0,,0
N160069_N160076_1,,N160069,N160076,,138.000,0.00000000,0.01351000,270.400,270.400,0,0,0.000,0.000,0,,0
N160069_N270080_1,,N160069,N270080,,138.000,0.00000000,0.03080000,266.900,266.900,0,0,0.000,0.000,0,,0
N160070_N160072_1,,N160070,N160072,,138.000,0.00000000,0.02991000,293.700,293.700,0,0,0.000,0.000,0,,0
N160070_N160083_1,,N160070,N160083,,138.000,0.00000000,0.01842000,291.900,291.900,0,0,0.000,0.000,0,,0
N160071_N160073_1,,N160071,N160073,,138.000,0.00000000,0.04116000,287.400,287.400,0,0,0.000,0.000,0,,0
N160072_N160078_1,,N160072,N160078,,138.000,0.00000000,0.04501000,273.400,273.400,0,0,0.000,0.000,0,,0
N160075_N160085_1,,N160075,N160085,,138.000,0.00000000,0.02373000,265.700,265.700,0,0,0.000,0.000,0,,0
N160076_N160088_1,,N160076,N160088,,138.000,0.00000000,0.02095000,271.100,271.100,0,0,0.000,0.000,0,,0
N160077_N160107_1,,N160077,N160107,,138.000,0.00000000,0.02874000,286.800,286.800,0,0,0.000,0.000,0,,0
N160084_N160078_1,,N160084,N160078,,138.000,0.00000000,0.02757000,256.600,256.600,0,0,0.000,0.000,0,,0
N160079_N160087_1,,N160079,N160087,,138.000,0.00000000,0.02488000,330.800,330.800,0,0,0.000,0.000,0,,0
N160209_N160080_1,,N160209,N160080,,345.000,0.00000000,0.02334000,1167.000,1167.000,0,1,0.000,0.000,0,,0
N160080_N160299_1,,N160080,N160299,,345.000,0.00000000,0.00693000,1260.900,1260.900,0,1,0.000,0.000,0,,0
N160081_N160177_1,,N160081,N160177,,138.000,0.00000000,0.02127000,269.400,269.400,0,0,0.000,0.000,0,,0
N160083_N160178_1,,N160083,N160178,,138.000,0.00000000,0.01601000,286.800,286.800,0,0,0.000,0.000,0,,0
N160084_N160087_1,,N160084,N160087,,138.000,0.00000000,0.03983000,256.900,256.900,0,0,0.000,0.000,0,,0
N160089_N160085_1,,N160089,N160085,,138.000,0.00000000,0.03644000,265.900,265.900,0,0,0.000,0.000,0,,0
N160090_N160086_1,,N160090,N160086,,138.000,0.00000000,0.02659000,259.400,259.400,0,0,0.000,0.000,0,,0
N160090_N160087_1,,N160090,N160087,,138.000,0.00000000,0.03628000,310.800,310.800,0,0,0.000,0.000,0,,0
N160089_N160181_1,,N160089,N160181,,138.000,0.00000000,0.02608000,237.200,237.200,0,0,0.000,0.000,0,,0
N160135_N160090_1,,N160135,N160090,,138.000,0.00000000,0.03727000,277.400,277.400,0,0,0.000,0.000,0,,0
N160093_N160091_1,,N160093,N160091,,138.000,0.00000000,0.00715000,259.400,259.400,0,0,0.000,0.000,0,,0
N160092_N160279_1,,N160092,N160279,,345.000,0.00000000,0.02754000,1099.500,1099.500,0,1,0.000,0.000,0,,0
N160092_N160299_1,,N160092,N160299,,345.000,0.00000000,0.01600000,1066.700,1066.700,0,1,0.000,0.000,0,,0
N160094_N160099_1,,N160094,N160099,,138.000,0.00000000,0.07290000,270.300,270.300,0,0,0.000,0.000,0,,0
N160094_N160213_1,,N160094,N160213,,138.000,0.00000000,0.00528000,275.000,275.000,0,0,0.000,0.000,0,,0
N160300_N160095_1,,N160300,N160095,,138.000,0.00000000,0.01172000,324.700,324.700,0,0,0.000,0.000,0,,0
N160098_N160097_1,,N160098,N160097,,138.000,0.00000000,0.00514000,330.000,330.000,0,0,0.000,0.000,0,,0
N160146_N160099_1,,N160146,N160099,,138.000,0.00000000,0.01143000,270.300,270.300,0,0,0.000,0.000,0,,0
N160172_N160100_1,,N160172,N160100,,138.000,0.00000000,0.01602000,297.300,297.300,0,0,0.000,0.000,0,,0
N160100_N270085_1,,N160100,N270085,,138.000,0.00000000,0.01863000,292.600,292.600,0,0,0.000,0.000,0,,0
N160103_N160101_1,,N160103,N160101,,138.000,0.00000000,0.03016000,274.100,274.100,0,0,0.000,0.000,0,,0
N160101_N160166_1,,N160101,N160166,,138.000,0.00000000,0.03264000,276.000,276.000,0,0,0.000,0.000,0,,0
N160102_N160169_1,,N160102,N160169,,138.000,0.00000000,0.03534000,290.200,290.200,0,0,0.000,0.000,0,,0
N160116_N160103_1,,N160116,N160103,,138.000,0.00000000,0.02405000,332.300,332.300,0,0,0.000,0.000,0,,0
N160103_N160127_1,,N160103,N160127,,138.000,0.00000000,0.01646000,319.200,319.200,0,0,0.000,0.000,0,,0
N160104_N160167_1,,N160104,N160167,,138.000,0.00000000,0.01364000,271.800,271.800,0,0,0.000,0.000,0,,0
N160104_N160241_1,,N160104,N160241,,138.000,0.00000000,0.01366000,274.900,274.900,0,0,0.000,0.000,0,,0
N160105_N160131_1,,N160105,N160131,,138.000,0.00000000,0.03805000,299.900,299.900,0,0,0.000,0.000,0,,0
N160105_N270083_1,,N160105,N270083,,138.000,0.00000000,0.02038000,296.500,296.500,0,0,0.000,0.000,0,,0
N160107_N160106_1,,N160107,N160106,,138.000,0.00000000,0.01920000,264.900,264.900,0,0,0.000,0.000,0,,0
N160171_N160106_1,,N160171,N160106,,138.000,0.00000000,0.01434000,263.500,263.500,0,0,0.000,0.000,0,,0
N160107_N160117_1,,N160107,N160117,,138.000,0.00000000,0.02431000,248.000,248.000,0,0,0.000,0.000,0,,0
N160109_N160108_1,,N160109,N160108,,138.000,0.00000000,0.02484000,304.800,304.800,0,0,0.000,0.000,0,,0
N160121_N160108_1,,N160121,N160108,,138.000,0.00000000,0.02953000,270.800,270.800,0,0,0.000,0.000,0,,0
N160108_N160126_1,,N160108,N160126,,138.000,0.00000000,0.03271000,270.300,270.300,0,0,0.000,0.000,0,,0
N160110_N160109_1,,N160110,N160109,,138.000,0.00000000,0.05473000,334.300,334.300,0,0,0.000,0.000,0,,0
N160129_N160109_1,,N160129,N160109,,138.000,0.00000000,0.04370000,282.800,282.800,0,0,0.000,0.000,0,,0
N160109_N160132_1,,N160109,N160132,,138.000,0.00000000,0.03448000,309.700,309.700,0,0,0.000,0.000,0,,0
N160110_N160184_1,,N160110,N160184,,138.000,0.00000000,0.04569000,334.800,334.800,0,0,0.000,0.000,0,,0
N160114_N160111_1,,N160114,N160111,,138.000,0.00000000,0.02787000,311.500,311.500,0,0,0.000,0.000,0,,0
N160111_N160133_1,,N160111,N160133,,138.000,0.00000000,0.03160000,308.600,308.600,0,0,0.000,0.000,0,,0
N160112_N160168_1,,N160112,N160168,,138.000,0.00000000,0.02243000,281.300,281.300,0,0,0.000,0.000,0,,0
N160112_N270087_1,,N160112,N270087,,138.000,0.00000000,0.03470000,279.800,279.800,0,0,0.000,0.000,0,,0
N160113_N160171_1,,N160113,N160171,,138.000,0.00000000,0.00795000,260.000,260.000,0,0,0.000,0.000,0,,0
N160113_N160173_1,,N160113,N160173,,138.000,0.00000000,0.01421000,319.300,319.300,0,0,0.000,0.000,0,,0
N160113_N160193_1,,N160113,N160193,,138.000,0.00000000,0.00514000,314.900,314.900,0,0,0.000,0.000,0,,0
N160114_N160137_1,,N160114,N160137,,138.000,0.00000000,0.05184000,313.800,313.800,0,0,0.000,0.000,0,,0
N160117_N160115_1,,N160117,N160115,,138.000,0.00000000,0.01550000,311.500,311.500,0,0,0.000,0.000,0,,0
N160115_N160130_1,,N160115,N160130,,138.000,0.00000000,0.01926000,310.100,310.100,0,0,0.000,0.000,0,,0
N160116_N160118_1,,N160116,N160118,,138.000,0.00000000,0.01845000,332.700,332.700,0,0,0.000,0.000,0,,0
N160225_N160117_1,,N160225,N160117,,138.000,0.00000000,0.00276000,301.000,301.000,0,0,0.000,0.000,0,,0
N160296_N160117_1,,N160296,N160117,,138.000,0.00000000,0.00766000,261.700,261.700,0,0,0.000,0.000,0,,0
N160118_N160125_1,,N160118,N160125,,138.000,0.00000000,0.09266000,242.000,242.000,0,0,0.000,0.000,0,,0
N160118_N160165_1,,N160118,N160165,,138.000,0.00000000,0.03183000,320.100,320.100,0,0,0.000,0.000,0,,0
N160128_N160119_1,,N160128,N160119,,138.000,0.00000000,0.03097000,255.500,255.500,0,0,0.000,0.000,0,,0
N160119_N160167_1,,N160119,N160167,,138.000,0.00000000,0.01279000,255.700,255.700,0,0,0.000,0.000,0,,0
N160120_N160175_1,,N160120,N160175,,138.000,0.00000000,0.02055000,320.100,320.100,0,0,0.000,0.000,0,,0
N160225_N160121_1,,N160225,N160121,,138.000,0.00000000,0.02113000,265.600,265.600,0,0,0.000,0.000,0,,0
N160122_N160125_1,,N160122,N160125,,138.000,0.00000000,0.04680000,253.200,253.200,0,0,0.000,0.000,0,,0
N160122_N160136_1,,N160122,N160136,,138.000,0.00000000,0.02990000,247.000,247.000,0,0,0.000,0.000,0,,0
N160122_N160211_1,,N160122,N160211,,138.000,0.00000000,0.01740000,230.300,230.300,0,0,0.000,0.000,0,,0
N160123_N160124_1,,N160123,N160124,,138.000,0.00000000,0.01986000,323.400,323.400,0,0,0.000,0.000,0,,0
N160123_N160165_1,,N160123,N160165,,138.000,0.00000000,0.02280000,324.600,324.600,0,0,0.000,0.000,0,,0
N160124_N160175_1,,N160124,N160175,,138.000,0.00000000,0.05779000,322.700,322.700,0,0,0.000,0.000,0,,0
N160131_N160126_1,,N160131,N160126,,138.000,0.00000000,0.03071000,251.700,251.700,0,0,0.000,0.000,0,,0
N160127_N160164_1,,N160127,N160164,,138.000,0.00000000,0.00688000,319.200,319.200,0,0,0.000,0.000,0,,0
N160130_N160128_1,,N160130,N160128,,138.000,0.00000000,0.02192000,294.400,294.400,0,0,0.000,0.000,0,,0
N160130_N270087_1,,N160130,N270087,,138.000,0.00000000,0.04432000,284.100,284.100,0,0,0.000,0.000,0,,0
N160135_N160131_1,,N160135,N160131,,138.000,0.00000000,0.04731000,276.600,276.600,0,0,0.000,0.000,0,,0
N160132_N160134_1,,N160132,N160134,,138.000,0.00000000,0.03775000,247.400,247.400,0,0,0.000,0.000,0,,0
N160132_N160241_1,,N160132,N160241,,138.000,0.00000000,0.03101000,291.600,291.600,0,0,0.000,0.000,0,,0
N160133_N270084_1,,N160133,N270084,,138.000,0.00000000,0.02863000,265.400,265.400,0,0,0.000,0.000,0,,0
N160134_N160136_1,,N160134,N160136,,138.000,0.00000000,0.08421000,247.100,247.100,0,0,0.000,0.000,0,,0
N160137_N160235_1,,N160137,N160235,,138.000,0.00000000,0.00660000,316.200,316.200,0,0,0.000,0.000,0,,0
N160229_N160138_1,,N160229,N160138,,138.000,0.00000000,0.00401000,285.300,285.300,0,0,0.000,0.000,0,,0
N160138_N160282_1,,N160138,N160282,,138.000,0.00000000,0.00789000,304.200,304.200,0,0,0.000,0.000,0,,0
N160139_N160252_1,,N160139,N160252,,345.000,0.00000000,0.00431000,1255.900,1255.900,0,1,0.000,0.000,0,,0
N160299_N160139_1,,N160299,N160139,,345.000,0.00000000,0.01294000,1210.000,1210.000,0,1,0.000,0.000,0,,0
N160140_N160227_1,,N160140,N160227,,138.000,0.00000000,0.00248000,340.900,340.900,0,0,0.000,0.000,0,,0
N160141_N160148_1,,N160141,N160148,,138.000,0.00000000,0.00631000,282.700,282.700,0,0,0.000,0.000,0,,0
N160156_N160141_1,,N160156,N160141,,138.000,0.00000000,0.00973000,249.200,249.200,0,0,0.000,0.000,0,,0
N160144_N160142_1,,N160144,N160142,,138.000,0.00000000,0.00533000,287.200,287.200,0,0,0.000,0.000,0,,0
N160157_N160142_1,,N160157,N160142,,138.000,0.00000000,0.01066000,294.200,294.200,0,0,0.000,0.000,0,,0
N160149_N160143_1,,N160149,N160143,,138.000,0.00000000,0.00875000,262.700,262.700,0,0,0.000,0.000,0,,0
N160143_N160158_1,,N160143,N160158,,138.000,0.00000000,0.00637000,281.400,281.400,0,0,0.000,0.000,0,,0
N160159_N160143_1,,N160159,N160143,,138.000,0.00000000,0.00665000,293.400,293.400,0,0,0.000,0.000,0,,0
N160148_N160144_1,,N160148,N160144,,138.000,0.00000000,0.00619000,332.900,332.900,0,0,0.000,0.000,0,,0
N160144_N160150_1,,N160144,N160150,,138.000,0.00000000,0.00682000,327.400,327.400,0,0,0.000,0.000,0,,0
N160145_N160163_1,,N160145,N160163,,138.000,0.00000000,0.01535000,294.100,294.100,0,0,0.000,0.000,0,,0
N160146_N160162_1,,N160146,N160162,,138.000,0.00000000,0.01093000,277.800,277.800,0,0,0.000,0.000,0,,0
N160147_N160148_1,,N160147,N160148,,138.000,0.00000000,0.00935000,284.700,284.700,0,0,0.000,0.000,0,,0
N160148_N160159_1,,N160148,N160159,,138.000,0.00000000,0.00537000,315.500,315.500,0,0,0.000,0.000,0,,0
N160149_N160154_1,,N160149,N160154,,138.000,0.00000000,0.01002000,273.400,273.400,0,0,0.000,0.000,0,,0
N160150_N160160_1,,N160150,N160160,,138.000,0.00000000,0.00250000,327.900,327.900,0,0,0.000,0.000,0,,0
N160161_N160151_1,,N160161,N160151,,138.000,0.00000000,0.01543000,281.500,281.500,0,0,0.000,0.000,0,,0
N160151_N160204_1,,N160151,N160204,,138.000,0.00000000,0.04233000,292.700,292.700,0,0,0.000,0.000,0,,0
N160154_N160152_1,,N160154,N160152,,138.000,0.00000000,0.00804000,272.800,272.800,0,0,0.000,0.000,0,,0
N160160_N160153_1,,N160160,N160153,,138.000,0.00000000,0.00521000,307.600,307.600,0,0,0.000,0.000,0,,0
N160153_N160161_1,,N160153,N160161,,138.000,0.00000000,0.00947000,289.600,289.600,0,0,0.000,0.000,0,,0
N160157_N160282_1,,N160157,N160282,,138.000,0.00000000,0.00877000,304.600,304.600,0,0,0.000,0.000,0,,0
N160158_N160204_1,,N160158,N160204,,138.000,0.00000000,0.03782000,305.600,305.600,0,0,0.000,0.000,0,,0
N160227_N160163_1,,N160227,N160163,,138.000,0.00000000,0.00877000,348.900,348.900,0,0,0.000,0.000,0,,0
N160163_N160245_1,,N160163,N160245,,138.000,0.00000000,0.01188000,302.000,302.000,0,0,0.000,0.000,0,,0
N160164_N270084_1,,N160164,N270084,,138.000,0.00000000,0.02583000,308.400,308.400,0,0,0.000,0.000,0,,0
N160235_N160165_1,,N160235,N160165,,138.000,0.00000000,0.00262000,350.300,350.300,0,0,0.000,0.000,0,,0
N160265_N160166_1,,N160265,N160166,,138.000,0.00000000,0.00102000,279.900,279.900,0,0,0.000,0.000,0,,0
N160168_N160170_1,,N160168,N160170,,138.000,0.00000000,0.00786000,298.600,298.600,0,0,0.000,0.000,0,,0
N160265_N160169_1,,N160265,N160169,,138.000,0.00000000,0.00848000,362.300,362.300,0,0,0.000,0.000,0,,0
N160265_N160169_2,,N160265,N160169,,138.000,0.00000000,0.00848000,362.300,362.300,0,0,0.000,0.000,0,,0
N160170_N160176_1,,N160170,N160176,,138.000,0.00000000,0.00928000,313.100,313.100,0,0,0.000,0.000,0,,0
N160170_N160193_1,,N160170,N160193,,138.000,0.00000000,0.00949000,320.500,320.500,0,0,0.000,0.000,0,,0
N160296_N160170_1,,N160296,N160170,,138.000,0.00000000,0.01587000,303.500,303.500,0,0,0.000,0.000,0,,0
N160172_N160173_1,,N160172,N160173,,138.000,0.00000000,0.01195000,306.200,306.200,0,0,0.000,0.000,0,,0
N160174_N160173_1,,N160174,N160173,,138.000,0.00000000,0.00709000,279.100,279.100,0,0,0.000,0.000,0,,0
N160176_N160174_1,,N160176,N160174,,138.000,0.00000000,0.00574000,287.800,287.800,0,0,0.000,0.000,0,,0
N160175_N160292_1,,N160175,N160292,,138.000,0.00000000,0.01035000,317.200,317.200,0,0,0.000,0.000,0,,0
N160178_N160177_1,,N160178,N160177,,138.000,0.00000000,0.00607000,284.600,284.600,0,0,0.000,0.000,0,,0
N160185_N160179_1,,N160185,N160179,,138.000,0.00000000,0.01132000,303.300,303.300,0,0,0.000,0.000,0,,0
N160179_N160257_1,,N160179,N160257,,138.000,0.00000000,0.01364000,335.600,335.600,0,0,0.000,0.000,0,,0
N160187_N160180_1,,N160187,N160180,,138.000,0.00000000,0.01308000,294.500,294.500,0,0,0.000,0.000,0,,0
N160183_N160277_1,,N160183,N160277,,138.000,0.00000000,0.06099000,302.900,302.900,0,0,0.000,0.000,0,,0
N160248_N160187_1,,N160248,N160187,,138.000,0.00000000,0.00977000,315.900,315.900,0,0,0.000,0.000,0,,0
N160203_N160188_1,,N160203,N160188,,345.000,0.00000000,0.00828000,1008.100,1008.100,0,1,0.000,0.000,0,,0
N160252_N160188_1,,N160252,N160188,,345.000,0.00000000,0.00053000,1203.500,1203.500,0,1,0.000,0.000,0,,0
N160271_N160188_1,,N160271,N160188,,345.000,0.00000000,0.00497000,1199.500,1199.500,0,1,0.000,0.000,0,,0
N160192_N160196_1,,N160192,N160196,,345.000,0.00000000,0.00607000,1112.500,1112.500,0,1,0.000,0.000,0,,0
N160234_N160192_1,,N160234,N160192,,345.000,0.00000000,0.01167000,1135.700,1135.700,0,1,0.000,0.000,0,,0
N160196_N160209_1,,N160196,N160209,,345.000,0.00000000,0.00876000,1213.700,1213.700,0,1,0.000,0.000,0,,0
N160196_N230263_1,,N160196,N230263,,345.000,0.00000000,0.02946000,1226.400,1226.400,0,1,0.000,0.000,0,,0
N160197_N270082_1,,N160197,N270082,,138.000,0.00000000,0.04765000,329.800,329.800,0,0,0.000,0.000,0,,0
N160289_N160203_1,,N160289,N160203,,345.000,0.00000000,0.00862000,1045.300,1045.300,0,1,0.000,0.000,0,,0
N160211_N160241_1,,N160211,N160241,,138.000,0.00000000,0.02497000,229.900,229.900,0,0,0.000,0.000,0,,0
N160215_N160234_1,,N160215,N160234,,345.000,0.00000000,0.00952000,1185.600,1185.600,0,1,0.000,0.000,0,,0
N160215_N160264_1,,N160215,N160264,,345.000,0.00000000,0.00167000,1273.200,1273.200,0,1,0.000,0.000,0,,0
N160215_N160264_2,,N160215,N160264,,345.000,0.00000000,0.00167000,1273.200,1273.200,0,1,0.000,0.000,0,,0
N160234_N160271_1,,N160234,N160271,,345.000,0.00000000,0.03207000,1239.200,1239.200,0,1,0.000,0.000,0,,0
N160256_N160247_1,,N160256,N160247,,345.000,0.00000000,0.00065000,1058.500,1058.500,0,1,0.000,0.000,0,,0
N160276_N160247_1,,N160276,N160247,,345.000,0.00000000,0.00628000,978.500,978.500,0,1,0.000,0.000,0,,0
N160256_N160271_1,,N160256,N160271,,345.000,0.00000000,0.00674000,1137.500,1137.500,0,1,0.000,0.000,0,,0
N160261_N160268_1,,N160261,N160268,,345.000,0.00000000,0.00573000,1089.000,1089.000,0,1,0.000,0.000,0,,0
N160279_N160261_1,,N160279,N160261,,345.000,0.00000000,0.01067000,1081.900,1081.900,0,1,0.000,0.000,0,,0
N160261_N200187_1,,N160261,N200187,,345.000,0.00000000,0.01790000,1021.300,1021.300,0,1,0.000,0.000,0,,0
N160287_N160262_1,,N160287,N160262,,138.000,0.00000000,0.02234000,301.400,301.400,0,0,0.000,0.000,0,,0
N160265_N160292_1,,N160265,N160292,,138.000,0.00000000,0.00236000,294.500,294.500,0,0,0.000,0.000,0,,0
N160269_N160274_1,,N160269,N160274,,138.000,0.00000000,0.01459000,309.400,309.400,0,0,0.000,0.000,0,,0
N160302_N160277_1,,N160302,N160277,,138.000,0.00000000,0.00742000,294.000,294.000,0,0,0.000,0.000,0,,0
N160284_N160289_1,,N160284,N160289,,345.000,0.00000000,0.00562000,1018.700,1018.700,0,1,0.000,0.000,0,,0
N200061_N160287_1,,N200061,N160287,,138.000,0.00000000,0.07903000,290.400,290.400,0,0,0.000,0.000,0,,0
N160287_N200148_1,,N160287,N200148,,138.000,0.00000000,0.09131000,277.900,277.900,0,0,0.000,0.000,0,,0
N170001_N170008_1,,N170001,N170008,,138.000,0.00000000,0.01706000,235.900,235.900,0,0,0.000,0.000,0,,0
N170001_N170448_1,,N170001,N170448,,138.000,0.00000000,0.02438000,230.000,230.000,0,0,0.000,0.000,0,,0
N170001_N170451_1,,N170001,N170451,,138.000,0.00000000,0.02340000,238.600,238.600,0,0,0.000,0.000,0,,0
N170009_N170002_1,,N170009,N170002,,138.000,0.00000000,0.00538000,244.400,244.400,0,0,0.000,0.000,0,,0
N170002_N170574_1,,N170002,N170574,,138.000,0.00000000,0.02881000,246.700,246.700,0,0,0.000,0.000,0,,0
N170003_N170447_1,,N170003,N170447,,138.000,0.00000000,0.03849000,227.900,227.900,0,0,0.000,0.000,0,,0
N170003_N170449_1,,N170003,N170449,,138.000,0.00000000,0.00981000,232.400,232.400,0,0,0.000,0.000,0,,0
N170004_N170446_1,,N170004,N170446,,138.000,0.00000000,0.01183000,234.300,234.300,0,0,0.000,0.000,0,,0
N170004_N170449_1,,N170004,N170449,,138.000,0.00000000,0.01922000,230.500,230.500,0,0,0.000,0.000,0,,0
N170005_N170448_1,,N170005,N170448,,138.000,0.00000000,0.03554000,229.900,229.900,0,0,0.000,0.000,0,,0
N170449_N170005_1,,N170449,N170005,,138.000,0.00000000,0.02759000,223.300,223.300,0,0,0.000,0.000,0,,0
N170010_N170006_1,,N170010,N170006,,138.000,0.00000000,0.02449000,240.100,240.100,0,0,0.000,0.000,0,,0
N170006_N170477_1,,N170006,N170477,,138.000,0.00000000,0.02775000,237.700,237.700,0,0,0.000,0.000,0,,0
N170007_N170453_1,,N170007,N170453,,138.000,0.00000000,0.01306000,251.500,251.500,0,0,0.000,0.000,0,,0
N170008_N170081_1,,N170008,N170081,,138.000,0.00000000,0.04247000,233.300,233.300,0,0,0.000,0.000,0,,0
N170043_N170009_1,,N170043,N170009,,138.000,0.00000000,0.01748000,245.800,245.800,0,0,0.000,0.000,0,,0
N170009_N170044_1,,N170009,N170044,,138.000,0.00000000,0.02420000,230.500,230.500,0,0,0.000,0.000,0,,0
N170011_N170219_1,,N170011,N170219,,138.000,0.00000000,0.06042000,237.600,237.600,0,0,0.000,0.000,0,,0
N170473_N170011_1,,N170473,N170011,,138.000,0.00000000,0.03519000,239.400,239.400,0,0,0.000,0.000,0,,0
N170018_N170012_1,,N170018,N170012,,138.000,0.00000000,0.01983000,285.200,285.200,0,0,0.000,0.000,0,,0
N170012_N170496_1,,N170012,N170496,,138.000,0.00000000,0.03331000,277.900,277.900,0,0,0.000,0.000,0,,0
N170513_N170013_1,,N170513,N170013,,138.000,0.00000000,0.01630000,305.500,305.500,0,0,0.000,0.000,0,,0
N170014_N170309_1,,N170014,N170309,,138.000,0.00000000,0.04171000,299.300,299.300,0,0,0.000,0.000,0,,0
N170582_N170014_1,,N170582,N170014,,138.000,0.00000000,0.01202000,302.600,302.600,0,0,0.000,0.000,0,,0
N170020_N170015_1,,N170020,N170015,,138.000,0.00000000,0.02045000,250.600,250.600,0,0,0.000,0.000,0,,0
N170015_N170021_1,,N170015,N170021,,138.000,0.00000000,0.01891000,256.200,256.200,0,0,0.000,0.000,0,,0
N170061_N170016_1,,N170061,N170016,,138.000,0.00000000,0.02194000,271.400,271.400,0,0,0.000,0.000,0,,0
N170016_N170578_1,,N170016,N170578,,138.000,0.00000000,0.01884000,277.100,277.100,0,0,0.000,0.000,0,,0
N170490_N170017_1,,N170490,N170017,,138.000,0.00000000,0.01631000,296.600,296.600,0,0,0.000,0.000,0,,0
N170017_N170521_1,,N170017,N170521,,138.000,0.00000000,0.04268000,311.400,311.400,0,0,0.000,0.000,0,,0
N170527_N170018_1,,N170527,N170018,,138.000,0.00000000,0.01582000,289.300,289.300,0,0,0.000,0.000,0,,0
N170496_N170019_1,,N170496,N170019,,138.000,0.00000000,0.01252000,267.400,267.400,0,0,0.000,0.000,0,,0
N170019_N250099_1,,N170019,N250099,,138.000,0.00000000,0.01531000,268.000,268.000,0,0,0.000,0.000,0,,0
N170020_N170504_1,,N170020,N170504,,138.000,0.00000000,0.01691000,247.000,247.000,0,0,0.000,0.000,0,,0
N170021_N170502_1,,N170021,N170502,,138.000,0.00000000,0.01894000,260.300,260.300,0,0,0.000,0.000,0,,0
N170022_N170490_1,,N170022,N170490,,138.000,0.00000000,0.02056000,280.700,280.700,0,0,0.000,0.000,0,,0
N170022_N170497_1,,N170022,N170497,,138.000,0.00000000,0.02106000,269.200,269.200,0,0,0.000,0.000,0,,0
N170024_N170023_1,,N170024,N170023,,138.000,0.00000000,0.03169000,288.000,288.000,0,0,0.000,0.000,0,,0
N170023_N170503_1,,N170023,N170503,,138.000,0.00000000,0.01275000,281.900,281.900,0,0,0.000,0.000,0,,0
N170498_N170024_1,,N170498,N170024,,138.000,0.00000000,0.00897000,289.500,289.500,0,0,0.000,0.000,0,,0
N170025_N170026_1,,N170025,N170026,,138.000,0.00000000,0.02695000,294.700,294.700,0,0,0.000,0.000,0,,0
N170025_N170148_1,,N170025,N170148,,138.000,0.00000000,0.02369000,285.700,285.700,0,0,0.000,0.000,0,,0
N170497_N170025_1,,N170497,N170025,,138.000,0.00000000,0.00948000,261.100,261.100,0,0,0.000,0.000,0,,0
N170501_N170026_1,,N170501,N170026,,138.000,0.00000000,0.01026000,298.700,298.700,0,0,0.000,0.000,0,,0
N170027_N170033_1,,N170027,N170033,,138.000,0.00000000,0.02647000,208.900,208.900,0,0,0.000,0.000,0,,0
N170487_N170027_1,,N170487,N170027,,138.000,0.00000000,0.02373000,262.500,262.500,0,0,0.000,0.000,0,,0
N170027_N170500_1,,N170027,N170500,,138.000,0.00000000,0.03152000,268.400,268.400,0,0,0.000,0.000,0,,0
N170028_N170513_1,,N170028,N170513,,138.000,0.00000000,0.03652000,303.600,303.600,0,0,0.000,0.000,0,,0
N170028_N250034_1,,N170028,N250034,,138.000,0.00000000,0.05894000,273.600,273.600,0,0,0.000,0.000,0,,0
N170028_N250036_1,,N170028,N250036,,138.000,0.00000000,0.04301000,281.000,281.000,0,0,0.000,0.000,0,,0
N170029_N170487_1,,N170029,N170487,,138.000,0.00000000,0.01828000,250.100,250.100,0,0,0.000,0.000,0,,0
N170500_N170029_1,,N170500,N170029,,138.000,0.00000000,0.02226000,280.000,280.000,0,0,0.000,0.000,0,,0
N170029_N250032_1,,N170029,N250032,,138.000,0.00000000,0.02030000,255.000,255.000,0,0,0.000,0.000,0,,0
N170030_N170511_1,,N170030,N170511,,138.000,0.00000000,0.01567000,272.600,272.600,0,0,0.000,0.000,0,,0
N170030_N250017_1,,N170030,N250017,,138.000,0.00000000,0.02686000,245.800,245.800,0,0,0.000,0.000,0,,0
N170030_N250319_1,,N170030,N250319,,138.000,0.00000000,0.01603000,252.800,252.800,0,0,0.000,0.000,0,,0
N170031_N170499_1,,N170031,N170499,,138.000,0.00000000,0.02453000,297.500,297.500,0,0,0.000,0.000,0,,0
N170031_N170501_1,,N170031,N170501,,138.000,0.00000000,0.01453000,277.800,277.800,0,0,0.000,0.000,0,,0
N170513_N170031_1,,N170513,N170031,,138.000,0.00000000,0.01174000,306.200,306.200,0,0,0.000,0.000,0,,0
N170032_N170034_1,,N170032,N170034,,138.000,0.00000000,0.01916000,252.000,252.000,0,0,0.000,0.000,0,,0
N170034_N170511_1,,N170034,N170511,,138.000,0.00000000,0.01710000,275.300,275.300,0,0,0.000,0.000,0,,0
N170035_N170037_1,,N170035,N170037,,138.000,0.00000000,0.01552000,276.000,276.000,0,0,0.000,0.000,0,,0
N170469_N170035_1,,N170469,N170035,,138.000,0.00000000,0.01150000,253.800,253.800,0,0,0.000,0.000,0,,0
N170477_N170035_1,,N170477,N170035,,138.000,0.00000000,0.00445000,274.200,274.200,0,0,0.000,0.000,0,,0
N170053_N170036_1,,N170053,N170036,,138.000,0.00000000,0.02082000,274.400,274.400,0,0,0.000,0.000,0,,0
N170461_N170036_1,,N170461,N170036,,138.000,0.00000000,0.02484000,260.000,260.000,0,0,0.000,0.000,0,,0
N170036_N170484_1,,N170036,N170484,,138.000,0.00000000,0.01566000,292.000,292.000,0,0,0.000,0.000,0,,0
N170037_N170050_1,,N170037,N170050,,138.000,0.00000000,0.03746000,292.600,292.600,0,0,0.000,0.000,0,,0
N170037_N170568_1,,N170037,N170568,,138.000,0.00000000,0.02406000,273.800,273.800,0,0,0.000,0.000,0,,0
N170038_N170047_1,,N170038,N170047,,138.000,0.00000000,0.02056000,291.400,291.400,0,0,0.000,0.000,0,,0
N170038_N170065_1,,N170038,N170065,,138.000,0.00000000,0.01077000,292.800,292.800,0,0,0.000,0.000,0,,0
N170060_N170039_1,,N170060,N170039,,138.000,0.00000000,0.02705000,257.800,257.800,0,0,0.000,0.000,0,,0
N170063_N170039_1,,N170063,N170039,,138.000,0.00000000,0.01267000,254.700,254.700,0,0,0.000,0.000,0,,0
N170040_N170055_1,,N170040,N170055,,138.000,0.00000000,0.02404000,259.900,259.900,0,0,0.000,0.000,0,,0
N170040_N170058_1,,N170040,N170058,,138.000,0.00000000,0.02966000,266.400,266.400,0,0,0.000,0.000,0,,0
N170041_N170064_1,,N170041,N170064,,138.000,0.00000000,0.05659000,270.900,270.900,0,0,0.000,0.000,0,,0
N170576_N170041_1,,N170576,N170041,,138.000,0.00000000,0.01092000,277.000,277.000,0,0,0.000,0.000,0,,0
N170041_N170578_1,,N170041,N170578,,138.000,0.00000000,0.01932000,303.500,303.500,0,0,0.000,0.000,0,,0
N170043_N170042_1,,N170043,N170042,,138.000,0.00000000,0.01434000,210.000,210.000,0,0,0.000,0.000,0,,0
N170043_N170472_1,,N170043,N170472,,138.000,0.00000000,0.01656000,238.300,238.300,0,0,0.000,0.000,0,,0
N170044_N170471_1,,N170044,N170471,,138.000,0.00000000,0.00688000,255.700,255.700,0,0,0.000,0.000,0,,0
N170045_N170046_1,,N170045,N170046,,138.000,0.00000000,0.02478000,273.100,273.100,0,0,0.000,0.000,0,,0
N170045_N170483_1,,N170045,N170483,,138.000,0.00000000,0.01775000,272.200,272.200,0,0,0.000,0.000,0,,0
N170046_N170066_1,,N170046,N170066,,138.000,0.00000000,0.01299000,316.700,316.700,0,0,0.000,0.000,0,,0
N170046_N170480_1,,N170046,N170480,,138.000,0.00000000,0.04602000,299.600,299.600,0,0,0.000,0.000,0,,0
N170066_N170047_1,,N170066,N170047,,138.000,0.00000000,0.02735000,290.000,290.000,0,0,0.000,0.000,0,,0
N170048_N170055_1,,N170048,N170055,,138.000,0.00000000,0.06256000,306.400,306.400,0,0,0.000,0.000,0,,0
N170076_N170048_1,,N170076,N170048,,138.000,0.00000000,0.02583000,310.200,310.200,0,0,0.000,0.000,0,,0
N170051_N170049_1,,N170051,N170049,,138.000,0.00000000,0.04963000,257.700,257.700,0,0,0.000,0.000,0,,0
N170570_N170049_1,,N170570,N170049,,138.000,0.00000000,0.00673000,262.100,262.100,0,0,0.000,0.000,0,,0
N170050_N170473_1,,N170050,N170473,,138.000,0.00000000,0.00817000,245.300,245.300,0,0,0.000,0.000,0,,0
N170137_N170051_1,,N170137,N170051,,138.000,0.00000000,0.04124000,237.200,237.200,0,0,0.000,0.000,0,,0
N170051_N170467_1,,N170051,N170467,,138.000,0.00000000,0.04883000,256.900,256.900,0,0,0.000,0.000,0,,0
N170051_N170470_1,,N170051,N170470,,138.000,0.00000000,0.03172000,237.400,237.400,0,0,0.000,0.000,0,,0
N170052_N170053_1,,N170052,N170053,,138.000,0.00000000,0.04546000,257.000,257.000,0,0,0.000,0.000,0,,0
N170052_N170127_1,,N170052,N170127,,138.000,0.00000000,0.07903000,248.700,248.700,0,0,0.000,0.000,0,,0
N170053_N170064_1,,N170053,N170064,,138.000,0.00000000,0.01967000,240.300,240.300,0,0,0.000,0.000,0,,0
N170054_N170474_1,,N170054,N170474,,138.000,0.00000000,0.01527000,289.600,289.600,0,0,0.000,0.000,0,,0
N170054_N170476_1,,N170054,N170476,,138.000,0.00000000,0.01325000,288.600,288.600,0,0,0.000,0.000,0,,0
N170474_N170055_1,,N170474,N170055,,138.000,0.00000000,0.02008000,293.100,293.100,0,0,0.000,0.000,0,,0
N170226_N170056_1,,N170226,N170056,,138.000,0.00000000,0.01292000,283.500,283.500,0,0,0.000,0.000,0,,0
N170467_N170056_1,,N170467,N170056,,138.000,0.00000000,0.01134000,289.100,289.100,0,0,0.000,0.000,0,,0
N170057_N170475_1,,N170057,N170475,,138.000,0.00000000,0.00791000,249.100,249.100,0,0,0.000,0.000,0,,0
N170057_N170492_1,,N170057,N170492,,138.000,0.00000000,0.02023000,253.100,253.100,0,0,0.000,0.000,0,,0
N170463_N170058_1,,N170463,N170058,,138.000,0.00000000,0.04616000,311.600,311.600,0,0,0.000,0.000,0,,0
N170058_N170489_1,,N170058,N170489,,138.000,0.00000000,0.02718000,301.500,301.500,0,0,0.000,0.000,0,,0
N170063_N170059_1,,N170063,N170059,,138.000,0.00000000,0.03773000,250.500,250.500,0,0,0.000,0.000,0,,0
N170457_N170059_1,,N170457,N170059,,138.000,0.00000000,0.01748000,254.400,254.400,0,0,0.000,0.000,0,,0
N170060_N170077_1,,N170060,N170077,,138.000,0.00000000,0.04037000,261.600,261.600,0,0,0.000,0.000,0,,0
N170061_N170492_1,,N170061,N170492,,138.000,0.00000000,0.00861000,264.600,264.600,0,0,0.000,0.000,0,,0
N170066_N170062_1,,N170066,N170062,,138.000,0.00000000,0.00418000,294.800,294.800,0,0,0.000,0.000,0,,0
N170062_N170463_1,,N170062,N170463,,138.000,0.00000000,0.06823000,295.200,295.200,0,0,0.000,0.000,0,,0
N170065_N170463_1,,N170065,N170463,,138.000,0.00000000,0.01758000,296.300,296.300,0,0,0.000,0.000,0,,0
N170067_N170468_1,,N170067,N170468,,138.000,0.00000000,0.00621000,272.600,272.600,0,0,0.000,0.000,0,,0
N170482_N170067_1,,N170482,N170067,,138.000,0.00000000,0.00518000,256.600,256.600,0,0,0.000,0.000,0,,0
N170068_N170074_1,,N170068,N170074,,138.000,0.00000000,0.03378000,265.200,265.200,0,0,0.000,0.000,0,,0
N170077_N170068_1,,N170077,N170068,,138.000,0.00000000,0.01748000,264.200,264.200,0,0,0.000,0.000,0,,0
N170072_N170069_1,,N170072,N170069,,138.000,0.00000000,0.01832000,307.600,307.600,0,0,0.000,0.000,0,,0
N170078_N170069_1,,N170078,N170069,,138.000,0.00000000,0.03395000,284.100,284.100,0,0,0.000,0.000,0,,0
N170069_N170080_1,,N170069,N170080,,138.000,0.00000000,0.03653000,282.400,282.400,0,0,0.000,0.000,0,,0
N170070_N170080_1,,N170070,N170080,,138.000,0.00000000,0.04655000,281.500,281.500,0,0,0.000,0.000,0,,0
N170070_N170456_1,,N170070,N170456,,138.000,0.00000000,0.01584000,294.600,294.600,0,0,0.000,0.000,0,,0
N170071_N170078_1,,N170071,N170078,,138.000,0.00000000,0.02956000,267.600,267.600,0,0,0.000,0.000,0,,0
N170457_N170071_1,,N170457,N170071,,138.000,0.00000000,0.02718000,264.300,264.300,0,0,0.000,0.000,0,,0
N170072_N170455_1,,N170072,N170455,,138.000,0.00000000,0.01359000,332.500,332.500,0,0,0.000,0.000,0,,0
N170072_N170549_1,,N170072,N170549,,138.000,0.00000000,0.02137000,347.500,347.500,0,0,0.000,0.000,0,,0
N170073_N170459_1,,N170073,N170459,,138.000,0.00000000,0.01395000,318.300,318.300,0,0,0.000,0.000,0,,0
N170073_N170549_1,,N170073,N170549,,138.000,0.00000000,0.01636000,322.000,322.000,0,0,0.000,0.000,0,,0
N170074_N170079_1,,N170074,N170079,,138.000,0.00000000,0.03343000,316.300,316.300,0,0,0.000,0.000,0,,0
N170074_N250098_1,,N170074,N250098,,138.000,0.00000000,0.03297000,318.000,318.000,0,0,0.000,0.000,0,,0
N170075_N170539_1,,N170075,N170539,,138.000,0.00000000,0.01272000,312.900,312.900,0,0,0.000,0.000,0,,0
N170075_N250149_1,,N170075,N250149,,138.000,0.00000000,0.03100000,312.600,312.600,0,0,0.000,0.000,0,,0
N170080_N170076_1,,N170080,N170076,,138.000,0.00000000,0.03642000,311.300,311.300,0,0,0.000,0.000,0,,0
N170079_N170459_1,,N170079,N170459,,138.000,0.00000000,0.01160000,317.700,317.700,0,0,0.000,0.000,0,,0
N170083_N170082_1,,N170083,N170082,,69.000,0.00000000,0.07098000,99.400,99.400,0,0,0.000,0.000,0,,0
N170440_N170083_1,,N170440,N170083,,69.000,0.00000000,0.07962000,95.100,95.100,0,0,0.000,0.000,0,,0
N170094_N170084_1,,N170094,N170084,,69.000,0.00000000,0.03263000,160.900,160.900,0,0,0.000,0.000,0,,0
N170097_N170084_1,,N170097,N170084,,69.000,0.00000000,0.02263000,123.400,123.400,0,0,0.000,0.000,0,,0
N170085_N170089_1,,N170085,N170089,,69.000,0.00000000,0.10647000,90.300,90.300,0,0,0.000,0.000,0,,0
N170085_N170103_1,,N170085,N170103,,69.000,0.00000000,0.06045000,123.400,123.400,0,0,0.000,0.000,0,,0
N170085_N170105_1,,N170085,N170105,,69.000,0.00000000,0.04079000,129.900,129.900,0,0,0.000,0.000,0,,0
N170086_N170100_1,,N170086,N170100,,138.000,0.00000000,0.01141000,244.800,244.800,0,0,0.000,0.000,0,,0
N170090_N170087_1,,N170090,N170087,,69.000,0.00000000,0.01923000,110.700,110.700,0,0,0.000,0.000,0,,0
N170087_N170265_1,,N170087,N170265,,69.000,0.00000000,0.09739000,103.800,103.800,0,0,0.000,0.000,0,,0
N170088_N170242_1,,N170088,N170242,,138.000,0.00000000,0.00825000,248.300,248.300,0,0,0.000,0.000,0,,0
N170104_N170089_1,,N170104,N170089,,69.000,0.00000000,0.00594000,104.400,104.400,0,0,0.000,0.000,0,,0
N170090_N170277_1,,N170090,N170277,,69.000,0.00000000,0.06592000,120.600,120.600,0,0,0.000,0.000,0,,0
N170094_N170091_1,,N170094,N170091,,69.000,0.00000000,0.03239000,117.500,117.500,0,0,0.000,0.000,0,,0
N170091_N170216_1,,N170091,N170216,,69.000,0.00000000,0.06822000,127.500,127.500,0,0,0.000,0.000,0,,0
N170100_N170092_1,,N170100,N170092,,138.000,0.00000000,0.00959000,253.700,253.700,0,0,0.000,0.000,0,,0
N170093_N170250_1,,N170093,N170250,,69.000,0.00000000,0.06217000,112.900,112.900,0,0,0.000,0.000,0,,0
N170095_N170101_1,,N170095,N170101,,69.000,0.00000000,0.01566000,114.600,114.600,0,0,0.000,0.000,0,,0
N170318_N170095_1,,N170318,N170095,,69.000,0.00000000,0.01633000,113.400,113.400,0,0,0.000,0.000,0,,0
N170096_N170317_1,,N170096,N170317,,138.000,0.00000000,0.00749000,235.800,235.800,0,0,0.000,0.000,0,,0
N170096_N170317_2,,N170096,N170317,,138.000,0.00000000,0.00749000,235.800,235.800,0,0,0.000,0.000,0,,0
N170100_N170102_1,,N170100,N170102,,138.000,0.00000000,0.01070000,253.700,253.700,0,0,0.000,0.000,0,,0
N170100_N170543_1,,N170100,N170543,,138.000,0.00000000,0.01829000,297.800,297.800,0,0,0.000,0.000,0,,0
N170100_N170543_2,,N170100,N170543,,138.000,0.00000000,0.01829000,297.800,297.800,0,0,0.000,0.000,0,,0
N170101_N170255_1,,N170101,N170255,,69.000,0.00000000,0.07720000,137.700,137.700,0,0,0.000,0.000,0,,0
N170318_N170101_1,,N170318,N170101,,69.000,0.00000000,0.01730000,115.500,115.500,0,0,0.000,0.000,0,,0
N170104_N170214_1,,N170104,N170214,,69.000,0.00000000,0.11258000,101.700,101.700,0,0,0.000,0.000,0,,0
N170558_N170106_1,,N170558,N170106,,138.000,0.00000000,0.01116000,265.300,265.300,0,0,0.000,0.000,0,,0
N170107_N170221_1,,N170107,N170221,,69.000,0.00000000,0.04487000,121.900,121.900,0,0,0.000,0.000,0,,0
N170107_N170225_1,,N170107,N170225,,69.000,0.00000000,0.03600000,106.000,106.000,0,0,0.000,0.000,0,,0
N170123_N170108_1,,N170123,N170108,,69.000,0.00000000,0.02887000,110.600,110.600,0,0,0.000,0.000,0,,0
N170108_N170131_1,,N170108,N170131,,69.000,0.00000000,0.05908000,108.300,108.300,0,0,0.000,0.000,0,,0
N170215_N170108_1,,N170215,N170108,,69.000,0.00000000,0.03420000,131.000,131.000,0,0,0.000,0.000,0,,0
N170109_N170110_1,,N170109,N170110,,69.000,0.00000000,0.05685000,104.300,104.300,0,0,0.000,0.000,0,,0
N170109_N170112_1,,N170109,N170112,,69.000,0.00000000,0.02008000,129.600,129.600,0,0,0.000,0.000,0,,0
N170109_N170236_1,,N170109,N170236,,69.000,0.00000000,0.04458000,126.100,126.100,0,0,0.000,0.000,0,,0
N170111_N170110_1,,N170111,N170110,,69.000,0.00000000,0.02307000,125.800,125.800,0,0,0.000,0.000,0,,0
N170115_N170111_1,,N170115,N170111,,69.000,0.00000000,0.02512000,194.400,194.400,0,0,0.000,0.000,0,,0
N170111_N170189_1,,N170111,N170189,,69.000,0.00000000,0.02692000,119.000,119.000,0,0,0.000,0.000,0,,0
N170112_N170244_1,,N170112,N170244,,69.000,0.00000000,0.08450000,117.400,117.400,0,0,0.000,0.000,0,,0
N170113_N170119_1,,N170113,N170119,,138.000,0.00000000,0.02298000,305.100,305.100,0,0,0.000,0.000,0,,0
N170113_N170119_2,,N170113,N170119,,138.000,0.00000000,0.02298000,305.100,305.100,0,0,0.000,0.000,0,,0
N170132_N170113_1,,N170132,N170113,,138.000,0.00000000,0.01446000,328.200,328.200,0,0,0.000,0.000,0,,0
N170113_N170306_1,,N170113,N170306,,138.000,0.00000000,0.02235000,247.200,247.200,0,0,0.000,0.000,0,,0
N170114_N170131_1,,N170114,N170131,,69.000,0.00000000,0.02119000,115.900,115.900,0,0,0.000,0.000,0,,0
N170134_N170114_1,,N170134,N170114,,69.000,0.00000000,0.03510000,127.200,127.200,0,0,0.000,0.000,0,,0
N170126_N170115_1,,N170126,N170115,,69.000,0.00000000,0.02052000,143.100,143.100,0,0,0.000,0.000,0,,0
N170126_N170115_2,,N170126,N170115,,69.000,0.00000000,0.02052000,143.100,143.100,0,0,0.000,0.000,0,,0
N170116_N170129_1,,N170116,N170129,,69.000,0.00000000,0.02333000,105.900,105.900,0,0,0.000,0.000,0,,0
N170133_N170116_1,,N170133,N170116,,69.000,0.00000000,0.02056000,102.000,102.000,0,0,0.000,0.000,0,,0
N170134_N170116_1,,N170134,N170116,,69.000,0.00000000,0.02794000,105.400,105.400,0,0,0.000,0.000,0,,0
N170123_N170117_1,,N170123,N170117,,69.000,0.00000000,0.02563000,106.800,106.800,0,0,0.000,0.000,0,,0
N170117_N170221_1,,N170117,N170221,,69.000,0.00000000,0.15015000,104.500,104.500,0,0,0.000,0.000,0,,0
N170168_N170118_1,,N170168,N170118,,345.000,0.00000000,0.01024000,1185.700,1185.700,0,1,0.000,0.000,0,,0
N170118_N170218_1,,N170118,N170218,,345.000,0.00000000,0.00705000,1209.100,1209.100,0,1,0.000,0.000,0,,0
N170118_N170562_1,,N170118,N170562,,345.000,0.00000000,0.01340000,1009.200,1009.200,0,1,0.000,0.000,0,,0
N170125_N170119_1,,N170125,N170119,,138.000,0.00000000,0.00945000,305.900,305.900,0,0,0.000,0.000,0,,0
N170125_N170119_2,,N170125,N170119,,138.000,0.00000000,0.00945000,305.900,305.900,0,0,0.000,0.000,0,,0
N170120_N170123_1,,N170120,N170123,,69.000,0.00000000,0.02275000,136.200,136.200,0,0,0.000,0.000,0,,0
N170135_N170120_1,,N170135,N170120,,69.000,0.00000000,0.03333000,133.200,133.200,0,0,0.000,0.000,0,,0
N170133_N170121_1,,N170133,N170121,,69.000,0.00000000,0.02190000,117.200,117.200,0,0,0.000,0.000,0,,0
N170121_N170135_1,,N170121,N170135,,69.000,0.00000000,0.02370000,116.800,116.800,0,0,0.000,0.000,0,,0
N170122_N170124_1,,N170122,N170124,,69.000,0.00000000,0.03782000,106.600,106.600,0,0,0.000,0.000,0,,0
N170136_N170122_1,,N170136,N170122,,69.000,0.00000000,0.02476000,96.100,96.100,0,0,0.000,0.000,0,,0
N170124_N170138_1,,N170124,N170138,,69.000,0.00000000,0.04293000,109.600,109.600,0,0,0.000,0.000,0,,0
N170125_N170204_1,,N170125,N170204,,138.000,0.00000000,0.01094000,293.900,293.900,0,0,0.000,0.000,0,,0
N170125_N170204_2,,N170125,N170204,,138.000,0.00000000,0.01094000,293.900,293.900,0,0,0.000,0.000,0,,0
N170128_N170212_1,,N170128,N170212,,69.000,0.00000000,0.10669000,96.900,96.900,0,0,0.000,0.000,0,,0
N170316_N170129_1,,N170316,N170129,,69.000,0.00000000,0.04073000,109.300,109.300,0,0,0.000,0.000,0,,0
N170135_N170130_1,,N170135,N170130,,69.000,0.00000000,0.04111000,134.900,134.900,0,0,0.000,0.000,0,,0
N170205_N170130_1,,N170205,N170130,,69.000,0.00000000,0.02642000,127.200,127.200,0,0,0.000,0.000,0,,0
N170130_N170262_1,,N170130,N170262,,69.000,0.00000000,0.01378000,130.600,130.600,0,0,0.000,0.000,0,,0
N170132_N170246_1,,N170132,N170246,,138.000,0.00000000,0.05691000,301.500,301.500,0,0,0.000,0.000,0,,0
N170134_N170199_1,,N170134,N170199,,69.000,0.00000000,0.12398000,94.100,94.100,0,0,0.000,0.000,0,,0
N170236_N170134_1,,N170236,N170134,,69.000,0.00000000,0.03573000,120.500,120.500,0,0,0.000,0.000,0,,0
N170136_N170141_1,,N170136,N170141,,69.000,0.00000000,0.05735000,91.300,91.300,0,0,0.000,0.000,0,,0
N170137_N170475_1,,N170137,N170475,,138.000,0.00000000,0.10620000,225.000,225.000,0,0,0.000,0.000,0,,0
N170138_N170147_1,,N170138,N170147,,69.000,0.00000000,0.05060000,92.100,92.100,0,0,0.000,0.000,0,,0
N170229_N170138_1,,N170229,N170138,,69.000,0.00000000,0.07175000,97.700,97.700,0,0,0.000,0.000,0,,0
N170140_N170139_1,,N170140,N170139,,69.000,0.00000000,0.07993000,94.500,94.500,0,0,0.000,0.000,0,,0
N170139_N170141_1,,N170139,N170141,,69.000,0.00000000,0.08467000,88.500,88.500,0,0,0.000,0.000,0,,0
N170140_N170147_1,,N170140,N170147,,69.000,0.00000000,0.06090000,109.500,109.500,0,0,0.000,0.000,0,,0
N170142_N170144_1,,N170142,N170144,,69.000,0.00000000,0.03917000,98.400,98.400,0,0,0.000,0.000,0,,0
N170440_N170142_1,,N170440,N170142,,69.000,0.00000000,0.08389000,91.100,91.100,0,0,0.000,0.000,0,,0
N170143_N170147_1,,N170143,N170147,,69.000,0.00000000,0.03695000,110.800,110.800,0,0,0.000,0.000,0,,0
N170220_N170143_1,,N170220,N170143,,69.000,0.00000000,0.06501000,114.100,114.100,0,0,0.000,0.000,0,,0
N170144_N170146_1,,N170144,N170146,,69.000,0.00000000,0.02776000,110.400,110.400,0,0,0.000,0.000,0,,0
N170145_N170447_1,,N170145,N170447,,138.000,0.00000000,0.09312000,250.200,250.200,0,0,0.000,0.000,0,,0
N170566_N170145_1,,N170566,N170145,,138.000,0.00000000,0.01238000,286.900,286.900,0,0,0.000,0.000,0,,0
N170145_N170584_1,,N170145,N170584,,138.000,0.00000000,0.01524000,288.700,288.700,0,0,0.000,0.000,0,,0
N170146_N170212_1,,N170146,N170212,,69.000,0.00000000,0.05060000,124.600,124.600,0,0,0.000,0.000,0,,0
N170149_N170152_1,,N170149,N170152,,69.000,0.00000000,0.02171000,100.800,100.800,0,0,0.000,0.000,0,,0
N170149_N170160_1,,N170149,N170160,,69.000,0.00000000,0.02566000,105.400,105.400,0,0,0.000,0.000,0,,0
N170150_N170155_1,,N170150,N170155,,138.000,0.00000000,0.01010000,292.800,292.800,0,0,0.000,0.000,0,,0
N170150_N170507_1,,N170150,N170507,,138.000,0.00000000,0.06318000,285.000,285.000,0,0,0.000,0.000,0,,0
N170151_N170160_1,,N170151,N170160,,69.000,0.00000000,0.08745000,98.100,98.100,0,0,0.000,0.000,0,,0
N170166_N170151_1,,N170166,N170151,,69.000,0.00000000,0.04026000,110.200,110.200,0,0,0.000,0.000,0,,0
N170152_N170158_1,,N170152,N170158,,69.000,0.00000000,0.05353000,92.300,92.300,0,0,0.000,0.000,0,,0
N170154_N170153_1,,N170154,N170153,,69.000,0.00000000,0.05124000,92.600,92.600,0,0,0.000,0.000,0,,0
N170153_N170164_1,,N170153,N170164,,69.000,0.00000000,0.04122000,96.600,96.600,0,0,0.000,0.000,0,,0
N170153_N170174_1,,N170153,N170174,,69.000,0.00000000,0.08782000,100.600,100.600,0,0,0.000,0.000,0,,0
N170158_N170154_1,,N170158,N170154,,69.000,0.00000000,0.04931000,88.300,88.300,0,0,0.000,0.000,0,,0
N170154_N170175_1,,N170154,N170175,,69.000,0.00000000,0.03911000,105.800,105.800,0,0,0.000,0.000,0,,0
N170155_N170173_1,,N170155,N170173,,138.000,0.00000000,0.01974000,294.800,294.800,0,0,0.000,0.000,0,,0
N170155_N170521_1,,N170155,N170521,,138.000,0.00000000,0.02755000,326.400,326.400,0,0,0.000,0.000,0,,0
N170156_N170159_1,,N170156,N170159,,69.000,0.00000000,0.03618000,100.600,100.600,0,0,0.000,0.000,0,,0
N170164_N170156_1,,N170164,N170156,,69.000,0.00000000,0.03955000,113.100,113.100,0,0,0.000,0.000,0,,0
N170157_N170165_1,,N170157,N170165,,69.000,0.00000000,0.02594000,91.600,91.600,0,0,0.000,0.000,0,,0
N170166_N170157_1,,N170166,N170157,,69.000,0.00000000,0.02240000,102.700,102.700,0,0,0.000,0.000,0,,0
N170308_N170158_1,,N170308,N170158,,69.000,0.00000000,0.03677000,83.600,83.600,0,0,0.000,0.000,0,,0
N170159_N170170_1,,N170159,N170170,,69.000,0.00000000,0.07931000,104.000,104.000,0,0,0.000,0.000,0,,0
N170161_N170160_1,,N170161,N170160,,69.000,0.00000000,0.04468000,90.700,90.700,0,0,0.000,0.000,0,,0
N170162_N170161_1,,N170162,N170161,,69.000,0.00000000,0.05387000,86.100,86.100,0,0,0.000,0.000,0,,0
N170163_N170162_1,,N170163,N170162,,69.000,0.00000000,0.05717000,71.600,71.600,0,0,0.000,0.000,0,,0
N170165_N170175_1,,N170165,N170175,,69.000,0.00000000,0.03297000,106.100,106.100,0,0,0.000,0.000,0,,0
N170167_N170344_1,,N170167,N170344,,69.000,0.00000000,0.03526000,106.500,106.500,0,0,0.000,0.000,0,,0
N170167_N170390_1,,N170167,N170390,,69.000,0.00000000,0.12100000,104.200,104.200,0,0,0.000,0.000,0,,0
N170168_N170517_1,,N170168,N170517,,345.000,0.00000000,0.00768000,1295.700,1295.700,0,1,0.000,0.000,0,,0
N170168_N170517_2,,N170168,N170517,,345.000,0.00000000,0.00768000,1295.700,1295.700,0,1,0.000,0.000,0,,0
N170520_N170168_1,,N170520,N170168,,345.000,0.00000000,0.00304000,1187.700,1187.700,0,1,0.000,0.000,0,,0
N170169_N170187_1,,N170169,N170187,,138.000,0.00000000,0.01806000,349.500,349.500,0,0,0.000,0.000,0,,0
N170169_N170187_2,,N170169,N170187,,138.000,0.00000000,0.01806000,349.500,349.500,0,0,0.000,0.000,0,,0
N170169_N170190_1,,N170169,N170190,,138.000,0.00000000,0.03051000,334.700,334.700,0,0,0.000,0.000,0,,0
N170169_N170197_1,,N170169,N170197,,138.000,0.00000000,0.03128000,329.800,329.800,0,0,0.000,0.000,0,,0
N170169_N170257_1,,N170169,N170257,,138.000,0.00000000,0.02050000,332.100,332.100,0,0,0.000,0.000,0,,0
N170169_N170338_1,,N170169,N170338,,138.000,0.00000000,0.02619000,331.800,331.800,0,0,0.000,0.000,0,,0
N170521_N170169_1,,N170521,N170169,,138.000,0.00000000,0.03241000,330.700,330.700,0,0,0.000,0.000,0,,0
N170170_N170181_1,,N170170,N170181,,69.000,0.00000000,0.03444000,116.500,116.500,0,0,0.000,0.000,0,,0
N170170_N170182_1,,N170170,N170182,,69.000,0.00000000,0.02647000,140.200,140.200,0,0,0.000,0.000,0,,0
N170170_N170314_1,,N170170,N170314,,69.000,0.00000000,0.06555000,100.200,100.200,0,0,0.000,0.000,0,,0
N170171_N170184_1,,N170171,N170184,,69.000,0.00000000,0.02668000,126.700,126.700,0,0,0.000,0.000,0,,0
N170185_N170171_1,,N170185,N170171,,69.000,0.00000000,0.00783000,128.600,128.600,0,0,0.000,0.000,0,,0
N170179_N170172_1,,N170179,N170172,,69.000,0.00000000,0.01185000,101.100,101.100,0,0,0.000,0.000,0,,0
N170198_N170172_1,,N170198,N170172,,69.000,0.00000000,0.03097000,117.400,117.400,0,0,0.000,0.000,0,,0
N170177_N170173_1,,N170177,N170173,,138.000,0.00000000,0.00873000,243.500,243.500,0,0,0.000,0.000,0,,0
N170173_N170296_1,,N170173,N170296,,138.000,0.00000000,0.03755000,292.400,292.400,0,0,0.000,0.000,0,,0
N170173_N170358_1,,N170173,N170358,,138.000,0.00000000,0.02756000,233.100,233.100,0,0,0.000,0.000,0,,0
N170173_N170510_1,,N170173,N170510,,138.000,0.00000000,0.03207000,314.500,314.500,0,0,0.000,0.000,0,,0
N170175_N170386_1,,N170175,N170386,,69.000,0.00000000,0.04904000,90.100,90.100,0,0,0.000,0.000,0,,0
N170176_N170178_1,,N170176,N170178,,69.000,0.00000000,0.03763000,96.300,96.300,0,0,0.000,0.000,0,,0
N170176_N170181_1,,N170176,N170181,,69.000,0.00000000,0.05168000,108.100,108.100,0,0,0.000,0.000,0,,0
N170178_N170179_1,,N170178,N170179,,69.000,0.00000000,0.09160000,117.300,117.300,0,0,0.000,0.000,0,,0
N170178_N170367_1,,N170178,N170367,,69.000,0.00000000,0.03563000,95.300,95.300,0,0,0.000,0.000,0,,0
N170183_N170180_1,,N170183,N170180,,138.000,0.00000000,0.00782000,281.300,281.300,0,0,0.000,0.000,0,,0
N170180_N170187_1,,N170180,N170187,,138.000,0.00000000,0.00845000,290.600,290.600,0,0,0.000,0.000,0,,0
N170180_N170187_2,,N170180,N170187,,138.000,0.00000000,0.00845000,290.600,290.600,0,0,0.000,0.000,0,,0
N170182_N170201_1,,N170182,N170201,,69.000,0.00000000,0.02463000,134.300,134.300,0,0,0.000,0.000,0,,0
N170296_N170183_1,,N170296,N170183,,138.000,0.00000000,0.01409000,258.900,258.900,0,0,0.000,0.000,0,,0
N170185_N170198_1,,N170185,N170198,,69.000,0.00000000,0.02861000,134.700,134.700,0,0,0.000,0.000,0,,0
N170186_N170194_1,,N170186,N170194,,69.000,0.00000000,0.02888000,112.800,112.800,0,0,0.000,0.000,0,,0
N170203_N170186_1,,N170203,N170186,,69.000,0.00000000,0.01289000,120.700,120.700,0,0,0.000,0.000,0,,0
N170187_N170206_1,,N170187,N170206,,138.000,0.00000000,0.02338000,337.000,337.000,0,0,0.000,0.000,0,,0
N170521_N170187_1,,N170521,N170187,,138.000,0.00000000,0.02434000,335.200,335.200,0,0,0.000,0.000,0,,0
N170188_N170199_1,,N170188,N170199,,69.000,0.00000000,0.03725000,136.500,136.500,0,0,0.000,0.000,0,,0
N170200_N170188_1,,N170200,N170188,,69.000,0.00000000,0.02967000,134.300,134.300,0,0,0.000,0.000,0,,0
N170189_N170199_1,,N170189,N170199,,69.000,0.00000000,0.03595000,133.700,133.700,0,0,0.000,0.000,0,,0
N170190_N170197_1,,N170190,N170197,,138.000,0.00000000,0.00646000,305.400,305.400,0,0,0.000,0.000,0,,0
N170190_N170197_2,,N170190,N170197,,138.000,0.00000000,0.00646000,305.400,305.400,0,0,0.000,0.000,0,,0
N170206_N170190_1,,N170206,N170190,,138.000,0.00000000,0.00713000,306.100,306.100,0,0,0.000,0.000,0,,0
N170206_N170190_2,,N170206,N170190,,138.000,0.00000000,0.00713000,306.100,306.100,0,0,0.000,0.000,0,,0
N170191_N170280_1,,N170191,N170280,,69.000,0.00000000,0.03241000,121.000,121.000,0,0,0.000,0.000,0,,0
N170191_N170283_1,,N170191,N170283,,69.000,0.00000000,0.02406000,143.800,143.800,0,0,0.000,0.000,0,,0
N170198_N170192_1,,N170198,N170192,,69.000,0.00000000,0.03705000,129.100,129.100,0,0,0.000,0.000,0,,0
N170207_N170192_1,,N170207,N170192,,69.000,0.00000000,0.04801000,117.700,117.700,0,0,0.000,0.000,0,,0
N170193_N170202_1,,N170193,N170202,,138.000,0.00000000,0.01107000,268.500,268.500,0,0,0.000,0.000,0,,0
N170193_N170204_1,,N170193,N170204,,138.000,0.00000000,0.01000000,273.400,273.400,0,0,0.000,0.000,0,,0
N170194_N170200_1,,N170194,N170200,,69.000,0.00000000,0.04166000,131.400,131.400,0,0,0.000,0.000,0,,0
N170197_N170521_1,,N170197,N170521,,138.000,0.00000000,0.02772000,311.100,311.100,0,0,0.000,0.000,0,,0
N170197_N170521_2,,N170197,N170521,,138.000,0.00000000,0.02772000,311.100,311.100,0,0,0.000,0.000,0,,0
N170311_N170201_1,,N170311,N170201,,69.000,0.00000000,0.06116000,133.900,133.900,0,0,0.000,0.000,0,,0
N170203_N170271_1,,N170203,N170271,,69.000,0.00000000,0.11521000,104.100,104.100,0,0,0.000,0.000,0,,0
N170206_N170248_1,,N170206,N170248,,138.000,0.00000000,0.01273000,292.100,292.100,0,0,0.000,0.000,0,,0
N170206_N170248_2,,N170206,N170248,,138.000,0.00000000,0.01273000,292.100,292.100,0,0,0.000,0.000,0,,0
N170206_N170281_1,,N170206,N170281,,138.000,0.00000000,0.00828000,283.400,283.400,0,0,0.000,0.000,0,,0
N170206_N170291_1,,N170206,N170291,,138.000,0.00000000,0.00950000,280.000,280.000,0,0,0.000,0.000,0,,0
N170207_N170292_1,,N170207,N170292,,69.000,0.00000000,0.02444000,138.800,138.800,0,0,0.000,0.000,0,,0
N170210_N170208_1,,N170210,N170208,,138.000,0.00000000,0.00479000,272.800,272.800,0,0,0.000,0.000,0,,0
N170208_N170222_1,,N170208,N170222,,138.000,0.00000000,0.00866000,306.700,306.700,0,0,0.000,0.000,0,,0
N170208_N170222_2,,N170208,N170222,,138.000,0.00000000,0.00866000,306.700,306.700,0,0,0.000,0.000,0,,0
N170208_N170276_1,,N170208,N170276,,138.000,0.00000000,0.02004000,294.000,294.000,0,0,0.000,0.000,0,,0
N170208_N170276_2,,N170208,N170276,,138.000,0.00000000,0.02004000,294.000,294.000,0,0,0.000,0.000,0,,0
N170209_N170264_1,,N170209,N170264,,69.000,0.00000000,0.01882000,121.300,121.300,0,0,0.000,0.000,0,,0
N170211_N170214_1,,N170211,N170214,,69.000,0.00000000,0.02058000,114.800,114.800,0,0,0.000,0.000,0,,0
N170215_N170211_1,,N170215,N170211,,69.000,0.00000000,0.03265000,134.300,134.300,0,0,0.000,0.000,0,,0
N170211_N170224_1,,N170211,N170224,,69.000,0.00000000,0.01868000,126.400,126.400,0,0,0.000,0.000,0,,0
N170212_N170220_1,,N170212,N170220,,69.000,0.00000000,0.01059000,117.800,117.800,0,0,0.000,0.000,0,,0
N170213_N170217_1,,N170213,N170217,,69.000,0.00000000,0.02873000,111.500,111.500,0,0,0.000,0.000,0,,0
N170221_N170213_1,,N170221,N170213,,69.000,0.00000000,0.02616000,116.000,116.000,0,0,0.000,0.000,0,,0
N170220_N170216_1,,N170220,N170216,,69.000,0.00000000,0.04042000,118.500,118.500,0,0,0.000,0.000,0,,0
N170216_N170433_1,,N170216,N170433,,69.000,0.00000000,0.07184000,113.000,113.000,0,0,0.000,0.000,0,,0
N170223_N170217_1,,N170223,N170217,,69.000,0.00000000,0.06258000,128.500,128.500,0,0,0.000,0.000,0,,0
N170218_N260105_1,,N170218,N260105,,345.000,0.00000000,0.01039000,1308.900,1308.900,0,1,0.000,0.000,0,,0
N170218_N260105_2,,N170218,N260105,,345.000,0.00000000,0.01039000,1308.900,1308.900,0,1,0.000,0.000,0,,0
N170222_N170219_1,,N170222,N170219,,138.000,0.00000000,0.01510000,400.000,400.000,0,0,0.000,0.000,0,,0
N170222_N170219_2,,N170222,N170219,,138.000,0.00000000,0.01510000,400.000,400.000,0,0,0.000,0.000,0,,0
N170223_N170220_1,,N170223,N170220,,69.000,0.00000000,0.03988000,141.500,141.500,0,0,0.000,0.000,0,,0
N170222_N170431_1,,N170222,N170431,,138.000,0.00000000,0.01390000,258.300,258.300,0,0,0.000,0.000,0,,0
N170264_N170224_1,,N170264,N170224,,69.000,0.00000000,0.01313000,116.100,116.100,0,0,0.000,0.000,0,,0
N170235_N170226_1,,N170235,N170226,,138.000,0.00000000,0.01790000,271.300,271.300,0,0,0.000,0.000,0,,0
N170227_N170231_1,,N170227,N170231,,69.000,0.00000000,0.08528000,88.900,88.900,0,0,0.000,0.000,0,,0
N170228_N170233_1,,N170228,N170233,,69.000,0.00000000,0.07747000,97.200,97.200,0,0,0.000,0.000,0,,0
N170234_N170228_1,,N170234,N170228,,69.000,0.00000000,0.05522000,103.900,103.900,0,0,0.000,0.000,0,,0
N170229_N170230_1,,N170229,N170230,,69.000,0.00000000,0.06006000,89.000,89.000,0,0,0.000,0.000,0,,0
N170230_N170236_1,,N170230,N170236,,69.000,0.00000000,0.07657000,88.900,88.900,0,0,0.000,0.000,0,,0
N170231_N170233_1,,N170231,N170233,,69.000,0.00000000,0.04315000,94.700,94.700,0,0,0.000,0.000,0,,0
N170232_N170236_1,,N170232,N170236,,69.000,0.00000000,0.04453000,114.900,114.900,0,0,0.000,0.000,0,,0
N170312_N170232_1,,N170312,N170232,,69.000,0.00000000,0.04303000,116.900,116.900,0,0,0.000,0.000,0,,0
N170234_N170313_1,,N170234,N170313,,69.000,0.00000000,0.10693000,105.000,105.000,0,0,0.000,0.000,0,,0
N170237_N260113_1,,N170237,N260113,,138.000,0.00000000,0.01638000,264.600,264.600,0,0,0.000,0.000,0,,0
N170241_N170238_1,,N170241,N170238,,69.000,0.00000000,0.01182000,126.600,126.600,0,0,0.000,0.000,0,,0
N170240_N170239_1,,N170240,N170239,,69.000,0.00000000,0.01733000,190.300,190.300,0,0,0.000,0.000,0,,0
N170239_N260114_1,,N170239,N260114,,69.000,0.00000000,0.02510000,198.900,198.900,0,0,0.000,0.000,0,,0
N260115_N170241_1,,N260115,N170241,,69.000,0.00000000,0.01393000,137.700,137.700,0,0,0.000,0.000,0,,0
N170242_N170246_1,,N170242,N170246,,138.000,0.00000000,0.01150000,275.900,275.900,0,0,0.000,0.000,0,,0
N170242_N170584_1,,N170242,N170584,,138.000,0.00000000,0.01304000,289.000,289.000,0,0,0.000,0.000,0,,0
N170263_N170243_1,,N170263,N170243,,69.000,0.00000000,0.02623000,108.500,108.500,0,0,0.000,0.000,0,,0
N170251_N170244_1,,N170251,N170244,,69.000,0.00000000,0.02520000,125.700,125.700,0,0,0.000,0.000,0,,0
N170270_N170244_1,,N170270,N170244,,69.000,0.00000000,0.01261000,112.900,112.900,0,0,0.000,0.000,0,,0
N170245_N170253_1,,N170245,N170253,,69.000,0.00000000,0.02686000,121.100,121.100,0,0,0.000,0.000,0,,0
N170245_N170254_1,,N170245,N170254,,69.000,0.00000000,0.02172000,107.500,107.500,0,0,0.000,0.000,0,,0
N170271_N170245_1,,N170271,N170245,,69.000,0.00000000,0.01466000,118.500,118.500,0,0,0.000,0.000,0,,0
N170254_N170247_1,,N170254,N170247,,69.000,0.00000000,0.02155000,118.500,118.500,0,0,0.000,0.000,0,,0
N170247_N170263_1,,N170247,N170263,,69.000,0.00000000,0.02611000,180.000,180.000,0,0,0.000,0.000,0,,0
N170248_N170268_1,,N170248,N170268,,138.000,0.00000000,0.00964000,273.200,273.200,0,0,0.000,0.000,0,,0
N170249_N170251_1,,N170249,N170251,,69.000,0.00000000,0.02567000,123.000,123.000,0,0,0.000,0.000,0,,0
N170250_N170272_1,,N170250,N170272,,69.000,0.00000000,0.01800000,130.200,130.200,0,0,0.000,0.000,0,,0
N170252_N170257_1,,N170252,N170257,,138.000,0.00000000,0.01278000,277.500,277.500,0,0,0.000,0.000,0,,0
N170253_N170256_1,,N170253,N170256,,69.000,0.00000000,0.03205000,118.500,118.500,0,0,0.000,0.000,0,,0
N170255_N170273_1,,N170255,N170273,,69.000,0.00000000,0.04490000,144.000,144.000,0,0,0.000,0.000,0,,0
N170256_N170258_1,,N170256,N170258,,69.000,0.00000000,0.04185000,111.100,111.100,0,0,0.000,0.000,0,,0
N170258_N170267_1,,N170258,N170267,,69.000,0.00000000,0.01318000,127.400,127.400,0,0,0.000,0.000,0,,0
N170265_N170261_1,,N170265,N170261,,69.000,0.00000000,0.03010000,118.600,118.600,0,0,0.000,0.000,0,,0
N170261_N170269_1,,N170261,N170269,,69.000,0.00000000,0.00661000,141.100,141.100,0,0,0.000,0.000,0,,0
N170261_N170277_1,,N170261,N170277,,69.000,0.00000000,0.03621000,132.500,132.500,0,0,0.000,0.000,0,,0
N170262_N170267_1,,N170262,N170267,,69.000,0.00000000,0.03645000,112.700,112.700,0,0,0.000,0.000,0,,0
N170272_N170263_1,,N170272,N170263,,69.000,0.00000000,0.01388000,134.200,134.200,0,0,0.000,0.000,0,,0
N170266_N170270_1,,N170266,N170270,,69.000,0.00000000,0.01850000,105.800,105.800,0,0,0.000,0.000,0,,0
N170266_N170287_1,,N170266,N170287,,69.000,0.00000000,0.03931000,132.000,132.000,0,0,0.000,0.000,0,,0
N170273_N170275_1,,N170273,N170275,,69.000,0.00000000,0.04635000,103.600,103.600,0,0,0.000,0.000,0,,0
N170286_N170273_1,,N170286,N170273,,69.000,0.00000000,0.01506000,143.000,143.000,0,0,0.000,0.000,0,,0
N170286_N170273_2,,N170286,N170273,,69.000,0.00000000,0.01506000,143.000,143.000,0,0,0.000,0.000,0,,0
N170273_N170303_1,,N170273,N170303,,69.000,0.00000000,0.01936000,135.100,135.100,0,0,0.000,0.000,0,,0
N170274_N170278_1,,N170274,N170278,,69.000,0.00000000,0.02064000,104.900,104.900,0,0,0.000,0.000,0,,0
N170274_N170352_1,,N170274,N170352,,69.000,0.00000000,0.01626000,129.100,129.100,0,0,0.000,0.000,0,,0
N170275_N170305_1,,N170275,N170305,,69.000,0.00000000,0.01759000,119.600,119.600,0,0,0.000,0.000,0,,0
N170276_N170302_1,,N170276,N170302,,138.000,0.00000000,0.01149000,277.300,277.300,0,0,0.000,0.000,0,,0
N170285_N170277_1,,N170285,N170277,,69.000,0.00000000,0.03962000,135.800,135.800,0,0,0.000,0.000,0,,0
N170278_N170301_1,,N170278,N170301,,69.000,0.00000000,0.01276000,120.000,120.000,0,0,0.000,0.000,0,,0
N170280_N170284_1,,N170280,N170284,,69.000,0.00000000,0.01051000,112.200,112.200,0,0,0.000,0.000,0,,0
N170281_N170298_1,,N170281,N170298,,138.000,0.00000000,0.00888000,258.500,258.500,0,0,0.000,0.000,0,,0
N170305_N170282_1,,N170305,N170282,,69.000,0.00000000,0.01138000,131.100,131.100,0,0,0.000,0.000,0,,0
N170290_N170283_1,,N170290,N170283,,69.000,0.00000000,0.01799000,108.000,108.000,0,0,0.000,0.000,0,,0
N170292_N170283_1,,N170292,N170283,,69.000,0.00000000,0.01805000,108.300,108.300,0,0,0.000,0.000,0,,0
N170284_N170354_1,,N170284,N170354,,69.000,0.00000000,0.03055000,131.200,131.200,0,0,0.000,0.000,0,,0
N170305_N170285_1,,N170305,N170285,,69.000,0.00000000,0.02961000,115.800,115.800,0,0,0.000,0.000,0,,0
N170323_N170286_1,,N170323,N170286,,69.000,0.00000000,0.02008000,110.400,110.400,0,0,0.000,0.000,0,,0
N170304_N170287_1,,N170304,N170287,,69.000,0.00000000,0.01804000,115.100,115.100,0,0,0.000,0.000,0,,0
N170287_N170423_1,,N170287,N170423,,69.000,0.00000000,0.06690000,132.200,132.200,0,0,0.000,0.000,0,,0
N170288_N170289_1,,N170288,N170289,,69.000,0.00000000,0.01713000,103.300,103.300,0,0,0.000,0.000,0,,0
N170288_N170323_1,,N170288,N170323,,69.000,0.00000000,0.04646000,127.200,127.200,0,0,0.000,0.000,0,,0
N170288_N170370_1,,N170288,N170370,,69.000,0.00000000,0.02258000,124.000,124.000,0,0,0.000,0.000,0,,0
N170289_N170411_1,,N170289,N170411,,69.000,0.00000000,0.03414000,113.400,113.400,0,0,0.000,0.000,0,,0
N170292_N170290_1,,N170292,N170290,,69.000,0.00000000,0.00180000,148.500,148.500,0,0,0.000,0.000,0,,0
N170295_N170297_1,,N170295,N170297,,69.000,0.00000000,0.00198000,142.800,142.800,0,0,0.000,0.000,0,,0
N170295_N170299_1,,N170295,N170299,,69.000,0.00000000,0.03126000,126.600,126.600,0,0,0.000,0.000,0,,0
N170296_N170338_1,,N170296,N170338,,138.000,0.00000000,0.01192000,258.900,258.900,0,0,0.000,0.000,0,,0
N170297_N170377_1,,N170297,N170377,,69.000,0.00000000,0.03087000,115.300,115.300,0,0,0.000,0.000,0,,0
N170302_N170300_1,,N170302,N170300,,138.000,0.00000000,0.00784000,247.900,247.900,0,0,0.000,0.000,0,,0
N170301_N170416_1,,N170301,N170416,,69.000,0.00000000,0.02034000,127.300,127.300,0,0,0.000,0.000,0,,0
N170304_N170345_1,,N170304,N170345,,69.000,0.00000000,0.04587000,115.200,115.200,0,0,0.000,0.000,0,,0
N170307_N170311_1,,N170307,N170311,,69.000,0.00000000,0.04588000,125.900,125.900,0,0,0.000,0.000,0,,0
N170307_N170316_1,,N170307,N170316,,69.000,0.00000000,0.00851000,116.900,116.900,0,0,0.000,0.000,0,,0
N170308_N170314_1,,N170308,N170314,,69.000,0.00000000,0.03727000,93.300,93.300,0,0,0.000,0.000,0,,0
N170308_N170315_1,,N170308,N170315,,69.000,0.00000000,0.07149000,105.500,105.500,0,0,0.000,0.000,0,,0
N170312_N170310_1,,N170312,N170310,,69.000,0.00000000,0.05143000,119.900,119.900,0,0,0.000,0.000,0,,0
N170313_N170310_1,,N170313,N170310,,69.000,0.00000000,0.03041000,107.200,107.200,0,0,0.000,0.000,0,,0
N170310_N170315_1,,N170310,N170315,,69.000,0.00000000,0.09399000,95.900,95.900,0,0,0.000,0.000,0,,0
N170322_N170324_1,,N170322,N170324,,69.000,0.00000000,0.02037000,130.100,130.100,0,0,0.000,0.000,0,,0
N170346_N170325_1,,N170346,N170325,,69.000,0.00000000,0.00845000,128.800,128.800,0,0,0.000,0.000,0,,0
N170372_N170325_1,,N170372,N170325,,69.000,0.00000000,0.01141000,125.700,125.700,0,0,0.000,0.000,0,,0
N170326_N170375_1,,N170326,N170375,,69.000,0.00000000,0.00826000,101.100,101.100,0,0,0.000,0.000,0,,0
N170326_N170415_1,,N170326,N170415,,69.000,0.00000000,0.00436000,98.500,98.500,0,0,0.000,0.000,0,,0
N170327_N170378_1,,N170327,N170378,,69.000,0.00000000,0.03566000,82.600,82.600,0,0,0.000,0.000,0,,0
N170382_N170327_1,,N170382,N170327,,69.000,0.00000000,0.01068000,100.100,100.100,0,0,0.000,0.000,0,,0
N170406_N170327_1,,N170406,N170327,,69.000,0.00000000,0.00926000,86.000,86.000,0,0,0.000,0.000,0,,0
N170328_N170334_1,,N170328,N170334,,69.000,0.00000000,0.01035000,172.900,172.900,0,0,0.000,0.000,0,,0
N170328_N170343_1,,N170328,N170343,,69.000,0.00000000,0.01661000,128.700,128.700,0,0,0.000,0.000,0,,0
N170328_N170419_1,,N170328,N170419,,69.000,0.00000000,0.00560000,112.500,112.500,0,0,0.000,0.000,0,,0
N170329_N170336_1,,N170329,N170336,,69.000,0.00000000,0.02078000,111.700,111.700,0,0,0.000,0.000,0,,0
N170329_N170421_1,,N170329,N170421,,69.000,0.00000000,0.00322000,106.900,106.900,0,0,0.000,0.000,0,,0
N170330_N170339_1,,N170330,N170339,,69.000,0.00000000,0.00413000,134.400,134.400,0,0,0.000,0.000,0,,0
N170330_N170354_1,,N170330,N170354,,69.000,0.00000000,0.00762000,131.200,131.200,0,0,0.000,0.000,0,,0
N170333_N170331_1,,N170333,N170331,,138.000,0.00000000,0.01319000,235.900,235.900,0,0,0.000,0.000,0,,0
N170332_N170369_1,,N170332,N170369,,69.000,0.00000000,0.01276000,143.500,143.500,0,0,0.000,0.000,0,,0
N170332_N170389_1,,N170332,N170389,,69.000,0.00000000,0.01932000,100.000,100.000,0,0,0.000,0.000,0,,0
N170394_N170332_1,,N170394,N170332,,69.000,0.00000000,0.00411000,106.200,106.200,0,0,0.000,0.000,0,,0
N170367_N170334_1,,N170367,N170334,,69.000,0.00000000,0.01093000,116.900,116.900,0,0,0.000,0.000,0,,0
N170335_N170402_1,,N170335,N170402,,69.000,0.00000000,0.01080000,108.700,108.700,0,0,0.000,0.000,0,,0
N170335_N170419_1,,N170335,N170419,,69.000,0.00000000,0.02089000,111.800,111.800,0,0,0.000,0.000,0,,0
N170336_N170342_1,,N170336,N170342,,69.000,0.00000000,0.01032000,100.700,100.700,0,0,0.000,0.000,0,,0
N170336_N170414_1,,N170336,N170414,,69.000,0.00000000,0.01662000,120.600,120.600,0,0,0.000,0.000,0,,0
N170337_N170400_1,,N170337,N170400,,69.000,0.00000000,0.00234000,107.100,107.100,0,0,0.000,0.000,0,,0
N170337_N170407_1,,N170337,N170407,,69.000,0.00000000,0.00831000,105.300,105.300,0,0,0.000,0.000,0,,0
N170339_N170404_1,,N170339,N170404,,69.000,0.00000000,0.00516000,268.100,268.100,0,0,0.000,0.000,0,,0
N170339_N170416_1,,N170339,N170416,,69.000,0.00000000,0.00505000,132.200,132.200,0,0,0.000,0.000,0,,0
N170339_N170422_1,,N170339,N170422,,69.000,0.00000000,0.00394000,131.700,131.700,0,0,0.000,0.000,0,,0
N170362_N170340_1,,N170362,N170340,,69.000,0.00000000,0.00274000,111.000,111.000,0,0,0.000,0.000,0,,0
N170341_N170350_1,,N170341,N170350,,69.000,0.00000000,0.00412000,139.200,139.200,0,0,0.000,0.000,0,,0
N170341_N170365_1,,N170341,N170365,,69.000,0.00000000,0.00336000,227.400,227.400,0,0,0.000,0.000,0,,0
N170418_N170341_1,,N170418,N170341,,69.000,0.00000000,0.00437000,99.800,99.800,0,0,0.000,0.000,0,,0
N170342_N170415_1,,N170342,N170415,,69.000,0.00000000,0.00721000,102.400,102.400,0,0,0.000,0.000,0,,0
N170380_N170343_1,,N170380,N170343,,69.000,0.00000000,0.00704000,126.100,126.100,0,0,0.000,0.000,0,,0
N170344_N170357_1,,N170344,N170357,,69.000,0.00000000,0.01379000,98.200,98.200,0,0,0.000,0.000,0,,0
N170344_N170366_1,,N170344,N170366,,69.000,0.00000000,0.03204000,104.100,104.100,0,0,0.000,0.000,0,,0
N170396_N170345_1,,N170396,N170345,,69.000,0.00000000,0.00609000,117.100,117.100,0,0,0.000,0.000,0,,0
N170356_N170346_1,,N170356,N170346,,69.000,0.00000000,0.00177000,129.800,129.800,0,0,0.000,0.000,0,,0
N170347_N170399_1,,N170347,N170399,,69.000,0.00000000,0.01377000,136.700,136.700,0,0,0.000,0.000,0,,0
N170347_N170425_1,,N170347,N170425,,69.000,0.00000000,0.00308000,137.600,137.600,0,0,0.000,0.000,0,,0
N170348_N170374_1,,N170348,N170374,,69.000,0.00000000,0.00474000,92.200,92.200,0,0,0.000,0.000,0,,0
N170375_N170348_1,,N170375,N170348,,69.000,0.00000000,0.00899000,83.100,83.100,0,0,0.000,0.000,0,,0
N170349_N170383_1,,N170349,N170383,,69.000,0.00000000,0.02801000,109.900,109.900,0,0,0.000,0.000,0,,0
N170349_N170412_1,,N170349,N170412,,69.000,0.00000000,0.00365000,107.600,107.600,0,0,0.000,0.000,0,,0
N170359_N170350_1,,N170359,N170350,,69.000,0.00000000,0.00789000,117.000,117.000,0,0,0.000,0.000,0,,0
N170350_N170424_1,,N170350,N170424,,69.000,0.00000000,0.00748000,145.600,145.600,0,0,0.000,0.000,0,,0
N170351_N170373_1,,N170351,N170373,,69.000,0.00000000,0.00922000,93.200,93.200,0,0,0.000,0.000,0,,0
N170351_N170378_1,,N170351,N170378,,69.000,0.00000000,0.00774000,90.900,90.900,0,0,0.000,0.000,0,,0
N170352_N170365_1,,N170352,N170365,,69.000,0.00000000,0.01016000,140.600,140.600,0,0,0.000,0.000,0,,0
N170407_N170352_1,,N170407,N170352,,69.000,0.00000000,0.00221000,110.000,110.000,0,0,0.000,0.000,0,,0
N170357_N170353_1,,N170357,N170353,,69.000,0.00000000,0.01522000,93.000,93.000,0,0,0.000,0.000,0,,0
N170353_N170387_1,,N170353,N170387,,69.000,0.00000000,0.01626000,89.800,89.800,0,0,0.000,0.000,0,,0
N170355_N170385_1,,N170355,N170385,,69.000,0.00000000,0.00977000,100.100,100.100,0,0,0.000,0.000,0,,0
N170355_N170402_1,,N170355,N170402,,69.000,0.00000000,0.02380000,93.700,93.700,0,0,0.000,0.000,0,,0
N170356_N170399_1,,N170356,N170399,,69.000,0.00000000,0.00743000,131.100,131.100,0,0,0.000,0.000,0,,0
N170398_N170357_1,,N170398,N170357,,69.000,0.00000000,0.00880000,102.300,102.300,0,0,0.000,0.000,0,,0
N170359_N170383_1,,N170359,N170383,,69.000,0.00000000,0.00760000,106.500,106.500,0,0,0.000,0.000,0,,0
N170362_N170373_1,,N170362,N170373,,69.000,0.00000000,0.01482000,89.400,89.400,0,0,0.000,0.000,0,,0
N170376_N170362_1,,N170376,N170362,,69.000,0.00000000,0.00837000,96.900,96.900,0,0,0.000,0.000,0,,0
N170363_N170365_1,,N170363,N170365,,69.000,0.00000000,0.00752000,96.200,96.200,0,0,0.000,0.000,0,,0
N170363_N170376_1,,N170363,N170376,,69.000,0.00000000,0.01351000,100.200,100.200,0,0,0.000,0.000,0,,0
N170364_N170371_1,,N170364,N170371,,69.000,0.00000000,0.00752000,148.000,148.000,0,0,0.000,0.000,0,,0
N170364_N170371_2,,N170364,N170371,,69.000,0.00000000,0.00752000,148.000,148.000,0,0,0.000,0.000,0,,0
N170425_N170364_1,,N170425,N170364,,69.000,0.00000000,0.00621000,145.400,145.400,0,0,0.000,0.000,0,,0
N170367_N170386_1,,N170367,N170386,,69.000,0.00000000,0.02739000,93.900,93.900,0,0,0.000,0.000,0,,0
N170384_N170368_1,,N170384,N170368,,69.000,0.00000000,0.00697000,104.600,104.600,0,0,0.000,0.000,0,,0
N170368_N170395_1,,N170368,N170395,,69.000,0.00000000,0.00875000,101.100,101.100,0,0,0.000,0.000,0,,0
N170369_N170385_1,,N170369,N170385,,69.000,0.00000000,0.02690000,114.100,114.100,0,0,0.000,0.000,0,,0
N170370_N170420_1,,N170370,N170420,,69.000,0.00000000,0.00244000,127.600,127.600,0,0,0.000,0.000,0,,0
N170371_N170397_1,,N170371,N170397,,69.000,0.00000000,0.00890000,102.600,102.600,0,0,0.000,0.000,0,,0
N170372_N170396_1,,N170372,N170396,,69.000,0.00000000,0.00411000,122.400,122.400,0,0,0.000,0.000,0,,0
N170403_N170373_1,,N170403,N170373,,69.000,0.00000000,0.01340000,80.800,80.800,0,0,0.000,0.000,0,,0
N170374_N170418_1,,N170374,N170418,,69.000,0.00000000,0.01635000,96.500,96.500,0,0,0.000,0.000,0,,0
N170375_N170379_1,,N170375,N170379,,69.000,0.00000000,0.01446000,101.600,101.600,0,0,0.000,0.000,0,,0
N170376_N170409_1,,N170376,N170409,,69.000,0.00000000,0.01684000,94.100,94.100,0,0,0.000,0.000,0,,0
N170408_N170377_1,,N170408,N170377,,69.000,0.00000000,0.01119000,118.600,118.600,0,0,0.000,0.000,0,,0
N170378_N170379_1,,N170378,N170379,,69.000,0.00000000,0.00804000,100.600,100.600,0,0,0.000,0.000,0,,0
N170379_N170385_1,,N170379,N170385,,69.000,0.00000000,0.01537000,124.300,124.300,0,0,0.000,0.000,0,,0
N170405_N170380_1,,N170405,N170380,,69.000,0.00000000,0.01319000,122.000,122.000,0,0,0.000,0.000,0,,0
N170381_N170409_1,,N170381,N170409,,69.000,0.00000000,0.00920000,115.000,115.000,0,0,0.000,0.000,0,,0
N170410_N170381_1,,N170410,N170381,,69.000,0.00000000,0.00997000,116.700,116.700,0,0,0.000,0.000,0,,0
N170387_N170388_1,,N170387,N170388,,69.000,0.00000000,0.01001000,84.800,84.800,0,0,0.000,0.000,0,,0
N170388_N170390_1,,N170388,N170390,,69.000,0.00000000,0.00884000,106.500,106.500,0,0,0.000,0.000,0,,0
N170391_N170393_1,,N170391,N170393,,69.000,0.00000000,0.01287000,109.300,109.300,0,0,0.000,0.000,0,,0
N170392_N170393_1,,N170392,N170393,,69.000,0.00000000,0.00708000,111.100,111.100,0,0,0.000,0.000,0,,0
N170395_N170406_1,,N170395,N170406,,69.000,0.00000000,0.01921000,96.500,96.500,0,0,0.000,0.000,0,,0
N170398_N170409_1,,N170398,N170409,,69.000,0.00000000,0.02187000,108.800,108.800,0,0,0.000,0.000,0,,0
N170399_N170417_1,,N170399,N170417,,69.000,0.00000000,0.00750000,121.900,121.900,0,0,0.000,0.000,0,,0
N170400_N170401_1,,N170400,N170401,,69.000,0.00000000,0.00245000,111.800,111.800,0,0,0.000,0.000,0,,0
N170401_N170412_1,,N170401,N170412,,69.000,0.00000000,0.00541000,116.700,116.700,0,0,0.000,0.000,0,,0
N170402_N170408_1,,N170402,N170408,,69.000,0.00000000,0.01262000,122.400,122.400,0,0,0.000,0.000,0,,0
N170403_N170406_1,,N170403,N170406,,69.000,0.00000000,0.00435000,83.800,83.800,0,0,0.000,0.000,0,,0
N170417_N170404_1,,N170417,N170404,,69.000,0.00000000,0.00612000,124.600,124.600,0,0,0.000,0.000,0,,0
N170405_N170418_1,,N170405,N170418,,69.000,0.00000000,0.01510000,106.500,106.500,0,0,0.000,0.000,0,,0
N170407_N170426_1,,N170407,N170426,,69.000,0.00000000,0.00733000,117.200,117.200,0,0,0.000,0.000,0,,0
N170411_N170421_1,,N170411,N170421,,69.000,0.00000000,0.00651000,115.200,115.200,0,0,0.000,0.000,0,,0
N170412_N170415_1,,N170412,N170415,,69.000,0.00000000,0.00395000,85.700,85.700,0,0,0.000,0.000,0,,0
N170413_N170420_1,,N170413,N170420,,69.000,0.00000000,0.00940000,119.900,119.900,0,0,0.000,0.000,0,,0
N170425_N170413_1,,N170425,N170413,,69.000,0.00000000,0.00274000,121.300,121.300,0,0,0.000,0.000,0,,0
N170414_N170422_1,,N170414,N170422,,69.000,0.00000000,0.00817000,119.000,119.000,0,0,0.000,0.000,0,,0
N170422_N170423_1,,N170422,N170423,,69.000,0.00000000,0.00419000,132.700,132.700,0,0,0.000,0.000,0,,0
N170422_N170426_1,,N170422,N170426,,69.000,0.00000000,0.00473000,115.000,115.000,0,0,0.000,0.000,0,,0
N170434_N170427_1,,N170434,N170427,,138.000,0.00000000,0.00820000,244.000,244.000,0,0,0.000,0.000,0,,0
N170428_N170441_1,,N170428,N170441,,69.000,0.00000000,0.05021000,139.300,139.300,0,0,0.000,0.000,0,,0
N170428_N260165_1,,N170428,N260165,,69.000,0.00000000,0.02295000,120.600,120.600,0,0,0.000,0.000,0,,0
N170432_N170433_1,,N170432,N170433,,69.000,0.00000000,0.05677000,119.800,119.800,0,0,0.000,0.000,0,,0
N170435_N170433_1,,N170435,N170433,,69.000,0.00000000,0.04235000,136.400,136.400,0,0,0.000,0.000,0,,0
N170434_N170556_1,,N170434,N170556,,138.000,0.00000000,0.01610000,269.100,269.100,0,0,0.000,0.000,0,,0
N170439_N170436_1,,N170439,N170436,,69.000,0.00000000,0.02933000,144.700,144.700,0,0,0.000,0.000,0,,0
N170441_N170436_1,,N170441,N170436,,69.000,0.00000000,0.02171000,140.200,140.200,0,0,0.000,0.000,0,,0
N170443_N170437_1,,N170443,N170437,,69.000,0.00000000,0.03361000,136.400,136.400,0,0,0.000,0.000,0,,0
N170437_N260164_1,,N170437,N260164,,69.000,0.00000000,0.09988000,122.500,122.500,0,0,0.000,0.000,0,,0
N170439_N170444_1,,N170439,N170444,,69.000,0.00000000,0.02199000,111.800,111.800,0,0,0.000,0.000,0,,0
N170531_N170442_1,,N170531,N170442,,138.000,0.00000000,0.00798000,265.900,265.900,0,0,0.000,0.000,0,,0
N170443_N260184_1,,N170443,N260184,,69.000,0.00000000,0.04985000,120.600,120.600,0,0,0.000,0.000,0,,0
N170445_N170452_1,,N170445,N170452,,138.000,0.00000000,0.00769000,236.900,236.900,0,0,0.000,0.000,0,,0
N170453_N170445_1,,N170453,N170445,,138.000,0.00000000,0.01224000,235.000,235.000,0,0,0.000,0.000,0,,0
N170447_N170451_1,,N170447,N170451,,138.000,0.00000000,0.03084000,244.500,244.500,0,0,0.000,0.000,0,,0
N170453_N170448_1,,N170453,N170448,,138.000,0.00000000,0.00751000,235.100,235.100,0,0,0.000,0.000,0,,0
N170562_N170450_1,,N170562,N170450,,345.000,0.00000000,0.01295000,1010.200,1010.200,0,1,0.000,0.000,0,,0
N170452_N170451_1,,N170452,N170451,,138.000,0.00000000,0.00632000,250.600,250.600,0,0,0.000,0.000,0,,0
N170452_N170574_1,,N170452,N170574,,138.000,0.00000000,0.00752000,244.900,244.900,0,0,0.000,0.000,0,,0
N170454_N170539_1,,N170454,N170539,,138.000,0.00000000,0.00516000,251.000,251.000,0,0,0.000,0.000,0,,0
N170460_N170455_1,,N170460,N170455,,138.000,0.00000000,0.01128000,336.300,336.300,0,0,0.000,0.000,0,,0
N170455_N250152_1,,N170455,N250152,,138.000,0.00000000,0.01084000,332.200,332.200,0,0,0.000,0.000,0,,0
N170456_N170539_1,,N170456,N170539,,138.000,0.00000000,0.01521000,295.600,295.600,0,0,0.000,0.000,0,,0
N170458_N250099_1,,N170458,N250099,,138.000,0.00000000,0.02228000,293.800,293.800,0,0,0.000,0.000,0,,0
N250163_N170458_1,,N250163,N170458,,138.000,0.00000000,0.01127000,298.400,298.400,0,0,0.000,0.000,0,,0
N170460_N170539_1,,N170460,N170539,,138.000,0.00000000,0.00368000,346.600,346.600,0,0,0.000,0.000,0,,0
N170576_N170461_1,,N170576,N170461,,138.000,0.00000000,0.02081000,273.100,273.100,0,0,0.000,0.000,0,,0
N170462_N170548_1,,N170462,N170548,,345.000,0.00000000,0.01964000,1132.300,1132.300,0,1,0.000,0.000,0,,0
N170462_N170562_1,,N170462,N170562,,345.000,0.00000000,0.01717000,1016.900,1016.900,0,1,0.000,0.000,0,,0
N170465_N170464_1,,N170465,N170464,,138.000,0.00000000,0.00850000,311.600,311.600,0,0,0.000,0.000,0,,0
N170464_N170484_1,,N170464,N170484,,138.000,0.00000000,0.01686000,304.900,304.900,0,0,0.000,0.000,0,,0
N170480_N170465_1,,N170480,N170465,,138.000,0.00000000,0.01620000,320.200,320.200,0,0,0.000,0.000,0,,0
N170466_N170469_1,,N170466,N170469,,138.000,0.00000000,0.01660000,243.400,243.400,0,0,0.000,0.000,0,,0
N170466_N170476_1,,N170466,N170476,,138.000,0.00000000,0.02195000,266.100,266.100,0,0,0.000,0.000,0,,0
N170476_N170468_1,,N170476,N170468,,138.000,0.00000000,0.01105000,281.100,281.100,0,0,0.000,0.000,0,,0
N170470_N170484_1,,N170470,N170484,,138.000,0.00000000,0.03134000,241.300,241.300,0,0,0.000,0.000,0,,0
N170483_N170471_1,,N170483,N170471,,138.000,0.00000000,0.02303000,271.100,271.100,0,0,0.000,0.000,0,,0
N170570_N170472_1,,N170570,N170472,,138.000,0.00000000,0.01264000,233.300,233.300,0,0,0.000,0.000,0,,0
N170478_N170568_1,,N170478,N170568,,138.000,0.00000000,0.00844000,267.600,267.600,0,0,0.000,0.000,0,,0
N170478_N170572_1,,N170478,N170572,,138.000,0.00000000,0.03237000,284.400,284.400,0,0,0.000,0.000,0,,0
N170580_N170478_1,,N170580,N170478,,138.000,0.00000000,0.00919000,305.800,305.800,0,0,0.000,0.000,0,,0
N170479_N170562_1,,N170479,N170562,,345.000,0.00000000,0.00197000,1066.200,1066.200,0,1,0.000,0.000,0,,0
N170480_N170580_1,,N170480,N170580,,138.000,0.00000000,0.01010000,304.500,304.500,0,0,0.000,0.000,0,,0
N170482_N170534_1,,N170482,N170534,,138.000,0.00000000,0.01198000,291.100,291.100,0,0,0.000,0.000,0,,0
N170534_N170483_1,,N170534,N170483,,138.000,0.00000000,0.02144000,277.800,277.800,0,0,0.000,0.000,0,,0
N170493_N170485_1,,N170493,N170485,,138.000,0.00000000,0.00735000,322.400,322.400,0,0,0.000,0.000,0,,0
N170485_N170494_1,,N170485,N170494,,138.000,0.00000000,0.00222000,297.300,297.300,0,0,0.000,0.000,0,,0
N170495_N170485_1,,N170495,N170485,,138.000,0.00000000,0.00542000,313.800,313.800,0,0,0.000,0.000,0,,0
N170488_N170486_1,,N170488,N170486,,138.000,0.00000000,0.01200000,295.100,295.100,0,0,0.000,0.000,0,,0
N170486_N170495_1,,N170486,N170495,,138.000,0.00000000,0.00889000,309.700,309.700,0,0,0.000,0.000,0,,0
N170487_N250035_1,,N170487,N250035,,138.000,0.00000000,0.01986000,276.900,276.900,0,0,0.000,0.000,0,,0
N170488_N170503_1,,N170488,N170503,,138.000,0.00000000,0.00452000,281.200,281.200,0,0,0.000,0.000,0,,0
N170505_N170488_1,,N170505,N170488,,138.000,0.00000000,0.01148000,304.700,304.700,0,0,0.000,0.000,0,,0
N170488_N170578_1,,N170488,N170578,,138.000,0.00000000,0.01130000,313.800,313.800,0,0,0.000,0.000,0,,0
N170489_N170491_1,,N170489,N170491,,138.000,0.00000000,0.03666000,278.400,278.400,0,0,0.000,0.000,0,,0
N170489_N170504_1,,N170489,N170504,,138.000,0.00000000,0.01315000,278.300,278.300,0,0,0.000,0.000,0,,0
N170490_N170494_1,,N170490,N170494,,138.000,0.00000000,0.02644000,302.100,302.100,0,0,0.000,0.000,0,,0
N170491_N170502_1,,N170491,N170502,,138.000,0.00000000,0.00219000,263.600,263.600,0,0,0.000,0.000,0,,0
N170493_N170527_1,,N170493,N170527,,138.000,0.00000000,0.00897000,326.700,326.700,0,0,0.000,0.000,0,,0
N170495_N170505_1,,N170495,N170505,,138.000,0.00000000,0.01017000,307.200,307.200,0,0,0.000,0.000,0,,0
N170495_N170527_1,,N170495,N170527,,138.000,0.00000000,0.00895000,332.500,332.500,0,0,0.000,0.000,0,,0
N170496_N170502_1,,N170496,N170502,,138.000,0.00000000,0.03563000,289.400,289.400,0,0,0.000,0.000,0,,0
N170499_N170498_1,,N170499,N170498,,138.000,0.00000000,0.02003000,294.300,294.300,0,0,0.000,0.000,0,,0
N170500_N170513_1,,N170500,N170513,,138.000,0.00000000,0.03484000,300.300,300.300,0,0,0.000,0.000,0,,0
N170513_N170501_1,,N170513,N170501,,138.000,0.00000000,0.02074000,299.000,299.000,0,0,0.000,0.000,0,,0
N170509_N170506_1,,N170509,N170506,,138.000,0.00000000,0.01336000,322.500,322.500,0,0,0.000,0.000,0,,0
N170506_N170510_1,,N170506,N170510,,138.000,0.00000000,0.01091000,321.800,321.800,0,0,0.000,0.000,0,,0
N170508_N170507_1,,N170508,N170507,,138.000,0.00000000,0.00872000,301.000,301.000,0,0,0.000,0.000,0,,0
N170508_N170513_1,,N170508,N170513,,138.000,0.00000000,0.00911000,322.400,322.400,0,0,0.000,0.000,0,,0
N170514_N170508_1,,N170514,N170508,,138.000,0.00000000,0.00440000,300.600,300.600,0,0,0.000,0.000,0,,0
N170509_N170513_1,,N170509,N170513,,138.000,0.00000000,0.01169000,331.600,331.600,0,0,0.000,0.000,0,,0
N170515_N170531_1,,N170515,N170531,,138.000,0.00000000,0.02411000,389.400,389.400,0,0,0.000,0.000,0,,0
N170515_N170531_2,,N170515,N170531,,138.000,0.00000000,0.02411000,389.400,389.400,0,0,0.000,0.000,0,,0
N170515_N170543_1,,N170515,N170543,,138.000,0.00000000,0.00759000,382.700,382.700,0,0,0.000,0.000,0,,0
N170515_N170543_2,,N170515,N170543,,138.000,0.00000000,0.00759000,382.700,382.700,0,0,0.000,0.000,0,,0
N170517_N170526_1,,N170517,N170526,,345.000,0.00000000,0.01749000,1172.400,1172.400,0,1,0.000,0.000,0,,0
N170548_N170526_1,,N170548,N170526,,345.000,0.00000000,0.02000000,1400.000,1400.000,0,1,0.000,0.000,0,,0
N170527_N170582_1,,N170527,N170582,,138.000,0.00000000,0.01534000,299.100,299.100,0,0,0.000,0.000,0,,0
N170556_N170531_1,,N170556,N170531,,138.000,0.00000000,0.01034000,312.700,312.700,0,0,0.000,0.000,0,,0
N170556_N170531_2,,N170556,N170531,,138.000,0.00000000,0.01034000,312.700,312.700,0,0,0.000,0.000,0,,0
N170548_N170538_1,,N170548,N170538,,345.000,0.00000000,0.00386000,1111.600,1111.600,0,1,0.000,0.000,0,,0
N170558_N170543_1,,N170558,N170543,,138.000,0.00000000,0.00305000,265.200,265.200,0,0,0.000,0.000,0,,0
N170549_N250147_1,,N170549,N250147,,138.000,0.00000000,0.03276000,308.300,308.300,0,0,0.000,0.000,0,,0
N170566_N170556_1,,N170566,N170556,,138.000,0.00000000,0.03499000,286.900,286.900,0,0,0.000,0.000,0,,0
N170570_N170572_1,,N170570,N170572,,138.000,0.00000000,0.00417000,249.000,249.000,0,0,0.000,0.000,0,,0
N180004_N180001_1,,N180004,N180001,,138.000,0.00000000,0.03084000,263.800,263.800,0,0,0.000,0.000,0,,0
N180001_N180053_1,,N180001,N180053,,138.000,0.00000000,0.03166000,275.200,275.200,0,0,0.000,0.000,0,,0
N180002_N180004_1,,N180002,N180004,,138.000,0.00000000,0.03195000,287.300,287.300,0,0,0.000,0.000,0,,0
N180077_N180002_1,,N180077,N180002,,138.000,0.00000000,0.04338000,270.300,270.300,0,0,0.000,0.000,0,,0
N180107_N180002_1,,N180107,N180002,,138.000,0.00000000,0.01235000,280.800,280.800,0,0,0.000,0.000,0,,0
N180009_N180005_1,,N180009,N180005,,138.000,0.00000000,0.00930000,269.900,269.900,0,0,0.000,0.000,0,,0
N180017_N180005_1,,N180017,N180005,,138.000,0.00000000,0.00318000,261.500,261.500,0,0,0.000,0.000,0,,0
N180007_N180006_1,,N180007,N180006,,138.000,0.00000000,0.01033000,260.600,260.600,0,0,0.000,0.000,0,,0
N180006_N180019_1,,N180006,N180019,,138.000,0.00000000,0.00921000,253.000,253.000,0,0,0.000,0.000,0,,0
N180006_N180031_1,,N180006,N180031,,138.000,0.00000000,0.00696000,279.100,279.100,0,0,0.000,0.000,0,,0
N180007_N180009_1,,N180007,N180009,,138.000,0.00000000,0.00864000,264.900,264.900,0,0,0.000,0.000,0,,0
N180007_N180110_1,,N180007,N180110,,138.000,0.00000000,0.00601000,270.300,270.300,0,0,0.000,0.000,0,,0
N180008_N180010_1,,N180008,N180010,,138.000,0.00000000,0.00624000,242.500,242.500,0,0,0.000,0.000,0,,0
N180008_N180017_1,,N180008,N180017,,138.000,0.00000000,0.00239000,259.500,259.500,0,0,0.000,0.000,0,,0
N180009_N180021_1,,N180009,N180021,,138.000,0.00000000,0.00862000,283.000,283.000,0,0,0.000,0.000,0,,0
N180009_N180025_1,,N180009,N180025,,138.000,0.00000000,0.00397000,268.500,268.500,0,0,0.000,0.000,0,,0
N180010_N180016_1,,N180010,N180016,,138.000,0.00000000,0.00107000,247.400,247.400,0,0,0.000,0.000,0,,0
N180110_N180010_1,,N180110,N180010,,138.000,0.00000000,0.00797000,272.500,272.500,0,0,0.000,0.000,0,,0
N180011_N180020_1,,N180011,N180020,,138.000,0.00000000,0.00814000,246.800,246.800,0,0,0.000,0.000,0,,0
N180011_N180032_1,,N180011,N180032,,138.000,0.00000000,0.00929000,248.700,248.700,0,0,0.000,0.000,0,,0
N180011_N180033_1,,N180011,N180033,,138.000,0.00000000,0.02277000,252.500,252.500,0,0,0.000,0.000,0,,0
N180012_N180016_1,,N180012,N180016,,138.000,0.00000000,0.00492000,252.100,252.100,0,0,0.000,0.000,0,,0
N180012_N180020_1,,N180012,N180020,,138.000,0.00000000,0.01054000,257.300,257.300,0,0,0.000,0.000,0,,0
N180013_N180026_1,,N180013,N180026,,345.000,0.00000000,0.01113000,1023.300,1023.300,0,1,0.000,0.000,0,,0
N180031_N180014_1,,N180031,N180014,,138.000,0.00000000,0.02359000,286.600,286.600,0,0,0.000,0.000,0,,0
N180014_N180033_1,,N180014,N180033,,138.000,0.00000000,0.02057000,280.700,280.700,0,0,0.000,0.000,0,,0
N180014_N180052_1,,N180014,N180052,,138.000,0.00000000,0.05127000,256.800,256.800,0,0,0.000,0.000,0,,0
N180014_N180065_1,,N180014,N180065,,138.000,0.00000000,0.04391000,250.800,250.800,0,0,0.000,0.000,0,,0
N180089_N180014_1,,N180089,N180014,,138.000,0.00000000,0.02392000,253.000,253.000,0,0,0.000,0.000,0,,0
N180014_N180091_1,,N180014,N180091,,138.000,0.00000000,0.06233000,233.700,233.700,0,0,0.000,0.000,0,,0
N180015_N180070_1,,N180015,N180070,,138.000,0.00000000,0.04565000,303.000,303.000,0,0,0.000,0.000,0,,0
N180015_N180071_1,,N180015,N180071,,138.000,0.00000000,0.02501000,269.500,269.500,0,0,0.000,0.000,0,,0
N180015_N180089_1,,N180015,N180089,,138.000,0.00000000,0.02008000,267.500,267.500,0,0,0.000,0.000,0,,0
N180015_N180091_1,,N180015,N180091,,138.000,0.00000000,0.04317000,226.500,226.500,0,0,0.000,0.000,0,,0
N180017_N180030_1,,N180017,N180030,,138.000,0.00000000,0.00451000,288.100,288.100,0,0,0.000,0.000,0,,0
N180024_N180018_1,,N180024,N180018,,138.000,0.00000000,0.01400000,252.500,252.500,0,0,0.000,0.000,0,,0
N180028_N180018_1,,N180028,N180018,,138.000,0.00000000,0.01967000,260.500,260.500,0,0,0.000,0.000,0,,0
N180018_N180065_1,,N180018,N180065,,138.000,0.00000000,0.04042000,250.100,250.100,0,0,0.000,0.000,0,,0
N180019_N180032_1,,N180019,N180032,,138.000,0.00000000,0.01215000,228.600,228.600,0,0,0.000,0.000,0,,0
N180068_N180020_1,,N180068,N180020,,138.000,0.00000000,0.02365000,295.800,295.800,0,0,0.000,0.000,0,,0
N180027_N180021_1,,N180027,N180021,,138.000,0.00000000,0.02611000,289.000,289.000,0,0,0.000,0.000,0,,0
N180022_N180058_1,,N180022,N180058,,138.000,0.00000000,0.03571000,271.800,271.800,0,0,0.000,0.000,0,,0
N180022_N180071_1,,N180022,N180071,,138.000,0.00000000,0.02896000,269.600,269.600,0,0,0.000,0.000,0,,0
N180023_N180024_1,,N180023,N180024,,138.000,0.00000000,0.00471000,280.600,280.600,0,0,0.000,0.000,0,,0
N180023_N180027_1,,N180023,N180027,,138.000,0.00000000,0.02209000,291.600,291.600,0,0,0.000,0.000,0,,0
N180025_N180024_1,,N180025,N180024,,138.000,0.00000000,0.00875000,275.100,275.100,0,0,0.000,0.000,0,,0
N180026_N180129_1,,N180026,N180129,,345.000,0.00000000,0.01436000,1121.100,1121.100,0,1,0.000,0.000,0,,0
N180060_N180027_1,,N180060,N180027,,138.000,0.00000000,0.01402000,245.100,245.100,0,0,0.000,0.000,0,,0
N180028_N180060_1,,N180028,N180060,,138.000,0.00000000,0.04222000,243.900,243.900,0,0,0.000,0.000,0,,0
N180028_N180084_1,,N180028,N180084,,138.000,0.00000000,0.03272000,268.200,268.200,0,0,0.000,0.000,0,,0
N180029_N180062_1,,N180029,N180062,,138.000,0.00000000,0.01855000,279.200,279.200,0,0,0.000,0.000,0,,0
N180120_N180029_1,,N180120,N180029,,138.000,0.00000000,0.01281000,277.300,277.300,0,0,0.000,0.000,0,,0
N180133_N180029_1,,N180133,N180029,,138.000,0.00000000,0.01546000,289.100,289.100,0,0,0.000,0.000,0,,0
N180030_N180061_1,,N180030,N180061,,138.000,0.00000000,0.09941000,299.500,299.500,0,0,0.000,0.000,0,,0
N180033_N180055_1,,N180033,N180055,,138.000,0.00000000,0.06384000,285.400,285.400,0,0,0.000,0.000,0,,0
N180034_N180118_1,,N180034,N180118,,138.000,0.00000000,0.09455000,303.900,303.900,0,0,0.000,0.000,0,,0
N180035_N180037_1,,N180035,N180037,,138.000,0.00000000,0.08999000,250.400,250.400,0,0,0.000,0.000,0,,0
N180035_N180041_1,,N180035,N180041,,138.000,0.00000000,0.07054000,296.900,296.900,0,0,0.000,0.000,0,,0
N180139_N180035_1,,N180139,N180035,,138.000,0.00000000,0.09500000,285.400,285.400,0,0,0.000,0.000,0,,0
N180036_N180040_1,,N180036,N180040,,138.000,0.00000000,0.07004000,281.300,281.300,0,0,0.000,0.000,0,,0
N180084_N180036_1,,N180084,N180036,,138.000,0.00000000,0.14731000,268.400,268.400,0,0,0.000,0.000,0,,0
N180037_N180144_1,,N180037,N180144,,138.000,0.00000000,0.07968000,260.900,260.900,0,0,0.000,0.000,0,,0
N180038_N180039_1,,N180038,N180039,,138.000,0.00000000,0.04369000,281.300,281.300,0,0,0.000,0.000,0,,0
N180127_N180038_1,,N180127,N180038,,138.000,0.00000000,0.00085000,280.200,280.200,0,0,0.000,0.000,0,,0
N180039_N180098_1,,N180039,N180098,,138.000,0.00000000,0.06529000,282.200,282.200,0,0,0.000,0.000,0,,0
N180040_N180113_1,,N180040,N180113,,138.000,0.00000000,0.01567000,282.200,282.200,0,0,0.000,0.000,0,,0
N180041_N180051_1,,N180041,N180051,,138.000,0.00000000,0.08718000,261.500,261.500,0,0,0.000,0.000,0,,0
N180042_N180099_1,,N180042,N180099,,138.000,0.00000000,0.06919000,244.600,244.600,0,0,0.000,0.000,0,,0
N180042_N180102_1,,N180042,N180102,,138.000,0.00000000,0.05576000,243.900,243.900,0,0,0.000,0.000,0,,0
N180044_N180048_1,,N180044,N180048,,138.000,0.00000000,0.03551000,269.200,269.200,0,0,0.000,0.000,0,,0
N180078_N180047_1,,N180078,N180047,,138.000,0.00000000,0.04136000,298.000,298.000,0,0,0.000,0.000,0,,0
N180049_N180048_1,,N180049,N180048,,138.000,0.00000000,0.02590000,233.100,233.100,0,0,0.000,0.000,0,,0
N180048_N180080_1,,N180048,N180080,,138.000,0.00000000,0.08181000,271.800,271.800,0,0,0.000,0.000,0,,0
N180049_N180074_1,,N180049,N180074,,138.000,0.00000000,0.06164000,240.100,240.100,0,0,0.000,0.000,0,,0
N180050_N180079_1,,N180050,N180079,,138.000,0.00000000,0.09871000,277.400,277.400,0,0,0.000,0.000,0,,0
N180057_N180052_1,,N180057,N180052,,138.000,0.00000000,0.02090000,209.700,209.700,0,0,0.000,0.000,0,,0
N180066_N180052_1,,N180066,N180052,,138.000,0.00000000,0.03895000,274.500,274.500,0,0,0.000,0.000,0,,0
N180086_N180053_1,,N180086,N180053,,138.000,0.00000000,0.03950000,276.800,276.800,0,0,0.000,0.000,0,,0
N180054_N180107_1,,N180054,N180107,,138.000,0.00000000,0.02315000,278.300,278.300,0,0,0.000,0.000,0,,0
N180054_N240035_1,,N180054,N240035,,138.000,0.00000000,0.11055000,284.300,284.300,0,0,0.000,0.000,0,,0
N180055_N180080_1,,N180055,N180080,,138.000,0.00000000,0.04561000,292.000,292.000,0,0,0.000,0.000,0,,0
N180059_N180056_1,,N180059,N180056,,138.000,0.00000000,0.05226000,206.400,206.400,0,0,0.000,0.000,0,,0
N180075_N180056_1,,N180075,N180056,,138.000,0.00000000,0.05945000,229.000,229.000,0,0,0.000,0.000,0,,0
N180089_N180057_1,,N180089,N180057,,138.000,0.00000000,0.04642000,236.100,236.100,0,0,0.000,0.000,0,,0
N180058_N180087_1,,N180058,N180087,,138.000,0.00000000,0.02002000,319.000,319.000,0,0,0.000,0.000,0,,0
N180058_N180090_1,,N180058,N180090,,138.000,0.00000000,0.03092000,296.100,296.100,0,0,0.000,0.000,0,,0
N180067_N180059_1,,N180067,N180059,,138.000,0.00000000,0.05040000,235.000,235.000,0,0,0.000,0.000,0,,0
N180087_N180061_1,,N180087,N180061,,138.000,0.00000000,0.03981000,266.100,266.100,0,0,0.000,0.000,0,,0
N180127_N180061_1,,N180127,N180061,,138.000,0.00000000,0.02870000,308.800,308.800,0,0,0.000,0.000,0,,0
N180062_N180085_1,,N180062,N180085,,138.000,0.00000000,0.01659000,278.000,278.000,0,0,0.000,0.000,0,,0
N180062_N180118_1,,N180062,N180118,,138.000,0.00000000,0.02126000,273.200,273.200,0,0,0.000,0.000,0,,0
N180063_N180076_1,,N180063,N180076,,138.000,0.00000000,0.02078000,307.300,307.300,0,0,0.000,0.000,0,,0
N180064_N180069_1,,N180064,N180069,,138.000,0.00000000,0.03694000,261.800,261.800,0,0,0.000,0.000,0,,0
N180064_N180080_1,,N180064,N180080,,138.000,0.00000000,0.05737000,226.700,226.700,0,0,0.000,0.000,0,,0
N180086_N180064_1,,N180086,N180064,,138.000,0.00000000,0.04160000,276.900,276.900,0,0,0.000,0.000,0,,0
N180075_N180066_1,,N180075,N180066,,138.000,0.00000000,0.04916000,275.900,275.900,0,0,0.000,0.000,0,,0
N180067_N180082_1,,N180067,N180082,,138.000,0.00000000,0.02405000,235.500,235.500,0,0,0.000,0.000,0,,0
N180068_N180090_1,,N180068,N180090,,138.000,0.00000000,0.01235000,296.000,296.000,0,0,0.000,0.000,0,,0
N180069_N180088_1,,N180069,N180088,,138.000,0.00000000,0.05134000,262.200,262.200,0,0,0.000,0.000,0,,0
N180074_N180070_1,,N180074,N180070,,138.000,0.00000000,0.05075000,310.200,310.200,0,0,0.000,0.000,0,,0
N180072_N180075_1,,N180072,N180075,,138.000,0.00000000,0.03551000,259.900,259.900,0,0,0.000,0.000,0,,0
N180118_N180072_1,,N180118,N180072,,138.000,0.00000000,0.05969000,260.100,260.100,0,0,0.000,0.000,0,,0
N180073_N180077_1,,N180073,N180077,,138.000,0.00000000,0.05067000,298.500,298.500,0,0,0.000,0.000,0,,0
N180073_N240050_1,,N180073,N240050,,138.000,0.00000000,0.05371000,299.500,299.500,0,0,0.000,0.000,0,,0
N180074_N180078_1,,N180074,N180078,,138.000,0.00000000,0.02992000,298.100,298.100,0,0,0.000,0.000,0,,0
N180076_N180079_1,,N180076,N180079,,138.000,0.00000000,0.02199000,293.800,293.800,0,0,0.000,0.000,0,,0
N180088_N180077_1,,N180088,N180077,,138.000,0.00000000,0.05443000,288.300,288.300,0,0,0.000,0.000,0,,0
N180088_N180079_1,,N180088,N180079,,138.000,0.00000000,0.02114000,289.600,289.600,0,0,0.000,0.000,0,,0
N180081_N180083_1,,N180081,N180083,,138.000,0.00000000,0.03065000,254.400,254.400,0,0,0.000,0.000,0,,0
N180081_N180130_1,,N180081,N180130,,138.000,0.00000000,0.03881000,255.000,255.000,0,0,0.000,0.000,0,,0
N180085_N180082_1,,N180085,N180082,,138.000,0.00000000,0.03729000,245.500,245.500,0,0,0.000,0.000,0,,0
N180083_N180127_1,,N180083,N180127,,138.000,0.00000000,0.05969000,253.600,253.600,0,0,0.000,0.000,0,,0
N180085_N180139_1,,N180085,N180139,,138.000,0.00000000,0.02236000,272.200,272.200,0,0,0.000,0.000,0,,0
N180087_N180120_1,,N180087,N180120,,138.000,0.00000000,0.02643000,307.900,307.900,0,0,0.000,0.000,0,,0
N180092_N180099_1,,N180092,N180099,,138.000,0.00000000,0.03539000,258.500,258.500,0,0,0.000,0.000,0,,0
N180101_N180092_1,,N180101,N180092,,138.000,0.00000000,0.02317000,270.800,270.800,0,0,0.000,0.000,0,,0
N180092_N180103_1,,N180092,N180103,,138.000,0.00000000,0.02643000,282.400,282.400,0,0,0.000,0.000,0,,0
N180093_N180095_1,,N180093,N180095,,138.000,0.00000000,0.04559000,283.700,283.700,0,0,0.000,0.000,0,,0
N180098_N180093_1,,N180098,N180093,,138.000,0.00000000,0.05273000,246.200,246.200,0,0,0.000,0.000,0,,0
N180100_N180093_1,,N180100,N180093,,138.000,0.00000000,0.03198000,264.900,264.900,0,0,0.000,0.000,0,,0
N180094_N180101_1,,N180094,N180101,,138.000,0.00000000,0.03252000,270.200,270.200,0,0,0.000,0.000,0,,0
N180094_N180105_1,,N180094,N180105,,138.000,0.00000000,0.02251000,259.800,259.800,0,0,0.000,0.000,0,,0
N180113_N180094_1,,N180113,N180094,,138.000,0.00000000,0.02084000,273.900,273.900,0,0,0.000,0.000,0,,0
N180142_N180095_1,,N180142,N180095,,138.000,0.00000000,0.02219000,284.200,284.200,0,0,0.000,0.000,0,,0
N180096_N180106_1,,N180096,N180106,,138.000,0.00000000,0.03810000,287.300,287.300,0,0,0.000,0.000,0,,0
N180096_N200071_1,,N180096,N200071,,138.000,0.00000000,0.04038000,285.100,285.100,0,0,0.000,0.000,0,,0
N180105_N180097_1,,N180105,N180097,,138.000,0.00000000,0.01021000,273.600,273.600,0,0,0.000,0.000,0,,0
N180097_N180106_1,,N180097,N180106,,138.000,0.00000000,0.01795000,294.100,294.100,0,0,0.000,0.000,0,,0
N180097_N180125_1,,N180097,N180125,,138.000,0.00000000,0.01517000,312.500,312.500,0,0,0.000,0.000,0,,0
N180136_N180098_1,,N180136,N180098,,138.000,0.00000000,0.02952000,287.400,287.400,0,0,0.000,0.000,0,,0
N180099_N180136_1,,N180099,N180136,,138.000,0.00000000,0.03076000,257.600,257.600,0,0,0.000,0.000,0,,0
N180102_N180100_1,,N180102,N180100,,138.000,0.00000000,0.03354000,240.900,240.900,0,0,0.000,0.000,0,,0
N180102_N200055_1,,N180102,N200055,,138.000,0.00000000,0.03675000,252.200,252.200,0,0,0.000,0.000,0,,0
N180103_N180104_1,,N180103,N180104,,138.000,0.00000000,0.02538000,283.300,283.300,0,0,0.000,0.000,0,,0
N180104_N180122_1,,N180104,N180122,,138.000,0.00000000,0.00656000,308.200,308.200,0,0,0.000,0.000,0,,0
N180104_N180125_1,,N180104,N180125,,138.000,0.00000000,0.00371000,285.200,285.200,0,0,0.000,0.000,0,,0
N180122_N180125_1,,N180122,N180125,,138.000,0.00000000,0.00258000,308.700,308.700,0,0,0.000,0.000,0,,0
N180135_N180124_1,,N180135,N180124,,345.000,0.00000000,0.02000000,1300.000,1300.000,0,1,0.000,0.000,0,,0
N180141_N180124_1,,N180141,N180124,,345.000,0.00000000,0.00596000,977.600,977.600,0,1,0.000,0.000,0,,0
N180125_N200078_1,,N180125,N200078,,138.000,0.00000000,0.01975000,302.400,302.400,0,0,0.000,0.000,0,,0
N180129_N180132_1,,N180129,N180132,,345.000,0.00000000,0.00864000,1019.800,1019.800,0,1,0.000,0.000,0,,0
N180135_N180129_1,,N180135,N180129,,345.000,0.00000000,0.02846000,987.000,987.000,0,1,0.000,0.000,0,,0
N180138_N180132_1,,N180138,N180132,,345.000,0.00000000,0.00822000,1042.900,1042.900,0,1,0.000,0.000,0,,0
N180144_N180133_1,,N180144,N180133,,138.000,0.00000000,0.01649000,255.000,255.000,0,0,0.000,0.000,0,,0
N200205_N180141_1,,N200205,N180141,,345.000,0.00000000,0.00642000,1018.300,1018.300,0,1,0.000,0.000,0,,0
N190013_N190001_1,,N190013,N190001,,138.000,0.00000000,0.03403000,315.500,315.500,0,0,0.000,0.000,0,,0
N190001_N190103_1,,N190001,N190103,,138.000,0.00000000,0.00907000,303.200,303.200,0,0,0.000,0.000,0,,0
N190005_N190002_1,,N190005,N190002,,138.000,0.00000000,0.03462000,277.000,277.000,0,0,0.000,0.000,0,,0
N190002_N190015_1,,N190002,N190015,,138.000,0.00000000,0.01283000,252.700,252.700,0,0,0.000,0.000,0,,0
N190002_N190093_1,,N190002,N190093,,138.000,0.00000000,0.00499000,283.400,283.400,0,0,0.000,0.000,0,,0
N190003_N190009_1,,N190003,N190009,,138.000,0.00000000,0.03478000,272.300,272.300,0,0,0.000,0.000,0,,0
N190071_N190003_1,,N190071,N190003,,138.000,0.00000000,0.03751000,272.700,272.700,0,0,0.000,0.000,0,,0
N190077_N190004_1,,N190077,N190004,,138.000,0.00000000,0.01396000,268.000,268.000,0,0,0.000,0.000,0,,0
N190085_N190004_1,,N190085,N190004,,138.000,0.00000000,0.01445000,291.100,291.100,0,0,0.000,0.000,0,,0
N190004_N190089_1,,N190004,N190089,,138.000,0.00000000,0.01228000,253.700,253.700,0,0,0.000,0.000,0,,0
N190005_N190063_1,,N190005,N190063,,138.000,0.00000000,0.06681000,279.700,279.700,0,0,0.000,0.000,0,,0
N190020_N190006_1,,N190020,N190006,,138.000,0.00000000,0.02521000,322.400,322.400,0,0,0.000,0.000,0,,0
N190079_N190006_1,,N190079,N190006,,138.000,0.00000000,0.01263000,298.700,298.700,0,0,0.000,0.000,0,,0
N190006_N190082_1,,N190006,N190082,,138.000,0.00000000,0.02035000,222.100,222.100,0,0,0.000,0.000,0,,0
N190013_N190007_1,,N190013,N190007,,138.000,0.00000000,0.02191000,302.300,302.300,0,0,0.000,0.000,0,,0
N190007_N190014_1,,N190007,N190014,,138.000,0.00000000,0.02961000,303.200,303.200,0,0,0.000,0.000,0,,0
N190008_N190093_1,,N190008,N190093,,138.000,0.00000000,0.03046000,318.700,318.700,0,0,0.000,0.000,0,,0
N190008_N190189_1,,N190008,N190189,,138.000,0.00000000,0.01926000,322.000,322.000,0,0,0.000,0.000,0,,0
N190009_N190016_1,,N190009,N190016,,138.000,0.00000000,0.03168000,338.200,338.200,0,0,0.000,0.000,0,,0
N190009_N190064_1,,N190009,N190064,,138.000,0.00000000,0.03952000,305.200,305.200,0,0,0.000,0.000,0,,0
N190020_N190010_1,,N190020,N190010,,138.000,0.00000000,0.03386000,323.400,323.400,0,0,0.000,0.000,0,,0
N190010_N190072_1,,N190010,N190072,,138.000,0.00000000,0.04017000,324.200,324.200,0,0,0.000,0.000,0,,0
N190011_N190020_1,,N190011,N190020,,138.000,0.00000000,0.04559000,216.700,216.700,0,0,0.000,0.000,0,,0
N190012_N190018_1,,N190012,N190018,,138.000,0.00000000,0.03773000,222.300,222.300,0,0,0.000,0.000,0,,0
N190023_N190012_1,,N190023,N190012,,138.000,0.00000000,0.04350000,227.600,227.600,0,0,0.000,0.000,0,,0
N190013_N190022_1,,N190013,N190022,,138.000,0.00000000,0.04439000,254.100,254.100,0,0,0.000,0.000,0,,0
N190014_N190093_1,,N190014,N190093,,138.000,0.00000000,0.01869000,305.000,305.000,0,0,0.000,0.000,0,,0
N190015_N190092_1,,N190015,N190092,,138.000,0.00000000,0.02940000,253.700,253.700,0,0,0.000,0.000,0,,0
N190016_N190146_1,,N190016,N190146,,138.000,0.00000000,0.05431000,345.500,345.500,0,0,0.000,0.000,0,,0
N190018_N190017_1,,N190018,N190017,,138.000,0.00000000,0.04622000,255.300,255.300,0,0,0.000,0.000,0,,0
N190017_N190094_1,,N190017,N190094,,138.000,0.00000000,0.01329000,253.900,253.900,0,0,0.000,0.000,0,,0
N190018_N190023_1,,N190018,N190023,,138.000,0.00000000,0.04914000,255.600,255.600,0,0,0.000,0.000,0,,0
N190097_N190018_1,,N190097,N190018,,138.000,0.00000000,0.04388000,249.500,249.500,0,0,0.000,0.000,0,,0
N190019_N190072_1,,N190019,N190072,,138.000,0.00000000,0.03615000,215.200,215.200,0,0,0.000,0.000,0,,0
N190021_N190025_1,,N190021,N190025,,138.000,0.00000000,0.06216000,259.400,259.400,0,0,0.000,0.000,0,,0
N190021_N190128_1,,N190021,N190128,,138.000,0.00000000,0.12243000,284.100,284.100,0,0,0.000,0.000,0,,0
N190156_N190022_1,,N190156,N190022,,138.000,0.00000000,0.04295000,262.300,262.300,0,0,0.000,0.000,0,,0
N190023_N190135_1,,N190023,N190135,,138.000,0.00000000,0.02224000,287.400,287.400,0,0,0.000,0.000,0,,0
N190024_N190033_1,,N190024,N190033,,138.000,0.00000000,0.08140000,261.700,261.700,0,0,0.000,0.000,0,,0
N190024_N190034_1,,N190024,N190034,,138.000,0.00000000,0.03387000,271.600,271.600,0,0,0.000,0.000,0,,0
N190059_N190024_1,,N190059,N190024,,138.000,0.00000000,0.06818000,290.900,290.900,0,0,0.000,0.000,0,,0
N190025_N190035_1,,N190025,N190035,,138.000,0.00000000,0.05522000,220.100,220.100,0,0,0.000,0.000,0,,0
N190138_N190025_1,,N190138,N190025,,138.000,0.00000000,0.06416000,231.300,231.300,0,0,0.000,0.000,0,,0
N190027_N190026_1,,N190027,N190026,,138.000,0.00000000,0.03949000,260.100,260.100,0,0,0.000,0.000,0,,0
N190026_N190029_1,,N190026,N190029,,138.000,0.00000000,0.06219000,255.800,255.800,0,0,0.000,0.000,0,,0
N190026_N190032_1,,N190026,N190032,,138.000,0.00000000,0.07863000,286.400,286.400,0,0,0.000,0.000,0,,0
N190138_N190026_1,,N190138,N190026,,138.000,0.00000000,0.04130000,305.300,305.300,0,0,0.000,0.000,0,,0
N190027_N190029_1,,N190027,N190029,,138.000,0.00000000,0.08772000,236.000,236.000,0,0,0.000,0.000,0,,0
N190027_N190138_1,,N190027,N190138,,138.000,0.00000000,0.07852000,289.800,289.800,0,0,0.000,0.000,0,,0
N190156_N190028_1,,N190156,N190028,,138.000,0.00000000,0.03483000,321.000,321.000,0,0,0.000,0.000,0,,0
N190028_N190184_1,,N190028,N190184,,138.000,0.00000000,0.04835000,318.000,318.000,0,0,0.000,0.000,0,,0
N190032_N190029_1,,N190032,N190029,,138.000,0.00000000,0.06955000,283.700,283.700,0,0,0.000,0.000,0,,0
N190030_N190032_1,,N190030,N190032,,138.000,0.00000000,0.10550000,277.600,277.600,0,0,0.000,0.000,0,,0
N190030_N190034_1,,N190030,N190034,,138.000,0.00000000,0.05818000,272.100,272.100,0,0,0.000,0.000,0,,0
N190071_N190031_1,,N190071,N190031,,138.000,0.00000000,0.08021000,273.100,273.100,0,0,0.000,0.000,0,,0
N190031_N190131_1,,N190031,N190131,,138.000,0.00000000,0.02546000,274.500,274.500,0,0,0.000,0.000,0,,0
N190032_N190036_1,,N190032,N190036,,138.000,0.00000000,0.04313000,299.100,299.100,0,0,0.000,0.000,0,,0
N190033_N190036_1,,N190033,N190036,,138.000,0.00000000,0.05623000,267.900,267.900,0,0,0.000,0.000,0,,0
N190138_N190035_1,,N190138,N190035,,138.000,0.00000000,0.06292000,219.000,219.000,0,0,0.000,0.000,0,,0
N190038_N190037_1,,N190038,N190037,,138.000,0.00000000,0.06863000,273.500,273.500,0,0,0.000,0.000,0,,0
N190037_N190039_1,,N190037,N190039,,138.000,0.00000000,0.06570000,291.000,291.000,0,0,0.000,0.000,0,,0
N190049_N190037_1,,N190049,N190037,,138.000,0.00000000,0.06521000,310.400,310.400,0,0,0.000,0.000,0,,0
N190038_N190168_1,,N190038,N190168,,138.000,0.00000000,0.08978000,281.200,281.200,0,0,0.000,0.000,0,,0
N190039_N190141_1,,N190039,N190141,,138.000,0.00000000,0.01857000,292.100,292.100,0,0,0.000,0.000,0,,0
N190044_N190040_1,,N190044,N190040,,138.000,0.00000000,0.06944000,290.800,290.800,0,0,0.000,0.000,0,,0
N190049_N190040_1,,N190049,N190040,,138.000,0.00000000,0.05067000,282.600,282.600,0,0,0.000,0.000,0,,0
N190040_N190107_1,,N190040,N190107,,138.000,0.00000000,0.26273000,221.700,221.700,0,0,0.000,0.000,0,,0
N190200_N190040_1,,N190200,N190040,,138.000,0.00000000,0.05091000,323.600,323.600,0,0,0.000,0.000,0,,0
N190041_N190055_1,,N190041,N190055,,138.000,0.00000000,0.29938000,292.800,292.800,0,0,0.000,0.000,0,,0
N190041_N190168_1,,N190041,N190168,,138.000,0.00000000,0.05020000,293.900,293.900,0,0,0.000,0.000,0,,0
N190055_N190042_1,,N190055,N190042,,138.000,0.00000000,0.12417000,335.300,335.300,0,0,0.000,0.000,0,,0
N190115_N190042_1,,N190115,N190042,,138.000,0.00000000,0.03334000,311.200,311.200,0,0,0.000,0.000,0,,0
N190117_N190042_1,,N190117,N190042,,138.000,0.00000000,0.06702000,301.000,301.000,0,0,0.000,0.000,0,,0
N190043_N190045_1,,N190043,N190045,,138.000,0.00000000,0.06890000,262.400,262.400,0,0,0.000,0.000,0,,0
N190046_N190043_1,,N190046,N190043,,138.000,0.00000000,0.06067000,289.200,289.200,0,0,0.000,0.000,0,,0
N190117_N190043_1,,N190117,N190043,,138.000,0.00000000,0.04365000,281.300,281.300,0,0,0.000,0.000,0,,0
N190043_N190141_1,,N190043,N190141,,138.000,0.00000000,0.13332000,287.000,287.000,0,0,0.000,0.000,0,,0
N190046_N190044_1,,N190046,N190044,,138.000,0.00000000,0.04522000,282.300,282.300,0,0,0.000,0.000,0,,0
N190044_N190048_1,,N190044,N190048,,138.000,0.00000000,0.11464000,257.000,257.000,0,0,0.000,0.000,0,,0
N190044_N190074_1,,N190044,N190074,,138.000,0.00000000,0.05504000,220.100,220.100,0,0,0.000,0.000,0,,0
N190044_N240245_1,,N190044,N240245,,138.000,0.00000000,0.07077000,284.500,284.500,0,0,0.000,0.000,0,,0
N190045_N190057_1,,N190045,N190057,,138.000,0.00000000,0.17039000,262.200,262.200,0,0,0.000,0.000,0,,0
N190057_N190047_1,,N190057,N190047,,138.000,0.00000000,0.09516000,305.800,305.800,0,0,0.000,0.000,0,,0
N190047_N190117_1,,N190047,N190117,,138.000,0.00000000,0.04674000,309.200,309.200,0,0,0.000,0.000,0,,0
N190125_N190048_1,,N190125,N190048,,138.000,0.00000000,0.04631000,273.200,273.200,0,0,0.000,0.000,0,,0
N190200_N190049_1,,N190200,N190049,,138.000,0.00000000,0.09963000,302.700,302.700,0,0,0.000,0.000,0,,0
N190050_N190066_1,,N190050,N190066,,138.000,0.00000000,0.07981000,300.800,300.800,0,0,0.000,0.000,0,,0
N190171_N190050_1,,N190171,N190050,,138.000,0.00000000,0.01393000,292.800,292.800,0,0,0.000,0.000,0,,0
N190051_N190054_1,,N190051,N190054,,138.000,0.00000000,0.05280000,326.600,326.600,0,0,0.000,0.000,0,,0
N190051_N190054_2,,N190051,N190054,,138.000,0.00000000,0.05280000,326.600,326.600,0,0,0.000,0.000,0,,0
N190195_N190051_1,,N190195,N190051,,138.000,0.00000000,0.01292000,326.200,326.200,0,0,0.000,0.000,0,,0
N190195_N190051_2,,N190195,N190051,,138.000,0.00000000,0.01292000,326.200,326.200,0,0,0.000,0.000,0,,0
N190052_N190053_1,,N190052,N190053,,138.000,0.00000000,0.08072000,351.100,351.100,0,0,0.000,0.000,0,,0
N190059_N190052_1,,N190059,N190052,,138.000,0.00000000,0.00856000,362.900,362.900,0,0,0.000,0.000,0,,0
N190053_N190202_1,,N190053,N190202,,138.000,0.00000000,0.03903000,336.800,336.800,0,0,0.000,0.000,0,,0
N190054_N190055_1,,N190054,N190055,,138.000,0.00000000,0.12328000,326.800,326.800,0,0,0.000,0.000,0,,0
N190054_N190055_2,,N190054,N190055,,138.000,0.00000000,0.12328000,326.800,326.800,0,0,0.000,0.000,0,,0
N190056_N190166_1,,N190056,N190166,,138.000,0.00000000,0.04802000,206.400,206.400,0,0,0.000,0.000,0,,0
N190057_N240101_1,,N190057,N240101,,138.000,0.00000000,0.09134000,289.000,289.000,0,0,0.000,0.000,0,,0
N240132_N190057_1,,N240132,N190057,,138.000,0.00000000,0.07385000,295.300,295.300,0,0,0.000,0.000,0,,0
N190058_N190143_1,,N190058,N190143,,345.000,0.00000000,0.03931000,1305.600,1305.600,0,1,0.000,0.000,0,,0
N190058_N190143_2,,N190058,N190143,,345.000,0.00000000,0.03931000,1305.600,1305.600,0,1,0.000,0.000,0,,0
N190183_N190058_1,,N190183,N190058,,345.000,0.00000000,0.04948000,1259.700,1259.700,0,1,0.000,0.000,0,,0
N190058_N190204_1,,N190058,N190204,,345.000,0.00000000,0.02405000,1360.300,1360.300,0,1,0.000,0.000,0,,0
N190058_N190204_2,,N190058,N190204,,345.000,0.00000000,0.02405000,1360.300,1360.300,0,1,0.000,0.000,0,,0
N190060_N190070_1,,N190060,N190070,,138.000,0.00000000,0.04586000,261.300,261.300,0,0,0.000,0.000,0,,0
N190060_N190148_1,,N190060,N190148,,138.000,0.00000000,0.10335000,276.300,276.300,0,0,0.000,0.000,0,,0
N190061_N190170_1,,N190061,N190170,,345.000,0.00000000,0.01667000,1234.300,1234.300,0,1,0.000,0.000,0,,0
N190188_N190061_1,,N190188,N190061,,345.000,0.00000000,0.01883000,1226.500,1226.500,0,1,0.000,0.000,0,,0
N190065_N190062_1,,N190065,N190062,,138.000,0.00000000,0.09650000,262.400,262.400,0,0,0.000,0.000,0,,0
N190063_N190069_1,,N190063,N190069,,138.000,0.00000000,0.08344000,283.800,283.800,0,0,0.000,0.000,0,,0
N190064_N190066_1,,N190064,N190066,,138.000,0.00000000,0.07286000,301.000,301.000,0,0,0.000,0.000,0,,0
N190073_N190065_1,,N190073,N190065,,138.000,0.00000000,0.06732000,272.000,272.000,0,0,0.000,0.000,0,,0
N190070_N190067_1,,N190070,N190067,,138.000,0.00000000,0.06707000,282.100,282.100,0,0,0.000,0.000,0,,0
N190067_N190073_1,,N190067,N190073,,138.000,0.00000000,0.04191000,276.300,276.300,0,0,0.000,0.000,0,,0
N190072_N190068_1,,N190072,N190068,,138.000,0.00000000,0.06311000,332.600,332.600,0,0,0.000,0.000,0,,0
N190148_N190068_1,,N190148,N190068,,138.000,0.00000000,0.05193000,298.400,298.400,0,0,0.000,0.000,0,,0
N190151_N190068_1,,N190151,N190068,,138.000,0.00000000,0.05251000,296.900,296.900,0,0,0.000,0.000,0,,0
N190068_N190208_1,,N190068,N190208,,138.000,0.00000000,0.03548000,291.500,291.500,0,0,0.000,0.000,0,,0
N190069_N190154_1,,N190069,N190154,,138.000,0.00000000,0.07916000,285.200,285.200,0,0,0.000,0.000,0,,0
N190070_N190154_1,,N190070,N190154,,138.000,0.00000000,0.05911000,285.700,285.700,0,0,0.000,0.000,0,,0
N190074_N190107_1,,N190074,N190107,,138.000,0.00000000,0.01260000,263.900,263.900,0,0,0.000,0.000,0,,0
N190119_N190075_1,,N190119,N190075,,138.000,0.00000000,0.01005000,299.500,299.500,0,0,0.000,0.000,0,,0
N190122_N190075_1,,N190122,N190075,,138.000,0.00000000,0.01904000,288.500,288.500,0,0,0.000,0.000,0,,0
N190075_N190200_1,,N190075,N190200,,138.000,0.00000000,0.04497000,329.200,329.200,0,0,0.000,0.000,0,,0
N190076_N190110_1,,N190076,N190110,,138.000,0.00000000,0.03262000,295.800,295.800,0,0,0.000,0.000,0,,0
N190076_N190113_1,,N190076,N190113,,138.000,0.00000000,0.02619000,317.400,317.400,0,0,0.000,0.000,0,,0
N190197_N190076_1,,N190197,N190076,,138.000,0.00000000,0.04285000,305.700,305.700,0,0,0.000,0.000,0,,0
N190081_N190077_1,,N190081,N190077,,138.000,0.00000000,0.01631000,261.900,261.900,0,0,0.000,0.000,0,,0
N190078_N190080_1,,N190078,N190080,,138.000,0.00000000,0.00881000,269.700,269.700,0,0,0.000,0.000,0,,0
N190078_N190083_1,,N190078,N190083,,138.000,0.00000000,0.00624000,268.800,268.800,0,0,0.000,0.000,0,,0
N190078_N190089_1,,N190078,N190089,,138.000,0.00000000,0.02464000,252.400,252.400,0,0,0.000,0.000,0,,0
N190079_N190080_1,,N190079,N190080,,138.000,0.00000000,0.01331000,252.100,252.100,0,0,0.000,0.000,0,,0
N190079_N190100_1,,N190079,N190100,,138.000,0.00000000,0.01228000,270.200,270.200,0,0,0.000,0.000,0,,0
N190080_N190090_1,,N190080,N190090,,138.000,0.00000000,0.01796000,258.700,258.700,0,0,0.000,0.000,0,,0
N190081_N190096_1,,N190081,N190096,,138.000,0.00000000,0.00453000,250.700,250.700,0,0,0.000,0.000,0,,0
N190082_N190085_1,,N190082,N190085,,138.000,0.00000000,0.02996000,248.700,248.700,0,0,0.000,0.000,0,,0
N190083_N190087_1,,N190083,N190087,,138.000,0.00000000,0.00674000,259.100,259.100,0,0,0.000,0.000,0,,0
N190127_N190084_1,,N190127,N190084,,345.000,0.00000000,0.02849000,986.300,986.300,0,1,0.000,0.000,0,,0
N190084_N190207_1,,N190084,N190207,,345.000,0.00000000,0.01266000,1101.200,1101.200,0,1,0.000,0.000,0,,0
N190085_N190090_1,,N190085,N190090,,138.000,0.00000000,0.03273000,265.600,265.600,0,0,0.000,0.000,0,,0
N190087_N190086_1,,N190087,N190086,,138.000,0.00000000,0.01019000,228.700,228.700,0,0,0.000,0.000,0,,0
N190086_N190101_1,,N190086,N190101,,138.000,0.00000000,0.01223000,256.700,256.700,0,0,0.000,0.000,0,,0
N190088_N190091_1,,N190088,N190091,,138.000,0.00000000,0.02222000,254.000,254.000,0,0,0.000,0.000,0,,0
N190093_N190088_1,,N190093,N190088,,138.000,0.00000000,0.00895000,248.500,248.500,0,0,0.000,0.000,0,,0
N190091_N190092_1,,N190091,N190092,,138.000,0.00000000,0.01565000,254.300,254.300,0,0,0.000,0.000,0,,0
N190092_N190133_1,,N190092,N190133,,138.000,0.00000000,0.03774000,294.700,294.700,0,0,0.000,0.000,0,,0
N190095_N190094_1,,N190095,N190094,,138.000,0.00000000,0.00303000,320.700,320.700,0,0,0.000,0.000,0,,0
N190094_N190103_1,,N190094,N190103,,138.000,0.00000000,0.00593000,298.300,298.300,0,0,0.000,0.000,0,,0
N190095_N190102_1,,N190095,N190102,,138.000,0.00000000,0.01397000,315.600,315.600,0,0,0.000,0.000,0,,0
N190096_N190102_1,,N190096,N190102,,138.000,0.00000000,0.00326000,257.400,257.400,0,0,0.000,0.000,0,,0
N190103_N190097_1,,N190103,N190097,,138.000,0.00000000,0.01231000,221.000,221.000,0,0,0.000,0.000,0,,0
N190098_N190099_1,,N190098,N190099,,138.000,0.00000000,0.01496000,248.800,248.800,0,0,0.000,0.000,0,,0
N190098_N190102_1,,N190098,N190102,,138.000,0.00000000,0.01132000,252.700,252.700,0,0,0.000,0.000,0,,0
N190099_N190101_1,,N190099,N190101,,138.000,0.00000000,0.00750000,246.000,246.000,0,0,0.000,0.000,0,,0
N190101_N190100_1,,N190101,N190100,,138.000,0.00000000,0.00863000,266.000,266.000,0,0,0.000,0.000,0,,0
N190104_N190112_1,,N190104,N190112,,345.000,0.00000000,0.00815000,1118.400,1118.400,0,1,0.000,0.000,0,,0
N190121_N190104_1,,N190121,N190104,,345.000,0.00000000,0.02000000,1400.000,1400.000,0,1,0.000,0.000,0,,0
N190191_N190104_1,,N190191,N190104,,345.000,0.00000000,0.00800000,1100.000,1100.000,0,1,0.000,0.000,0,,0
N190105_N190119_1,,N190105,N190119,,138.000,0.00000000,0.03007000,350.300,350.300,0,0,0.000,0.000,0,,0
N190105_N190158_1,,N190105,N190158,,138.000,0.00000000,0.00693000,303.000,303.000,0,0,0.000,0.000,0,,0
N190192_N190105_1,,N190192,N190105,,138.000,0.00000000,0.03264000,343.300,343.300,0,0,0.000,0.000,0,,0
N190110_N190158_1,,N190110,N190158,,138.000,0.00000000,0.01941000,296.000,296.000,0,0,0.000,0.000,0,,0
N190112_N240267_1,,N190112,N240267,,345.000,0.00000000,0.00740000,1215.300,1215.300,0,1,0.000,0.000,0,,0
N190179_N190115_1,,N190179,N190115,,138.000,0.00000000,0.01855000,311.800,311.800,0,0,0.000,0.000,0,,0
N190141_N190117_1,,N190141,N190117,,138.000,0.00000000,0.05830000,333.800,333.800,0,0,0.000,0.000,0,,0
N190119_N190122_1,,N190119,N190122,,138.000,0.00000000,0.00942000,338.200,338.200,0,0,0.000,0.000,0,,0
N190200_N190122_1,,N190200,N190122,,138.000,0.00000000,0.06482000,315.700,315.700,0,0,0.000,0.000,0,,0
N240136_N190125_1,,N240136,N190125,,138.000,0.00000000,0.02773000,273.000,273.000,0,0,0.000,0.000,0,,0
N190183_N190127_1,,N190183,N190127,,345.000,0.00000000,0.01248000,1187.300,1187.300,0,1,0.000,0.000,0,,0
N190128_N190135_1,,N190128,N190135,,138.000,0.00000000,0.02068000,274.800,274.800,0,0,0.000,0.000,0,,0
N190128_N190156_1,,N190128,N190156,,138.000,0.00000000,0.04692000,307.200,307.200,0,0,0.000,0.000,0,,0
N190133_N190131_1,,N190133,N190131,,138.000,0.00000000,0.03461000,259.800,259.800,0,0,0.000,0.000,0,,0
N190131_N190156_1,,N190131,N190156,,138.000,0.00000000,0.03034000,336.200,336.200,0,0,0.000,0.000,0,,0
N190141_N190161_1,,N190141,N190161,,138.000,0.00000000,0.04650000,349.200,349.200,0,0,0.000,0.000,0,,0
N190141_N190173_1,,N190141,N190173,,138.000,0.00000000,0.08478000,263.400,263.400,0,0,0.000,0.000,0,,0
N190170_N190143_1,,N190170,N190143,,345.000,0.00000000,0.00622000,1290.300,1290.300,0,1,0.000,0.000,0,,0
N190170_N190143_2,,N190170,N190143,,345.000,0.00000000,0.00622000,1290.300,1290.300,0,1,0.000,0.000,0,,0
N190168_N190144_1,,N190168,N190144,,138.000,0.00000000,0.05583000,314.100,314.100,0,0,0.000,0.000,0,,0
N190146_N190164_1,,N190146,N190164,,138.000,0.00000000,0.01912000,308.700,308.700,0,0,0.000,0.000,0,,0
N190151_N190148_1,,N190151,N190148,,138.000,0.00000000,0.01101000,281.300,281.300,0,0,0.000,0.000,0,,0
N190160_N190170_1,,N190160,N190170,,345.000,0.00000000,0.00688000,1119.800,1119.800,0,1,0.000,0.000,0,,0
N190160_N190178_1,,N190160,N190178,,345.000,0.00000000,0.00605000,942.100,942.100,0,1,0.000,0.000,0,,0
N190188_N190163_1,,N190188,N190163,,345.000,0.00000000,0.00636000,1116.000,1116.000,0,1,0.000,0.000,0,,0
N190207_N190163_1,,N190207,N190163,,345.000,0.00000000,0.03000000,1410.000,1410.000,0,1,0.000,0.000,0,,0
N190173_N190179_1,,N190173,N190179,,138.000,0.00000000,0.00090000,263.000,263.000,0,0,0.000,0.000,0,,0
N190176_N190200_1,,N190176,N190200,,138.000,0.00000000,0.16575000,257.800,257.800,0,0,0.000,0.000,0,,0
N190178_N190194_1,,N190178,N190194,,345.000,0.00000000,0.03000000,1470.000,1470.000,0,1,0.000,0.000,0,,0
N190186_N190202_1,,N190186,N190202,,138.000,0.00000000,0.03079000,345.400,345.400,0,0,0.000,0.000,0,,0
N190191_N240267_1,,N190191,N240267,,345.000,0.00000000,0.00800000,1100.000,1100.000,0,1,0.000,0.000,0,,0
N190192_N190197_1,,N190192,N190197,,138.000,0.00000000,0.04698000,314.200,314.200,0,0,0.000,0.000,0,,0
N190194_N240299_1,,N190194,N240299,,345.000,0.00000000,0.02481000,1329.000,1329.000,0,1,0.000,0.000,0,,0
N190205_N190202_1,,N190205,N190202,,138.000,0.00000000,0.04409000,327.200,327.200,0,0,0.000,0.000,0,,0
N200001_N200002_1,,N200001,N200002,,138.000,0.00000000,0.00784000,282.300,282.300,0,0,0.000,0.000,0,,0
N200010_N200001_1,,N200010,N200001,,138.000,0.00000000,0.00889000,309.900,309.900,0,0,0.000,0.000,0,,0
N200001_N200011_1,,N200001,N200011,,138.000,0.00000000,0.02172000,287.900,287.900,0,0,0.000,0.000,0,,0
N200002_N200009_1,,N200002,N200009,,138.000,0.00000000,0.00983000,291.600,291.600,0,0,0.000,0.000,0,,0
N200003_N200117_1,,N200003,N200117,,345.000,0.00000000,0.02500000,1400.000,1400.000,0,1,0.000,0.000,0,,0
N200003_N200127_1,,N200003,N200127,,345.000,0.00000000,0.00800000,1100.000,1100.000,0,1,0.000,0.000,0,,0
N200003_N200167_1,,N200003,N200167,,345.000,0.00000000,0.00745000,1153.700,1153.700,0,1,0.000,0.000,0,,0
N200004_N200007_1,,N200004,N200007,,138.000,0.00000000,0.00764000,298.300,298.300,0,0,0.000,0.000,0,,0
N200008_N200004_1,,N200008,N200004,,138.000,0.00000000,0.02104000,323.700,323.700,0,0,0.000,0.000,0,,0
N200004_N200016_1,,N200004,N200016,,138.000,0.00000000,0.00731000,321.400,321.400,0,0,0.000,0.000,0,,0
N200004_N200064_1,,N200004,N200064,,138.000,0.00000000,0.02030000,278.000,278.000,0,0,0.000,0.000,0,,0
N200005_N200010_1,,N200005,N200010,,138.000,0.00000000,0.01550000,316.000,316.000,0,0,0.000,0.000,0,,0
N200015_N200005_1,,N200015,N200005,,138.000,0.00000000,0.00835000,312.600,312.600,0,0,0.000,0.000,0,,0
N200011_N200006_1,,N200011,N200006,,138.000,0.00000000,0.00849000,295.700,295.700,0,0,0.000,0.000,0,,0
N200006_N200095_1,,N200006,N200095,,138.000,0.00000000,0.01288000,304.100,304.100,0,0,0.000,0.000,0,,0
N200012_N200007_1,,N200012,N200007,,138.000,0.00000000,0.01964000,290.600,290.600,0,0,0.000,0.000,0,,0
N200008_N200130_1,,N200008,N200130,,138.000,0.00000000,0.00678000,310.900,310.900,0,0,0.000,0.000,0,,0
N200009_N200014_1,,N200009,N200014,,138.000,0.00000000,0.00914000,265.800,265.800,0,0,0.000,0.000,0,,0
N200009_N200048_1,,N200009,N200048,,138.000,0.00000000,0.03022000,297.600,297.600,0,0,0.000,0.000,0,,0
N200016_N200010_1,,N200016,N200010,,138.000,0.00000000,0.00642000,316.600,316.600,0,0,0.000,0.000,0,,0
N200012_N200044_1,,N200012,N200044,,138.000,0.00000000,0.00135000,264.400,264.400,0,0,0.000,0.000,0,,0
N200044_N200013_1,,N200044,N200013,,138.000,0.00000000,0.01632000,268.700,268.700,0,0,0.000,0.000,0,,0
N200013_N200070_1,,N200013,N200070,,138.000,0.00000000,0.00704000,272.700,272.700,0,0,0.000,0.000,0,,0
N200014_N200145_1,,N200014,N200145,,138.000,0.00000000,0.02109000,254.700,254.700,0,0,0.000,0.000,0,,0
N200015_N200129_1,,N200015,N200129,,138.000,0.00000000,0.00896000,308.000,308.000,0,0,0.000,0.000,0,,0
N200017_N200018_1,,N200017,N200018,,138.000,0.00000000,0.00763000,283.600,283.600,0,0,0.000,0.000,0,,0
N200017_N200021_1,,N200017,N200021,,138.000,0.00000000,0.01301000,273.600,273.600,0,0,0.000,0.000,0,,0
N200153_N200018_1,,N200153,N200018,,138.000,0.00000000,0.00738000,292.700,292.700,0,0,0.000,0.000,0,,0
N200046_N200019_1,,N200046,N200019,,138.000,0.00000000,0.01665000,286.800,286.800,0,0,0.000,0.000,0,,0
N200070_N200019_1,,N200070,N200019,,138.000,0.00000000,0.02825000,278.900,278.900,0,0,0.000,0.000,0,,0
N200024_N200020_1,,N200024,N200020,,138.000,0.00000000,0.00578000,326.700,326.700,0,0,0.000,0.000,0,,0
N200020_N200025_1,,N200020,N200025,,138.000,0.00000000,0.01604000,237.100,237.100,0,0,0.000,0.000,0,,0
N200020_N200080_1,,N200020,N200080,,138.000,0.00000000,0.08049000,236.000,236.000,0,0,0.000,0.000,0,,0
N200108_N200020_1,,N200108,N200020,,138.000,0.00000000,0.01740000,295.200,295.200,0,0,0.000,0.000,0,,0
N200020_N200119_1,,N200020,N200119,,138.000,0.00000000,0.00555000,290.500,290.500,0,0,0.000,0.000,0,,0
N200022_N200021_1,,N200022,N200021,,138.000,0.00000000,0.01881000,283.900,283.900,0,0,0.000,0.000,0,,0
N200026_N200022_1,,N200026,N200022,,138.000,0.00000000,0.03178000,296.800,296.800,0,0,0.000,0.000,0,,0
N200022_N200046_1,,N200022,N200046,,138.000,0.00000000,0.01468000,279.900,279.900,0,0,0.000,0.000,0,,0
N200023_N200028_1,,N200023,N200028,,138.000,0.00000000,0.04632000,296.500,296.500,0,0,0.000,0.000,0,,0
N200023_N200075_1,,N200023,N200075,,138.000,0.00000000,0.06922000,252.600,252.600,0,0,0.000,0.000,0,,0
N200023_N200148_1,,N200023,N200148,,138.000,0.00000000,0.07191000,276.200,276.200,0,0,0.000,0.000,0,,0
N200024_N200053_1,,N200024,N200053,,138.000,0.00000000,0.00457000,330.900,330.900,0,0,0.000,0.000,0,,0
N200025_N200080_1,,N200025,N200080,,138.000,0.00000000,0.08430000,235.900,235.900,0,0,0.000,0.000,0,,0
N200119_N200025_1,,N200119,N200025,,138.000,0.00000000,0.00841000,235.600,235.600,0,0,0.000,0.000,0,,0
N200026_N200107_1,,N200026,N200107,,138.000,0.00000000,0.01149000,289.200,289.200,0,0,0.000,0.000,0,,0
N200027_N200061_1,,N200027,N200061,,138.000,0.00000000,0.04051000,211.400,211.400,0,0,0.000,0.000,0,,0
N200046_N200028_1,,N200046,N200028,,138.000,0.00000000,0.01856000,288.200,288.200,0,0,0.000,0.000,0,,0
N200029_N200127_1,,N200029,N200127,,345.000,0.00000000,0.00800000,1100.000,1100.000,0,1,0.000,0.000,0,,0
N200167_N200029_1,,N200167,N200029,,345.000,0.00000000,0.00809000,1049.700,1049.700,0,1,0.000,0.000,0,,0
N200041_N200030_1,,N200041,N200030,,138.000,0.00000000,0.00424000,333.500,333.500,0,0,0.000,0.000,0,,0
N200033_N200031_1,,N200033,N200031,,138.000,0.00000000,0.01729000,297.400,297.400,0,0,0.000,0.000,0,,0
N200038_N200031_1,,N200038,N200031,,138.000,0.00000000,0.01054000,285.400,285.400,0,0,0.000,0.000,0,,0
N200039_N200031_1,,N200039,N200031,,138.000,0.00000000,0.01698000,298.100,298.100,0,0,0.000,0.000,0,,0
N200081_N200031_1,,N200081,N200031,,138.000,0.00000000,0.01544000,311.300,311.300,0,0,0.000,0.000,0,,0
N200031_N200091_1,,N200031,N200091,,138.000,0.00000000,0.01864000,279.500,279.500,0,0,0.000,0.000,0,,0
N200032_N200034_1,,N200032,N200034,,138.000,0.00000000,0.00842000,270.400,270.400,0,0,0.000,0.000,0,,0
N200035_N200032_1,,N200035,N200032,,138.000,0.00000000,0.00927000,331.400,331.400,0,0,0.000,0.000,0,,0
N200032_N200042_1,,N200032,N200042,,138.000,0.00000000,0.01112000,317.800,317.800,0,0,0.000,0.000,0,,0
N200036_N200033_1,,N200036,N200033,,138.000,0.00000000,0.00821000,305.100,305.100,0,0,0.000,0.000,0,,0
N200038_N200034_1,,N200038,N200034,,138.000,0.00000000,0.01394000,264.100,264.100,0,0,0.000,0.000,0,,0
N200041_N200035_1,,N200041,N200035,,138.000,0.00000000,0.01271000,334.300,334.300,0,0,0.000,0.000,0,,0
N200036_N200071_1,,N200036,N200071,,138.000,0.00000000,0.01606000,316.400,316.400,0,0,0.000,0.000,0,,0
N200037_N200042_1,,N200037,N200042,,138.000,0.00000000,0.00479000,305.700,305.700,0,0,0.000,0.000,0,,0
N200124_N200037_1,,N200124,N200037,,138.000,0.00000000,0.01349000,285.500,285.500,0,0,0.000,0.000,0,,0
N200037_N200135_1,,N200037,N200135,,138.000,0.00000000,0.01279000,273.400,273.400,0,0,0.000,0.000,0,,0
N200039_N200067_1,,N200039,N200067,,138.000,0.00000000,0.02237000,301.900,301.900,0,0,0.000,0.000,0,,0
N200094_N200040_1,,N200094,N200040,,138.000,0.00000000,0.01092000,284.800,284.800,0,0,0.000,0.000,0,,0
N200040_N200136_1,,N200040,N200136,,138.000,0.00000000,0.00676000,301.900,301.900,0,0,0.000,0.000,0,,0
N200041_N200138_1,,N200041,N200138,,138.000,0.00000000,0.02319000,269.100,269.100,0,0,0.000,0.000,0,,0
N200043_N200124_1,,N200043,N200124,,138.000,0.00000000,0.00912000,307.400,307.400,0,0,0.000,0.000,0,,0
N200043_N200134_1,,N200043,N200134,,138.000,0.00000000,0.01857000,312.200,312.200,0,0,0.000,0.000,0,,0
N200045_N200142_1,,N200045,N200142,,138.000,0.00000000,0.01026000,297.000,297.000,0,0,0.000,0.000,0,,0
N200180_N200045_1,,N200180,N200045,,138.000,0.00000000,0.03446000,299.000,299.000,0,0,0.000,0.000,0,,0
N200053_N200047_1,,N200053,N200047,,138.000,0.00000000,0.02829000,331.400,331.400,0,0,0.000,0.000,0,,0
N200047_N200066_1,,N200047,N200066,,138.000,0.00000000,0.01802000,299.400,299.400,0,0,0.000,0.000,0,,0
N200047_N200191_1,,N200047,N200191,,138.000,0.00000000,0.01310000,316.300,316.300,0,0,0.000,0.000,0,,0
N200183_N200048_1,,N200183,N200048,,138.000,0.00000000,0.02321000,297.800,297.800,0,0,0.000,0.000,0,,0
N200056_N200049_1,,N200056,N200049,,138.000,0.00000000,0.03453000,243.200,243.200,0,0,0.000,0.000,0,,0
N200049_N200096_1,,N200049,N200096,,138.000,0.00000000,0.01949000,239.700,239.700,0,0,0.000,0.000,0,,0
N200073_N200050_1,,N200073,N200050,,138.000,0.00000000,0.02437000,310.800,310.800,0,0,0.000,0.000,0,,0
N200050_N200146_1,,N200050,N200146,,138.000,0.00000000,0.00618000,301.800,301.800,0,0,0.000,0.000,0,,0
N200050_N200151_1,,N200050,N200151,,138.000,0.00000000,0.03837000,262.900,262.900,0,0,0.000,0.000,0,,0
N200051_N200203_1,,N200051,N200203,,138.000,0.00000000,0.03352000,208.000,208.000,0,0,0.000,0.000,0,,0
N200080_N200052_1,,N200080,N200052,,138.000,0.00000000,0.01360000,207.100,207.100,0,0,0.000,0.000,0,,0
N200111_N200054_1,,N200111,N200054,,138.000,0.00000000,0.00389000,222.800,222.800,0,0,0.000,0.000,0,,0
N200077_N200055_1,,N200077,N200055,,138.000,0.00000000,0.03330000,242.300,242.300,0,0,0.000,0.000,0,,0
N200056_N200176_1,,N200056,N200176,,138.000,0.00000000,0.02764000,253.100,253.100,0,0,0.000,0.000,0,,0
N200057_N200058_1,,N200057,N200058,,138.000,0.00000000,0.02833000,279.300,279.300,0,0,0.000,0.000,0,,0
N200069_N200057_1,,N200069,N200057,,138.000,0.00000000,0.07335000,256.300,256.300,0,0,0.000,0.000,0,,0
N200058_N200194_1,,N200058,N200194,,138.000,0.00000000,0.00971000,280.400,280.400,0,0,0.000,0.000,0,,0
N200092_N200059_1,,N200092,N200059,,138.000,0.00000000,0.02142000,271.400,271.400,0,0,0.000,0.000,0,,0
N200059_N200194_1,,N200059,N200194,,138.000,0.00000000,0.03225000,274.700,274.700,0,0,0.000,0.000,0,,0
N200060_N200089_1,,N200060,N200089,,138.000,0.00000000,0.01539000,261.600,261.600,0,0,0.000,0.000,0,,0
N200060_N200092_1,,N200060,N200092,,138.000,0.00000000,0.01958000,264.600,264.600,0,0,0.000,0.000,0,,0
N200151_N200061_1,,N200151,N200061,,138.000,0.00000000,0.01612000,264.000,264.000,0,0,0.000,0.000,0,,0
N200062_N200074_1,,N200062,N200074,,138.000,0.00000000,0.04741000,276.600,276.600,0,0,0.000,0.000,0,,0
N200062_N200096_1,,N200062,N200096,,138.000,0.00000000,0.00793000,275.500,275.500,0,0,0.000,0.000,0,,0
N200063_N200121_1,,N200063,N200121,,138.000,0.00000000,0.01570000,315.300,315.300,0,0,0.000,0.000,0,,0
N200124_N200063_1,,N200124,N200063,,138.000,0.00000000,0.00516000,318.300,318.300,0,0,0.000,0.000,0,,0
N200064_N200161_1,,N200064,N200161,,138.000,0.00000000,0.01500000,279.100,279.100,0,0,0.000,0.000,0,,0
N200065_N200149_1,,N200065,N200149,,138.000,0.00000000,0.01274000,295.200,295.200,0,0,0.000,0.000,0,,0
N200183_N200065_1,,N200183,N200065,,138.000,0.00000000,0.04402000,296.200,296.200,0,0,0.000,0.000,0,,0
N200066_N200180_1,,N200066,N200180,,138.000,0.00000000,0.03093000,306.200,306.200,0,0,0.000,0.000,0,,0
N200067_N200206_1,,N200067,N200206,,138.000,0.00000000,0.03607000,302.100,302.100,0,0,0.000,0.000,0,,0
N200138_N200068_1,,N200138,N200068,,138.000,0.00000000,0.02479000,283.700,283.700,0,0,0.000,0.000,0,,0
N200140_N200068_1,,N200140,N200068,,138.000,0.00000000,0.00688000,287.700,287.700,0,0,0.000,0.000,0,,0
N200069_N200076_1,,N200069,N200076,,138.000,0.00000000,0.02867000,265.900,265.900,0,0,0.000,0.000,0,,0
N200071_N200206_1,,N200071,N200206,,138.000,0.00000000,0.03223000,297.100,297.100,0,0,0.000,0.000,0,,0
N200146_N200072_1,,N200146,N200072,,138.000,0.00000000,0.01569000,319.300,319.300,0,0,0.000,0.000,0,,0
N200188_N200072_1,,N200188,N200072,,138.000,0.00000000,0.03246000,319.500,319.500,0,0,0.000,0.000,0,,0
N200073_N200095_1,,N200073,N200095,,138.000,0.00000000,0.02559000,310.400,310.400,0,0,0.000,0.000,0,,0
N200092_N200074_1,,N200092,N200074,,138.000,0.00000000,0.03901000,272.400,272.400,0,0,0.000,0.000,0,,0
N200074_N200188_1,,N200074,N200188,,138.000,0.00000000,0.04655000,304.700,304.700,0,0,0.000,0.000,0,,0
N200079_N200075_1,,N200079,N200075,,138.000,0.00000000,0.00871000,224.500,224.500,0,0,0.000,0.000,0,,0
N200077_N200076_1,,N200077,N200076,,138.000,0.00000000,0.03543000,243.600,243.600,0,0,0.000,0.000,0,,0
N200078_N200139_1,,N200078,N200139,,138.000,0.00000000,0.03351000,301.100,301.100,0,0,0.000,0.000,0,,0
N200081_N200120_1,,N200081,N200120,,138.000,0.00000000,0.00557000,308.000,308.000,0,0,0.000,0.000,0,,0
N200082_N200085_1,,N200082,N200085,,138.000,0.00000000,0.00849000,326.100,326.100,0,0,0.000,0.000,0,,0
N200082_N200095_1,,N200082,N200095,,138.000,0.00000000,0.01202000,330.900,330.900,0,0,0.000,0.000,0,,0
N200083_N200085_1,,N200083,N200085,,138.000,0.00000000,0.01458000,313.600,313.600,0,0,0.000,0.000,0,,0
N200090_N200083_1,,N200090,N200083,,138.000,0.00000000,0.01160000,300.900,300.900,0,0,0.000,0.000,0,,0
N200084_N200093_1,,N200084,N200093,,138.000,0.00000000,0.01042000,337.100,337.100,0,0,0.000,0.000,0,,0
N200194_N200084_1,,N200194,N200084,,138.000,0.00000000,0.02260000,338.700,338.700,0,0,0.000,0.000,0,,0
N200085_N200091_1,,N200085,N200091,,138.000,0.00000000,0.01222000,274.000,274.000,0,0,0.000,0.000,0,,0
N200086_N200137_1,,N200086,N200137,,138.000,0.00000000,0.01160000,225.600,225.600,0,0,0.000,0.000,0,,0
N200096_N200087_1,,N200096,N200087,,138.000,0.00000000,0.00816000,263.500,263.500,0,0,0.000,0.000,0,,0
N200087_N200097_1,,N200087,N200097,,138.000,0.00000000,0.00944000,226.900,226.900,0,0,0.000,0.000,0,,0
N200087_N200194_1,,N200087,N200194,,138.000,0.00000000,0.02433000,282.000,282.000,0,0,0.000,0.000,0,,0
N200088_N200090_1,,N200088,N200090,,138.000,0.00000000,0.00981000,293.500,293.500,0,0,0.000,0.000,0,,0
N200088_N200094_1,,N200088,N200094,,138.000,0.00000000,0.00650000,278.900,278.900,0,0,0.000,0.000,0,,0
N200089_N200146_1,,N200089,N200146,,138.000,0.00000000,0.01564000,257.100,257.100,0,0,0.000,0.000,0,,0
N200095_N200093_1,,N200095,N200093,,138.000,0.00000000,0.01058000,336.100,336.100,0,0,0.000,0.000,0,,0
N200098_N200101_1,,N200098,N200101,,138.000,0.00000000,0.00917000,262.500,262.500,0,0,0.000,0.000,0,,0
N200155_N200098_1,,N200155,N200098,,138.000,0.00000000,0.00499000,279.600,279.600,0,0,0.000,0.000,0,,0
N200099_N200116_1,,N200099,N200116,,138.000,0.00000000,0.00566000,305.500,305.500,0,0,0.000,0.000,0,,0
N200118_N200099_1,,N200118,N200099,,138.000,0.00000000,0.01209000,320.000,320.000,0,0,0.000,0.000,0,,0
N200101_N200100_1,,N200101,N200100,,138.000,0.00000000,0.00646000,275.100,275.100,0,0,0.000,0.000,0,,0
N200116_N200100_1,,N200116,N200100,,138.000,0.00000000,0.00741000,286.000,286.000,0,0,0.000,0.000,0,,0
N200102_N200111_1,,N200102,N200111,,138.000,0.00000000,0.00679000,310.600,310.600,0,0,0.000,0.000,0,,0
N200102_N200114_1,,N200102,N200114,,138.000,0.00000000,0.00675000,296.400,296.400,0,0,0.000,0.000,0,,0
N200103_N200112_1,,N200103,N200112,,138.000,0.00000000,0.00727000,295.300,295.300,0,0,0.000,0.000,0,,0
N200114_N200103_1,,N200114,N200103,,138.000,0.00000000,0.00464000,302.100,302.100,0,0,0.000,0.000,0,,0
N200110_N200104_1,,N200110,N200104,,138.000,0.00000000,0.00961000,260.500,260.500,0,0,0.000,0.000,0,,0
N200104_N200113_1,,N200104,N200113,,138.000,0.00000000,0.01125000,240.200,240.200,0,0,0.000,0.000,0,,0
N200115_N200104_1,,N200115,N200104,,138.000,0.00000000,0.00905000,258.300,258.300,0,0,0.000,0.000,0,,0
N200109_N200105_1,,N200109,N200105,,138.000,0.00000000,0.00761000,286.500,286.500,0,0,0.000,0.000,0,,0
N200110_N200105_1,,N200110,N200105,,138.000,0.00000000,0.01337000,268.100,268.100,0,0,0.000,0.000,0,,0
N200106_N200107_1,,N200106,N200107,,138.000,0.00000000,0.00743000,249.000,249.000,0,0,0.000,0.000,0,,0
N200113_N200106_1,,N200113,N200106,,138.000,0.00000000,0.00505000,242.800,242.800,0,0,0.000,0.000,0,,0
N200113_N200107_1,,N200113,N200107,,138.000,0.00000000,0.01282000,244.100,244.100,0,0,0.000,0.000,0,,0
N200108_N200109_1,,N200108,N200109,,138.000,0.00000000,0.00672000,289.100,289.100,0,0,0.000,0.000,0,,0
N200111_N200118_1,,N200111,N200118,,138.000,0.00000000,0.01888000,311.800,311.800,0,0,0.000,0.000,0,,0
N200112_N200116_1,,N200112,N200116,,138.000,0.00000000,0.00258000,277.400,277.400,0,0,0.000,0.000,0,,0
N200113_N200115_1,,N200113,N200115,,138.000,0.00000000,0.00746000,257.400,257.400,0,0,0.000,0.000,0,,0
N200119_N200114_1,,N200119,N200114,,138.000,0.00000000,0.01004000,318.000,318.000,0,0,0.000,0.000,0,,0
N200115_N200155_1,,N200115,N200155,,138.000,0.00000000,0.01512000,296.600,296.600,0,0,0.000,0.000,0,,0
N200117_N200190_1,,N200117,N200190,,345.000,0.00000000,0.01545000,1057.100,1057.100,0,1,0.000,0.000,0,,0
N200119_N200203_1,,N200119,N200203,,138.000,0.00000000,0.01838000,262.800,262.800,0,0,0.000,0.000,0,,0
N200120_N200122_1,,N200120,N200122,,138.000,0.00000000,0.00608000,290.300,290.300,0,0,0.000,0.000,0,,0
N200120_N200136_1,,N200120,N200136,,138.000,0.00000000,0.00858000,313.500,313.500,0,0,0.000,0.000,0,,0
N200133_N200121_1,,N200133,N200121,,138.000,0.00000000,0.00156000,302.800,302.800,0,0,0.000,0.000,0,,0
N200122_N200123_1,,N200122,N200123,,138.000,0.00000000,0.00658000,302.900,302.900,0,0,0.000,0.000,0,,0
N200123_N200134_1,,N200123,N200134,,138.000,0.00000000,0.00998000,324.800,324.800,0,0,0.000,0.000,0,,0
N200123_N200135_1,,N200123,N200135,,138.000,0.00000000,0.00355000,283.600,283.600,0,0,0.000,0.000,0,,0
N200125_N200130_1,,N200125,N200130,,138.000,0.00000000,0.00316000,324.600,324.600,0,0,0.000,0.000,0,,0
N200125_N200132_1,,N200125,N200132,,138.000,0.00000000,0.00829000,322.900,322.900,0,0,0.000,0.000,0,,0
N200126_N200132_1,,N200126,N200132,,138.000,0.00000000,0.00920000,302.300,302.300,0,0,0.000,0.000,0,,0
N200126_N200133_1,,N200126,N200133,,138.000,0.00000000,0.02688000,290.000,290.000,0,0,0.000,0.000,0,,0
N200128_N200131_1,,N200128,N200131,,138.000,0.00000000,0.00793000,259.200,259.200,0,0,0.000,0.000,0,,0
N200134_N200128_1,,N200134,N200128,,138.000,0.00000000,0.00818000,352.200,352.200,0,0,0.000,0.000,0,,0
N200134_N200128_2,,N200134,N200128,,138.000,0.00000000,0.00818000,352.200,352.200,0,0,0.000,0.000,0,,0
N200130_N200129_1,,N200130,N200129,,138.000,0.00000000,0.00650000,296.900,296.900,0,0,0.000,0.000,0,,0
N200137_N200131_1,,N200137,N200131,,138.000,0.00000000,0.01046000,239.300,239.300,0,0,0.000,0.000,0,,0
N200139_N200140_1,,N200139,N200140,,138.000,0.00000000,0.01374000,292.900,292.900,0,0,0.000,0.000,0,,0
N200141_N200144_1,,N200141,N200144,,138.000,0.00000000,0.01307000,296.200,296.200,0,0,0.000,0.000,0,,0
N200145_N200141_1,,N200145,N200141,,138.000,0.00000000,0.01518000,301.500,301.500,0,0,0.000,0.000,0,,0
N200145_N200142_1,,N200145,N200142,,138.000,0.00000000,0.01567000,278.000,278.000,0,0,0.000,0.000,0,,0
N200143_N200167_1,,N200143,N200167,,345.000,0.00000000,0.01365000,1003.100,1003.100,0,1,0.000,0.000,0,,0
N200143_N200182_1,,N200143,N200182,,345.000,0.00000000,0.00703000,1042.700,1042.700,0,1,0.000,0.000,0,,0
N200153_N200144_1,,N200153,N200144,,138.000,0.00000000,0.00455000,304.100,304.100,0,0,0.000,0.000,0,,0
N200144_N200154_1,,N200144,N200154,,138.000,0.00000000,0.01162000,237.200,237.200,0,0,0.000,0.000,0,,0
N200145_N200150_1,,N200145,N200150,,138.000,0.00000000,0.01015000,241.300,241.300,0,0,0.000,0.000,0,,0
N200147_N200150_1,,N200147,N200150,,138.000,0.00000000,0.01451000,239.600,239.600,0,0,0.000,0.000,0,,0
N200152_N200147_1,,N200152,N200147,,138.000,0.00000000,0.02316000,261.700,261.700,0,0,0.000,0.000,0,,0
N200149_N200152_1,,N200149,N200152,,138.000,0.00000000,0.01252000,264.000,264.000,0,0,0.000,0.000,0,,0
N200149_N200161_1,,N200149,N200161,,138.000,0.00000000,0.01258000,284.300,284.300,0,0,0.000,0.000,0,,0
N200171_N200167_1,,N200171,N200167,,345.000,0.00000000,0.00045000,1150.400,1150.400,0,1,0.000,0.000,0,,0
N200167_N200175_1,,N200167,N200175,,345.000,0.00000000,0.00698000,1099.200,1099.200,0,1,0.000,0.000,0,,0
N200193_N200171_1,,N200193,N200171,,345.000,0.00000000,0.00482000,1103.600,1103.600,0,1,0.000,0.000,0,,0
N200205_N200175_1,,N200205,N200175,,345.000,0.00000000,0.00573000,979.000,979.000,0,1,0.000,0.000,0,,0
N200183_N200180_1,,N200183,N200180,,138.000,0.00000000,0.02668000,273.600,273.600,0,0,0.000,0.000,0,,0
N200182_N200187_1,,N200182,N200187,,345.000,0.00000000,0.00866000,1125.300,1125.300,0,1,0.000,0.000,0,,0
N200190_N200182_1,,N200190,N200182,,345.000,0.00000000,0.00748000,1008.300,1008.300,0,1,0.000,0.000,0,,0
N200185_N200188_1,,N200185,N200188,,138.000,0.00000000,0.01852000,310.500,310.500,0,0,0.000,0.000,0,,0
N210001_N210015_1,,N210001,N210015,,138.000,0.00000000,0.02483000,314.400,314.400,0,0,0.000,0.000,0,,0
N210017_N210001_1,,N210017,N210001,,138.000,0.00000000,0.02177000,248.100,248.100,0,0,0.000,0.000,0,,0
N210001_N210022_1,,N210001,N210022,,138.000,0.00000000,0.01407000,272.700,272.700,0,0,0.000,0.000,0,,0
N210001_N210310_1,,N210001,N210310,,138.000,0.00000000,0.01323000,277.900,277.900,0,0,0.000,0.000,0,,0
N210003_N210002_1,,N210003,N210002,,138.000,0.00000000,0.04465000,287.600,287.600,0,0,0.000,0.000,0,,0
N210002_N210005_1,,N210002,N210005,,138.000,0.00000000,0.06547000,263.400,263.400,0,0,0.000,0.000,0,,0
N210003_N210005_1,,N210003,N210005,,138.000,0.00000000,0.02642000,281.500,281.500,0,0,0.000,0.000,0,,0
N210009_N210003_1,,N210009,N210003,,138.000,0.00000000,0.03559000,267.800,267.800,0,0,0.000,0.000,0,,0
N210021_N210003_1,,N210021,N210003,,138.000,0.00000000,0.03186000,252.500,252.500,0,0,0.000,0.000,0,,0
N210003_N210091_1,,N210003,N210091,,138.000,0.00000000,0.08881000,318.200,318.200,0,0,0.000,0.000,0,,0
N210004_N210313_1,,N210004,N210313,,138.000,0.00000000,0.02516000,303.500,303.500,0,0,0.000,0.000,0,,0
N210005_N210006_1,,N210005,N210006,,138.000,0.00000000,0.02931000,252.700,252.700,0,0,0.000,0.000,0,,0
N210005_N210087_1,,N210005,N210087,,138.000,0.00000000,0.05010000,322.600,322.600,0,0,0.000,0.000,0,,0
N210006_N210007_1,,N210006,N210007,,138.000,0.00000000,0.03065000,287.100,287.100,0,0,0.000,0.000,0,,0
N210006_N210089_1,,N210006,N210089,,138.000,0.00000000,0.03013000,290.300,290.300,0,0,0.000,0.000,0,,0
N210021_N210007_1,,N210021,N210007,,138.000,0.00000000,0.03082000,250.000,250.000,0,0,0.000,0.000,0,,0
N210007_N210217_1,,N210007,N210217,,138.000,0.00000000,0.04266000,292.500,292.500,0,0,0.000,0.000,0,,0
N210303_N210009_1,,N210303,N210009,,138.000,0.00000000,0.01288000,266.400,266.400,0,0,0.000,0.000,0,,0
N210011_N210010_1,,N210011,N210010,,138.000,0.00000000,0.01568000,331.400,331.400,0,0,0.000,0.000,0,,0
N210324_N210010_1,,N210324,N210010,,138.000,0.00000000,0.03100000,292.100,292.100,0,0,0.000,0.000,0,,0
N210011_N210020_1,,N210011,N210020,,138.000,0.00000000,0.03516000,342.500,342.500,0,0,0.000,0.000,0,,0
N210311_N210011_1,,N210311,N210011,,138.000,0.00000000,0.02234000,311.600,311.600,0,0,0.000,0.000,0,,0
N210013_N210012_1,,N210013,N210012,,138.000,0.00000000,0.02389000,237.800,237.800,0,0,0.000,0.000,0,,0
N210012_N210018_1,,N210012,N210018,,138.000,0.00000000,0.05505000,233.300,233.300,0,0,0.000,0.000,0,,0
N210012_N210263_1,,N210012,N210263,,138.000,0.00000000,0.18419000,218.300,218.300,0,0,0.000,0.000,0,,0
N210013_N210110_1,,N210013,N210110,,138.000,0.00000000,0.15945000,225.700,225.700,0,0,0.000,0.000,0,,0
N210197_N210013_1,,N210197,N210013,,138.000,0.00000000,0.02445000,252.000,252.000,0,0,0.000,0.000,0,,0
N210059_N210014_1,,N210059,N210014,,138.000,0.00000000,0.01498000,273.000,273.000,0,0,0.000,0.000,0,,0
N210014_N210312_1,,N210014,N210312,,138.000,0.00000000,0.02005000,275.100,275.100,0,0,0.000,0.000,0,,0
N210015_N210016_1,,N210015,N210016,,138.000,0.00000000,0.02816000,327.100,327.100,0,0,0.000,0.000,0,,0
N210303_N210015_1,,N210303,N210015,,138.000,0.00000000,0.04109000,232.300,232.300,0,0,0.000,0.000,0,,0
N210016_N210204_1,,N210016,N210204,,138.000,0.00000000,0.03917000,273.900,273.900,0,0,0.000,0.000,0,,0
N210311_N210016_1,,N210311,N210016,,138.000,0.00000000,0.01673000,314.400,314.400,0,0,0.000,0.000,0,,0
N210017_N210307_1,,N210017,N210307,,138.000,0.00000000,0.04086000,279.200,279.200,0,0,0.000,0.000,0,,0
N210312_N210017_1,,N210312,N210017,,138.000,0.00000000,0.02524000,279.200,279.200,0,0,0.000,0.000,0,,0
N210018_N210303_1,,N210018,N210303,,138.000,0.00000000,0.02376000,234.600,234.600,0,0,0.000,0.000,0,,0
N210022_N210019_1,,N210022,N210019,,138.000,0.00000000,0.01868000,272.900,272.900,0,0,0.000,0.000,0,,0
N210019_N210035_1,,N210019,N210035,,138.000,0.00000000,0.04115000,302.800,302.800,0,0,0.000,0.000,0,,0
N210019_N210310_1,,N210019,N210310,,138.000,0.00000000,0.01584000,276.500,276.500,0,0,0.000,0.000,0,,0
N210304_N210020_1,,N210304,N210020,,138.000,0.00000000,0.02804000,305.200,305.200,0,0,0.000,0.000,0,,0
N210038_N210023_1,,N210038,N210023,,138.000,0.00000000,0.03139000,234.600,234.600,0,0,0.000,0.000,0,,0
N210023_N210310_1,,N210023,N210310,,138.000,0.00000000,0.02370000,247.900,247.900,0,0,0.000,0.000,0,,0
N210024_N210031_1,,N210024,N210031,,138.000,0.00000000,0.02279000,264.800,264.800,0,0,0.000,0.000,0,,0
N210024_N210250_1,,N210024,N210250,,138.000,0.00000000,0.01896000,288.800,288.800,0,0,0.000,0.000,0,,0
N210024_N210286_1,,N210024,N210286,,138.000,0.00000000,0.00869000,275.700,275.700,0,0,0.000,0.000,0,,0
N210025_N210045_1,,N210025,N210045,,138.000,0.00000000,0.02669000,324.900,324.900,0,0,0.000,0.000,0,,0
N210287_N210025_1,,N210287,N210025,,138.000,0.00000000,0.01592000,255.800,255.800,0,0,0.000,0.000,0,,0
N210343_N210025_1,,N210343,N210025,,138.000,0.00000000,0.02022000,317.800,317.800,0,0,0.000,0.000,0,,0
N210026_N210119_1,,N210026,N210119,,138.000,0.00000000,0.04717000,258.900,258.900,0,0,0.000,0.000,0,,0
N210287_N210026_1,,N210287,N210026,,138.000,0.00000000,0.01309000,258.300,258.300,0,0,0.000,0.000,0,,0
N210061_N210027_1,,N210061,N210027,,138.000,0.00000000,0.04850000,268.700,268.700,0,0,0.000,0.000,0,,0
N210027_N210284_1,,N210027,N210284,,138.000,0.00000000,0.04650000,266.200,266.200,0,0,0.000,0.000,0,,0
N210029_N210283_1,,N210029,N210283,,138.000,0.00000000,0.01632000,277.000,277.000,0,0,0.000,0.000,0,,0
N210029_N210293_1,,N210029,N210293,,138.000,0.00000000,0.00381000,312.800,312.800,0,0,0.000,0.000,0,,0
N210032_N210030_1,,N210032,N210030,,138.000,0.00000000,0.02206000,259.400,259.400,0,0,0.000,0.000,0,,0
N210031_N210032_1,,N210031,N210032,,138.000,0.00000000,0.02293000,267.800,267.800,0,0,0.000,0.000,0,,0
N210032_N210054_1,,N210032,N210054,,138.000,0.00000000,0.03050000,270.700,270.700,0,0,0.000,0.000,0,,0
N210033_N210035_1,,N210033,N210035,,138.000,0.00000000,0.01855000,290.300,290.300,0,0,0.000,0.000,0,,0
N210060_N210033_1,,N210060,N210033,,138.000,0.00000000,0.03873000,262.400,262.400,0,0,0.000,0.000,0,,0
N210033_N210095_1,,N210033,N210095,,138.000,0.00000000,0.03044000,275.600,275.600,0,0,0.000,0.000,0,,0
N210041_N210034_1,,N210041,N210034,,138.000,0.00000000,0.04401000,247.900,247.900,0,0,0.000,0.000,0,,0
N210034_N210046_1,,N210034,N210046,,138.000,0.00000000,0.04710000,247.300,247.300,0,0,0.000,0.000,0,,0
N210036_N210035_1,,N210036,N210035,,138.000,0.00000000,0.03508000,254.100,254.100,0,0,0.000,0.000,0,,0
N210035_N210089_1,,N210035,N210089,,138.000,0.00000000,0.02226000,269.300,269.300,0,0,0.000,0.000,0,,0
N210095_N210036_1,,N210095,N210036,,138.000,0.00000000,0.02672000,294.700,294.700,0,0,0.000,0.000,0,,0
N210036_N210292_1,,N210036,N210292,,138.000,0.00000000,0.09521000,262.700,262.700,0,0,0.000,0.000,0,,0
N210036_N210307_1,,N210036,N210307,,138.000,0.00000000,0.07180000,265.400,265.400,0,0,0.000,0.000,0,,0
N210039_N210037_1,,N210039,N210037,,138.000,0.00000000,0.04413000,258.500,258.500,0,0,0.000,0.000,0,,0
N210037_N210045_1,,N210037,N210045,,138.000,0.00000000,0.02772000,275.600,275.600,0,0,0.000,0.000,0,,0
N210037_N210294_1,,N210037,N210294,,138.000,0.00000000,0.03898000,251.200,251.200,0,0,0.000,0.000,0,,0
N210038_N210043_1,,N210038,N210043,,138.000,0.00000000,0.07304000,239.400,239.400,0,0,0.000,0.000,0,,0
N210038_N210350_1,,N210038,N210350,,138.000,0.00000000,0.05404000,242.600,242.600,0,0,0.000,0.000,0,,0
N210039_N210040_1,,N210039,N210040,,138.000,0.00000000,0.02634000,258.400,258.400,0,0,0.000,0.000,0,,0
N210040_N210056_1,,N210040,N210056,,138.000,0.00000000,0.02618000,254.300,254.300,0,0,0.000,0.000,0,,0
N210041_N210057_1,,N210041,N210057,,138.000,0.00000000,0.03987000,283.000,283.000,0,0,0.000,0.000,0,,0
N210284_N210041_1,,N210284,N210041,,138.000,0.00000000,0.03283000,260.100,260.100,0,0,0.000,0.000,0,,0
N210045_N210042_1,,N210045,N210042,,138.000,0.00000000,0.00539000,318.000,318.000,0,0,0.000,0.000,0,,0
N210042_N210054_1,,N210042,N210054,,138.000,0.00000000,0.03407000,317.800,317.800,0,0,0.000,0.000,0,,0
N210043_N210045_1,,N210043,N210045,,138.000,0.00000000,0.03226000,239.900,239.900,0,0,0.000,0.000,0,,0
N210284_N210044_1,,N210284,N210044,,138.000,0.00000000,0.00573000,277.300,277.300,0,0,0.000,0.000,0,,0
N210044_N210288_1,,N210044,N210288,,138.000,0.00000000,0.02571000,275.700,275.700,0,0,0.000,0.000,0,,0
N210046_N210282_1,,N210046,N210282,,138.000,0.00000000,0.01563000,274.700,274.700,0,0,0.000,0.000,0,,0
N210046_N210292_1,,N210046,N210292,,138.000,0.00000000,0.02265000,260.500,260.500,0,0,0.000,0.000,0,,0
N210051_N210047_1,,N210051,N210047,,138.000,0.00000000,0.03505000,241.100,241.100,0,0,0.000,0.000,0,,0
N210047_N210350_1,,N210047,N210350,,138.000,0.00000000,0.02142000,245.600,245.600,0,0,0.000,0.000,0,,0
N210048_N210055_1,,N210048,N210055,,138.000,0.00000000,0.05717000,244.800,244.800,0,0,0.000,0.000,0,,0
N210048_N210288_1,,N210048,N210288,,138.000,0.00000000,0.00581000,247.200,247.200,0,0,0.000,0.000,0,,0
N210289_N210049_1,,N210289,N210049,,138.000,0.00000000,0.00591000,217.700,217.700,0,0,0.000,0.000,0,,0
N210350_N210049_1,,N210350,N210049,,138.000,0.00000000,0.00754000,230.600,230.600,0,0,0.000,0.000,0,,0
N210050_N210052_1,,N210050,N210052,,138.000,0.00000000,0.03746000,287.600,287.600,0,0,0.000,0.000,0,,0
N210058_N210050_1,,N210058,N210050,,138.000,0.00000000,0.01990000,286.800,286.800,0,0,0.000,0.000,0,,0
N210051_N210058_1,,N210051,N210058,,138.000,0.00000000,0.02156000,237.900,237.900,0,0,0.000,0.000,0,,0
N210052_N210061_1,,N210052,N210061,,138.000,0.00000000,0.03126000,277.000,277.000,0,0,0.000,0.000,0,,0
N210052_N210122_1,,N210052,N210122,,138.000,0.00000000,0.02690000,259.000,259.000,0,0,0.000,0.000,0,,0
N210053_N210291_1,,N210053,N210291,,138.000,0.00000000,0.02750000,294.300,294.300,0,0,0.000,0.000,0,,0
N210293_N210053_1,,N210293,N210053,,138.000,0.00000000,0.01413000,293.300,293.300,0,0,0.000,0.000,0,,0
N210054_N210184_1,,N210054,N210184,,138.000,0.00000000,0.04541000,328.400,328.400,0,0,0.000,0.000,0,,0
N210250_N210055_1,,N210250,N210055,,138.000,0.00000000,0.03538000,278.500,278.500,0,0,0.000,0.000,0,,0
N210055_N210288_1,,N210055,N210288,,138.000,0.00000000,0.04480000,256.400,256.400,0,0,0.000,0.000,0,,0
N210056_N210059_1,,N210056,N210059,,138.000,0.00000000,0.01390000,251.200,251.200,0,0,0.000,0.000,0,,0
N210057_N210119_1,,N210057,N210119,,138.000,0.00000000,0.04199000,283.800,283.800,0,0,0.000,0.000,0,,0
N210058_N210286_1,,N210058,N210286,,138.000,0.00000000,0.01573000,277.800,277.800,0,0,0.000,0.000,0,,0
N210058_N210293_1,,N210058,N210293,,138.000,0.00000000,0.01027000,291.800,291.800,0,0,0.000,0.000,0,,0
N210059_N210263_1,,N210059,N210263,,138.000,0.00000000,0.02200000,277.700,277.700,0,0,0.000,0.000,0,,0
N210059_N210357_1,,N210059,N210357,,138.000,0.00000000,0.01622000,281.700,281.700,0,0,0.000,0.000,0,,0
N210060_N210080_1,,N210060,N210080,,138.000,0.00000000,0.02106000,265.100,265.100,0,0,0.000,0.000,0,,0
N210061_N210120_1,,N210061,N210120,,138.000,0.00000000,0.04319000,294.000,294.000,0,0,0.000,0.000,0,,0
N210297_N210062_1,,N210297,N210062,,138.000,0.00000000,0.01280000,310.700,310.700,0,0,0.000,0.000,0,,0
N210065_N210063_1,,N210065,N210063,,138.000,0.00000000,0.02274000,213.400,213.400,0,0,0.000,0.000,0,,0
N210063_N240192_1,,N210063,N240192,,138.000,0.00000000,0.04013000,214.900,214.900,0,0,0.000,0.000,0,,0
N210064_N210069_1,,N210064,N210069,,138.000,0.00000000,0.04056000,277.400,277.400,0,0,0.000,0.000,0,,0
N210064_N210299_1,,N210064,N210299,,138.000,0.00000000,0.03486000,209.300,209.300,0,0,0.000,0.000,0,,0
N240099_N210064_1,,N240099,N210064,,138.000,0.00000000,0.03431000,222.100,222.100,0,0,0.000,0.000,0,,0
N210064_N240149_1,,N210064,N240149,,138.000,0.00000000,0.01956000,236.900,236.900,0,0,0.000,0.000,0,,0
N210065_N210299_1,,N210065,N210299,,138.000,0.00000000,0.00917000,210.800,210.800,0,0,0.000,0.000,0,,0
N210066_N210102_1,,N210066,N210102,,138.000,0.00000000,0.05038000,240.600,240.600,0,0,0.000,0.000,0,,0
N240191_N210066_1,,N240191,N210066,,138.000,0.00000000,0.03222000,243.100,243.100,0,0,0.000,0.000,0,,0
N210067_N210099_1,,N210067,N210099,,138.000,0.00000000,0.03327000,257.300,257.300,0,0,0.000,0.000,0,,0
N210067_N210103_1,,N210067,N210103,,138.000,0.00000000,0.02120000,259.700,259.700,0,0,0.000,0.000,0,,0
N210068_N210075_1,,N210068,N210075,,138.000,0.00000000,0.04027000,249.300,249.300,0,0,0.000,0.000,0,,0
N210295_N210068_1,,N210295,N210068,,138.000,0.00000000,0.02327000,251.600,251.600,0,0,0.000,0.000,0,,0
N210097_N210069_1,,N210097,N210069,,138.000,0.00000000,0.01735000,273.400,273.400,0,0,0.000,0.000,0,,0
N210070_N210298_1,,N210070,N210298,,138.000,0.00000000,0.02171000,277.500,277.500,0,0,0.000,0.000,0,,0
N210348_N210070_1,,N210348,N210070,,138.000,0.00000000,0.01284000,278.000,278.000,0,0,0.000,0.000,0,,0
N210298_N210071_1,,N210298,N210071,,138.000,0.00000000,0.03145000,278.300,278.300,0,0,0.000,0.000,0,,0
N210071_N210305_1,,N210071,N210305,,138.000,0.00000000,0.07276000,276.300,276.300,0,0,0.000,0.000,0,,0
N210072_N210073_1,,N210072,N210073,,138.000,0.00000000,0.02798000,288.600,288.600,0,0,0.000,0.000,0,,0
N210086_N210072_1,,N210086,N210072,,138.000,0.00000000,0.02079000,306.800,306.800,0,0,0.000,0.000,0,,0
N210353_N210073_1,,N210353,N210073,,138.000,0.00000000,0.03435000,289.900,289.900,0,0,0.000,0.000,0,,0
N210077_N210074_1,,N210077,N210074,,138.000,0.00000000,0.01438000,217.700,217.700,0,0,0.000,0.000,0,,0
N210078_N210074_1,,N210078,N210074,,138.000,0.00000000,0.01653000,262.800,262.800,0,0,0.000,0.000,0,,0
N210074_N210343_1,,N210074,N210343,,138.000,0.00000000,0.05176000,270.800,270.800,0,0,0.000,0.000,0,,0
N210075_N210078_1,,N210075,N210078,,138.000,0.00000000,0.04578000,249.200,249.200,0,0,0.000,0.000,0,,0
N210077_N210076_1,,N210077,N210076,,138.000,0.00000000,0.03743000,218.700,218.700,0,0,0.000,0.000,0,,0
N210099_N210076_1,,N210099,N210076,,138.000,0.00000000,0.02280000,222.900,222.900,0,0,0.000,0.000,0,,0
N210078_N210079_1,,N210078,N210079,,138.000,0.00000000,0.02225000,250.100,250.100,0,0,0.000,0.000,0,,0
N210079_N210102_1,,N210079,N210102,,138.000,0.00000000,0.06828000,295.700,295.700,0,0,0.000,0.000,0,,0
N210079_N210296_1,,N210079,N210296,,138.000,0.00000000,0.01735000,286.900,286.900,0,0,0.000,0.000,0,,0
N210080_N210094_1,,N210080,N210094,,138.000,0.00000000,0.01007000,267.600,267.600,0,0,0.000,0.000,0,,0
N240149_N210081_1,,N240149,N210081,,138.000,0.00000000,0.04355000,193.700,193.700,0,0,0.000,0.000,0,,0
N210082_N210297_1,,N210082,N210297,,138.000,0.00000000,0.03360000,299.400,299.400,0,0,0.000,0.000,0,,0
N210083_N210084_1,,N210083,N210084,,138.000,0.00000000,0.04017000,273.900,273.900,0,0,0.000,0.000,0,,0
N210086_N210083_1,,N210086,N210083,,138.000,0.00000000,0.02585000,287.500,287.500,0,0,0.000,0.000,0,,0
N210083_N210091_1,,N210083,N210091,,138.000,0.00000000,0.03588000,295.400,295.400,0,0,0.000,0.000,0,,0
N210083_N210098_1,,N210083,N210098,,138.000,0.00000000,0.02769000,296.300,296.300,0,0,0.000,0.000,0,,0
N210091_N210084_1,,N210091,N210084,,138.000,0.00000000,0.02100000,263.000,263.000,0,0,0.000,0.000,0,,0
N210085_N210088_1,,N210085,N210088,,138.000,0.00000000,0.02082000,343.700,343.700,0,0,0.000,0.000,0,,0
N210085_N210088_2,,N210085,N210088,,138.000,0.00000000,0.02082000,343.700,343.700,0,0,0.000,0.000,0,,0
N210085_N210348_1,,N210085,N210348,,138.000,0.00000000,0.03527000,349.000,349.000,0,0,0.000,0.000,0,,0
N210085_N210348_2,,N210085,N210348,,138.000,0.00000000,0.03527000,349.000,349.000,0,0,0.000,0.000,0,,0
N210088_N210086_1,,N210088,N210086,,138.000,0.00000000,0.03088000,290.300,290.300,0,0,0.000,0.000,0,,0
N210087_N210088_1,,N210087,N210088,,138.000,0.00000000,0.02242000,299.500,299.500,0,0,0.000,0.000,0,,0
N210087_N210305_1,,N210087,N210305,,138.000,0.00000000,0.01261000,285.800,285.800,0,0,0.000,0.000,0,,0
N210088_N210095_1,,N210088,N210095,,138.000,0.00000000,0.02859000,325.400,325.400,0,0,0.000,0.000,0,,0
N210088_N210305_1,,N210088,N210305,,138.000,0.00000000,0.01505000,308.400,308.400,0,0,0.000,0.000,0,,0
N210089_N210305_1,,N210089,N210305,,138.000,0.00000000,0.03536000,320.400,320.400,0,0,0.000,0.000,0,,0
N210323_N210090_1,,N210323,N210090,,345.000,0.00000000,0.02544000,1319.900,1319.900,0,1,0.000,0.000,0,,0
N210090_N210347_1,,N210090,N210347,,345.000,0.00000000,0.02044000,1429.900,1429.900,0,1,0.000,0.000,0,,0
N210090_N210347_2,,N210090,N210347,,345.000,0.00000000,0.02044000,1429.900,1429.900,0,1,0.000,0.000,0,,0
N210094_N210099_1,,N210094,N210099,,138.000,0.00000000,0.06930000,268.800,268.800,0,0,0.000,0.000,0,,0
N210096_N210101_1,,N210096,N210101,,138.000,0.00000000,0.02066000,296.400,296.400,0,0,0.000,0.000,0,,0
N210297_N210096_1,,N210297,N210096,,138.000,0.00000000,0.03177000,319.800,319.800,0,0,0.000,0.000,0,,0
N210297_N210096_2,,N210297,N210096,,138.000,0.00000000,0.03177000,319.800,319.800,0,0,0.000,0.000,0,,0
N210096_N210302_1,,N210096,N210302,,138.000,0.00000000,0.00875000,328.700,328.700,0,0,0.000,0.000,0,,0
N210096_N210302_2,,N210096,N210302,,138.000,0.00000000,0.00875000,328.700,328.700,0,0,0.000,0.000,0,,0
N210097_N210298_1,,N210097,N210298,,138.000,0.00000000,0.02032000,273.200,273.200,0,0,0.000,0.000,0,,0
N210098_N210348_1,,N210098,N210348,,138.000,0.00000000,0.04655000,298.400,298.400,0,0,0.000,0.000,0,,0
N210100_N210296_1,,N210100,N210296,,138.000,0.00000000,0.01330000,285.200,285.200,0,0,0.000,0.000,0,,0
N210343_N210100_1,,N210343,N210100,,138.000,0.00000000,0.02994000,285.000,285.000,0,0,0.000,0.000,0,,0
N210101_N210313_1,,N210101,N210313,,138.000,0.00000000,0.03021000,300.900,300.900,0,0,0.000,0.000,0,,0
N210118_N210102_1,,N210118,N210102,,138.000,0.00000000,0.04225000,295.100,295.100,0,0,0.000,0.000,0,,0
N210103_N240098_1,,N210103,N240098,,138.000,0.00000000,0.02469000,262.100,262.100,0,0,0.000,0.000,0,,0
N210109_N210104_1,,N210109,N210104,,138.000,0.00000000,0.01966000,260.100,260.100,0,0,0.000,0.000,0,,0
N210104_N210276_1,,N210104,N210276,,138.000,0.00000000,0.08074000,265.900,265.900,0,0,0.000,0.000,0,,0
N210105_N210106_1,,N210105,N210106,,138.000,0.00000000,0.02119000,274.000,274.000,0,0,0.000,0.000,0,,0
N210105_N210107_1,,N210105,N210107,,138.000,0.00000000,0.03591000,258.800,258.800,0,0,0.000,0.000,0,,0
N210105_N210113_1,,N210105,N210113,,138.000,0.00000000,0.01042000,290.300,290.300,0,0,0.000,0.000,0,,0
N210106_N210315_1,,N210106,N210315,,138.000,0.00000000,0.01585000,272.400,272.400,0,0,0.000,0.000,0,,0
N210316_N210107_1,,N210316,N210107,,138.000,0.00000000,0.01371000,234.000,234.000,0,0,0.000,0.000,0,,0
N230122_N210107_1,,N230122,N210107,,138.000,0.00000000,0.03502000,264.500,264.500,0,0,0.000,0.000,0,,0
N210108_N210109_1,,N210108,N210109,,138.000,0.00000000,0.03091000,276.200,276.200,0,0,0.000,0.000,0,,0
N210108_N230135_1,,N210108,N230135,,138.000,0.00000000,0.04000000,231.200,231.200,0,0,0.000,0.000,0,,0
N210108_N230137_1,,N210108,N230137,,138.000,0.00000000,0.02414000,228.800,228.800,0,0,0.000,0.000,0,,0
N210108_N230145_1,,N210108,N230145,,138.000,0.00000000,0.01255000,249.800,249.800,0,0,0.000,0.000,0,,0
N210109_N210112_1,,N210109,N210112,,138.000,0.00000000,0.02878000,240.200,240.200,0,0,0.000,0.000,0,,0
N210110_N210357_1,,N210110,N210357,,138.000,0.00000000,0.02838000,241.800,241.800,0,0,0.000,0.000,0,,0
N210111_N210316_1,,N210111,N210316,,138.000,0.00000000,0.02570000,222.300,222.300,0,0,0.000,0.000,0,,0
N210111_N230214_1,,N210111,N230214,,138.000,0.00000000,0.02475000,219.100,219.100,0,0,0.000,0.000,0,,0
N210112_N210155_1,,N210112,N210155,,138.000,0.00000000,0.09300000,266.400,266.400,0,0,0.000,0.000,0,,0
N210112_N210276_1,,N210112,N210276,,138.000,0.00000000,0.06933000,278.300,278.300,0,0,0.000,0.000,0,,0
N210113_N210276_1,,N210113,N210276,,138.000,0.00000000,0.04309000,291.300,291.300,0,0,0.000,0.000,0,,0
N210114_N210204_1,,N210114,N210204,,138.000,0.00000000,0.06467000,267.100,267.100,0,0,0.000,0.000,0,,0
N210315_N210114_1,,N210315,N210114,,138.000,0.00000000,0.01559000,269.500,269.500,0,0,0.000,0.000,0,,0
N210115_N210333_1,,N210115,N210333,,138.000,0.00000000,0.02801000,334.700,334.700,0,0,0.000,0.000,0,,0
N210115_N230154_1,,N210115,N230154,,138.000,0.00000000,0.01061000,308.700,308.700,0,0,0.000,0.000,0,,0
N210115_N260008_1,,N210115,N260008,,138.000,0.00000000,0.07795000,290.100,290.100,0,0,0.000,0.000,0,,0
N210117_N210116_1,,N210117,N210116,,138.000,0.00000000,0.01859000,270.900,270.900,0,0,0.000,0.000,0,,0
N210116_N210314_1,,N210116,N210314,,138.000,0.00000000,0.01856000,268.000,268.000,0,0,0.000,0.000,0,,0
N210333_N210117_1,,N210333,N210117,,138.000,0.00000000,0.02542000,272.000,272.000,0,0,0.000,0.000,0,,0
N210118_N210120_1,,N210118,N210120,,138.000,0.00000000,0.11178000,294.900,294.900,0,0,0.000,0.000,0,,0
N210118_N240107_1,,N210118,N240107,,138.000,0.00000000,0.05450000,311.700,311.700,0,0,0.000,0.000,0,,0
N210118_N240107_2,,N210118,N240107,,138.000,0.00000000,0.05450000,311.700,311.700,0,0,0.000,0.000,0,,0
N210123_N210119_1,,N210123,N210119,,138.000,0.00000000,0.05245000,294.100,294.100,0,0,0.000,0.000,0,,0
N210122_N210121_1,,N210122,N210121,,138.000,0.00000000,0.02649000,272.400,272.400,0,0,0.000,0.000,0,,0
N240111_N210121_1,,N240111,N210121,,138.000,0.00000000,0.07355000,296.900,296.900,0,0,0.000,0.000,0,,0
N210123_N240097_1,,N210123,N240097,,138.000,0.00000000,0.04509000,287.300,287.300,0,0,0.000,0.000,0,,0
N210123_N240106_1,,N210123,N240106,,138.000,0.00000000,0.06871000,271.100,271.100,0,0,0.000,0.000,0,,0
N210129_N210124_1,,N210129,N210124,,69.000,0.00000000,0.03772000,133.900,133.900,0,0,0.000,0.000,0,,0
N210124_N210132_1,,N210124,N210132,,69.000,0.00000000,0.03475000,143.300,143.300,0,0,0.000,0.000,0,,0
N210131_N210125_1,,N210131,N210125,,69.000,0.00000000,0.02206000,140.500,140.500,0,0,0.000,0.000,0,,0
N210125_N210146_1,,N210125,N210146,,69.000,0.00000000,0.01030000,141.500,141.500,0,0,0.000,0.000,0,,0
N210126_N210137_1,,N210126,N210137,,69.000,0.00000000,0.03979000,111.200,111.200,0,0,0.000,0.000,0,,0
N210126_N210215_1,,N210126,N210215,,69.000,0.00000000,0.04860000,118.500,118.500,0,0,0.000,0.000,0,,0
N210127_N210140_1,,N210127,N210140,,69.000,0.00000000,0.06740000,87.700,87.700,0,0,0.000,0.000,0,,0
N210127_N210141_1,,N210127,N210141,,69.000,0.00000000,0.05361000,93.400,93.400,0,0,0.000,0.000,0,,0
N210142_N210127_1,,N210142,N210127,,69.000,0.00000000,0.02859000,83.900,83.900,0,0,0.000,0.000,0,,0
N210133_N210128_1,,N210133,N210128,,138.000,0.00000000,0.00735000,313.800,313.800,0,0,0.000,0.000,0,,0
N210135_N210129_1,,N210135,N210129,,69.000,0.00000000,0.03130000,140.800,140.800,0,0,0.000,0.000,0,,0
N210145_N210130_1,,N210145,N210130,,138.000,0.00000000,0.00923000,339.200,339.200,0,0,0.000,0.000,0,,0
N210145_N210130_2,,N210145,N210130,,138.000,0.00000000,0.00923000,339.200,339.200,0,0,0.000,0.000,0,,0
N210147_N210130_1,,N210147,N210130,,138.000,0.00000000,0.00882000,329.100,329.100,0,0,0.000,0.000,0,,0
N210130_N210359_1,,N210130,N210359,,138.000,0.00000000,0.01474000,298.100,298.100,0,0,0.000,0.000,0,,0
N210131_N210152_1,,N210131,N210152,,69.000,0.00000000,0.00457000,132.900,132.900,0,0,0.000,0.000,0,,0
N210146_N210132_1,,N210146,N210132,,69.000,0.00000000,0.02658000,164.000,164.000,0,0,0.000,0.000,0,,0
N210146_N210132_2,,N210146,N210132,,69.000,0.00000000,0.02658000,164.000,164.000,0,0,0.000,0.000,0,,0
N210132_N210148_1,,N210132,N210148,,69.000,0.00000000,0.03619000,149.600,149.600,0,0,0.000,0.000,0,,0
N210133_N210147_1,,N210133,N210147,,138.000,0.00000000,0.00871000,325.400,325.400,0,0,0.000,0.000,0,,0
N210137_N210134_1,,N210137,N210134,,69.000,0.00000000,0.04365000,114.700,114.700,0,0,0.000,0.000,0,,0
N210134_N210151_1,,N210134,N210151,,69.000,0.00000000,0.05529000,123.900,123.900,0,0,0.000,0.000,0,,0
N210135_N210136_1,,N210135,N210136,,69.000,0.00000000,0.01985000,131.600,131.600,0,0,0.000,0.000,0,,0
N210148_N210136_1,,N210148,N210136,,69.000,0.00000000,0.02720000,125.100,125.100,0,0,0.000,0.000,0,,0
N210137_N210140_1,,N210137,N210140,,69.000,0.00000000,0.07561000,102.700,102.700,0,0,0.000,0.000,0,,0
N210137_N210225_1,,N210137,N210225,,69.000,0.00000000,0.02695000,116.500,116.500,0,0,0.000,0.000,0,,0
N210138_N210142_1,,N210138,N210142,,69.000,0.00000000,0.05693000,80.000,80.000,0,0,0.000,0.000,0,,0
N210227_N210138_1,,N210227,N210138,,69.000,0.00000000,0.06663000,96.100,96.100,0,0,0.000,0.000,0,,0
N210141_N210139_1,,N210141,N210139,,69.000,0.00000000,0.09567000,79.300,79.300,0,0,0.000,0.000,0,,0
N210139_N210207_1,,N210139,N210207,,69.000,0.00000000,0.07848000,91.300,91.300,0,0,0.000,0.000,0,,0
N210143_N210146_1,,N210143,N210146,,69.000,0.00000000,0.00183000,157.400,157.400,0,0,0.000,0.000,0,,0
N210143_N210213_1,,N210143,N210213,,69.000,0.00000000,0.03079000,152.200,152.200,0,0,0.000,0.000,0,,0
N210144_N210306_1,,N210144,N210306,,345.000,0.00000000,0.01625000,1131.700,1131.700,0,1,0.000,0.000,0,,0
N210326_N210144_1,,N210326,N210144,,345.000,0.00000000,0.01308000,1143.100,1143.100,0,1,0.000,0.000,0,,0
N210144_N210332_1,,N210144,N210332,,345.000,0.00000000,0.00602000,1328.300,1328.300,0,1,0.000,0.000,0,,0
N210144_N210335_1,,N210144,N210335,,345.000,0.00000000,0.01392000,1267.100,1267.100,0,1,0.000,0.000,0,,0
N210145_N210192_1,,N210145,N210192,,138.000,0.00000000,0.01823000,329.500,329.500,0,0,0.000,0.000,0,,0
N210214_N210145_1,,N210214,N210145,,138.000,0.00000000,0.01597000,293.400,293.400,0,0,0.000,0.000,0,,0
N210359_N210145_1,,N210359,N210145,,138.000,0.00000000,0.02407000,301.200,301.200,0,0,0.000,0.000,0,,0
N210146_N210152_1,,N210146,N210152,,69.000,0.00000000,0.03392000,125.700,125.700,0,0,0.000,0.000,0,,0
N210151_N210193_1,,N210151,N210193,,69.000,0.00000000,0.04648000,122.600,122.600,0,0,0.000,0.000,0,,0
N210211_N210153_1,,N210211,N210153,,69.000,0.00000000,0.22838000,106.700,106.700,0,0,0.000,0.000,0,,0
N210272_N210153_1,,N210272,N210153,,69.000,0.00000000,0.07466000,121.800,121.800,0,0,0.000,0.000,0,,0
N210153_N210273_1,,N210153,N210273,,69.000,0.00000000,0.07916000,115.800,115.800,0,0,0.000,0.000,0,,0
N210154_N210156_1,,N210154,N210156,,69.000,0.00000000,0.04354000,107.800,107.800,0,0,0.000,0.000,0,,0
N210260_N210154_1,,N210260,N210154,,69.000,0.00000000,0.04357000,114.100,114.100,0,0,0.000,0.000,0,,0
N210247_N210155_1,,N210247,N210155,,138.000,0.00000000,0.02966000,244.200,244.200,0,0,0.000,0.000,0,,0
N210156_N210157_1,,N210156,N210157,,69.000,0.00000000,0.05187000,103.200,103.200,0,0,0.000,0.000,0,,0
N210159_N210156_1,,N210159,N210156,,69.000,0.00000000,0.01992000,112.900,112.900,0,0,0.000,0.000,0,,0
N210157_N210165_1,,N210157,N210165,,69.000,0.00000000,0.06423000,102.500,102.500,0,0,0.000,0.000,0,,0
N210158_N210160_1,,N210158,N210160,,69.000,0.00000000,0.08273000,101.900,101.900,0,0,0.000,0.000,0,,0
N210272_N210158_1,,N210272,N210158,,69.000,0.00000000,0.06428000,111.000,111.000,0,0,0.000,0.000,0,,0
N210162_N210159_1,,N210162,N210159,,69.000,0.00000000,0.08645000,105.400,105.400,0,0,0.000,0.000,0,,0
N210160_N210163_1,,N210160,N210163,,69.000,0.00000000,0.03802000,89.100,89.100,0,0,0.000,0.000,0,,0
N210163_N210162_1,,N210163,N210162,,69.000,0.00000000,0.07566000,99.400,99.400,0,0,0.000,0.000,0,,0
N210164_N210162_1,,N210164,N210162,,69.000,0.00000000,0.05179000,107.700,107.700,0,0,0.000,0.000,0,,0
N210162_N210210_1,,N210162,N210210,,69.000,0.00000000,0.16865000,109.100,109.100,0,0,0.000,0.000,0,,0
N210162_N210245_1,,N210162,N210245,,69.000,0.00000000,0.09739000,96.600,96.600,0,0,0.000,0.000,0,,0
N210248_N210165_1,,N210248,N210165,,69.000,0.00000000,0.03212000,79.600,79.600,0,0,0.000,0.000,0,,0
N210166_N210172_1,,N210166,N210172,,138.000,0.00000000,0.01131000,323.800,323.800,0,0,0.000,0.000,0,,0
N210166_N210267_1,,N210166,N210267,,138.000,0.00000000,0.02553000,281.600,281.600,0,0,0.000,0.000,0,,0
N210167_N210190_1,,N210167,N210190,,69.000,0.00000000,0.03543000,145.600,145.600,0,0,0.000,0.000,0,,0
N210168_N210172_1,,N210168,N210172,,138.000,0.00000000,0.00839000,297.700,297.700,0,0,0.000,0.000,0,,0
N210186_N210168_1,,N210186,N210168,,138.000,0.00000000,0.02252000,206.900,206.900,0,0,0.000,0.000,0,,0
N210173_N210169_1,,N210173,N210169,,69.000,0.00000000,0.01748000,151.500,151.500,0,0,0.000,0.000,0,,0
N210169_N210190_1,,N210169,N210190,,69.000,0.00000000,0.03812000,152.700,152.700,0,0,0.000,0.000,0,,0
N210191_N210169_1,,N210191,N210169,,69.000,0.00000000,0.02488000,150.200,150.200,0,0,0.000,0.000,0,,0
N210179_N210170_1,,N210179,N210170,,69.000,0.00000000,0.07539000,106.600,106.600,0,0,0.000,0.000,0,,0
N210185_N210170_1,,N210185,N210170,,69.000,0.00000000,0.07516000,116.000,116.000,0,0,0.000,0.000,0,,0
N210171_N210275_1,,N210171,N210275,,345.000,0.00000000,0.01500000,1200.000,1200.000,0,1,0.000,0.000,0,,0
N210306_N210171_1,,N210306,N210171,,345.000,0.00000000,0.01321000,1145.200,1145.200,0,1,0.000,0.000,0,,0
N210175_N210172_1,,N210175,N210172,,138.000,0.00000000,0.01001000,321.600,321.600,0,0,0.000,0.000,0,,0
N210173_N210174_1,,N210173,N210174,,69.000,0.00000000,0.04063000,140.200,140.200,0,0,0.000,0.000,0,,0
N210181_N210173_1,,N210181,N210173,,69.000,0.00000000,0.00888000,131.200,131.200,0,0,0.000,0.000,0,,0
N210174_N210185_1,,N210174,N210185,,69.000,0.00000000,0.04432000,125.500,125.500,0,0,0.000,0.000,0,,0
N210184_N210175_1,,N210184,N210175,,138.000,0.00000000,0.00896000,306.500,306.500,0,0,0.000,0.000,0,,0
N210176_N210191_1,,N210176,N210191,,69.000,0.00000000,0.02047000,136.000,136.000,0,0,0.000,0.000,0,,0
N210177_N210183_1,,N210177,N210183,,69.000,0.00000000,0.08691000,112.100,112.100,0,0,0.000,0.000,0,,0
N210177_N210191_1,,N210177,N210191,,69.000,0.00000000,0.04565000,120.900,120.900,0,0,0.000,0.000,0,,0
N210178_N210181_1,,N210178,N210181,,69.000,0.00000000,0.12637000,112.000,112.000,0,0,0.000,0.000,0,,0
N210178_N210183_1,,N210178,N210183,,69.000,0.00000000,0.13749000,72.600,72.600,0,0,0.000,0.000,0,,0
N210178_N210187_1,,N210178,N210187,,69.000,0.00000000,0.15652000,96.800,96.800,0,0,0.000,0.000,0,,0
N210178_N210191_1,,N210178,N210191,,69.000,0.00000000,0.08294000,116.400,116.400,0,0,0.000,0.000,0,,0
N210178_N210235_1,,N210178,N210235,,69.000,0.00000000,0.10928000,94.600,94.600,0,0,0.000,0.000,0,,0
N210178_N210239_1,,N210178,N210239,,69.000,0.00000000,0.05442000,137.900,137.900,0,0,0.000,0.000,0,,0
N210179_N210180_1,,N210179,N210180,,69.000,0.00000000,0.06268000,100.900,100.900,0,0,0.000,0.000,0,,0
N210180_N210183_1,,N210180,N210183,,69.000,0.00000000,0.05851000,105.400,105.400,0,0,0.000,0.000,0,,0
N210182_N210183_1,,N210182,N210183,,69.000,0.00000000,0.05252000,128.500,128.500,0,0,0.000,0.000,0,,0
N210260_N210182_1,,N210260,N210182,,69.000,0.00000000,0.06814000,139.500,139.500,0,0,0.000,0.000,0,,0
N210190_N210187_1,,N210190,N210187,,69.000,0.00000000,0.02799000,125.200,125.200,0,0,0.000,0.000,0,,0
N210195_N210192_1,,N210195,N210192,,138.000,0.00000000,0.01997000,265.400,265.400,0,0,0.000,0.000,0,,0
N210192_N260007_1,,N210192,N260007,,138.000,0.00000000,0.07124000,296.400,296.400,0,0,0.000,0.000,0,,0
N210207_N210193_1,,N210207,N210193,,69.000,0.00000000,0.03936000,121.300,121.300,0,0,0.000,0.000,0,,0
N210194_N210205_1,,N210194,N210205,,69.000,0.00000000,0.03839000,111.800,111.800,0,0,0.000,0.000,0,,0
N210194_N210208_1,,N210194,N210208,,69.000,0.00000000,0.03483000,99.500,99.500,0,0,0.000,0.000,0,,0
N210195_N210359_1,,N210195,N210359,,138.000,0.00000000,0.03523000,271.000,271.000,0,0,0.000,0.000,0,,0
N260011_N210195_1,,N260011,N210195,,138.000,0.00000000,0.02314000,294.500,294.500,0,0,0.000,0.000,0,,0
N260021_N210196_1,,N260021,N210196,,69.000,0.00000000,0.15216000,112.100,112.100,0,0,0.000,0.000,0,,0
N260011_N210197_1,,N260011,N210197,,138.000,0.00000000,0.03250000,250.100,250.100,0,0,0.000,0.000,0,,0
N210202_N210198_1,,N210202,N210198,,69.000,0.00000000,0.04831000,108.900,108.900,0,0,0.000,0.000,0,,0
N210198_N210209_1,,N210198,N210209,,69.000,0.00000000,0.04933000,111.400,111.400,0,0,0.000,0.000,0,,0
N210201_N210219_1,,N210201,N210219,,69.000,0.00000000,0.13122000,174.600,174.600,0,0,0.000,0.000,0,,0
N210206_N210202_1,,N210206,N210202,,69.000,0.00000000,0.07544000,111.500,111.500,0,0,0.000,0.000,0,,0
N210202_N260021_1,,N210202,N260021,,69.000,0.00000000,0.04343000,110.600,110.600,0,0,0.000,0.000,0,,0
N210203_N210208_1,,N210203,N210208,,69.000,0.00000000,0.06920000,117.500,117.500,0,0,0.000,0.000,0,,0
N210209_N210203_1,,N210209,N210203,,69.000,0.00000000,0.09648000,113.000,113.000,0,0,0.000,0.000,0,,0
N210204_N260005_1,,N210204,N260005,,138.000,0.00000000,0.06948000,251.900,251.900,0,0,0.000,0.000,0,,0
N210205_N210208_1,,N210205,N210208,,69.000,0.00000000,0.03185000,116.400,116.400,0,0,0.000,0.000,0,,0
N210205_N210223_1,,N210205,N210223,,69.000,0.00000000,0.05486000,141.700,141.700,0,0,0.000,0.000,0,,0
N210206_N210207_1,,N210206,N210207,,69.000,0.00000000,0.05224000,106.800,106.800,0,0,0.000,0.000,0,,0
N210218_N210212_1,,N210218,N210212,,69.000,0.00000000,0.06628000,107.100,107.100,0,0,0.000,0.000,0,,0
N210212_N210233_1,,N210212,N210233,,69.000,0.00000000,0.04198000,107.200,107.200,0,0,0.000,0.000,0,,0
N210215_N210213_1,,N210215,N210213,,69.000,0.00000000,0.01033000,146.800,146.800,0,0,0.000,0.000,0,,0
N210225_N210213_1,,N210225,N210213,,69.000,0.00000000,0.02832000,116.300,116.300,0,0,0.000,0.000,0,,0
N210213_N210230_1,,N210213,N210230,,69.000,0.00000000,0.02949000,139.700,139.700,0,0,0.000,0.000,0,,0
N210215_N210226_1,,N210215,N210226,,69.000,0.00000000,0.04246000,137.400,137.400,0,0,0.000,0.000,0,,0
N210232_N210215_1,,N210232,N210215,,69.000,0.00000000,0.02710000,123.000,123.000,0,0,0.000,0.000,0,,0
N210226_N210216_1,,N210226,N210216,,69.000,0.00000000,0.04767000,138.200,138.200,0,0,0.000,0.000,0,,0
N210216_N210232_1,,N210216,N210232,,69.000,0.00000000,0.08179000,136.400,136.400,0,0,0.000,0.000,0,,0
N210216_N210274_1,,N210216,N210274,,69.000,0.00000000,0.03676000,161.800,161.800,0,0,0.000,0.000,0,,0
N210217_N210312_1,,N210217,N210312,,138.000,0.00000000,0.03012000,278.900,278.900,0,0,0.000,0.000,0,,0
N210218_N210220_1,,N210218,N210220,,69.000,0.00000000,0.12082000,144.700,144.700,0,0,0.000,0.000,0,,0
N210218_N210223_1,,N210218,N210223,,69.000,0.00000000,0.09789000,130.700,130.700,0,0,0.000,0.000,0,,0
N210231_N210218_1,,N210231,N210218,,69.000,0.00000000,0.08661000,140.500,140.500,0,0,0.000,0.000,0,,0
N210218_N210233_1,,N210218,N210233,,69.000,0.00000000,0.04145000,109.600,109.600,0,0,0.000,0.000,0,,0
N210219_N210221_1,,N210219,N210221,,69.000,0.00000000,0.14317000,70.900,70.900,0,0,0.000,0.000,0,,0
N210219_N210222_1,,N210219,N210222,,69.000,0.00000000,0.03866000,180.400,180.400,0,0,0.000,0.000,0,,0
N210220_N210222_1,,N210220,N210222,,69.000,0.00000000,0.03456000,144.600,144.600,0,0,0.000,0.000,0,,0
N210223_N210222_1,,N210223,N210222,,69.000,0.00000000,0.06038000,161.100,161.100,0,0,0.000,0.000,0,,0
N210223_N210230_1,,N210223,N210230,,69.000,0.00000000,0.06833000,150.000,150.000,0,0,0.000,0.000,0,,0
N210224_N210225_1,,N210224,N210225,,69.000,0.00000000,0.03876000,127.100,127.100,0,0,0.000,0.000,0,,0
N210231_N210224_1,,N210231,N210224,,69.000,0.00000000,0.05184000,134.600,134.600,0,0,0.000,0.000,0,,0
N210227_N210232_1,,N210227,N210232,,69.000,0.00000000,0.04351000,103.600,103.600,0,0,0.000,0.000,0,,0
N210228_N210229_1,,N210228,N210229,,69.000,0.00000000,0.07287000,121.000,121.000,0,0,0.000,0.000,0,,0
N210233_N210228_1,,N210233,N210228,,69.000,0.00000000,0.09977000,123.000,123.000,0,0,0.000,0.000,0,,0
N210264_N210228_1,,N210264,N210228,,69.000,0.00000000,0.07610000,124.400,124.400,0,0,0.000,0.000,0,,0
N210229_N210271_1,,N210229,N210271,,69.000,0.00000000,0.12843000,114.700,114.700,0,0,0.000,0.000,0,,0
N210238_N210234_1,,N210238,N210234,,69.000,0.00000000,0.07393000,119.700,119.700,0,0,0.000,0.000,0,,0
N210249_N210234_1,,N210249,N210234,,69.000,0.00000000,0.03889000,111.400,111.400,0,0,0.000,0.000,0,,0
N210234_N210251_1,,N210234,N210251,,69.000,0.00000000,0.00484000,151.900,151.900,0,0,0.000,0.000,0,,0
N210235_N210246_1,,N210235,N210246,,69.000,0.00000000,0.06582000,91.800,91.800,0,0,0.000,0.000,0,,0
N210237_N210244_1,,N210237,N210244,,69.000,0.00000000,0.07239000,119.800,119.800,0,0,0.000,0.000,0,,0
N210245_N210237_1,,N210245,N210237,,69.000,0.00000000,0.03430000,80.700,80.700,0,0,0.000,0.000,0,,0
N210237_N210248_1,,N210237,N210248,,69.000,0.00000000,0.03189000,112.100,112.100,0,0,0.000,0.000,0,,0
N210239_N210238_1,,N210239,N210238,,69.000,0.00000000,0.08338000,91.900,91.900,0,0,0.000,0.000,0,,0
N210238_N210246_1,,N210238,N210246,,69.000,0.00000000,0.06485000,97.400,97.400,0,0,0.000,0.000,0,,0
N210240_N210239_1,,N210240,N210239,,69.000,0.00000000,0.03502000,132.100,132.100,0,0,0.000,0.000,0,,0
N210240_N210241_1,,N210240,N210241,,69.000,0.00000000,0.03714000,123.400,123.400,0,0,0.000,0.000,0,,0
N210243_N210241_1,,N210243,N210241,,69.000,0.00000000,0.02095000,128.200,128.200,0,0,0.000,0.000,0,,0
N210244_N210243_1,,N210244,N210243,,69.000,0.00000000,0.06536000,111.600,111.600,0,0,0.000,0.000,0,,0
N210249_N210251_1,,N210249,N210251,,69.000,0.00000000,0.04268000,127.000,127.000,0,0,0.000,0.000,0,,0
N210252_N210276_1,,N210252,N210276,,138.000,0.00000000,0.01204000,305.900,305.900,0,0,0.000,0.000,0,,0
N210253_N210256_1,,N210253,N210256,,69.000,0.00000000,0.02346000,154.200,154.200,0,0,0.000,0.000,0,,0
N210253_N210262_1,,N210253,N210262,,69.000,0.00000000,0.03615000,130.400,130.400,0,0,0.000,0.000,0,,0
N210280_N210253_1,,N210280,N210253,,69.000,0.00000000,0.04413000,131.700,131.700,0,0,0.000,0.000,0,,0
N210278_N210254_1,,N210278,N210254,,138.000,0.00000000,0.03102000,284.000,284.000,0,0,0.000,0.000,0,,0
N210255_N210264_1,,N210255,N210264,,69.000,0.00000000,0.04122000,114.900,114.900,0,0,0.000,0.000,0,,0
N210255_N210266_1,,N210255,N210266,,69.000,0.00000000,0.06411000,79.400,79.400,0,0,0.000,0.000,0,,0
N210274_N210255_1,,N210274,N210255,,69.000,0.00000000,0.05389000,149.100,149.100,0,0,0.000,0.000,0,,0
N210256_N210277_1,,N210256,N210277,,69.000,0.00000000,0.01607000,144.200,144.200,0,0,0.000,0.000,0,,0
N210257_N210276_1,,N210257,N210276,,138.000,0.00000000,0.03083000,288.300,288.300,0,0,0.000,0.000,0,,0
N210258_N210260_1,,N210258,N210260,,69.000,0.00000000,0.04351000,142.300,142.300,0,0,0.000,0.000,0,,0
N210280_N210258_1,,N210280,N210258,,69.000,0.00000000,0.01709000,124.100,124.100,0,0,0.000,0.000,0,,0
N210259_N210261_1,,N210259,N210261,,69.000,0.00000000,0.02159000,133.000,133.000,0,0,0.000,0.000,0,,0
N210259_N210274_1,,N210259,N210274,,69.000,0.00000000,0.06266000,131.600,131.600,0,0,0.000,0.000,0,,0
N210261_N210268_1,,N210261,N210268,,69.000,0.00000000,0.05452000,133.700,133.700,0,0,0.000,0.000,0,,0
N210261_N210280_1,,N210261,N210280,,69.000,0.00000000,0.04786000,125.400,125.400,0,0,0.000,0.000,0,,0
N210272_N210262_1,,N210272,N210262,,69.000,0.00000000,0.02192000,125.900,125.900,0,0,0.000,0.000,0,,0
N210264_N210265_1,,N210264,N210265,,69.000,0.00000000,0.08235000,124.400,124.400,0,0,0.000,0.000,0,,0
N210264_N210266_1,,N210264,N210266,,69.000,0.00000000,0.04824000,82.400,82.400,0,0,0.000,0.000,0,,0
N210265_N210281_1,,N210265,N210281,,69.000,0.00000000,0.02559000,123.800,123.800,0,0,0.000,0.000,0,,0
N210281_N210268_1,,N210281,N210268,,69.000,0.00000000,0.08440000,115.000,115.000,0,0,0.000,0.000,0,,0
N210270_N210269_1,,N210270,N210269,,69.000,0.00000000,0.08868000,130.100,130.100,0,0,0.000,0.000,0,,0
N210269_N210271_1,,N210269,N210271,,69.000,0.00000000,0.02647000,113.400,113.400,0,0,0.000,0.000,0,,0
N210273_N210269_1,,N210273,N210269,,69.000,0.00000000,0.09870000,113.500,113.500,0,0,0.000,0.000,0,,0
N210270_N210279_1,,N210270,N210279,,69.000,0.00000000,0.01286000,128.000,128.000,0,0,0.000,0.000,0,,0
N210275_N210335_1,,N210275,N210335,,345.000,0.00000000,0.00279000,1266.400,1266.400,0,1,0.000,0.000,0,,0
N210276_N210278_1,,N210276,N210278,,138.000,0.00000000,0.01617000,318.600,318.600,0,0,0.000,0.000,0,,0
N210276_N210357_1,,N210276,N210357,,138.000,0.00000000,0.04358000,295.700,295.700,0,0,0.000,0.000,0,,0
N210282_N210285_1,,N210282,N210285,,138.000,0.00000000,0.00382000,281.200,281.200,0,0,0.000,0.000,0,,0
N210294_N210282_1,,N210294,N210282,,138.000,0.00000000,0.00493000,239.400,239.400,0,0,0.000,0.000,0,,0
N210285_N210289_1,,N210285,N210289,,138.000,0.00000000,0.01680000,227.000,227.000,0,0,0.000,0.000,0,,0
N210285_N210290_1,,N210285,N210290,,138.000,0.00000000,0.00670000,256.900,256.900,0,0,0.000,0.000,0,,0
N210288_N210290_1,,N210288,N210290,,138.000,0.00000000,0.01170000,254.500,254.500,0,0,0.000,0.000,0,,0
N210291_N210318_1,,N210291,N210318,,138.000,0.00000000,0.02131000,297.500,297.500,0,0,0.000,0.000,0,,0
N210295_N210301_1,,N210295,N210301,,138.000,0.00000000,0.00985000,232.200,232.200,0,0,0.000,0.000,0,,0
N210295_N240096_1,,N210295,N240096,,138.000,0.00000000,0.02127000,275.600,275.600,0,0,0.000,0.000,0,,0
N210301_N240190_1,,N210301,N240190,,138.000,0.00000000,0.03199000,260.000,260.000,0,0,0.000,0.000,0,,0
N210304_N210355_1,,N210304,N210355,,138.000,0.00000000,0.00456000,304.200,304.200,0,0,0.000,0.000,0,,0
N210342_N210306_1,,N210342,N210306,,345.000,0.00000000,0.02219000,1176.800,1176.800,0,1,0.000,0.000,0,,0
N210306_N210352_1,,N210306,N210352,,345.000,0.00000000,0.03124000,1182.700,1182.700,0,1,0.000,0.000,0,,0
N210306_N260185_1,,N210306,N260185,,345.000,0.00000000,0.03065000,1089.300,1089.300,0,1,0.000,0.000,0,,0
N230296_N210314_1,,N230296,N210314,,138.000,0.00000000,0.01329000,253.400,253.400,0,0,0.000,0.000,0,,0
N210321_N210318_1,,N210321,N210318,,138.000,0.00000000,0.00838000,306.600,306.600,0,0,0.000,0.000,0,,0
N210323_N210326_1,,N210323,N210326,,345.000,0.00000000,0.00060000,1189.700,1189.700,0,1,0.000,0.000,0,,0
N210323_N210347_1,,N210323,N210347,,345.000,0.00000000,0.03785000,1335.900,1335.900,0,1,0.000,0.000,0,,0
N210323_N210347_2,,N210323,N210347,,345.000,0.00000000,0.03785000,1335.900,1335.900,0,1,0.000,0.000,0,,0
N210323_N260185_1,,N210323,N260185,,345.000,0.00000000,0.01012000,1218.600,1218.600,0,1,0.000,0.000,0,,0
N210324_N260001_1,,N210324,N260001,,138.000,0.00000000,0.03335000,320.700,320.700,0,0,0.000,0.000,0,,0
N210324_N260001_2,,N210324,N260001,,138.000,0.00000000,0.03335000,320.700,320.700,0,0,0.000,0.000,0,,0
N210324_N260002_1,,N210324,N260002,,138.000,0.00000000,0.03388000,276.600,276.600,0,0,0.000,0.000,0,,0
N210326_N260185_1,,N210326,N260185,,345.000,0.00000000,0.01161000,1190.200,1190.200,0,1,0.000,0.000,0,,0
N210332_N230242_1,,N210332,N230242,,345.000,0.00000000,0.01447000,1062.100,1062.100,0,1,0.000,0.000,0,,0
N210333_N230159_1,,N210333,N230159,,138.000,0.00000000,0.04523000,281.700,281.700,0,0,0.000,0.000,0,,0
N210342_N210352_1,,N210342,N210352,,345.000,0.00000000,0.01229000,1139.600,1139.600,0,1,0.000,0.000,0,,0
N210342_N240180_1,,N210342,N240180,,345.000,0.00000000,0.05373000,1235.300,1235.300,0,1,0.000,0.000,0,,0
N210352_N210347_1,,N210352,N210347,,345.000,0.00000000,0.00674000,1253.400,1253.400,0,1,0.000,0.000,0,,0
N240220_N210347_1,,N240220,N210347,,345.000,0.00000000,0.04580000,1320.700,1320.700,0,1,0.000,0.000,0,,0
N210347_N240231_1,,N210347,N240231,,345.000,0.00000000,0.04067000,1199.800,1199.800,0,1,0.000,0.000,0,,0
N210347_N240237_1,,N210347,N240237,,345.000,0.00000000,0.05286000,1234.900,1234.900,0,1,0.000,0.000,0,,0
N220071_N220001_1,,N220071,N220001,,138.000,0.00000000,0.07755000,266.100,266.100,0,0,0.000,0.000,0,,0
N220001_N220202_1,,N220001,N220202,,138.000,0.00000000,0.07868000,265.400,265.400,0,0,0.000,0.000,0,,0
N220252_N220001_1,,N220252,N220001,,138.000,0.00000000,0.05638000,274.000,274.000,0,0,0.000,0.000,0,,0
N220003_N220015_1,,N220003,N220015,,138.000,0.00000000,0.10559000,289.400,289.400,0,0,0.000,0.000,0,,0
N220019_N220003_1,,N220019,N220003,,138.000,0.00000000,0.09131000,263.100,263.100,0,0,0.000,0.000,0,,0
N220005_N220004_1,,N220005,N220004,,138.000,0.00000000,0.19729000,254.100,254.100,0,0,0.000,0.000,0,,0
N220004_N220014_1,,N220004,N220014,,138.000,0.00000000,0.21718000,256.400,256.400,0,0,0.000,0.000,0,,0
N220024_N220005_1,,N220024,N220005,,138.000,0.00000000,0.14592000,249.800,249.800,0,0,0.000,0.000,0,,0
N220007_N220006_1,,N220007,N220006,,138.000,0.00000000,0.04095000,208.600,208.600,0,0,0.000,0.000,0,,0
N220200_N220006_1,,N220200,N220006,,138.000,0.00000000,0.22178000,209.700,209.700,0,0,0.000,0.000,0,,0
N220177_N220008_1,,N220177,N220008,,138.000,0.00000000,0.03594000,292.900,292.900,0,0,0.000,0.000,0,,0
N220221_N220008_1,,N220221,N220008,,138.000,0.00000000,0.07900000,292.400,292.400,0,0,0.000,0.000,0,,0
N220009_N220023_1,,N220009,N220023,,138.000,0.00000000,0.05648000,328.700,328.700,0,0,0.000,0.000,0,,0
N220009_N220029_1,,N220009,N220029,,138.000,0.00000000,0.10552000,327.700,327.700,0,0,0.000,0.000,0,,0
N220015_N220010_1,,N220015,N220010,,138.000,0.00000000,0.12871000,248.000,248.000,0,0,0.000,0.000,0,,0
N220024_N220010_1,,N220024,N220010,,138.000,0.00000000,0.14955000,246.500,246.500,0,0,0.000,0.000,0,,0
N220019_N220011_1,,N220019,N220011,,138.000,0.00000000,0.15644000,248.900,248.900,0,0,0.000,0.000,0,,0
N220011_N220024_1,,N220011,N220024,,138.000,0.00000000,0.13717000,264.300,264.300,0,0,0.000,0.000,0,,0
N220011_N220025_1,,N220011,N220025,,138.000,0.00000000,0.07068000,230.800,230.800,0,0,0.000,0.000,0,,0
N220200_N220011_1,,N220200,N220011,,138.000,0.00000000,0.16718000,228.900,228.900,0,0,0.000,0.000,0,,0
N220025_N220013_1,,N220025,N220013,,138.000,0.00000000,0.08483000,226.100,226.100,0,0,0.000,0.000,0,,0
N220013_N220200_1,,N220013,N220200,,138.000,0.00000000,0.01388000,211.100,211.100,0,0,0.000,0.000,0,,0
N220077_N220014_1,,N220077,N220014,,138.000,0.00000000,0.07443000,243.500,243.500,0,0,0.000,0.000,0,,0
N220014_N220252_1,,N220014,N220252,,138.000,0.00000000,0.04786000,273.300,273.300,0,0,0.000,0.000,0,,0
N220015_N220202_1,,N220015,N220202,,138.000,0.00000000,0.05820000,301.800,301.800,0,0,0.000,0.000,0,,0
N220017_N220016_1,,N220017,N220016,,138.000,0.00000000,0.02935000,271.300,271.300,0,0,0.000,0.000,0,,0
N220078_N220016_1,,N220078,N220016,,138.000,0.00000000,0.06579000,267.500,267.500,0,0,0.000,0.000,0,,0
N220017_N220018_1,,N220017,N220018,,138.000,0.00000000,0.03761000,245.200,245.200,0,0,0.000,0.000,0,,0
N220218_N220017_1,,N220218,N220017,,138.000,0.00000000,0.09411000,296.900,296.900,0,0,0.000,0.000,0,,0
N220018_N220194_1,,N220018,N220194,,138.000,0.00000000,0.07206000,257.200,257.200,0,0,0.000,0.000,0,,0
N220022_N220019_1,,N220022,N220019,,138.000,0.00000000,0.04121000,274.400,274.400,0,0,0.000,0.000,0,,0
N220023_N220020_1,,N220023,N220020,,138.000,0.00000000,0.21090000,271.500,271.500,0,0,0.000,0.000,0,,0
N220238_N220020_1,,N220238,N220020,,138.000,0.00000000,0.05133000,272.400,272.400,0,0,0.000,0.000,0,,0
N220155_N220021_1,,N220155,N220021,,138.000,0.00000000,0.02820000,341.000,341.000,0,0,0.000,0.000,0,,0
N220229_N220021_1,,N220229,N220021,,138.000,0.00000000,0.00789000,336.600,336.600,0,0,0.000,0.000,0,,0
N220022_N220238_1,,N220022,N220238,,138.000,0.00000000,0.05142000,272.900,272.900,0,0,0.000,0.000,0,,0
N220221_N220023_1,,N220221,N220023,,138.000,0.00000000,0.15623000,321.300,321.300,0,0,0.000,0.000,0,,0
N220231_N220025_1,,N220231,N220025,,138.000,0.00000000,0.03891000,205.700,205.700,0,0,0.000,0.000,0,,0
N220026_N220027_1,,N220026,N220027,,138.000,0.00000000,0.02990000,320.900,320.900,0,0,0.000,0.000,0,,0
N220137_N220026_1,,N220137,N220026,,138.000,0.00000000,0.05081000,320.900,320.900,0,0,0.000,0.000,0,,0
N220027_N240319_1,,N220027,N240319,,138.000,0.00000000,0.06161000,319.400,319.400,0,0,0.000,0.000,0,,0
N220029_N220028_1,,N220029,N220028,,138.000,0.00000000,0.04184000,302.300,302.300,0,0,0.000,0.000,0,,0
N240046_N220028_1,,N240046,N220028,,138.000,0.00000000,0.05879000,301.100,301.100,0,0,0.000,0.000,0,,0
N220029_N240047_1,,N220029,N240047,,138.000,0.00000000,0.04319000,311.400,311.400,0,0,0.000,0.000,0,,0
N220030_N220040_1,,N220030,N220040,,138.000,0.00000000,0.03816000,268.700,268.700,0,0,0.000,0.000,0,,0
N220030_N220116_1,,N220030,N220116,,138.000,0.00000000,0.01509000,304.600,304.600,0,0,0.000,0.000,0,,0
N220118_N220030_1,,N220118,N220030,,138.000,0.00000000,0.02492000,324.900,324.900,0,0,0.000,0.000,0,,0
N220059_N220031_1,,N220059,N220031,,138.000,0.00000000,0.03653000,260.200,260.200,0,0,0.000,0.000,0,,0
N220129_N220031_1,,N220129,N220031,,138.000,0.00000000,0.02501000,252.900,252.900,0,0,0.000,0.000,0,,0
N220045_N220032_1,,N220045,N220032,,138.000,0.00000000,0.02890000,264.600,264.600,0,0,0.000,0.000,0,,0
N220032_N220048_1,,N220032,N220048,,138.000,0.00000000,0.04320000,273.200,273.200,0,0,0.000,0.000,0,,0
N220032_N220208_1,,N220032,N220208,,138.000,0.00000000,0.06107000,293.900,293.900,0,0,0.000,0.000,0,,0
N220033_N220086_1,,N220033,N220086,,138.000,0.00000000,0.01796000,326.600,326.600,0,0,0.000,0.000,0,,0
N220161_N220033_1,,N220161,N220033,,138.000,0.00000000,0.02293000,328.100,328.100,0,0,0.000,0.000,0,,0
N220034_N220084_1,,N220034,N220084,,138.000,0.00000000,0.01743000,313.400,313.400,0,0,0.000,0.000,0,,0
N220094_N220034_1,,N220094,N220034,,138.000,0.00000000,0.00398000,313.500,313.500,0,0,0.000,0.000,0,,0
N220035_N220056_1,,N220035,N220056,,138.000,0.00000000,0.02868000,289.400,289.400,0,0,0.000,0.000,0,,0
N220035_N220093_1,,N220035,N220093,,138.000,0.00000000,0.02459000,298.900,298.900,0,0,0.000,0.000,0,,0
N220035_N220246_1,,N220035,N220246,,138.000,0.00000000,0.08123000,285.200,285.200,0,0,0.000,0.000,0,,0
N220107_N220036_1,,N220107,N220036,,138.000,0.00000000,0.02196000,277.700,277.700,0,0,0.000,0.000,0,,0
N220036_N220215_1,,N220036,N220215,,138.000,0.00000000,0.09769000,281.700,281.700,0,0,0.000,0.000,0,,0
N220058_N220037_1,,N220058,N220037,,138.000,0.00000000,0.04559000,285.600,285.600,0,0,0.000,0.000,0,,0
N220065_N220037_1,,N220065,N220037,,138.000,0.00000000,0.05867000,285.100,285.100,0,0,0.000,0.000,0,,0
N220038_N220062_1,,N220038,N220062,,138.000,0.00000000,0.05074000,277.500,277.500,0,0,0.000,0.000,0,,0
N220038_N220107_1,,N220038,N220107,,138.000,0.00000000,0.01390000,277.700,277.700,0,0,0.000,0.000,0,,0
N220039_N220168_1,,N220039,N220168,,138.000,0.00000000,0.04840000,276.700,276.700,0,0,0.000,0.000,0,,0
N220039_N220242_1,,N220039,N220242,,138.000,0.00000000,0.00490000,279.500,279.500,0,0,0.000,0.000,0,,0
N220052_N220040_1,,N220052,N220040,,138.000,0.00000000,0.03737000,268.000,268.000,0,0,0.000,0.000,0,,0
N220041_N220049_1,,N220041,N220049,,138.000,0.00000000,0.02469000,296.700,296.700,0,0,0.000,0.000,0,,0
N220041_N220091_1,,N220041,N220091,,138.000,0.00000000,0.00986000,271.700,271.700,0,0,0.000,0.000,0,,0
N220041_N220115_1,,N220041,N220115,,138.000,0.00000000,0.03164000,303.400,303.400,0,0,0.000,0.000,0,,0
N220042_N220106_1,,N220042,N220106,,138.000,0.00000000,0.02097000,241.200,241.200,0,0,0.000,0.000,0,,0
N220042_N220109_1,,N220042,N220109,,138.000,0.00000000,0.03838000,242.100,242.100,0,0,0.000,0.000,0,,0
N220049_N220043_1,,N220049,N220043,,138.000,0.00000000,0.04684000,297.600,297.600,0,0,0.000,0.000,0,,0
N220043_N220051_1,,N220043,N220051,,138.000,0.00000000,0.04165000,257.000,257.000,0,0,0.000,0.000,0,,0
N220043_N220073_1,,N220043,N220073,,138.000,0.00000000,0.04956000,290.100,290.100,0,0,0.000,0.000,0,,0
N220085_N220044_1,,N220085,N220044,,138.000,0.00000000,0.02977000,292.800,292.800,0,0,0.000,0.000,0,,0
N220197_N220044_1,,N220197,N220044,,138.000,0.00000000,0.02436000,292.800,292.800,0,0,0.000,0.000,0,,0
N220059_N220045_1,,N220059,N220045,,138.000,0.00000000,0.02889000,263.700,263.700,0,0,0.000,0.000,0,,0
N220046_N220114_1,,N220046,N220114,,138.000,0.00000000,0.01436000,294.100,294.100,0,0,0.000,0.000,0,,0
N220135_N220046_1,,N220135,N220046,,138.000,0.00000000,0.01596000,294.100,294.100,0,0,0.000,0.000,0,,0
N220047_N220114_1,,N220047,N220114,,138.000,0.00000000,0.03497000,275.200,275.200,0,0,0.000,0.000,0,,0
N220047_N240274_1,,N220047,N240274,,138.000,0.00000000,0.08748000,274.800,274.800,0,0,0.000,0.000,0,,0
N220048_N220242_1,,N220048,N220242,,138.000,0.00000000,0.03191000,272.200,272.200,0,0,0.000,0.000,0,,0
N220054_N220050_1,,N220054,N220050,,138.000,0.00000000,0.03193000,276.200,276.200,0,0,0.000,0.000,0,,0
N220050_N220086_1,,N220050,N220086,,138.000,0.00000000,0.01150000,276.700,276.700,0,0,0.000,0.000,0,,0
N220051_N240114_1,,N220051,N240114,,138.000,0.00000000,0.21919000,256.900,256.900,0,0,0.000,0.000,0,,0
N220052_N220054_1,,N220052,N220054,,138.000,0.00000000,0.08640000,272.000,272.000,0,0,0.000,0.000,0,,0
N220068_N220052_1,,N220068,N220052,,138.000,0.00000000,0.03901000,234.600,234.600,0,0,0.000,0.000,0,,0
N220053_N220080_1,,N220053,N220080,,138.000,0.00000000,0.01286000,318.700,318.700,0,0,0.000,0.000,0,,0
N220053_N220086_1,,N220053,N220086,,138.000,0.00000000,0.00539000,318.700,318.700,0,0,0.000,0.000,0,,0
N220076_N220055_1,,N220076,N220055,,138.000,0.00000000,0.07147000,283.700,283.700,0,0,0.000,0.000,0,,0
N220190_N220055_1,,N220190,N220055,,138.000,0.00000000,0.02139000,283.800,283.800,0,0,0.000,0.000,0,,0
N220056_N220060_1,,N220056,N220060,,138.000,0.00000000,0.08043000,253.300,253.300,0,0,0.000,0.000,0,,0
N220056_N220095_1,,N220056,N220095,,138.000,0.00000000,0.00824000,311.500,311.500,0,0,0.000,0.000,0,,0
N220057_N220182_1,,N220057,N220182,,138.000,0.00000000,0.02361000,261.200,261.200,0,0,0.000,0.000,0,,0
N220057_N220211_1,,N220057,N220211,,138.000,0.00000000,0.07808000,261.900,261.900,0,0,0.000,0.000,0,,0
N220114_N220058_1,,N220114,N220058,,138.000,0.00000000,0.02405000,303.500,303.500,0,0,0.000,0.000,0,,0
N240117_N220058_1,,N240117,N220058,,138.000,0.00000000,0.03898000,284.900,284.900,0,0,0.000,0.000,0,,0
N220060_N220063_1,,N220060,N220063,,138.000,0.00000000,0.04384000,275.500,275.500,0,0,0.000,0.000,0,,0
N220227_N220061_1,,N220227,N220061,,138.000,0.00000000,0.00867000,257.200,257.200,0,0,0.000,0.000,0,,0
N220173_N220062_1,,N220173,N220062,,138.000,0.00000000,0.01589000,268.100,268.100,0,0,0.000,0.000,0,,0
N220208_N220063_1,,N220208,N220063,,138.000,0.00000000,0.02642000,290.500,290.500,0,0,0.000,0.000,0,,0
N220063_N220246_1,,N220063,N220246,,138.000,0.00000000,0.02260000,240.500,240.500,0,0,0.000,0.000,0,,0
N220170_N220064_1,,N220170,N220064,,138.000,0.00000000,0.04386000,293.700,293.700,0,0,0.000,0.000,0,,0
N220064_N220182_1,,N220064,N220182,,138.000,0.00000000,0.02956000,295.200,295.200,0,0,0.000,0.000,0,,0
N220065_N240116_1,,N220065,N240116,,138.000,0.00000000,0.05877000,282.600,282.600,0,0,0.000,0.000,0,,0
N220073_N220066_1,,N220073,N220066,,138.000,0.00000000,0.04024000,290.600,290.600,0,0,0.000,0.000,0,,0
N220066_N220215_1,,N220066,N220215,,138.000,0.00000000,0.05267000,290.800,290.800,0,0,0.000,0.000,0,,0
N220067_N220069_1,,N220067,N220069,,138.000,0.00000000,0.08008000,282.600,282.600,0,0,0.000,0.000,0,,0
N220255_N220067_1,,N220255,N220067,,138.000,0.00000000,0.04086000,303.000,303.000,0,0,0.000,0.000,0,,0
N220094_N220069_1,,N220094,N220069,,138.000,0.00000000,0.03326000,282.500,282.500,0,0,0.000,0.000,0,,0
N220070_N220077_1,,N220070,N220077,,138.000,0.00000000,0.14924000,243.400,243.400,0,0,0.000,0.000,0,,0
N220249_N220070_1,,N220249,N220070,,138.000,0.00000000,0.07487000,236.500,236.500,0,0,0.000,0.000,0,,0
N220078_N220071_1,,N220078,N220071,,138.000,0.00000000,0.05357000,266.400,266.400,0,0,0.000,0.000,0,,0
N220120_N220071_1,,N220120,N220071,,138.000,0.00000000,0.07241000,237.500,237.500,0,0,0.000,0.000,0,,0
N220074_N220072_1,,N220074,N220072,,138.000,0.00000000,0.05256000,294.200,294.200,0,0,0.000,0.000,0,,0
N220072_N220224_1,,N220072,N220224,,138.000,0.00000000,0.03184000,302.500,302.500,0,0,0.000,0.000,0,,0
N220075_N220074_1,,N220075,N220074,,138.000,0.00000000,0.07508000,327.200,327.200,0,0,0.000,0.000,0,,0
N220148_N220074_1,,N220148,N220074,,138.000,0.00000000,0.06187000,306.300,306.300,0,0,0.000,0.000,0,,0
N240303_N220075_1,,N240303,N220075,,138.000,0.00000000,0.14213000,323.100,323.100,0,0,0.000,0.000,0,,0
N220255_N220076_1,,N220255,N220076,,138.000,0.00000000,0.09478000,282.700,282.700,0,0,0.000,0.000,0,,0
N220079_N220087_1,,N220079,N220087,,138.000,0.00000000,0.00282000,323.700,323.700,0,0,0.000,0.000,0,,0
N220117_N220079_1,,N220117,N220079,,138.000,0.00000000,0.01956000,336.000,336.000,0,0,0.000,0.000,0,,0
N220080_N220081_1,,N220080,N220081,,138.000,0.00000000,0.00471000,335.700,335.700,0,0,0.000,0.000,0,,0
N220088_N220080_1,,N220088,N220080,,138.000,0.00000000,0.00550000,323.400,323.400,0,0,0.000,0.000,0,,0
N220081_N220083_1,,N220081,N220083,,138.000,0.00000000,0.00612000,245.300,245.300,0,0,0.000,0.000,0,,0
N220081_N220087_1,,N220081,N220087,,138.000,0.00000000,0.01038000,314.500,314.500,0,0,0.000,0.000,0,,0
N220082_N220089_1,,N220082,N220089,,138.000,0.00000000,0.00709000,234.500,234.500,0,0,0.000,0.000,0,,0
N220161_N220082_1,,N220161,N220082,,138.000,0.00000000,0.02842000,252.800,252.800,0,0,0.000,0.000,0,,0
N220090_N220083_1,,N220090,N220083,,138.000,0.00000000,0.00338000,231.800,231.800,0,0,0.000,0.000,0,,0
N220084_N220118_1,,N220084,N220118,,138.000,0.00000000,0.03626000,312.000,312.000,0,0,0.000,0.000,0,,0
N220085_N220108_1,,N220085,N220108,,138.000,0.00000000,0.01219000,285.000,285.000,0,0,0.000,0.000,0,,0
N220088_N220161_1,,N220088,N220161,,138.000,0.00000000,0.01479000,450.000,450.000,0,0,0.000,0.000,0,,0
N220108_N220091_1,,N220108,N220091,,138.000,0.00000000,0.00896000,281.100,281.100,0,0,0.000,0.000,0,,0
N220092_N220095_1,,N220092,N220095,,138.000,0.00000000,0.03049000,242.900,242.900,0,0,0.000,0.000,0,,0
N220092_N220105_1,,N220092,N220105,,138.000,0.00000000,0.01369000,237.700,237.700,0,0,0.000,0.000,0,,0
N220093_N220101_1,,N220093,N220101,,138.000,0.00000000,0.00982000,236.000,236.000,0,0,0.000,0.000,0,,0
N220093_N220110_1,,N220093,N220110,,138.000,0.00000000,0.00835000,288.100,288.100,0,0,0.000,0.000,0,,0
N220094_N220109_1,,N220094,N220109,,138.000,0.00000000,0.02340000,299.900,299.900,0,0,0.000,0.000,0,,0
N220095_N220109_1,,N220095,N220109,,138.000,0.00000000,0.00531000,296.600,296.600,0,0,0.000,0.000,0,,0
N220097_N220096_1,,N220097,N220096,,138.000,0.00000000,0.00992000,310.200,310.200,0,0,0.000,0.000,0,,0
N220102_N220096_1,,N220102,N220096,,138.000,0.00000000,0.01119000,299.900,299.900,0,0,0.000,0.000,0,,0
N220097_N220098_1,,N220097,N220098,,138.000,0.00000000,0.00871000,322.200,322.200,0,0,0.000,0.000,0,,0
N220098_N220100_1,,N220098,N220100,,138.000,0.00000000,0.00608000,331.900,331.900,0,0,0.000,0.000,0,,0
N220141_N220099_1,,N220141,N220099,,345.000,0.00000000,0.00745000,1267.700,1267.700,0,1,0.000,0.000,0,,0
N220099_N220172_1,,N220099,N220172,,345.000,0.00000000,0.01573000,1235.900,1235.900,0,1,0.000,0.000,0,,0
N220103_N220102_1,,N220103,N220102,,138.000,0.00000000,0.00934000,300.500,300.500,0,0,0.000,0.000,0,,0
N220110_N220103_1,,N220110,N220103,,138.000,0.00000000,0.00305000,308.200,308.200,0,0,0.000,0.000,0,,0
N220107_N220104_1,,N220107,N220104,,138.000,0.00000000,0.01230000,292.100,292.100,0,0,0.000,0.000,0,,0
N220110_N220104_1,,N220110,N220104,,138.000,0.00000000,0.00569000,289.200,289.200,0,0,0.000,0.000,0,,0
N220105_N220106_1,,N220105,N220106,,138.000,0.00000000,0.01091000,236.200,236.200,0,0,0.000,0.000,0,,0
N220111_N220114_1,,N220111,N220114,,138.000,0.00000000,0.03354000,271.800,271.800,0,0,0.000,0.000,0,,0
N220175_N220111_1,,N220175,N220111,,138.000,0.00000000,0.00680000,289.700,289.700,0,0,0.000,0.000,0,,0
N220111_N220242_1,,N220111,N220242,,138.000,0.00000000,0.01429000,245.900,245.900,0,0,0.000,0.000,0,,0
N220112_N220175_1,,N220112,N220175,,138.000,0.00000000,0.00617000,264.500,264.500,0,0,0.000,0.000,0,,0
N220112_N220185_1,,N220112,N220185,,138.000,0.00000000,0.07827000,248.300,248.300,0,0,0.000,0.000,0,,0
N220113_N220129_1,,N220113,N220129,,138.000,0.00000000,0.00757000,255.000,255.000,0,0,0.000,0.000,0,,0
N220113_N220175_1,,N220113,N220175,,138.000,0.00000000,0.00426000,242.100,242.100,0,0,0.000,0.000,0,,0
N220115_N220116_1,,N220115,N220116,,138.000,0.00000000,0.00336000,298.900,298.900,0,0,0.000,0.000,0,,0
N220116_N220117_1,,N220116,N220117,,138.000,0.00000000,0.00725000,338.900,338.900,0,0,0.000,0.000,0,,0
N220197_N220118_1,,N220197,N220118,,138.000,0.00000000,0.02692000,293.300,293.300,0,0,0.000,0.000,0,,0
N220119_N220223_1,,N220119,N220223,,345.000,0.00000000,0.02286000,1129.500,1129.500,0,1,0.000,0.000,0,,0
N220248_N220119_1,,N220248,N220119,,345.000,0.00000000,0.00991000,1129.500,1129.500,0,1,0.000,0.000,0,,0
N220128_N220172_1,,N220128,N220172,,345.000,0.00000000,0.01280000,1144.200,1144.200,0,1,0.000,0.000,0,,0
N220128_N220179_1,,N220128,N220179,,345.000,0.00000000,0.00722000,1048.900,1048.900,0,1,0.000,0.000,0,,0
N240194_N220128_1,,N240194,N220128,,345.000,0.00000000,0.01748000,1227.700,1227.700,0,1,0.000,0.000,0,,0
N220129_N220135_1,,N220129,N220135,,138.000,0.00000000,0.01752000,240.100,240.100,0,0,0.000,0.000,0,,0
N220187_N220135_1,,N220187,N220135,,138.000,0.00000000,0.01447000,300.600,300.600,0,0,0.000,0.000,0,,0
N220158_N220137_1,,N220158,N220137,,138.000,0.00000000,0.04418000,292.800,292.800,0,0,0.000,0.000,0,,0
N220137_N220233_1,,N220137,N220233,,138.000,0.00000000,0.07266000,293.600,293.600,0,0,0.000,0.000,0,,0
N220141_N220160_1,,N220141,N220160,,345.000,0.00000000,0.00052000,1271.100,1271.100,0,1,0.000,0.000,0,,0
N220189_N220141_1,,N220189,N220141,,345.000,0.00000000,0.01508000,1200.200,1200.200,0,1,0.000,0.000,0,,0
N220148_N220224_1,,N220148,N220224,,138.000,0.00000000,0.01362000,313.400,313.400,0,0,0.000,0.000,0,,0
N220229_N220148_1,,N220229,N220148,,138.000,0.00000000,0.04022000,284.000,284.000,0,0,0.000,0.000,0,,0
N220148_N220235_1,,N220148,N220235,,138.000,0.00000000,0.03906000,286.500,286.500,0,0,0.000,0.000,0,,0
N220158_N220150_1,,N220158,N220150,,138.000,0.00000000,0.02137000,358.900,358.900,0,0,0.000,0.000,0,,0
N220150_N220244_1,,N220150,N220244,,138.000,0.00000000,0.01557000,356.200,356.200,0,0,0.000,0.000,0,,0
N220152_N220155_1,,N220152,N220155,,138.000,0.00000000,0.00074000,334.500,334.500,0,0,0.000,0.000,0,,0
N220152_N220194_1,,N220152,N220194,,138.000,0.00000000,0.05376000,317.600,317.600,0,0,0.000,0.000,0,,0
N220204_N220154_1,,N220204,N220154,,345.000,0.00000000,0.00406000,1115.400,1115.400,0,1,0.000,0.000,0,,0
N220155_N220177_1,,N220155,N220177,,138.000,0.00000000,0.03537000,322.000,322.000,0,0,0.000,0.000,0,,0
N220157_N220204_1,,N220157,N220204,,345.000,0.00000000,0.00516000,1288.700,1288.700,0,1,0.000,0.000,0,,0
N220157_N220204_2,,N220157,N220204,,345.000,0.00000000,0.00516000,1288.700,1288.700,0,1,0.000,0.000,0,,0
N220157_N240302_1,,N220157,N240302,,345.000,0.00000000,0.03300000,1263.300,1263.300,0,1,0.000,0.000,0,,0
N220157_N240318_1,,N220157,N240318,,345.000,0.00000000,0.03052000,1232.700,1232.700,0,1,0.000,0.000,0,,0
N220160_N220210_1,,N220160,N220210,,345.000,0.00000000,0.02500000,1262.700,1262.700,0,1,0.000,0.000,0,,0
N220168_N220170_1,,N220168,N220170,,138.000,0.00000000,0.03955000,304.400,304.400,0,0,0.000,0.000,0,,0
N220168_N240117_1,,N220168,N240117,,138.000,0.00000000,0.01836000,312.200,312.200,0,0,0.000,0.000,0,,0
N220168_N240274_1,,N220168,N240274,,138.000,0.00000000,0.03163000,331.400,331.400,0,0,0.000,0.000,0,,0
N220170_N220185_1,,N220170,N220185,,138.000,0.00000000,0.01681000,294.000,294.000,0,0,0.000,0.000,0,,0
N220172_N220179_1,,N220172,N220179,,345.000,0.00000000,0.01106000,1163.500,1163.500,0,1,0.000,0.000,0,,0
N220184_N220179_1,,N220184,N220179,,345.000,0.00000000,0.00790000,1225.600,1225.600,0,1,0.000,0.000,0,,0
N220187_N220180_1,,N220187,N220180,,138.000,0.00000000,0.01020000,272.400,272.400,0,0,0.000,0.000,0,,0
N220182_N220187_1,,N220182,N220187,,138.000,0.00000000,0.01700000,305.800,305.800,0,0,0.000,0.000,0,,0
N220184_N220210_1,,N220184,N220210,,345.000,0.00000000,0.01041000,1205.900,1205.900,0,1,0.000,0.000,0,,0
N240273_N220184_1,,N240273,N220184,,345.000,0.00000000,0.00820000,1292.000,1292.000,0,1,0.000,0.000,0,,0
N240273_N220184_2,,N240273,N220184,,345.000,0.00000000,0.00820000,1292.000,1292.000,0,1,0.000,0.000,0,,0
N240114_N220185_1,,N240114,N220185,,138.000,0.00000000,0.05456000,287.900,287.900,0,0,0.000,0.000,0,,0
N220189_N220248_1,,N220189,N220248,,345.000,0.00000000,0.00479000,1198.400,1198.400,0,1,0.000,0.000,0,,0
N220194_N220221_1,,N220194,N220221,,138.000,0.00000000,0.06149000,286.100,286.100,0,0,0.000,0.000,0,,0
N220202_N220218_1,,N220202,N220218,,138.000,0.00000000,0.01582000,304.000,304.000,0,0,0.000,0.000,0,,0
N220204_N220223_1,,N220204,N220223,,345.000,0.00000000,0.00984000,1181.900,1181.900,0,1,0.000,0.000,0,,0
N220205_N220229_1,,N220205,N220229,,138.000,0.00000000,0.00301000,344.300,344.300,0,0,0.000,0.000,0,,0
N220235_N220205_1,,N220235,N220205,,138.000,0.00000000,0.00413000,291.000,291.000,0,0,0.000,0.000,0,,0
N220205_N220244_1,,N220205,N220244,,138.000,0.00000000,0.00955000,332.100,332.100,0,0,0.000,0.000,0,,0
N220208_N220227_1,,N220208,N220227,,138.000,0.00000000,0.04638000,260.300,260.300,0,0,0.000,0.000,0,,0
N220210_N240315_1,,N220210,N240315,,345.000,0.00000000,0.02594000,1217.900,1217.900,0,1,0.000,0.000,0,,0
N220215_N220211_1,,N220215,N220211,,138.000,0.00000000,0.02857000,289.500,289.500,0,0,0.000,0.000,0,,0
N220227_N220246_1,,N220227,N220246,,138.000,0.00000000,0.01417000,275.000,275.000,0,0,0.000,0.000,0,,0
N220235_N220244_1,,N220235,N220244,,138.000,0.00000000,0.01092000,310.100,310.100,0,0,0.000,0.000,0,,0
N230001_N230002_1,,N230001,N230002,,138.000,0.00000000,0.00568000,246.500,246.500,0,0,0.000,0.000,0,,0
N230034_N230002_1,,N230034,N230002,,138.000,0.00000000,0.01289000,254.100,254.100,0,0,0.000,0.000,0,,0
N230067_N230002_1,,N230067,N230002,,138.000,0.00000000,0.00927000,232.500,232.500,0,0,0.000,0.000,0,,0
N230003_N230035_1,,N230003,N230035,,138.000,0.00000000,0.05191000,227.100,227.100,0,0,0.000,0.000,0,,0
N230003_N270043_1,,N230003,N270043,,138.000,0.00000000,0.02536000,229.900,229.900,0,0,0.000,0.000,0,,0
N230004_N230005_1,,N230004,N230005,,138.000,0.00000000,0.02061000,223.600,223.600,0,0,0.000,0.000,0,,0
N230006_N230004_1,,N230006,N230004,,138.000,0.00000000,0.02564000,263.600,263.600,0,0,0.000,0.000,0,,0
N230004_N230008_1,,N230004,N230008,,138.000,0.00000000,0.02572000,264.800,264.800,0,0,0.000,0.000,0,,0
N230005_N230067_1,,N230005,N230067,,138.000,0.00000000,0.01857000,223.100,223.100,0,0,0.000,0.000,0,,0
N230292_N230006_1,,N230292,N230006,,138.000,0.00000000,0.01163000,264.600,264.600,0,0,0.000,0.000,0,,0
N230007_N270047_1,,N230007,N270047,,138.000,0.00000000,0.06072000,280.200,280.200,0,0,0.000,0.000,0,,0
N230008_N230033_1,,N230008,N230033,,138.000,0.00000000,0.02656000,264.000,264.000,0,0,0.000,0.000,0,,0
N230009_N230030_1,,N230009,N230030,,138.000,0.00000000,0.04403000,281.400,281.400,0,0,0.000,0.000,0,,0
N270045_N230009_1,,N270045,N230009,,138.000,0.00000000,0.02139000,241.900,241.900,0,0,0.000,0.000,0,,0
N230009_N270046_1,,N230009,N270046,,138.000,0.00000000,0.02608000,271.000,271.000,0,0,0.000,0.000,0,,0
N230010_N230031_1,,N230010,N230031,,138.000,0.00000000,0.03491000,245.200,245.200,0,0,0.000,0.000,0,,0
N230036_N230010_1,,N230036,N230010,,138.000,0.00000000,0.01880000,249.000,249.000,0,0,0.000,0.000,0,,0
N230011_N230014_1,,N230011,N230014,,138.000,0.00000000,0.09879000,213.600,213.600,0,0,0.000,0.000,0,,0
N230011_N230015_1,,N230011,N230015,,138.000,0.00000000,0.03675000,280.100,280.100,0,0,0.000,0.000,0,,0
N230011_N230018_1,,N230011,N230018,,138.000,0.00000000,0.03020000,264.400,264.400,0,0,0.000,0.000,0,,0
N230011_N230027_1,,N230011,N230027,,138.000,0.00000000,0.05897000,272.300,272.300,0,0,0.000,0.000,0,,0
N230011_N230076_1,,N230011,N230076,,138.000,0.00000000,0.04833000,262.200,262.200,0,0,0.000,0.000,0,,0
N230013_N230012_1,,N230013,N230012,,138.000,0.00000000,0.03552000,245.100,245.100,0,0,0.000,0.000,0,,0
N230014_N230012_1,,N230014,N230012,,138.000,0.00000000,0.02285000,232.900,232.900,0,0,0.000,0.000,0,,0
N230013_N230123_1,,N230013,N230123,,138.000,0.00000000,0.01525000,265.200,265.200,0,0,0.000,0.000,0,,0
N230014_N230240_1,,N230014,N230240,,138.000,0.00000000,0.04727000,244.600,244.600,0,0,0.000,0.000,0,,0
N230017_N230016_1,,N230017,N230016,,138.000,0.00000000,0.01779000,246.500,246.500,0,0,0.000,0.000,0,,0
N230016_N230024_1,,N230016,N230024,,138.000,0.00000000,0.02574000,243.500,243.500,0,0,0.000,0.000,0,,0
N230016_N230074_1,,N230016,N230074,,138.000,0.00000000,0.02460000,275.800,275.800,0,0,0.000,0.000,0,,0
N230044_N230017_1,,N230044,N230017,,138.000,0.00000000,0.02193000,254.700,254.700,0,0,0.000,0.000,0,,0
N230017_N230141_1,,N230017,N230141,,138.000,0.00000000,0.03265000,238.900,238.900,0,0,0.000,0.000,0,,0
N230018_N230228_1,,N230018,N230228,,138.000,0.00000000,0.03438000,260.500,260.500,0,0,0.000,0.000,0,,0
N230020_N230019_1,,N230020,N230019,,138.000,0.00000000,0.02222000,287.300,287.300,0,0,0.000,0.000,0,,0
N230019_N230021_1,,N230019,N230021,,138.000,0.00000000,0.03207000,240.000,240.000,0,0,0.000,0.000,0,,0
N230019_N230070_1,,N230019,N230070,,138.000,0.00000000,0.02570000,244.900,244.900,0,0,0.000,0.000,0,,0
N230020_N230023_1,,N230020,N230023,,138.000,0.00000000,0.04630000,274.300,274.300,0,0,0.000,0.000,0,,0
N230020_N230076_1,,N230020,N230076,,138.000,0.00000000,0.03338000,315.200,315.200,0,0,0.000,0.000,0,,0
N230021_N230026_1,,N230021,N230026,,138.000,0.00000000,0.04151000,236.700,236.700,0,0,0.000,0.000,0,,0
N230035_N230022_1,,N230035,N230022,,138.000,0.00000000,0.01960000,228.300,228.300,0,0,0.000,0.000,0,,0
N230022_N230070_1,,N230022,N230070,,138.000,0.00000000,0.01537000,232.700,232.700,0,0,0.000,0.000,0,,0
N230023_N230024_1,,N230023,N230024,,138.000,0.00000000,0.05566000,245.400,245.400,0,0,0.000,0.000,0,,0
N230025_N230026_1,,N230025,N230026,,138.000,0.00000000,0.02676000,231.400,231.400,0,0,0.000,0.000,0,,0
N230027_N230025_1,,N230027,N230025,,138.000,0.00000000,0.00474000,270.100,270.100,0,0,0.000,0.000,0,,0
N230025_N230058_1,,N230025,N230058,,138.000,0.00000000,0.02271000,278.300,278.300,0,0,0.000,0.000,0,,0
N230028_N230035_1,,N230028,N230035,,138.000,0.00000000,0.03874000,244.400,244.400,0,0,0.000,0.000,0,,0
N230059_N230028_1,,N230059,N230028,,138.000,0.00000000,0.03624000,240.200,240.200,0,0,0.000,0.000,0,,0
N230030_N230029_1,,N230030,N230029,,138.000,0.00000000,0.00724000,266.600,266.600,0,0,0.000,0.000,0,,0
N230029_N230077_1,,N230029,N230077,,138.000,0.00000000,0.00633000,264.900,264.900,0,0,0.000,0.000,0,,0
N230031_N230124_1,,N230031,N230124,,138.000,0.00000000,0.03797000,240.600,240.600,0,0,0.000,0.000,0,,0
N230033_N230041_1,,N230033,N230041,,138.000,0.00000000,0.01820000,270.900,270.900,0,0,0.000,0.000,0,,0
N230033_N230062_1,,N230033,N230062,,138.000,0.00000000,0.02829000,271.800,271.800,0,0,0.000,0.000,0,,0
N230033_N230071_1,,N230033,N230071,,138.000,0.00000000,0.00602000,272.400,272.400,0,0,0.000,0.000,0,,0
N230075_N230036_1,,N230075,N230036,,138.000,0.00000000,0.02078000,249.600,249.600,0,0,0.000,0.000,0,,0
N230037_N230040_1,,N230037,N230040,,138.000,0.00000000,0.01495000,258.400,258.400,0,0,0.000,0.000,0,,0
N230037_N230061_1,,N230037,N230061,,138.000,0.00000000,0.05557000,259.800,259.800,0,0,0.000,0.000,0,,0
N230038_N230050_1,,N230038,N230050,,138.000,0.00000000,0.02573000,321.600,321.600,0,0,0.000,0.000,0,,0
N230038_N230050_2,,N230038,N230050,,138.000,0.00000000,0.02573000,321.600,321.600,0,0,0.000,0.000,0,,0
N230054_N230038_1,,N230054,N230038,,138.000,0.00000000,0.01430000,318.900,318.900,0,0,0.000,0.000,0,,0
N230054_N230038_2,,N230054,N230038,,138.000,0.00000000,0.01430000,318.900,318.900,0,0,0.000,0.000,0,,0
N230040_N230057_1,,N230040,N230057,,138.000,0.00000000,0.02565000,262.000,262.000,0,0,0.000,0.000,0,,0
N230040_N230066_1,,N230040,N230066,,138.000,0.00000000,0.01237000,243.300,243.300,0,0,0.000,0.000,0,,0
N230042_N230056_1,,N230042,N230056,,138.000,0.00000000,0.02290000,269.900,269.900,0,0,0.000,0.000,0,,0
N230042_N230064_1,,N230042,N230064,,138.000,0.00000000,0.03178000,267.600,267.600,0,0,0.000,0.000,0,,0
N230043_N230047_1,,N230043,N230047,,138.000,0.00000000,0.01493000,276.500,276.500,0,0,0.000,0.000,0,,0
N230043_N230069_1,,N230043,N230069,,138.000,0.00000000,0.01268000,278.600,278.600,0,0,0.000,0.000,0,,0
N230045_N230044_1,,N230045,N230044,,138.000,0.00000000,0.01940000,250.800,250.800,0,0,0.000,0.000,0,,0
N230045_N230095_1,,N230045,N230095,,138.000,0.00000000,0.02873000,251.000,251.000,0,0,0.000,0.000,0,,0
N230047_N230046_1,,N230047,N230046,,138.000,0.00000000,0.00788000,275.300,275.300,0,0,0.000,0.000,0,,0
N230048_N230046_1,,N230048,N230046,,138.000,0.00000000,0.01203000,294.100,294.100,0,0,0.000,0.000,0,,0
N230046_N230089_1,,N230046,N230089,,138.000,0.00000000,0.03031000,250.700,250.700,0,0,0.000,0.000,0,,0
N230111_N230048_1,,N230111,N230048,,138.000,0.00000000,0.01677000,293.800,293.800,0,0,0.000,0.000,0,,0
N230050_N230049_1,,N230050,N230049,,138.000,0.00000000,0.01809000,321.900,321.900,0,0,0.000,0.000,0,,0
N230050_N230049_2,,N230050,N230049,,138.000,0.00000000,0.01809000,321.900,321.900,0,0,0.000,0.000,0,,0
N230069_N230049_1,,N230069,N230049,,138.000,0.00000000,0.02188000,325.900,325.900,0,0,0.000,0.000,0,,0
N230069_N230049_2,,N230069,N230049,,138.000,0.00000000,0.02188000,325.900,325.900,0,0,0.000,0.000,0,,0
N230051_N230052_1,,N230051,N230052,,138.000,0.00000000,0.02666000,276.500,276.500,0,0,0.000,0.000,0,,0
N230054_N230051_1,,N230054,N230051,,138.000,0.00000000,0.01438000,317.700,317.700,0,0,0.000,0.000,0,,0
N230054_N230051_2,,N230054,N230051,,138.000,0.00000000,0.01438000,317.700,317.700,0,0,0.000,0.000,0,,0
N230052_N230078_1,,N230052,N230078,,138.000,0.00000000,0.01376000,283.000,283.000,0,0,0.000,0.000,0,,0
N230053_N230063_1,,N230053,N230063,,138.000,0.00000000,0.01733000,278.400,278.400,0,0,0.000,0.000,0,,0
N230056_N230055_1,,N230056,N230055,,138.000,0.00000000,0.01290000,287.100,287.100,0,0,0.000,0.000,0,,0
N230055_N230074_1,,N230055,N230074,,138.000,0.00000000,0.03515000,289.700,289.700,0,0,0.000,0.000,0,,0
N230066_N230056_1,,N230066,N230056,,138.000,0.00000000,0.02510000,255.400,255.400,0,0,0.000,0.000,0,,0
N230059_N230057_1,,N230059,N230057,,138.000,0.00000000,0.02042000,263.800,263.800,0,0,0.000,0.000,0,,0
N230059_N230058_1,,N230059,N230058,,138.000,0.00000000,0.02081000,257.000,257.000,0,0,0.000,0.000,0,,0
N230059_N230060_1,,N230059,N230060,,138.000,0.00000000,0.03521000,245.600,245.600,0,0,0.000,0.000,0,,0
N230060_N230071_1,,N230060,N230071,,138.000,0.00000000,0.01165000,247.200,247.200,0,0,0.000,0.000,0,,0
N230061_N230071_1,,N230061,N230071,,138.000,0.00000000,0.02050000,261.100,261.100,0,0,0.000,0.000,0,,0
N230063_N230073_1,,N230063,N230073,,138.000,0.00000000,0.00930000,286.000,286.000,0,0,0.000,0.000,0,,0
N230068_N230072_1,,N230068,N230072,,345.000,0.00000000,0.03000000,1100.000,1100.000,0,1,0.000,0.000,0,,0
N230068_N230263_1,,N230068,N230263,,345.000,0.00000000,0.01588000,1300.000,1300.000,0,1,0.000,0.000,0,,0
N230074_N230069_1,,N230074,N230069,,138.000,0.00000000,0.00559000,306.200,306.200,0,0,0.000,0.000,0,,0
N230071_N230077_1,,N230071,N230077,,138.000,0.00000000,0.00642000,263.100,263.100,0,0,0.000,0.000,0,,0
N230078_N230073_1,,N230078,N230073,,138.000,0.00000000,0.00794000,286.600,286.600,0,0,0.000,0.000,0,,0
N230079_N230095_1,,N230079,N230095,,138.000,0.00000000,0.02679000,253.500,253.500,0,0,0.000,0.000,0,,0
N230107_N230079_1,,N230107,N230079,,138.000,0.00000000,0.02286000,292.500,292.500,0,0,0.000,0.000,0,,0
N230111_N230079_1,,N230111,N230079,,138.000,0.00000000,0.01002000,321.600,321.600,0,0,0.000,0.000,0,,0
N230111_N230079_2,,N230111,N230079,,138.000,0.00000000,0.01002000,321.600,321.600,0,0,0.000,0.000,0,,0
N230079_N230212_1,,N230079,N230212,,138.000,0.00000000,0.01608000,317.300,317.300,0,0,0.000,0.000,0,,0
N230079_N230212_2,,N230079,N230212,,138.000,0.00000000,0.01608000,317.300,317.300,0,0,0.000,0.000,0,,0
N230283_N230080_1,,N230283,N230080,,345.000,0.00000000,0.00824000,1206.100,1206.100,0,1,0.000,0.000,0,,0
N230081_N230088_1,,N230081,N230088,,138.000,0.00000000,0.04011000,263.600,263.600,0,0,0.000,0.000,0,,0
N230081_N230090_1,,N230081,N230090,,138.000,0.00000000,0.02694000,263.000,263.000,0,0,0.000,0.000,0,,0
N230081_N230092_1,,N230081,N230092,,138.000,0.00000000,0.02350000,276.800,276.800,0,0,0.000,0.000,0,,0
N230109_N230081_1,,N230109,N230081,,138.000,0.00000000,0.04142000,285.600,285.600,0,0,0.000,0.000,0,,0
N230205_N230081_1,,N230205,N230081,,138.000,0.00000000,0.03289000,269.000,269.000,0,0,0.000,0.000,0,,0
N230081_N230230_1,,N230081,N230230,,138.000,0.00000000,0.03681000,284.100,284.100,0,0,0.000,0.000,0,,0
N230082_N230099_1,,N230082,N230099,,138.000,0.00000000,0.02590000,236.900,236.900,0,0,0.000,0.000,0,,0
N230082_N230204_1,,N230082,N230204,,138.000,0.00000000,0.02071000,229.100,229.100,0,0,0.000,0.000,0,,0
N230099_N230083_1,,N230099,N230083,,138.000,0.00000000,0.02944000,218.500,218.500,0,0,0.000,0.000,0,,0
N230084_N230110_1,,N230084,N230110,,138.000,0.00000000,0.03002000,230.000,230.000,0,0,0.000,0.000,0,,0
N230084_N230223_1,,N230084,N230223,,138.000,0.00000000,0.03566000,247.300,247.300,0,0,0.000,0.000,0,,0
N230237_N230084_1,,N230237,N230084,,138.000,0.00000000,0.01960000,271.200,271.200,0,0,0.000,0.000,0,,0
N230085_N230105_1,,N230085,N230105,,138.000,0.00000000,0.02235000,293.800,293.800,0,0,0.000,0.000,0,,0
N230085_N230106_1,,N230085,N230106,,138.000,0.00000000,0.02099000,299.400,299.400,0,0,0.000,0.000,0,,0
N230085_N230256_1,,N230085,N230256,,138.000,0.00000000,0.02983000,291.000,291.000,0,0,0.000,0.000,0,,0
N230093_N230086_1,,N230093,N230086,,138.000,0.00000000,0.04106000,296.700,296.700,0,0,0.000,0.000,0,,0
N230086_N230097_1,,N230086,N230097,,138.000,0.00000000,0.03088000,294.100,294.100,0,0,0.000,0.000,0,,0
N230087_N230115_1,,N230087,N230115,,138.000,0.00000000,0.06034000,226.500,226.500,0,0,0.000,0.000,0,,0
N230087_N250068_1,,N230087,N250068,,138.000,0.00000000,0.08449000,218.100,218.100,0,0,0.000,0.000,0,,0
N230088_N230113_1,,N230088,N230113,,138.000,0.00000000,0.02180000,260.400,260.400,0,0,0.000,0.000,0,,0
N230133_N230089_1,,N230133,N230089,,138.000,0.00000000,0.01817000,252.600,252.600,0,0,0.000,0.000,0,,0
N230090_N230091_1,,N230090,N230091,,138.000,0.00000000,0.02628000,238.800,238.800,0,0,0.000,0.000,0,,0
N230090_N230128_1,,N230090,N230128,,138.000,0.00000000,0.07959000,213.000,213.000,0,0,0.000,0.000,0,,0
N230110_N230091_1,,N230110,N230091,,138.000,0.00000000,0.03361000,237.300,237.300,0,0,0.000,0.000,0,,0
N230092_N230106_1,,N230092,N230106,,138.000,0.00000000,0.03640000,273.600,273.600,0,0,0.000,0.000,0,,0
N230093_N230109_1,,N230093,N230109,,138.000,0.00000000,0.02344000,272.000,272.000,0,0,0.000,0.000,0,,0
N230093_N230224_1,,N230093,N230224,,138.000,0.00000000,0.02887000,296.600,296.600,0,0,0.000,0.000,0,,0
N230104_N230094_1,,N230104,N230094,,138.000,0.00000000,0.03235000,265.100,265.100,0,0,0.000,0.000,0,,0
N230205_N230094_1,,N230205,N230094,,138.000,0.00000000,0.01969000,268.200,268.200,0,0,0.000,0.000,0,,0
N230097_N230096_1,,N230097,N230096,,138.000,0.00000000,0.02659000,269.700,269.700,0,0,0.000,0.000,0,,0
N230098_N230108_1,,N230098,N230108,,138.000,0.00000000,0.02518000,269.000,269.000,0,0,0.000,0.000,0,,0
N230098_N230200_1,,N230098,N230200,,138.000,0.00000000,0.03565000,271.500,271.500,0,0,0.000,0.000,0,,0
N230099_N230114_1,,N230099,N230114,,138.000,0.00000000,0.03549000,247.900,247.900,0,0,0.000,0.000,0,,0
N230144_N230100_1,,N230144,N230100,,138.000,0.00000000,0.02799000,244.300,244.300,0,0,0.000,0.000,0,,0
N230100_N230202_1,,N230100,N230202,,138.000,0.00000000,0.02512000,245.100,245.100,0,0,0.000,0.000,0,,0
N230203_N230100_1,,N230203,N230100,,138.000,0.00000000,0.02933000,248.000,248.000,0,0,0.000,0.000,0,,0
N230129_N230101_1,,N230129,N230101,,138.000,0.00000000,0.02930000,165.400,165.400,0,0,0.000,0.000,0,,0
N230101_N230274_1,,N230101,N230274,,138.000,0.00000000,0.06259000,190.800,190.800,0,0,0.000,0.000,0,,0
N230203_N230102_1,,N230203,N230102,,138.000,0.00000000,0.03197000,246.800,246.800,0,0,0.000,0.000,0,,0
N230204_N230102_1,,N230204,N230102,,138.000,0.00000000,0.01964000,243.700,243.700,0,0,0.000,0.000,0,,0
N230103_N230112_1,,N230103,N230112,,138.000,0.00000000,0.02251000,183.900,183.900,0,0,0.000,0.000,0,,0
N230252_N230104_1,,N230252,N230104,,138.000,0.00000000,0.00608000,263.900,263.900,0,0,0.000,0.000,0,,0
N230254_N230105_1,,N230254,N230105,,138.000,0.00000000,0.01332000,293.600,293.600,0,0,0.000,0.000,0,,0
N230107_N230235_1,,N230107,N230235,,138.000,0.00000000,0.04224000,293.800,293.800,0,0,0.000,0.000,0,,0
N230108_N230171_1,,N230108,N230171,,138.000,0.00000000,0.02269000,258.200,258.200,0,0,0.000,0.000,0,,0
N230108_N230202_1,,N230108,N230202,,138.000,0.00000000,0.02204000,248.500,248.500,0,0,0.000,0.000,0,,0
N230112_N230115_1,,N230112,N230115,,138.000,0.00000000,0.02836000,197.500,197.500,0,0,0.000,0.000,0,,0
N230251_N230113_1,,N230251,N230113,,138.000,0.00000000,0.01457000,258.900,258.900,0,0,0.000,0.000,0,,0
N230171_N230114_1,,N230171,N230114,,138.000,0.00000000,0.03099000,257.000,257.000,0,0,0.000,0.000,0,,0
N230114_N230183_1,,N230114,N230183,,138.000,0.00000000,0.01936000,244.600,244.600,0,0,0.000,0.000,0,,0
N230253_N230115_1,,N230253,N230115,,138.000,0.00000000,0.01322000,260.200,260.200,0,0,0.000,0.000,0,,0
N230212_N230116_1,,N230212,N230116,,138.000,0.00000000,0.00438000,319.200,319.200,0,0,0.000,0.000,0,,0
N230212_N230116_2,,N230212,N230116,,138.000,0.00000000,0.00438000,319.200,319.200,0,0,0.000,0.000,0,,0
N230235_N230116_1,,N230235,N230116,,138.000,0.00000000,0.00129000,328.900,328.900,0,0,0.000,0.000,0,,0
N230235_N230116_2,,N230235,N230116,,138.000,0.00000000,0.00129000,328.900,328.900,0,0,0.000,0.000,0,,0
N230117_N230125_1,,N230117,N230125,,138.000,0.00000000,0.02801000,260.300,260.300,0,0,0.000,0.000,0,,0
N230213_N230117_1,,N230213,N230117,,138.000,0.00000000,0.01768000,232.700,232.700,0,0,0.000,0.000,0,,0
N230117_N230222_1,,N230117,N230222,,138.000,0.00000000,0.02913000,267.300,267.300,0,0,0.000,0.000,0,,0
N230118_N230139_1,,N230118,N230139,,138.000,0.00000000,0.03803000,219.100,219.100,0,0,0.000,0.000,0,,0
N230148_N230118_1,,N230148,N230118,,138.000,0.00000000,0.04343000,192.600,192.600,0,0,0.000,0.000,0,,0
N230124_N230119_1,,N230124,N230119,,138.000,0.00000000,0.04491000,233.900,233.900,0,0,0.000,0.000,0,,0
N230139_N230119_1,,N230139,N230119,,138.000,0.00000000,0.00980000,222.100,222.100,0,0,0.000,0.000,0,,0
N230120_N230121_1,,N230120,N230121,,138.000,0.00000000,0.02569000,253.200,253.200,0,0,0.000,0.000,0,,0
N230218_N230120_1,,N230218,N230120,,138.000,0.00000000,0.01086000,254.700,254.700,0,0,0.000,0.000,0,,0
N230121_N230124_1,,N230121,N230124,,138.000,0.00000000,0.02873000,249.200,249.200,0,0,0.000,0.000,0,,0
N230122_N230142_1,,N230122,N230142,,138.000,0.00000000,0.01958000,267.500,267.500,0,0,0.000,0.000,0,,0
N230123_N230125_1,,N230123,N230125,,138.000,0.00000000,0.04956000,235.900,235.900,0,0,0.000,0.000,0,,0
N230138_N230123_1,,N230138,N230123,,138.000,0.00000000,0.04711000,256.400,256.400,0,0,0.000,0.000,0,,0
N230123_N230208_1,,N230123,N230208,,138.000,0.00000000,0.01585000,287.500,287.500,0,0,0.000,0.000,0,,0
N230125_N230208_1,,N230125,N230208,,138.000,0.00000000,0.08968000,247.400,247.400,0,0,0.000,0.000,0,,0
N230126_N230127_1,,N230126,N230127,,138.000,0.00000000,0.01349000,231.400,231.400,0,0,0.000,0.000,0,,0
N230140_N230126_1,,N230140,N230126,,138.000,0.00000000,0.00353000,230.900,230.900,0,0,0.000,0.000,0,,0
N230127_N230228_1,,N230127,N230228,,138.000,0.00000000,0.02207000,239.500,239.500,0,0,0.000,0.000,0,,0
N230128_N230223_1,,N230128,N230223,,138.000,0.00000000,0.03866000,222.900,222.900,0,0,0.000,0.000,0,,0
N230129_N230210_1,,N230129,N230210,,138.000,0.00000000,0.01258000,190.500,190.500,0,0,0.000,0.000,0,,0
N230130_N230131_1,,N230130,N230131,,138.000,0.00000000,0.01202000,254.300,254.300,0,0,0.000,0.000,0,,0
N230140_N230130_1,,N230140,N230130,,138.000,0.00000000,0.02435000,218.700,218.700,0,0,0.000,0.000,0,,0
N230148_N230130_1,,N230148,N230130,,138.000,0.00000000,0.01776000,266.300,266.300,0,0,0.000,0.000,0,,0
N230131_N230227_1,,N230131,N230227,,138.000,0.00000000,0.00831000,253.500,253.500,0,0,0.000,0.000,0,,0
N230226_N230132_1,,N230226,N230132,,138.000,0.00000000,0.01177000,256.500,256.500,0,0,0.000,0.000,0,,0
N230132_N230289_1,,N230132,N230289,,138.000,0.00000000,0.02567000,260.000,260.000,0,0,0.000,0.000,0,,0
N230133_N230227_1,,N230133,N230227,,138.000,0.00000000,0.01264000,252.900,252.900,0,0,0.000,0.000,0,,0
N230143_N230134_1,,N230143,N230134,,138.000,0.00000000,0.01008000,273.400,273.400,0,0,0.000,0.000,0,,0
N230134_N230147_1,,N230134,N230147,,138.000,0.00000000,0.00696000,219.400,219.400,0,0,0.000,0.000,0,,0
N230134_N230278_1,,N230134,N230278,,138.000,0.00000000,0.01739000,254.700,254.700,0,0,0.000,0.000,0,,0
N230135_N230136_1,,N230135,N230136,,138.000,0.00000000,0.04778000,235.200,235.200,0,0,0.000,0.000,0,,0
N230136_N230143_1,,N230136,N230143,,138.000,0.00000000,0.02450000,249.400,249.400,0,0,0.000,0.000,0,,0
N230136_N230233_1,,N230136,N230233,,138.000,0.00000000,0.02014000,241.500,241.500,0,0,0.000,0.000,0,,0
N230214_N230137_1,,N230214,N230137,,138.000,0.00000000,0.00882000,232.500,232.500,0,0,0.000,0.000,0,,0
N230138_N230214_1,,N230138,N230214,,138.000,0.00000000,0.02379000,250.500,250.500,0,0,0.000,0.000,0,,0
N230141_N230217_1,,N230141,N230217,,138.000,0.00000000,0.00686000,244.100,244.100,0,0,0.000,0.000,0,,0
N230149_N230142_1,,N230149,N230142,,138.000,0.00000000,0.03055000,214.200,214.200,0,0,0.000,0.000,0,,0
N230142_N230175_1,,N230142,N230175,,138.000,0.00000000,0.01873000,254.600,254.600,0,0,0.000,0.000,0,,0
N230144_N230170_1,,N230144,N230170,,138.000,0.00000000,0.13090000,258.400,258.400,0,0,0.000,0.000,0,,0
N230201_N230144_1,,N230201,N230144,,138.000,0.00000000,0.05788000,224.100,224.100,0,0,0.000,0.000,0,,0
N230221_N230145_1,,N230221,N230145,,138.000,0.00000000,0.02179000,247.600,247.600,0,0,0.000,0.000,0,,0
N230222_N230146_1,,N230222,N230146,,138.000,0.00000000,0.01982000,227.300,227.300,0,0,0.000,0.000,0,,0
N230146_N230274_1,,N230146,N230274,,138.000,0.00000000,0.01830000,229.800,229.800,0,0,0.000,0.000,0,,0
N230147_N230199_1,,N230147,N230199,,138.000,0.00000000,0.01017000,226.300,226.300,0,0,0.000,0.000,0,,0
N230148_N230216_1,,N230148,N230216,,138.000,0.00000000,0.01791000,268.300,268.300,0,0,0.000,0.000,0,,0
N230247_N230149_1,,N230247,N230149,,138.000,0.00000000,0.01612000,255.800,255.800,0,0,0.000,0.000,0,,0
N230278_N230149_1,,N230278,N230149,,138.000,0.00000000,0.00726000,255.600,255.600,0,0,0.000,0.000,0,,0
N230150_N230179_1,,N230150,N230179,,138.000,0.00000000,0.02033000,290.400,290.400,0,0,0.000,0.000,0,,0
N230244_N230150_1,,N230244,N230150,,138.000,0.00000000,0.01606000,273.300,273.300,0,0,0.000,0.000,0,,0
N230151_N230160_1,,N230151,N230160,,138.000,0.00000000,0.03510000,268.800,268.800,0,0,0.000,0.000,0,,0
N230151_N250109_1,,N230151,N250109,,138.000,0.00000000,0.05956000,271.900,271.900,0,0,0.000,0.000,0,,0
N230152_N230156_1,,N230152,N230156,,138.000,0.00000000,0.02509000,300.300,300.300,0,0,0.000,0.000,0,,0
N230152_N230258_1,,N230152,N230258,,138.000,0.00000000,0.02231000,301.700,301.700,0,0,0.000,0.000,0,,0
N230153_N230166_1,,N230153,N230166,,138.000,0.00000000,0.02022000,220.700,220.700,0,0,0.000,0.000,0,,0
N230247_N230153_1,,N230247,N230153,,138.000,0.00000000,0.01586000,217.600,217.600,0,0,0.000,0.000,0,,0
N230154_N230179_1,,N230154,N230179,,138.000,0.00000000,0.02915000,258.100,258.100,0,0,0.000,0.000,0,,0
N230154_N260008_1,,N230154,N260008,,138.000,0.00000000,0.06232000,292.800,292.800,0,0,0.000,0.000,0,,0
N230155_N230241_1,,N230155,N230241,,138.000,0.00000000,0.01728000,282.800,282.800,0,0,0.000,0.000,0,,0
N230244_N230155_1,,N230244,N230155,,138.000,0.00000000,0.01407000,280.400,280.400,0,0,0.000,0.000,0,,0
N230176_N230156_1,,N230176,N230156,,138.000,0.00000000,0.01688000,261.000,261.000,0,0,0.000,0.000,0,,0
N230156_N260011_1,,N230156,N260011,,138.000,0.00000000,0.05780000,311.300,311.300,0,0,0.000,0.000,0,,0
N230180_N230157_1,,N230180,N230157,,138.000,0.00000000,0.01737000,291.400,291.400,0,0,0.000,0.000,0,,0
N230157_N230241_1,,N230157,N230241,,138.000,0.00000000,0.03432000,290.800,290.800,0,0,0.000,0.000,0,,0
N230180_N230158_1,,N230180,N230158,,138.000,0.00000000,0.02299000,289.200,289.200,0,0,0.000,0.000,0,,0
N230158_N230258_1,,N230158,N230258,,138.000,0.00000000,0.02313000,292.900,292.900,0,0,0.000,0.000,0,,0
N230246_N230159_1,,N230246,N230159,,138.000,0.00000000,0.02509000,233.700,233.700,0,0,0.000,0.000,0,,0
N230159_N230248_1,,N230159,N230248,,138.000,0.00000000,0.01584000,278.500,278.500,0,0,0.000,0.000,0,,0
N230161_N230160_1,,N230161,N230160,,138.000,0.00000000,0.01876000,295.600,295.600,0,0,0.000,0.000,0,,0
N230160_N250111_1,,N230160,N250111,,138.000,0.00000000,0.04130000,269.400,269.400,0,0,0.000,0.000,0,,0
N230163_N230161_1,,N230163,N230161,,138.000,0.00000000,0.02699000,294.700,294.700,0,0,0.000,0.000,0,,0
N230173_N230162_1,,N230173,N230162,,138.000,0.00000000,0.03347000,229.900,229.900,0,0,0.000,0.000,0,,0
N230174_N230162_1,,N230174,N230162,,138.000,0.00000000,0.02136000,236.400,236.400,0,0,0.000,0.000,0,,0
N230162_N230258_1,,N230162,N230258,,138.000,0.00000000,0.03043000,262.300,262.300,0,0,0.000,0.000,0,,0
N230163_N230164_1,,N230163,N230164,,138.000,0.00000000,0.01916000,274.800,274.800,0,0,0.000,0.000,0,,0
N230178_N230163_1,,N230178,N230163,,138.000,0.00000000,0.01490000,260.500,260.500,0,0,0.000,0.000,0,,0
N230163_N230249_1,,N230163,N230249,,138.000,0.00000000,0.01847000,263.300,263.300,0,0,0.000,0.000,0,,0
N230164_N230198_1,,N230164,N230198,,138.000,0.00000000,0.01322000,274.600,274.600,0,0,0.000,0.000,0,,0
N230180_N230165_1,,N230180,N230165,,138.000,0.00000000,0.03861000,238.800,238.800,0,0,0.000,0.000,0,,0
N230165_N230246_1,,N230165,N230246,,138.000,0.00000000,0.01574000,218.800,218.800,0,0,0.000,0.000,0,,0
N230246_N230166_1,,N230246,N230166,,138.000,0.00000000,0.01794000,230.400,230.400,0,0,0.000,0.000,0,,0
N230173_N230167_1,,N230173,N230167,,138.000,0.00000000,0.03095000,254.800,254.800,0,0,0.000,0.000,0,,0
N230167_N230247_1,,N230167,N230247,,138.000,0.00000000,0.03934000,249.900,249.900,0,0,0.000,0.000,0,,0
N230199_N230168_1,,N230199,N230168,,138.000,0.00000000,0.02351000,235.600,235.600,0,0,0.000,0.000,0,,0
N230168_N230268_1,,N230168,N230268,,138.000,0.00000000,0.01279000,242.000,242.000,0,0,0.000,0.000,0,,0
N230169_N230172_1,,N230169,N230172,,138.000,0.00000000,0.01881000,218.800,218.800,0,0,0.000,0.000,0,,0
N230169_N230177_1,,N230169,N230177,,138.000,0.00000000,0.01395000,212.600,212.600,0,0,0.000,0.000,0,,0
N230178_N230170_1,,N230178,N230170,,138.000,0.00000000,0.02528000,268.900,268.900,0,0,0.000,0.000,0,,0
N230172_N230201_1,,N230172,N230201,,138.000,0.00000000,0.00235000,219.300,219.300,0,0,0.000,0.000,0,,0
N230174_N230173_1,,N230174,N230173,,138.000,0.00000000,0.03045000,234.200,234.200,0,0,0.000,0.000,0,,0
N230173_N230258_1,,N230173,N230258,,138.000,0.00000000,0.04716000,261.600,261.600,0,0,0.000,0.000,0,,0
N230175_N230296_1,,N230175,N230296,,138.000,0.00000000,0.01941000,257.800,257.800,0,0,0.000,0.000,0,,0
N230176_N230245_1,,N230176,N230245,,138.000,0.00000000,0.00783000,286.600,286.600,0,0,0.000,0.000,0,,0
N230176_N230248_1,,N230176,N230248,,138.000,0.00000000,0.01354000,288.000,288.000,0,0,0.000,0.000,0,,0
N230181_N230178_1,,N230181,N230178,,138.000,0.00000000,0.03207000,285.900,285.900,0,0,0.000,0.000,0,,0
N230179_N230245_1,,N230179,N230245,,138.000,0.00000000,0.02758000,272.100,272.100,0,0,0.000,0.000,0,,0
N230188_N230181_1,,N230188,N230181,,138.000,0.00000000,0.01791000,291.100,291.100,0,0,0.000,0.000,0,,0
N230181_N250177_1,,N230181,N250177,,138.000,0.00000000,0.01073000,310.400,310.400,0,0,0.000,0.000,0,,0
N230182_N230249_1,,N230182,N230249,,138.000,0.00000000,0.01916000,267.800,267.800,0,0,0.000,0.000,0,,0
N230182_N250169_1,,N230182,N250169,,138.000,0.00000000,0.04569000,268.400,268.400,0,0,0.000,0.000,0,,0
N230185_N230183_1,,N230185,N230183,,138.000,0.00000000,0.03853000,240.600,240.600,0,0,0.000,0.000,0,,0
N230186_N230184_1,,N230186,N230184,,138.000,0.00000000,0.03555000,194.200,194.200,0,0,0.000,0.000,0,,0
N230185_N230189_1,,N230185,N230189,,138.000,0.00000000,0.03521000,235.400,235.400,0,0,0.000,0.000,0,,0
N230186_N230187_1,,N230186,N230187,,138.000,0.00000000,0.01645000,259.900,259.900,0,0,0.000,0.000,0,,0
N250294_N230186_1,,N250294,N230186,,138.000,0.00000000,0.02079000,273.400,273.400,0,0,0.000,0.000,0,,0
N230187_N230189_1,,N230187,N230189,,138.000,0.00000000,0.02650000,258.700,258.700,0,0,0.000,0.000,0,,0
N230188_N230190_1,,N230188,N230190,,138.000,0.00000000,0.03625000,206.200,206.200,0,0,0.000,0.000,0,,0
N250178_N230188_1,,N250178,N230188,,138.000,0.00000000,0.03530000,263.700,263.700,0,0,0.000,0.000,0,,0
N230188_N250300_1,,N230188,N250300,,138.000,0.00000000,0.03364000,298.100,298.100,0,0,0.000,0.000,0,,0
N230189_N230253_1,,N230189,N230253,,138.000,0.00000000,0.01185000,262.500,262.500,0,0,0.000,0.000,0,,0
N230191_N230193_1,,N230191,N230193,,69.000,0.00000000,0.02148000,106.500,106.500,0,0,0.000,0.000,0,,0
N230193_N230192_1,,N230193,N230192,,69.000,0.00000000,0.04686000,117.000,117.000,0,0,0.000,0.000,0,,0
N230195_N230192_1,,N230195,N230192,,69.000,0.00000000,0.06188000,108.700,108.700,0,0,0.000,0.000,0,,0
N230194_N230193_1,,N230194,N230193,,69.000,0.00000000,0.06559000,91.900,91.900,0,0,0.000,0.000,0,,0
N230193_N230196_1,,N230193,N230196,,69.000,0.00000000,0.06145000,67.100,67.100,0,0,0.000,0.000,0,,0
N230198_N230200_1,,N230198,N230200,,138.000,0.00000000,0.02322000,273.100,273.100,0,0,0.000,0.000,0,,0
N230206_N230219_1,,N230206,N230219,,138.000,0.00000000,0.00995000,247.200,247.200,0,0,0.000,0.000,0,,0
N230206_N230222_1,,N230206,N230222,,138.000,0.00000000,0.01239000,269.800,269.800,0,0,0.000,0.000,0,,0
N230238_N230206_1,,N230238,N230206,,138.000,0.00000000,0.00572000,290.500,290.500,0,0,0.000,0.000,0,,0
N230273_N230207_1,,N230273,N230207,,345.000,0.00000000,0.01101000,1012.700,1012.700,0,1,0.000,0.000,0,,0
N230209_N230219_1,,N230209,N230219,,138.000,0.00000000,0.01413000,256.400,256.400,0,0,0.000,0.000,0,,0
N230274_N230209_1,,N230274,N230209,,138.000,0.00000000,0.01079000,267.900,267.900,0,0,0.000,0.000,0,,0
N230210_N230222_1,,N230210,N230222,,138.000,0.00000000,0.01700000,222.300,222.300,0,0,0.000,0.000,0,,0
N230274_N230210_1,,N230274,N230210,,138.000,0.00000000,0.02442000,229.200,229.200,0,0,0.000,0.000,0,,0
N230226_N230211_1,,N230226,N230211,,138.000,0.00000000,0.00593000,201.400,201.400,0,0,0.000,0.000,0,,0
N230233_N230213_1,,N230233,N230213,,138.000,0.00000000,0.03194000,234.000,234.000,0,0,0.000,0.000,0,,0
N230220_N230215_1,,N230220,N230215,,138.000,0.00000000,0.00716000,266.000,266.000,0,0,0.000,0.000,0,,0
N230215_N230261_1,,N230215,N230261,,138.000,0.00000000,0.00114000,273.100,273.100,0,0,0.000,0.000,0,,0
N230216_N230225_1,,N230216,N230225,,138.000,0.00000000,0.00654000,277.900,277.900,0,0,0.000,0.000,0,,0
N230228_N230217_1,,N230228,N230217,,138.000,0.00000000,0.02030000,248.900,248.900,0,0,0.000,0.000,0,,0
N230218_N230221_1,,N230218,N230221,,138.000,0.00000000,0.01226000,227.000,227.000,0,0,0.000,0.000,0,,0
N230240_N230218_1,,N230240,N230218,,138.000,0.00000000,0.02585000,243.900,243.900,0,0,0.000,0.000,0,,0
N230220_N230239_1,,N230220,N230239,,138.000,0.00000000,0.00668000,308.000,308.000,0,0,0.000,0.000,0,,0
N230289_N230220_1,,N230289,N230220,,138.000,0.00000000,0.00577000,294.500,294.500,0,0,0.000,0.000,0,,0
N230229_N230223_1,,N230229,N230223,,138.000,0.00000000,0.01693000,250.900,250.900,0,0,0.000,0.000,0,,0
N230231_N230224_1,,N230231,N230224,,138.000,0.00000000,0.01347000,253.600,253.600,0,0,0.000,0.000,0,,0
N230289_N230224_1,,N230289,N230224,,138.000,0.00000000,0.00799000,304.300,304.300,0,0,0.000,0.000,0,,0
N230225_N230226_1,,N230225,N230226,,138.000,0.00000000,0.00741000,275.100,275.100,0,0,0.000,0.000,0,,0
N230231_N230225_1,,N230231,N230225,,138.000,0.00000000,0.02073000,264.100,264.100,0,0,0.000,0.000,0,,0
N230289_N230225_1,,N230289,N230225,,138.000,0.00000000,0.00789000,306.400,306.400,0,0,0.000,0.000,0,,0
N230226_N230232_1,,N230226,N230232,,138.000,0.00000000,0.00773000,283.100,283.100,0,0,0.000,0.000,0,,0
N230230_N230229_1,,N230230,N230229,,138.000,0.00000000,0.01422000,260.400,260.400,0,0,0.000,0.000,0,,0
N230230_N230239_1,,N230230,N230239,,138.000,0.00000000,0.01063000,305.800,305.800,0,0,0.000,0.000,0,,0
N230237_N230232_1,,N230237,N230232,,138.000,0.00000000,0.00788000,279.000,279.000,0,0,0.000,0.000,0,,0
N230234_N230283_1,,N230234,N230283,,345.000,0.00000000,0.01113000,1207.500,1207.500,0,1,0.000,0.000,0,,0
N230288_N230234_1,,N230288,N230234,,345.000,0.00000000,0.01315000,1035.500,1035.500,0,1,0.000,0.000,0,,0
N230238_N230236_1,,N230238,N230236,,138.000,0.00000000,0.00379000,285.400,285.400,0,0,0.000,0.000,0,,0
N230236_N230261_1,,N230236,N230261,,138.000,0.00000000,0.00695000,272.900,272.900,0,0,0.000,0.000,0,,0
N230242_N230257_1,,N230242,N230257,,345.000,0.00000000,0.01388000,1548.600,1548.600,0,1,0.000,0.000,0,,0
N230267_N230242_1,,N230267,N230242,,345.000,0.00000000,0.01539000,1433.800,1433.800,0,1,0.000,0.000,0,,0
N230243_N230244_1,,N230243,N230244,,138.000,0.00000000,0.02906000,314.500,314.500,0,0,0.000,0.000,0,,0
N230250_N230256_1,,N230250,N230256,,138.000,0.00000000,0.00707000,236.500,236.500,0,0,0.000,0.000,0,,0
N230252_N230256_1,,N230252,N230256,,138.000,0.00000000,0.01913000,257.900,257.900,0,0,0.000,0.000,0,,0
N230267_N230257_1,,N230267,N230257,,345.000,0.00000000,0.01094000,1012.400,1012.400,0,1,0.000,0.000,0,,0
N230273_N230267_1,,N230273,N230267,,345.000,0.00000000,0.01526000,1500.000,1500.000,0,1,0.000,0.000,0,,0
N230277_N230267_1,,N230277,N230267,,345.000,0.00000000,0.00904000,1002.300,1002.300,0,1,0.000,0.000,0,,0
N230273_N230288_1,,N230273,N230288,,345.000,0.00000000,0.00621000,1200.000,1200.000,0,1,0.000,0.000,0,,0
N240001_N240016_1,,N240001,N240016,,138.000,0.00000000,0.05528000,271.100,271.100,0,0,0.000,0.000,0,,0
N240001_N240043_1,,N240001,N240043,,138.000,0.00000000,0.04320000,306.300,306.300,0,0,0.000,0.000,0,,0
N240002_N240013_1,,N240002,N240013,,138.000,0.00000000,0.04367000,338.800,338.800,0,0,0.000,0.000,0,,0
N240002_N240013_2,,N240002,N240013,,138.000,0.00000000,0.04367000,338.800,338.800,0,0,0.000,0.000,0,,0
N240003_N240004_1,,N240003,N240004,,138.000,0.00000000,0.05402000,309.300,309.300,0,0,0.000,0.000,0,,0
N240109_N240003_1,,N240109,N240003,,138.000,0.00000000,0.06452000,282.500,282.500,0,0,0.000,0.000,0,,0
N240003_N240313_1,,N240003,N240313,,138.000,0.00000000,0.04680000,321.300,321.300,0,0,0.000,0.000,0,,0
N240004_N240008_1,,N240004,N240008,,138.000,0.00000000,0.06829000,294.300,294.300,0,0,0.000,0.000,0,,0
N240013_N240004_1,,N240013,N240004,,138.000,0.00000000,0.08570000,302.800,302.800,0,0,0.000,0.000,0,,0
N240004_N240306_1,,N240004,N240306,,138.000,0.00000000,0.08029000,302.700,302.700,0,0,0.000,0.000,0,,0
N240009_N240005_1,,N240009,N240005,,138.000,0.00000000,0.04516000,309.500,309.500,0,0,0.000,0.000,0,,0
N240005_N240020_1,,N240005,N240020,,138.000,0.00000000,0.09171000,321.200,321.200,0,0,0.000,0.000,0,,0
N240319_N240005_1,,N240319,N240005,,138.000,0.00000000,0.09668000,346.900,346.900,0,0,0.000,0.000,0,,0
N240319_N240005_2,,N240319,N240005,,138.000,0.00000000,0.09668000,346.900,346.900,0,0,0.000,0.000,0,,0
N240006_N240007_1,,N240006,N240007,,138.000,0.00000000,0.06543000,308.100,308.100,0,0,0.000,0.000,0,,0
N240019_N240006_1,,N240019,N240006,,138.000,0.00000000,0.02345000,289.100,289.100,0,0,0.000,0.000,0,,0
N240006_N240281_1,,N240006,N240281,,138.000,0.00000000,0.03274000,322.900,322.900,0,0,0.000,0.000,0,,0
N240008_N240007_1,,N240008,N240007,,138.000,0.00000000,0.04548000,281.200,281.200,0,0,0.000,0.000,0,,0
N240007_N240013_1,,N240007,N240013,,138.000,0.00000000,0.12688000,300.300,300.300,0,0,0.000,0.000,0,,0
N240008_N240010_1,,N240008,N240010,,138.000,0.00000000,0.05319000,294.600,294.600,0,0,0.000,0.000,0,,0
N240008_N240013_1,,N240008,N240013,,138.000,0.00000000,0.06003000,324.800,324.800,0,0,0.000,0.000,0,,0
N240008_N240085_1,,N240008,N240085,,138.000,0.00000000,0.14353000,290.300,290.300,0,0,0.000,0.000,0,,0
N240306_N240008_1,,N240306,N240008,,138.000,0.00000000,0.05356000,270.400,270.400,0,0,0.000,0.000,0,,0
N240019_N240009_1,,N240019,N240009,,138.000,0.00000000,0.07069000,309.400,309.400,0,0,0.000,0.000,0,,0
N240019_N240010_1,,N240019,N240010,,138.000,0.00000000,0.07510000,298.600,298.600,0,0,0.000,0.000,0,,0
N240010_N240048_1,,N240010,N240048,,138.000,0.00000000,0.06469000,276.200,276.200,0,0,0.000,0.000,0,,0
N240013_N240011_1,,N240013,N240011,,138.000,0.00000000,0.06941000,304.700,304.700,0,0,0.000,0.000,0,,0
N240016_N240011_1,,N240016,N240011,,138.000,0.00000000,0.05368000,291.000,291.000,0,0,0.000,0.000,0,,0
N240011_N240018_1,,N240011,N240018,,138.000,0.00000000,0.08407000,315.600,315.600,0,0,0.000,0.000,0,,0
N240012_N240305_1,,N240012,N240305,,345.000,0.00000000,0.01968000,1288.700,1288.700,0,1,0.000,0.000,0,,0
N240012_N240308_1,,N240012,N240308,,345.000,0.00000000,0.02776000,1324.100,1324.100,0,1,0.000,0.000,0,,0
N240012_N240308_2,,N240012,N240308,,345.000,0.00000000,0.02776000,1324.100,1324.100,0,1,0.000,0.000,0,,0
N240012_N270001_1,,N240012,N270001,,345.000,0.00000000,0.04483000,1316.700,1316.700,0,1,0.000,0.000,0,,0
N240012_N270001_2,,N240012,N270001,,345.000,0.00000000,0.04483000,1316.700,1316.700,0,1,0.000,0.000,0,,0
N240017_N240016_1,,N240017,N240016,,138.000,0.00000000,0.07331000,297.800,297.800,0,0,0.000,0.000,0,,0
N240052_N240017_1,,N240052,N240017,,138.000,0.00000000,0.05883000,297.900,297.900,0,0,0.000,0.000,0,,0
N240020_N240034_1,,N240020,N240034,,138.000,0.00000000,0.18319000,278.600,278.600,0,0,0.000,0.000,0,,0
N240048_N240020_1,,N240048,N240020,,138.000,0.00000000,0.03336000,302.800,302.800,0,0,0.000,0.000,0,,0
N240091_N240021_1,,N240091,N240021,,138.000,0.00000000,0.02551000,280.500,280.500,0,0,0.000,0.000,0,,0
N240306_N240021_1,,N240306,N240021,,138.000,0.00000000,0.04119000,257.100,257.100,0,0,0.000,0.000,0,,0
N240022_N240023_1,,N240022,N240023,,138.000,0.00000000,0.00650000,264.600,264.600,0,0,0.000,0.000,0,,0
N240030_N240022_1,,N240030,N240022,,138.000,0.00000000,0.00494000,244.000,244.000,0,0,0.000,0.000,0,,0
N240023_N240035_1,,N240023,N240035,,138.000,0.00000000,0.01277000,287.100,287.100,0,0,0.000,0.000,0,,0
N240035_N240024_1,,N240035,N240024,,138.000,0.00000000,0.01136000,285.300,285.300,0,0,0.000,0.000,0,,0
N240024_N240051_1,,N240024,N240051,,138.000,0.00000000,0.06236000,292.700,292.700,0,0,0.000,0.000,0,,0
N240030_N240025_1,,N240030,N240025,,138.000,0.00000000,0.00863000,290.600,290.600,0,0,0.000,0.000,0,,0
N240201_N240025_1,,N240201,N240025,,138.000,0.00000000,0.01593000,292.500,292.500,0,0,0.000,0.000,0,,0
N240026_N240030_1,,N240026,N240030,,138.000,0.00000000,0.02145000,283.200,283.200,0,0,0.000,0.000,0,,0
N240026_N240033_1,,N240026,N240033,,138.000,0.00000000,0.00884000,277.300,277.300,0,0,0.000,0.000,0,,0
N240045_N240027_1,,N240045,N240027,,138.000,0.00000000,0.03060000,278.900,278.900,0,0,0.000,0.000,0,,0
N240027_N240055_1,,N240027,N240055,,138.000,0.00000000,0.03057000,281.000,281.000,0,0,0.000,0.000,0,,0
N240058_N240027_1,,N240058,N240027,,138.000,0.00000000,0.02870000,247.400,247.400,0,0,0.000,0.000,0,,0
N240028_N240035_1,,N240028,N240035,,138.000,0.00000000,0.03363000,278.100,278.100,0,0,0.000,0.000,0,,0
N240055_N240028_1,,N240055,N240028,,138.000,0.00000000,0.00358000,280.200,280.200,0,0,0.000,0.000,0,,0
N240033_N240050_1,,N240033,N240050,,138.000,0.00000000,0.02950000,267.900,267.900,0,0,0.000,0.000,0,,0
N240034_N240039_1,,N240034,N240039,,138.000,0.00000000,0.04544000,267.500,267.500,0,0,0.000,0.000,0,,0
N240034_N240045_1,,N240034,N240045,,138.000,0.00000000,0.04561000,288.000,288.000,0,0,0.000,0.000,0,,0
N240044_N240036_1,,N240044,N240036,,138.000,0.00000000,0.02737000,276.300,276.300,0,0,0.000,0.000,0,,0
N240036_N240049_1,,N240036,N240049,,138.000,0.00000000,0.01487000,291.800,291.800,0,0,0.000,0.000,0,,0
N240036_N240054_1,,N240036,N240054,,138.000,0.00000000,0.03804000,239.400,239.400,0,0,0.000,0.000,0,,0
N240037_N240038_1,,N240037,N240038,,138.000,0.00000000,0.04482000,276.500,276.500,0,0,0.000,0.000,0,,0
N240039_N240037_1,,N240039,N240037,,138.000,0.00000000,0.07044000,248.900,248.900,0,0,0.000,0.000,0,,0
N240040_N240037_1,,N240040,N240037,,138.000,0.00000000,0.05865000,249.900,249.900,0,0,0.000,0.000,0,,0
N240038_N240048_1,,N240038,N240048,,138.000,0.00000000,0.03692000,287.000,287.000,0,0,0.000,0.000,0,,0
N240038_N240052_1,,N240038,N240052,,138.000,0.00000000,0.03808000,264.800,264.800,0,0,0.000,0.000,0,,0
N240039_N240042_1,,N240039,N240042,,138.000,0.00000000,0.06133000,245.000,245.000,0,0,0.000,0.000,0,,0
N240056_N240039_1,,N240056,N240039,,138.000,0.00000000,0.04158000,266.600,266.600,0,0,0.000,0.000,0,,0
N240049_N240040_1,,N240049,N240040,,138.000,0.00000000,0.03495000,249.400,249.400,0,0,0.000,0.000,0,,0
N240045_N240041_1,,N240045,N240041,,138.000,0.00000000,0.04502000,237.800,237.800,0,0,0.000,0.000,0,,0
N240041_N240053_1,,N240041,N240053,,138.000,0.00000000,0.03884000,238.100,238.100,0,0,0.000,0.000,0,,0
N240042_N240290_1,,N240042,N240290,,138.000,0.00000000,0.03832000,237.300,237.300,0,0,0.000,0.000,0,,0
N240050_N240043_1,,N240050,N240043,,138.000,0.00000000,0.03485000,301.200,301.200,0,0,0.000,0.000,0,,0
N240290_N240043_1,,N240290,N240043,,138.000,0.00000000,0.01858000,320.100,320.100,0,0,0.000,0.000,0,,0
N240044_N240058_1,,N240044,N240058,,138.000,0.00000000,0.06428000,276.100,276.100,0,0,0.000,0.000,0,,0
N240049_N240046_1,,N240049,N240046,,138.000,0.00000000,0.06235000,301.000,301.000,0,0,0.000,0.000,0,,0
N240047_N240051_1,,N240047,N240051,,138.000,0.00000000,0.06901000,310.400,310.400,0,0,0.000,0.000,0,,0
N240052_N240048_1,,N240052,N240048,,138.000,0.00000000,0.08203000,270.600,270.600,0,0,0.000,0.000,0,,0
N240051_N240058_1,,N240051,N240058,,138.000,0.00000000,0.02247000,252.000,252.000,0,0,0.000,0.000,0,,0
N240051_N240201_1,,N240051,N240201,,138.000,0.00000000,0.09647000,252.500,252.500,0,0,0.000,0.000,0,,0
N240054_N240053_1,,N240054,N240053,,138.000,0.00000000,0.03803000,238.500,238.500,0,0,0.000,0.000,0,,0
N240056_N240290_1,,N240056,N240290,,138.000,0.00000000,0.01919000,266.700,266.700,0,0,0.000,0.000,0,,0
N240060_N240076_1,,N240060,N240076,,138.000,0.00000000,0.01373000,264.300,264.300,0,0,0.000,0.000,0,,0
N240060_N240150_1,,N240060,N240150,,138.000,0.00000000,0.00971000,281.800,281.800,0,0,0.000,0.000,0,,0
N240165_N240060_1,,N240165,N240060,,138.000,0.00000000,0.02496000,282.700,282.700,0,0,0.000,0.000,0,,0
N240061_N240167_1,,N240061,N240167,,138.000,0.00000000,0.01221000,288.700,288.700,0,0,0.000,0.000,0,,0
N240061_N240249_1,,N240061,N240249,,138.000,0.00000000,0.03335000,290.700,290.700,0,0,0.000,0.000,0,,0
N240062_N240076_1,,N240062,N240076,,138.000,0.00000000,0.01691000,281.300,281.300,0,0,0.000,0.000,0,,0
N240235_N240062_1,,N240235,N240062,,138.000,0.00000000,0.01641000,281.900,281.900,0,0,0.000,0.000,0,,0
N240063_N240154_1,,N240063,N240154,,138.000,0.00000000,0.02850000,261.300,261.300,0,0,0.000,0.000,0,,0
N240063_N240163_1,,N240063,N240163,,138.000,0.00000000,0.01057000,266.800,266.800,0,0,0.000,0.000,0,,0
N240063_N240164_1,,N240063,N240164,,138.000,0.00000000,0.02095000,269.100,269.100,0,0,0.000,0.000,0,,0
N240063_N240216_1,,N240063,N240216,,138.000,0.00000000,0.03077000,295.700,295.700,0,0,0.000,0.000,0,,0
N240218_N240063_1,,N240218,N240063,,138.000,0.00000000,0.02508000,269.600,269.600,0,0,0.000,0.000,0,,0
N240064_N240156_1,,N240064,N240156,,138.000,0.00000000,0.02110000,284.800,284.800,0,0,0.000,0.000,0,,0
N240157_N240064_1,,N240157,N240064,,138.000,0.00000000,0.01856000,284.700,284.700,0,0,0.000,0.000,0,,0
N240137_N240065_1,,N240137,N240065,,138.000,0.00000000,0.03863000,301.400,301.400,0,0,0.000,0.000,0,,0
N240065_N240157_1,,N240065,N240157,,138.000,0.00000000,0.01507000,302.900,302.900,0,0,0.000,0.000,0,,0
N240071_N240066_1,,N240071,N240066,,138.000,0.00000000,0.02321000,288.200,288.200,0,0,0.000,0.000,0,,0
N240066_N240073_1,,N240066,N240073,,138.000,0.00000000,0.01300000,248.300,248.300,0,0,0.000,0.000,0,,0
N240066_N240074_1,,N240066,N240074,,138.000,0.00000000,0.02184000,291.100,291.100,0,0,0.000,0.000,0,,0
N240067_N240072_1,,N240067,N240072,,138.000,0.00000000,0.02241000,267.800,267.800,0,0,0.000,0.000,0,,0
N240067_N240158_1,,N240067,N240158,,138.000,0.00000000,0.02260000,267.400,267.400,0,0,0.000,0.000,0,,0
N240153_N240068_1,,N240153,N240068,,138.000,0.00000000,0.01747000,258.700,258.700,0,0,0.000,0.000,0,,0
N240068_N240161_1,,N240068,N240161,,138.000,0.00000000,0.01960000,258.000,258.000,0,0,0.000,0.000,0,,0
N240156_N240069_1,,N240156,N240069,,138.000,0.00000000,0.03150000,288.900,288.900,0,0,0.000,0.000,0,,0
N240069_N240216_1,,N240069,N240216,,138.000,0.00000000,0.01526000,289.100,289.100,0,0,0.000,0.000,0,,0
N240140_N240070_1,,N240140,N240070,,138.000,0.00000000,0.02376000,295.100,295.100,0,0,0.000,0.000,0,,0
N240070_N240152_1,,N240070,N240152,,138.000,0.00000000,0.06418000,293.900,293.900,0,0,0.000,0.000,0,,0
N240263_N240071_1,,N240263,N240071,,138.000,0.00000000,0.04272000,288.400,288.400,0,0,0.000,0.000,0,,0
N240249_N240072_1,,N240249,N240072,,138.000,0.00000000,0.01834000,267.900,267.900,0,0,0.000,0.000,0,,0
N240073_N240118_1,,N240073,N240118,,138.000,0.00000000,0.03986000,258.400,258.400,0,0,0.000,0.000,0,,0
N240073_N240218_1,,N240073,N240218,,138.000,0.00000000,0.03440000,258.200,258.200,0,0,0.000,0.000,0,,0
N240157_N240074_1,,N240157,N240074,,138.000,0.00000000,0.00533000,290.300,290.300,0,0,0.000,0.000,0,,0
N240075_N240133_1,,N240075,N240133,,138.000,0.00000000,0.03578000,270.200,270.200,0,0,0.000,0.000,0,,0
N240075_N240247_1,,N240075,N240247,,138.000,0.00000000,0.00895000,270.100,270.100,0,0,0.000,0.000,0,,0
N240076_N240171_1,,N240076,N240171,,138.000,0.00000000,0.00819000,284.500,284.500,0,0,0.000,0.000,0,,0
N240087_N240077_1,,N240087,N240077,,138.000,0.00000000,0.01714000,271.600,271.600,0,0,0.000,0.000,0,,0
N240077_N240088_1,,N240077,N240088,,138.000,0.00000000,0.04130000,237.400,237.400,0,0,0.000,0.000,0,,0
N240176_N240077_1,,N240176,N240077,,138.000,0.00000000,0.03220000,272.400,272.400,0,0,0.000,0.000,0,,0
N240078_N240139_1,,N240078,N240139,,138.000,0.00000000,0.04793000,253.600,253.600,0,0,0.000,0.000,0,,0
N240078_N240185_1,,N240078,N240185,,138.000,0.00000000,0.01522000,229.800,229.800,0,0,0.000,0.000,0,,0
N240078_N240186_1,,N240078,N240186,,138.000,0.00000000,0.03536000,247.000,247.000,0,0,0.000,0.000,0,,0
N240082_N240079_1,,N240082,N240079,,138.000,0.00000000,0.04418000,214.700,214.700,0,0,0.000,0.000,0,,0
N240079_N240084_1,,N240079,N240084,,138.000,0.00000000,0.02004000,231.400,231.400,0,0,0.000,0.000,0,,0
N240079_N240188_1,,N240079,N240188,,138.000,0.00000000,0.02775000,238.100,238.100,0,0,0.000,0.000,0,,0
N240083_N240080_1,,N240083,N240080,,138.000,0.00000000,0.02042000,298.800,298.800,0,0,0.000,0.000,0,,0
N240080_N240092_1,,N240080,N240092,,138.000,0.00000000,0.05157000,291.000,291.000,0,0,0.000,0.000,0,,0
N240080_N240094_1,,N240080,N240094,,138.000,0.00000000,0.01940000,270.000,270.000,0,0,0.000,0.000,0,,0
N240081_N240086_1,,N240081,N240086,,138.000,0.00000000,0.02577000,322.700,322.700,0,0,0.000,0.000,0,,0
N240081_N240128_1,,N240081,N240128,,138.000,0.00000000,0.04562000,286.000,286.000,0,0,0.000,0.000,0,,0
N240174_N240081_1,,N240174,N240081,,138.000,0.00000000,0.04284000,287.400,287.400,0,0,0.000,0.000,0,,0
N240081_N240177_1,,N240081,N240177,,138.000,0.00000000,0.02515000,301.000,301.000,0,0,0.000,0.000,0,,0
N240127_N240082_1,,N240127,N240082,,138.000,0.00000000,0.15662000,239.500,239.500,0,0,0.000,0.000,0,,0
N240187_N240083_1,,N240187,N240083,,138.000,0.00000000,0.01358000,297.700,297.700,0,0,0.000,0.000,0,,0
N240084_N240123_1,,N240084,N240123,,138.000,0.00000000,0.06758000,275.200,275.200,0,0,0.000,0.000,0,,0
N240186_N240084_1,,N240186,N240084,,138.000,0.00000000,0.00462000,266.200,266.200,0,0,0.000,0.000,0,,0
N240085_N240086_1,,N240085,N240086,,138.000,0.00000000,0.04975000,314.900,314.900,0,0,0.000,0.000,0,,0
N240085_N240179_1,,N240085,N240179,,138.000,0.00000000,0.02944000,271.500,271.500,0,0,0.000,0.000,0,,0
N240086_N240303_1,,N240086,N240303,,138.000,0.00000000,0.03959000,346.100,346.100,0,0,0.000,0.000,0,,0
N240086_N240303_2,,N240086,N240303,,138.000,0.00000000,0.03959000,346.100,346.100,0,0,0.000,0.000,0,,0
N240087_N240090_1,,N240087,N240090,,138.000,0.00000000,0.03560000,269.000,269.000,0,0,0.000,0.000,0,,0
N240089_N240088_1,,N240089,N240088,,138.000,0.00000000,0.01429000,287.700,287.700,0,0,0.000,0.000,0,,0
N240088_N240091_1,,N240088,N240091,,138.000,0.00000000,0.03177000,280.600,280.600,0,0,0.000,0.000,0,,0
N240178_N240089_1,,N240178,N240089,,138.000,0.00000000,0.01515000,287.900,287.900,0,0,0.000,0.000,0,,0
N240124_N240090_1,,N240124,N240090,,138.000,0.00000000,0.04125000,246.900,246.900,0,0,0.000,0.000,0,,0
N240138_N240092_1,,N240138,N240092,,138.000,0.00000000,0.04467000,273.200,273.200,0,0,0.000,0.000,0,,0
N240092_N240316_1,,N240092,N240316,,138.000,0.00000000,0.05525000,285.200,285.200,0,0,0.000,0.000,0,,0
N240093_N240178_1,,N240093,N240178,,138.000,0.00000000,0.04335000,285.700,285.700,0,0,0.000,0.000,0,,0
N240093_N240281_1,,N240093,N240281,,138.000,0.00000000,0.01593000,286.000,286.000,0,0,0.000,0.000,0,,0
N240094_N240138_1,,N240094,N240138,,138.000,0.00000000,0.04389000,296.200,296.200,0,0,0.000,0.000,0,,0
N240094_N240189_1,,N240094,N240189,,138.000,0.00000000,0.05658000,290.800,290.800,0,0,0.000,0.000,0,,0
N240094_N240297_1,,N240094,N240297,,138.000,0.00000000,0.07179000,243.200,243.200,0,0,0.000,0.000,0,,0
N240095_N240100_1,,N240095,N240100,,138.000,0.00000000,0.01394000,240.500,240.500,0,0,0.000,0.000,0,,0
N240193_N240095_1,,N240193,N240095,,138.000,0.00000000,0.02295000,245.200,245.200,0,0,0.000,0.000,0,,0
N240096_N240152_1,,N240096,N240152,,138.000,0.00000000,0.02054000,299.200,299.200,0,0,0.000,0.000,0,,0
N240193_N240096_1,,N240193,N240096,,138.000,0.00000000,0.02122000,269.900,269.900,0,0,0.000,0.000,0,,0
N240097_N240100_1,,N240097,N240100,,138.000,0.00000000,0.02700000,274.500,274.500,0,0,0.000,0.000,0,,0
N240190_N240098_1,,N240190,N240098,,138.000,0.00000000,0.02078000,261.200,261.200,0,0,0.000,0.000,0,,0
N240098_N240192_1,,N240098,N240192,,138.000,0.00000000,0.01694000,294.200,294.200,0,0,0.000,0.000,0,,0
N240098_N240193_1,,N240098,N240193,,138.000,0.00000000,0.01565000,244.700,244.700,0,0,0.000,0.000,0,,0
N240099_N240144_1,,N240099,N240144,,138.000,0.00000000,0.05824000,228.100,228.100,0,0,0.000,0.000,0,,0
N240100_N240191_1,,N240100,N240191,,138.000,0.00000000,0.00644000,271.700,271.700,0,0,0.000,0.000,0,,0
N240104_N240101_1,,N240104,N240101,,138.000,0.00000000,0.04216000,283.700,283.700,0,0,0.000,0.000,0,,0
N240102_N240103_1,,N240102,N240103,,138.000,0.00000000,0.02325000,318.700,318.700,0,0,0.000,0.000,0,,0
N240102_N240300_1,,N240102,N240300,,138.000,0.00000000,0.04022000,319.400,319.400,0,0,0.000,0.000,0,,0
N240103_N240151_1,,N240103,N240151,,138.000,0.00000000,0.08019000,296.500,296.500,0,0,0.000,0.000,0,,0
N240103_N240292_1,,N240103,N240292,,138.000,0.00000000,0.00333000,294.400,294.400,0,0,0.000,0.000,0,,0
N240287_N240104_1,,N240287,N240104,,138.000,0.00000000,0.01299000,283.200,283.200,0,0,0.000,0.000,0,,0
N240109_N240105_1,,N240109,N240105,,138.000,0.00000000,0.02508000,277.000,277.000,0,0,0.000,0.000,0,,0
N240295_N240105_1,,N240295,N240105,,138.000,0.00000000,0.04979000,277.500,277.500,0,0,0.000,0.000,0,,0
N240106_N240113_1,,N240106,N240113,,138.000,0.00000000,0.01523000,262.400,262.400,0,0,0.000,0.000,0,,0
N240107_N240134_1,,N240107,N240134,,138.000,0.00000000,0.05656000,290.100,290.100,0,0,0.000,0.000,0,,0
N240107_N240295_1,,N240107,N240295,,138.000,0.00000000,0.03627000,304.500,304.500,0,0,0.000,0.000,0,,0
N240107_N240295_2,,N240107,N240295,,138.000,0.00000000,0.03627000,304.500,304.500,0,0,0.000,0.000,0,,0
N240110_N240108_1,,N240110,N240108,,138.000,0.00000000,0.07202000,291.200,291.200,0,0,0.000,0.000,0,,0
N240113_N240108_1,,N240113,N240108,,138.000,0.00000000,0.01274000,262.700,262.700,0,0,0.000,0.000,0,,0
N240124_N240109_1,,N240124,N240109,,138.000,0.00000000,0.04244000,274.800,274.800,0,0,0.000,0.000,0,,0
N240109_N240306_1,,N240109,N240306,,138.000,0.00000000,0.07749000,270.300,270.300,0,0,0.000,0.000,0,,0
N240111_N240110_1,,N240111,N240110,,138.000,0.00000000,0.06550000,315.000,315.000,0,0,0.000,0.000,0,,0
N240313_N240110_1,,N240313,N240110,,138.000,0.00000000,0.05930000,323.300,323.300,0,0,0.000,0.000,0,,0
N240112_N240111_1,,N240112,N240111,,138.000,0.00000000,0.03066000,265.900,265.900,0,0,0.000,0.000,0,,0
N240138_N240114_1,,N240138,N240114,,138.000,0.00000000,0.09751000,303.700,303.700,0,0,0.000,0.000,0,,0
N240245_N240115_1,,N240245,N240115,,138.000,0.00000000,0.00141000,292.800,292.800,0,0,0.000,0.000,0,,0
N240115_N240268_1,,N240115,N240268,,138.000,0.00000000,0.01568000,292.600,292.600,0,0,0.000,0.000,0,,0
N240116_N240117_1,,N240116,N240117,,138.000,0.00000000,0.03080000,312.700,312.700,0,0,0.000,0.000,0,,0
N240203_N240116_1,,N240203,N240116,,138.000,0.00000000,0.06552000,313.900,313.900,0,0,0.000,0.000,0,,0
N240122_N240118_1,,N240122,N240118,,138.000,0.00000000,0.03558000,244.000,244.000,0,0,0.000,0.000,0,,0
N240119_N240227_1,,N240119,N240227,,138.000,0.00000000,0.04670000,260.600,260.600,0,0,0.000,0.000,0,,0
N240119_N240240_1,,N240119,N240240,,138.000,0.00000000,0.00540000,271.400,271.400,0,0,0.000,0.000,0,,0
N240120_N240133_1,,N240120,N240133,,138.000,0.00000000,0.01686000,265.900,265.900,0,0,0.000,0.000,0,,0
N240120_N240279_1,,N240120,N240279,,138.000,0.00000000,0.05844000,287.600,287.600,0,0,0.000,0.000,0,,0
N240121_N240137_1,,N240121,N240137,,138.000,0.00000000,0.04681000,272.700,272.700,0,0,0.000,0.000,0,,0
N240142_N240121_1,,N240142,N240121,,138.000,0.00000000,0.05395000,271.000,271.000,0,0,0.000,0.000,0,,0
N240130_N240122_1,,N240130,N240122,,138.000,0.00000000,0.03803000,286.600,286.600,0,0,0.000,0.000,0,,0
N240134_N240122_1,,N240134,N240122,,138.000,0.00000000,0.06131000,290.800,290.800,0,0,0.000,0.000,0,,0
N240123_N240124_1,,N240123,N240124,,138.000,0.00000000,0.05155000,248.900,248.900,0,0,0.000,0.000,0,,0
N240130_N240123_1,,N240130,N240123,,138.000,0.00000000,0.02969000,241.100,241.100,0,0,0.000,0.000,0,,0
N240132_N240125_1,,N240132,N240125,,138.000,0.00000000,0.08650000,277.600,277.600,0,0,0.000,0.000,0,,0
N240125_N240141_1,,N240125,N240141,,138.000,0.00000000,0.05594000,268.200,268.200,0,0,0.000,0.000,0,,0
N240126_N240132_1,,N240126,N240132,,138.000,0.00000000,0.08191000,284.800,284.800,0,0,0.000,0.000,0,,0
N240126_N240162_1,,N240126,N240162,,138.000,0.00000000,0.02961000,282.100,282.100,0,0,0.000,0.000,0,,0
N240127_N240129_1,,N240127,N240129,,138.000,0.00000000,0.05130000,276.400,276.400,0,0,0.000,0.000,0,,0
N240127_N240130_1,,N240127,N240130,,138.000,0.00000000,0.13741000,267.300,267.300,0,0,0.000,0.000,0,,0
N240135_N240127_1,,N240135,N240127,,138.000,0.00000000,0.02433000,298.500,298.500,0,0,0.000,0.000,0,,0
N240128_N240281_1,,N240128,N240281,,138.000,0.00000000,0.04199000,279.300,279.300,0,0,0.000,0.000,0,,0
N240316_N240128_1,,N240316,N240128,,138.000,0.00000000,0.07096000,300.300,300.300,0,0,0.000,0.000,0,,0
N240130_N240129_1,,N240130,N240129,,138.000,0.00000000,0.05849000,241.100,241.100,0,0,0.000,0.000,0,,0
N240131_N240132_1,,N240131,N240132,,138.000,0.00000000,0.04200000,263.700,263.700,0,0,0.000,0.000,0,,0
N240136_N240131_1,,N240136,N240131,,138.000,0.00000000,0.03138000,271.500,271.500,0,0,0.000,0.000,0,,0
N240133_N240211_1,,N240133,N240211,,138.000,0.00000000,0.00999000,253.000,253.000,0,0,0.000,0.000,0,,0
N240203_N240135_1,,N240203,N240135,,138.000,0.00000000,0.03330000,307.700,307.700,0,0,0.000,0.000,0,,0
N240148_N240137_1,,N240148,N240137,,138.000,0.00000000,0.05154000,275.100,275.100,0,0,0.000,0.000,0,,0
N240139_N240229_1,,N240139,N240229,,138.000,0.00000000,0.04571000,255.700,255.700,0,0,0.000,0.000,0,,0
N240140_N240171_1,,N240140,N240171,,138.000,0.00000000,0.02344000,300.500,300.500,0,0,0.000,0.000,0,,0
N240232_N240141_1,,N240232,N240141,,138.000,0.00000000,0.03683000,263.500,263.500,0,0,0.000,0.000,0,,0
N240142_N240143_1,,N240142,N240143,,138.000,0.00000000,0.05958000,260.200,260.200,0,0,0.000,0.000,0,,0
N240143_N240191_1,,N240143,N240191,,138.000,0.00000000,0.02433000,257.200,257.200,0,0,0.000,0.000,0,,0
N240144_N240147_1,,N240144,N240147,,138.000,0.00000000,0.04571000,277.400,277.400,0,0,0.000,0.000,0,,0
N240149_N240144_1,,N240149,N240144,,138.000,0.00000000,0.05410000,237.600,237.600,0,0,0.000,0.000,0,,0
N240144_N240192_1,,N240144,N240192,,138.000,0.00000000,0.04564000,245.200,245.200,0,0,0.000,0.000,0,,0
N240145_N240232_1,,N240145,N240232,,138.000,0.00000000,0.08771000,337.200,337.200,0,0,0.000,0.000,0,,0
N240145_N240232_2,,N240145,N240232,,138.000,0.00000000,0.08771000,337.200,337.200,0,0,0.000,0.000,0,,0
N240145_N240271_1,,N240145,N240271,,138.000,0.00000000,0.05401000,349.500,349.500,0,0,0.000,0.000,0,,0
N240145_N240271_2,,N240145,N240271,,138.000,0.00000000,0.05401000,349.500,349.500,0,0,0.000,0.000,0,,0
N240147_N240146_1,,N240147,N240146,,138.000,0.00000000,0.06822000,280.500,280.500,0,0,0.000,0.000,0,,0
N240146_N240150_1,,N240146,N240150,,138.000,0.00000000,0.04349000,281.100,281.100,0,0,0.000,0.000,0,,0
N240148_N240152_1,,N240148,N240152,,138.000,0.00000000,0.06278000,274.700,274.700,0,0,0.000,0.000,0,,0
N240152_N240192_1,,N240152,N240192,,138.000,0.00000000,0.03848000,288.200,288.200,0,0,0.000,0.000,0,,0
N240158_N240153_1,,N240158,N240153,,138.000,0.00000000,0.01937000,266.000,266.000,0,0,0.000,0.000,0,,0
N240154_N240163_1,,N240154,N240163,,138.000,0.00000000,0.01761000,240.600,240.600,0,0,0.000,0.000,0,,0
N240154_N240165_1,,N240154,N240165,,138.000,0.00000000,0.02372000,268.400,268.400,0,0,0.000,0.000,0,,0
N240156_N240155_1,,N240156,N240155,,138.000,0.00000000,0.02212000,256.100,256.100,0,0,0.000,0.000,0,,0
N240155_N240165_1,,N240155,N240165,,138.000,0.00000000,0.02857000,249.300,249.300,0,0,0.000,0.000,0,,0
N240159_N240160_1,,N240159,N240160,,138.000,0.00000000,0.00742000,295.500,295.500,0,0,0.000,0.000,0,,0
N240159_N240161_1,,N240159,N240161,,138.000,0.00000000,0.00901000,298.100,298.100,0,0,0.000,0.000,0,,0
N240159_N240235_1,,N240159,N240235,,138.000,0.00000000,0.01900000,268.000,268.000,0,0,0.000,0.000,0,,0
N240170_N240160_1,,N240170,N240160,,138.000,0.00000000,0.00504000,267.400,267.400,0,0,0.000,0.000,0,,0
N240160_N240171_1,,N240160,N240171,,138.000,0.00000000,0.01271000,268.100,268.100,0,0,0.000,0.000,0,,0
N240161_N240167_1,,N240161,N240167,,138.000,0.00000000,0.00871000,290.100,290.100,0,0,0.000,0.000,0,,0
N240171_N240162_1,,N240171,N240162,,138.000,0.00000000,0.00482000,271.600,271.600,0,0,0.000,0.000,0,,0
N240167_N240164_1,,N240167,N240164,,138.000,0.00000000,0.00497000,262.200,262.200,0,0,0.000,0.000,0,,0
N240166_N240215_1,,N240166,N240215,,345.000,0.00000000,0.01009000,1248.200,1248.200,0,1,0.000,0.000,0,,0
N240166_N240231_1,,N240166,N240231,,345.000,0.00000000,0.01591000,1161.600,1161.600,0,1,0.000,0.000,0,,0
N240234_N240166_1,,N240234,N240166,,345.000,0.00000000,0.00625000,1228.700,1228.700,0,1,0.000,0.000,0,,0
N240171_N240170_1,,N240171,N240170,,138.000,0.00000000,0.01323000,249.200,249.200,0,0,0.000,0.000,0,,0
N240172_N240175_1,,N240172,N240175,,138.000,0.00000000,0.00723000,251.500,251.500,0,0,0.000,0.000,0,,0
N240172_N240185_1,,N240172,N240185,,138.000,0.00000000,0.00674000,285.700,285.700,0,0,0.000,0.000,0,,0
N240189_N240172_1,,N240189,N240172,,138.000,0.00000000,0.01169000,290.400,290.400,0,0,0.000,0.000,0,,0
N240173_N240179_1,,N240173,N240179,,138.000,0.00000000,0.01077000,273.300,273.300,0,0,0.000,0.000,0,,0
N240173_N240184_1,,N240173,N240184,,138.000,0.00000000,0.01313000,260.000,260.000,0,0,0.000,0.000,0,,0
N240174_N240175_1,,N240174,N240175,,138.000,0.00000000,0.00842000,265.000,265.000,0,0,0.000,0.000,0,,0
N240176_N240184_1,,N240176,N240184,,138.000,0.00000000,0.00766000,277.400,277.400,0,0,0.000,0.000,0,,0
N240177_N240178_1,,N240177,N240178,,138.000,0.00000000,0.01655000,261.800,261.800,0,0,0.000,0.000,0,,0
N240177_N240179_1,,N240177,N240179,,138.000,0.00000000,0.02626000,286.400,286.400,0,0,0.000,0.000,0,,0
N240251_N240180_1,,N240251,N240180,,345.000,0.00000000,0.02283000,1216.000,1216.000,0,1,0.000,0.000,0,,0
N240180_N240257_1,,N240180,N240257,,345.000,0.00000000,0.02638000,1213.600,1213.600,0,1,0.000,0.000,0,,0
N240180_N240305_1,,N240180,N240305,,345.000,0.00000000,0.02025000,1143.500,1143.500,0,1,0.000,0.000,0,,0
N240180_N240315_1,,N240180,N240315,,345.000,0.00000000,0.02774000,1214.100,1214.100,0,1,0.000,0.000,0,,0
N240184_N240181_1,,N240184,N240181,,138.000,0.00000000,0.00752000,262.700,262.700,0,0,0.000,0.000,0,,0
N240188_N240181_1,,N240188,N240181,,138.000,0.00000000,0.00800000,239.500,239.500,0,0,0.000,0.000,0,,0
N240185_N240184_1,,N240185,N240184,,138.000,0.00000000,0.01169000,270.000,270.000,0,0,0.000,0.000,0,,0
N240184_N240187_1,,N240184,N240187,,138.000,0.00000000,0.02477000,292.200,292.200,0,0,0.000,0.000,0,,0
N240184_N240188_1,,N240184,N240188,,138.000,0.00000000,0.01018000,260.400,260.400,0,0,0.000,0.000,0,,0
N240251_N240194_1,,N240251,N240194,,345.000,0.00000000,0.01227000,1227.600,1227.600,0,1,0.000,0.000,0,,0
N240203_N240252_1,,N240203,N240252,,138.000,0.00000000,0.03543000,281.500,281.500,0,0,0.000,0.000,0,,0
N240226_N240208_1,,N240226,N240208,,345.000,0.00000000,0.00867000,1279.500,1279.500,0,1,0.000,0.000,0,,0
N240226_N240208_2,,N240226,N240208,,345.000,0.00000000,0.00867000,1279.500,1279.500,0,1,0.000,0.000,0,,0
N240208_N240237_1,,N240208,N240237,,345.000,0.00000000,0.00342000,1281.400,1281.400,0,1,0.000,0.000,0,,0
N240249_N240209_1,,N240249,N240209,,138.000,0.00000000,0.02554000,290.800,290.800,0,0,0.000,0.000,0,,0
N240213_N240211_1,,N240213,N240211,,138.000,0.00000000,0.01197000,294.000,294.000,0,0,0.000,0.000,0,,0
N240211_N240263_1,,N240211,N240263,,138.000,0.00000000,0.04783000,271.300,271.300,0,0,0.000,0.000,0,,0
N240213_N240224_1,,N240213,N240224,,138.000,0.00000000,0.01541000,268.200,268.200,0,0,0.000,0.000,0,,0
N240215_N240237_1,,N240215,N240237,,345.000,0.00000000,0.00387000,1237.100,1237.100,0,1,0.000,0.000,0,,0
N240247_N240216_1,,N240247,N240216,,138.000,0.00000000,0.01702000,314.900,314.900,0,0,0.000,0.000,0,,0
N240247_N240216_2,,N240247,N240216,,138.000,0.00000000,0.01702000,314.900,314.900,0,0,0.000,0.000,0,,0
N240237_N240220_1,,N240237,N240220,,345.000,0.00000000,0.00545000,1271.600,1271.600,0,1,0.000,0.000,0,,0
N240262_N240220_1,,N240262,N240220,,345.000,0.00000000,0.00775000,1309.300,1309.300,0,1,0.000,0.000,0,,0
N240262_N240220_2,,N240262,N240220,,345.000,0.00000000,0.00775000,1309.300,1309.300,0,1,0.000,0.000,0,,0
N240224_N240263_1,,N240224,N240263,,138.000,0.00000000,0.04007000,293.900,293.900,0,0,0.000,0.000,0,,0
N240226_N240242_1,,N240226,N240242,,345.000,0.00000000,0.00756000,1092.900,1092.900,0,1,0.000,0.000,0,,0
N240226_N240257_1,,N240226,N240257,,345.000,0.00000000,0.01748000,1524.300,1524.300,0,1,0.000,0.000,0,,0
N240262_N240226_1,,N240262,N240226,,345.000,0.00000000,0.00809000,1188.700,1188.700,0,1,0.000,0.000,0,,0
N240227_N240229_1,,N240227,N240229,,138.000,0.00000000,0.01331000,240.100,240.100,0,0,0.000,0.000,0,,0
N240227_N240297_1,,N240227,N240297,,138.000,0.00000000,0.03546000,239.900,239.900,0,0,0.000,0.000,0,,0
N240234_N240231_1,,N240234,N240231,,345.000,0.00000000,0.00888000,1111.000,1111.000,0,1,0.000,0.000,0,,0
N240231_N240270_1,,N240231,N240270,,345.000,0.00000000,0.00540000,1233.100,1233.100,0,1,0.000,0.000,0,,0
N240231_N240276_1,,N240231,N240276,,345.000,0.00000000,0.02768000,1325.500,1325.500,0,1,0.000,0.000,0,,0
N240231_N240276_2,,N240231,N240276,,345.000,0.00000000,0.02768000,1325.500,1325.500,0,1,0.000,0.000,0,,0
N240238_N240247_1,,N240238,N240247,,138.000,0.00000000,0.01032000,292.100,292.100,0,0,0.000,0.000,0,,0
N240240_N240243_1,,N240240,N240243,,138.000,0.00000000,0.01576000,277.200,277.200,0,0,0.000,0.000,0,,0
N240283_N240240_1,,N240283,N240240,,138.000,0.00000000,0.02895000,293.500,293.500,0,0,0.000,0.000,0,,0
N240242_N240276_1,,N240242,N240276,,345.000,0.00000000,0.00483000,1192.500,1192.500,0,1,0.000,0.000,0,,0
N240279_N240243_1,,N240279,N240243,,138.000,0.00000000,0.02665000,287.800,287.800,0,0,0.000,0.000,0,,0
N240247_N240263_1,,N240247,N240263,,138.000,0.00000000,0.03325000,272.900,272.900,0,0,0.000,0.000,0,,0
N240262_N240251_1,,N240262,N240251,,345.000,0.00000000,0.01723000,1259.900,1259.900,0,1,0.000,0.000,0,,0
N240251_N240273_1,,N240251,N240273,,345.000,0.00000000,0.00762000,1260.300,1260.300,0,1,0.000,0.000,0,,0
N240252_N240297_1,,N240252,N240297,,138.000,0.00000000,0.02381000,283.900,283.900,0,0,0.000,0.000,0,,0
N240257_N240273_1,,N240257,N240273,,345.000,0.00000000,0.00446000,1255.500,1255.500,0,1,0.000,0.000,0,,0
N240276_N240267_1,,N240276,N240267,,345.000,0.00000000,0.00654000,1240.400,1240.400,0,1,0.000,0.000,0,,0
N240276_N240267_2,,N240276,N240267,,345.000,0.00000000,0.00654000,1240.400,1240.400,0,1,0.000,0.000,0,,0
N240270_N240286_1,,N240270,N240286,,345.000,0.00000000,0.01176000,1010.500,1010.500,0,1,0.000,0.000,0,,0
N240277_N240283_1,,N240277,N240283,,138.000,0.00000000,0.04846000,275.400,275.400,0,0,0.000,0.000,0,,0
N240281_N240309_1,,N240281,N240309,,138.000,0.00000000,0.01454000,218.500,218.500,0,0,0.000,0.000,0,,0
N240299_N240286_1,,N240299,N240286,,345.000,0.00000000,0.02000000,1300.000,1300.000,0,1,0.000,0.000,0,,0
N240302_N240308_1,,N240302,N240308,,345.000,0.00000000,0.02472000,1302.700,1302.700,0,1,0.000,0.000,0,,0
N240302_N240308_2,,N240302,N240308,,345.000,0.00000000,0.02472000,1302.700,1302.700,0,1,0.000,0.000,0,,0
N240315_N240302_1,,N240315,N240302,,345.000,0.00000000,0.00717000,1287.200,1287.200,0,1,0.000,0.000,0,,0
N240302_N240318_1,,N240302,N240318,,345.000,0.00000000,0.02413000,1244.100,1244.100,0,1,0.000,0.000,0,,0
N240305_N240308_1,,N240305,N240308,,345.000,0.00000000,0.02386000,1255.100,1255.100,0,1,0.000,0.000,0,,0
N240308_N240315_1,,N240308,N240315,,345.000,0.00000000,0.01792000,1277.000,1277.000,0,1,0.000,0.000,0,,0
N250001_N250018_1,,N250001,N250018,,138.000,0.00000000,0.01363000,250.800,250.800,0,0,0.000,0.000,0,,0
N250020_N250001_1,,N250020,N250001,,138.000,0.00000000,0.02188000,225.400,225.400,0,0,0.000,0.000,0,,0
N250001_N250322_1,,N250001,N250322,,138.000,0.00000000,0.01615000,231.500,231.500,0,0,0.000,0.000,0,,0
N250022_N250002_1,,N250022,N250002,,138.000,0.00000000,0.02165000,276.100,276.100,0,0,0.000,0.000,0,,0
N250002_N250023_1,,N250002,N250023,,138.000,0.00000000,0.01584000,284.700,284.700,0,0,0.000,0.000,0,,0
N250003_N250023_1,,N250003,N250023,,138.000,0.00000000,0.02578000,334.300,334.300,0,0,0.000,0.000,0,,0
N250003_N250329_1,,N250003,N250329,,138.000,0.00000000,0.00229000,334.900,334.900,0,0,0.000,0.000,0,,0
N250021_N250004_1,,N250021,N250004,,138.000,0.00000000,0.04287000,244.200,244.200,0,0,0.000,0.000,0,,0
N250216_N250005_1,,N250216,N250005,,138.000,0.00000000,0.01178000,299.500,299.500,0,0,0.000,0.000,0,,0
N250237_N250005_1,,N250237,N250005,,138.000,0.00000000,0.01973000,305.800,305.800,0,0,0.000,0.000,0,,0
N250016_N250006_1,,N250016,N250006,,138.000,0.00000000,0.03655000,302.400,302.400,0,0,0.000,0.000,0,,0
N250320_N250006_1,,N250320,N250006,,138.000,0.00000000,0.02670000,302.500,302.500,0,0,0.000,0.000,0,,0
N250326_N250006_1,,N250326,N250006,,138.000,0.00000000,0.01139000,335.700,335.700,0,0,0.000,0.000,0,,0
N250007_N250014_1,,N250007,N250014,,138.000,0.00000000,0.02386000,270.300,270.300,0,0,0.000,0.000,0,,0
N250007_N250019_1,,N250007,N250019,,138.000,0.00000000,0.04991000,227.400,227.400,0,0,0.000,0.000,0,,0
N250007_N250021_1,,N250007,N250021,,138.000,0.00000000,0.03095000,287.400,287.400,0,0,0.000,0.000,0,,0
N250007_N250317_1,,N250007,N250317,,138.000,0.00000000,0.01660000,259.100,259.100,0,0,0.000,0.000,0,,0
N250020_N250008_1,,N250020,N250008,,138.000,0.00000000,0.01884000,222.400,222.400,0,0,0.000,0.000,0,,0
N250008_N250236_1,,N250008,N250236,,138.000,0.00000000,0.02711000,246.600,246.600,0,0,0.000,0.000,0,,0
N250008_N250322_1,,N250008,N250322,,138.000,0.00000000,0.01869000,222.500,222.500,0,0,0.000,0.000,0,,0
N250009_N250024_1,,N250009,N250024,,138.000,0.00000000,0.02973000,264.100,264.100,0,0,0.000,0.000,0,,0
N250009_N250261_1,,N250009,N250261,,138.000,0.00000000,0.01397000,259.800,259.800,0,0,0.000,0.000,0,,0
N250010_N250236_1,,N250010,N250236,,138.000,0.00000000,0.03071000,256.800,256.800,0,0,0.000,0.000,0,,0
N250327_N250010_1,,N250327,N250010,,138.000,0.00000000,0.01402000,262.300,262.300,0,0,0.000,0.000,0,,0
N250011_N250237_1,,N250011,N250237,,138.000,0.00000000,0.02460000,265.900,265.900,0,0,0.000,0.000,0,,0
N250011_N250327_1,,N250011,N250327,,138.000,0.00000000,0.02648000,260.800,260.800,0,0,0.000,0.000,0,,0
N250012_N250202_1,,N250012,N250202,,138.000,0.00000000,0.01581000,286.900,286.900,0,0,0.000,0.000,0,,0
N250012_N250216_1,,N250012,N250216,,138.000,0.00000000,0.00421000,290.500,290.500,0,0,0.000,0.000,0,,0
N250025_N250013_1,,N250025,N250013,,138.000,0.00000000,0.02916000,229.100,229.100,0,0,0.000,0.000,0,,0
N250013_N250211_1,,N250013,N250211,,138.000,0.00000000,0.01991000,225.700,225.700,0,0,0.000,0.000,0,,0
N250014_N250015_1,,N250014,N250015,,138.000,0.00000000,0.03901000,274.600,274.600,0,0,0.000,0.000,0,,0
N250244_N250014_1,,N250244,N250014,,138.000,0.00000000,0.02456000,290.300,290.300,0,0,0.000,0.000,0,,0
N250015_N250228_1,,N250015,N250228,,138.000,0.00000000,0.01548000,276.400,276.400,0,0,0.000,0.000,0,,0
N250016_N250074_1,,N250016,N250074,,138.000,0.00000000,0.02162000,251.600,251.600,0,0,0.000,0.000,0,,0
N250193_N250016_1,,N250193,N250016,,138.000,0.00000000,0.02033000,298.000,298.000,0,0,0.000,0.000,0,,0
N250323_N250017_1,,N250323,N250017,,138.000,0.00000000,0.01427000,288.400,288.400,0,0,0.000,0.000,0,,0
N250321_N250018_1,,N250321,N250018,,138.000,0.00000000,0.02026000,262.400,262.400,0,0,0.000,0.000,0,,0
N250323_N250019_1,,N250323,N250019,,138.000,0.00000000,0.03808000,235.800,235.800,0,0,0.000,0.000,0,,0
N250019_N250327_1,,N250019,N250327,,138.000,0.00000000,0.02729000,239.500,239.500,0,0,0.000,0.000,0,,0
N250315_N250021_1,,N250315,N250021,,138.000,0.00000000,0.02327000,274.900,274.900,0,0,0.000,0.000,0,,0
N250022_N250193_1,,N250022,N250193,,138.000,0.00000000,0.03202000,275.900,275.900,0,0,0.000,0.000,0,,0
N250023_N250172_1,,N250023,N250172,,138.000,0.00000000,0.03322000,316.600,316.600,0,0,0.000,0.000,0,,0
N250024_N250232_1,,N250024,N250232,,138.000,0.00000000,0.01120000,275.200,275.200,0,0,0.000,0.000,0,,0
N250025_N250255_1,,N250025,N250255,,138.000,0.00000000,0.02822000,226.000,226.000,0,0,0.000,0.000,0,,0
N250025_N250256_1,,N250025,N250256,,138.000,0.00000000,0.00676000,237.900,237.900,0,0,0.000,0.000,0,,0
N250211_N250026_1,,N250211,N250026,,138.000,0.00000000,0.01495000,253.100,253.100,0,0,0.000,0.000,0,,0
N250026_N250255_1,,N250026,N250255,,138.000,0.00000000,0.00501000,256.900,256.900,0,0,0.000,0.000,0,,0
N250036_N250027_1,,N250036,N250027,,138.000,0.00000000,0.04095000,245.700,245.700,0,0,0.000,0.000,0,,0
N250095_N250027_1,,N250095,N250027,,138.000,0.00000000,0.02098000,244.000,244.000,0,0,0.000,0.000,0,,0
N250028_N250231_1,,N250028,N250231,,138.000,0.00000000,0.00614000,245.600,245.600,0,0,0.000,0.000,0,,0
N250247_N250028_1,,N250247,N250028,,138.000,0.00000000,0.02133000,256.000,256.000,0,0,0.000,0.000,0,,0
N250036_N250029_1,,N250036,N250029,,138.000,0.00000000,0.02037000,274.800,274.800,0,0,0.000,0.000,0,,0
N250029_N250321_1,,N250029,N250321,,138.000,0.00000000,0.01577000,259.200,259.200,0,0,0.000,0.000,0,,0
N250031_N250030_1,,N250031,N250030,,138.000,0.00000000,0.02198000,239.100,239.100,0,0,0.000,0.000,0,,0
N250099_N250030_1,,N250099,N250030,,138.000,0.00000000,0.01454000,242.900,242.900,0,0,0.000,0.000,0,,0
N250032_N250031_1,,N250032,N250031,,138.000,0.00000000,0.01320000,239.200,239.200,0,0,0.000,0.000,0,,0
N250031_N250108_1,,N250031,N250108,,138.000,0.00000000,0.01977000,239.500,239.500,0,0,0.000,0.000,0,,0
N250032_N250262_1,,N250032,N250262,,138.000,0.00000000,0.03460000,238.300,238.300,0,0,0.000,0.000,0,,0
N250034_N250286_1,,N250034,N250286,,138.000,0.00000000,0.01643000,250.800,250.800,0,0,0.000,0.000,0,,0
N250286_N250035_1,,N250286,N250035,,138.000,0.00000000,0.00346000,268.700,268.700,0,0,0.000,0.000,0,,0
N250279_N250037_1,,N250279,N250037,,138.000,0.00000000,0.00543000,233.900,233.900,0,0,0.000,0.000,0,,0
N250037_N250280_1,,N250037,N250280,,138.000,0.00000000,0.01519000,244.700,244.700,0,0,0.000,0.000,0,,0
N250048_N250038_1,,N250048,N250038,,138.000,0.00000000,0.02547000,307.000,307.000,0,0,0.000,0.000,0,,0
N250038_N250301_1,,N250038,N250301,,138.000,0.00000000,0.02963000,266.900,266.900,0,0,0.000,0.000,0,,0
N250038_N250373_1,,N250038,N250373,,138.000,0.00000000,0.03095000,294.800,294.800,0,0,0.000,0.000,0,,0
N250039_N250052_1,,N250039,N250052,,138.000,0.00000000,0.03961000,267.700,267.700,0,0,0.000,0.000,0,,0
N250039_N250339_1,,N250039,N250339,,138.000,0.00000000,0.00910000,258.800,258.800,0,0,0.000,0.000,0,,0
N250040_N250071_1,,N250040,N250071,,138.000,0.00000000,0.02277000,312.300,312.300,0,0,0.000,0.000,0,,0
N250040_N250308_1,,N250040,N250308,,138.000,0.00000000,0.01011000,332.000,332.000,0,0,0.000,0.000,0,,0
N250041_N250137_1,,N250041,N250137,,138.000,0.00000000,0.04718000,307.600,307.600,0,0,0.000,0.000,0,,0
N250308_N250041_1,,N250308,N250041,,138.000,0.00000000,0.01155000,304.600,304.600,0,0,0.000,0.000,0,,0
N250134_N250042_1,,N250134,N250042,,138.000,0.00000000,0.01138000,291.100,291.100,0,0,0.000,0.000,0,,0
N250042_N250346_1,,N250042,N250346,,138.000,0.00000000,0.06769000,291.600,291.600,0,0,0.000,0.000,0,,0
N250043_N250188_1,,N250043,N250188,,138.000,0.00000000,0.05017000,263.600,263.600,0,0,0.000,0.000,0,,0
N250306_N250043_1,,N250306,N250043,,138.000,0.00000000,0.01774000,267.900,267.900,0,0,0.000,0.000,0,,0
N250044_N250338_1,,N250044,N250338,,138.000,0.00000000,0.03412000,277.500,277.500,0,0,0.000,0.000,0,,0
N250044_N250373_1,,N250044,N250373,,138.000,0.00000000,0.03408000,278.700,278.700,0,0,0.000,0.000,0,,0
N250045_N250338_1,,N250045,N250338,,138.000,0.00000000,0.01089000,297.000,297.000,0,0,0.000,0.000,0,,0
N250045_N250339_1,,N250045,N250339,,138.000,0.00000000,0.03080000,296.500,296.500,0,0,0.000,0.000,0,,0
N250066_N250046_1,,N250066,N250046,,138.000,0.00000000,0.01849000,286.200,286.200,0,0,0.000,0.000,0,,0
N250046_N250336_1,,N250046,N250336,,138.000,0.00000000,0.01042000,288.100,288.100,0,0,0.000,0.000,0,,0
N250067_N250047_1,,N250067,N250047,,138.000,0.00000000,0.01145000,297.600,297.600,0,0,0.000,0.000,0,,0
N250047_N250070_1,,N250047,N250070,,138.000,0.00000000,0.01951000,303.200,303.200,0,0,0.000,0.000,0,,0
N250047_N250227_1,,N250047,N250227,,138.000,0.00000000,0.05436000,284.900,284.900,0,0,0.000,0.000,0,,0
N250047_N250311_1,,N250047,N250311,,138.000,0.00000000,0.02550000,319.500,319.500,0,0,0.000,0.000,0,,0
N250052_N250048_1,,N250052,N250048,,138.000,0.00000000,0.00818000,305.500,305.500,0,0,0.000,0.000,0,,0
N250072_N250049_1,,N250072,N250049,,138.000,0.00000000,0.02872000,281.300,281.300,0,0,0.000,0.000,0,,0
N250049_N250312_1,,N250049,N250312,,138.000,0.00000000,0.01438000,287.800,287.800,0,0,0.000,0.000,0,,0
N250144_N250050_1,,N250144,N250050,,138.000,0.00000000,0.05306000,289.500,289.500,0,0,0.000,0.000,0,,0
N250312_N250050_1,,N250312,N250050,,138.000,0.00000000,0.01935000,288.500,288.500,0,0,0.000,0.000,0,,0
N250051_N250307_1,,N250051,N250307,,138.000,0.00000000,0.01268000,211.700,211.700,0,0,0.000,0.000,0,,0
N250054_N250052_1,,N250054,N250052,,138.000,0.00000000,0.05310000,286.200,286.200,0,0,0.000,0.000,0,,0
N250053_N250314_1,,N250053,N250314,,138.000,0.00000000,0.01698000,290.800,290.800,0,0,0.000,0.000,0,,0
N250053_N250337_1,,N250053,N250337,,138.000,0.00000000,0.03864000,289.900,289.900,0,0,0.000,0.000,0,,0
N250340_N250054_1,,N250340,N250054,,138.000,0.00000000,0.00428000,281.100,281.100,0,0,0.000,0.000,0,,0
N250056_N250055_1,,N250056,N250055,,138.000,0.00000000,0.01713000,309.000,309.000,0,0,0.000,0.000,0,,0
N250055_N250331_1,,N250055,N250331,,138.000,0.00000000,0.01547000,306.400,306.400,0,0,0.000,0.000,0,,0
N250071_N250056_1,,N250071,N250056,,138.000,0.00000000,0.03162000,310.100,310.100,0,0,0.000,0.000,0,,0
N250057_N250072_1,,N250057,N250072,,138.000,0.00000000,0.02688000,280.100,280.100,0,0,0.000,0.000,0,,0
N250073_N250057_1,,N250073,N250057,,138.000,0.00000000,0.03436000,275.800,275.800,0,0,0.000,0.000,0,,0
N250062_N250058_1,,N250062,N250058,,138.000,0.00000000,0.02027000,260.300,260.300,0,0,0.000,0.000,0,,0
N250058_N250063_1,,N250058,N250063,,138.000,0.00000000,0.01708000,253.500,253.500,0,0,0.000,0.000,0,,0
N250058_N250073_1,,N250058,N250073,,138.000,0.00000000,0.02848000,275.700,275.700,0,0,0.000,0.000,0,,0
N250281_N250059_1,,N250281,N250059,,138.000,0.00000000,0.00633000,273.600,273.600,0,0,0.000,0.000,0,,0
N250282_N250059_1,,N250282,N250059,,138.000,0.00000000,0.01888000,274.900,274.900,0,0,0.000,0.000,0,,0
N250280_N250060_1,,N250280,N250060,,138.000,0.00000000,0.00956000,254.600,254.600,0,0,0.000,0.000,0,,0
N250281_N250060_1,,N250281,N250060,,138.000,0.00000000,0.00546000,257.100,257.100,0,0,0.000,0.000,0,,0
N250061_N250062_1,,N250061,N250062,,138.000,0.00000000,0.02357000,257.000,257.000,0,0,0.000,0.000,0,,0
N250061_N250281_1,,N250061,N250281,,138.000,0.00000000,0.01333000,251.600,251.600,0,0,0.000,0.000,0,,0
N250063_N250283_1,,N250063,N250283,,138.000,0.00000000,0.02695000,244.900,244.900,0,0,0.000,0.000,0,,0
N250064_N250068_1,,N250064,N250068,,138.000,0.00000000,0.03821000,241.200,241.200,0,0,0.000,0.000,0,,0
N250064_N250283_1,,N250064,N250283,,138.000,0.00000000,0.02975000,241.900,241.900,0,0,0.000,0.000,0,,0
N250065_N250283_1,,N250065,N250283,,138.000,0.00000000,0.02842000,206.700,206.700,0,0,0.000,0.000,0,,0
N250338_N250066_1,,N250338,N250066,,138.000,0.00000000,0.01614000,285.700,285.700,0,0,0.000,0.000,0,,0
N250067_N250314_1,,N250067,N250314,,138.000,0.00000000,0.03285000,295.400,295.400,0,0,0.000,0.000,0,,0
N250068_N250279_1,,N250068,N250279,,138.000,0.00000000,0.01604000,257.000,257.000,0,0,0.000,0.000,0,,0
N250069_N250135_1,,N250069,N250135,,138.000,0.00000000,0.01211000,295.400,295.400,0,0,0.000,0.000,0,,0
N250069_N250307_1,,N250069,N250307,,138.000,0.00000000,0.01772000,293.700,293.700,0,0,0.000,0.000,0,,0
N250308_N250070_1,,N250308,N250070,,138.000,0.00000000,0.01147000,300.600,300.600,0,0,0.000,0.000,0,,0
N250297_N250074_1,,N250297,N250074,,138.000,0.00000000,0.01801000,252.400,252.400,0,0,0.000,0.000,0,,0
N250075_N250325_1,,N250075,N250325,,138.000,0.00000000,0.01480000,310.900,310.900,0,0,0.000,0.000,0,,0
N250353_N250075_1,,N250353,N250075,,138.000,0.00000000,0.03025000,314.500,314.500,0,0,0.000,0.000,0,,0
N250076_N250082_1,,N250076,N250082,,138.000,0.00000000,0.04496000,275.400,275.400,0,0,0.000,0.000,0,,0
N250091_N250076_1,,N250091,N250076,,138.000,0.00000000,0.02519000,260.800,260.800,0,0,0.000,0.000,0,,0
N250106_N250077_1,,N250106,N250077,,138.000,0.00000000,0.01675000,295.000,295.000,0,0,0.000,0.000,0,,0
N250077_N250270_1,,N250077,N250270,,138.000,0.00000000,0.03831000,298.800,298.800,0,0,0.000,0.000,0,,0
N250080_N250078_1,,N250080,N250078,,138.000,0.00000000,0.02767000,249.000,249.000,0,0,0.000,0.000,0,,0
N250273_N250078_1,,N250273,N250078,,138.000,0.00000000,0.02555000,239.300,239.300,0,0,0.000,0.000,0,,0
N250079_N250088_1,,N250079,N250088,,138.000,0.00000000,0.06243000,233.800,233.800,0,0,0.000,0.000,0,,0
N250262_N250079_1,,N250262,N250079,,138.000,0.00000000,0.03866000,228.800,228.800,0,0,0.000,0.000,0,,0
N250080_N250101_1,,N250080,N250101,,138.000,0.00000000,0.02066000,240.100,240.100,0,0,0.000,0.000,0,,0
N250102_N250080_1,,N250102,N250080,,138.000,0.00000000,0.00992000,254.100,254.100,0,0,0.000,0.000,0,,0
N250081_N250083_1,,N250081,N250083,,138.000,0.00000000,0.02232000,276.000,276.000,0,0,0.000,0.000,0,,0
N250108_N250081_1,,N250108,N250081,,138.000,0.00000000,0.02190000,236.800,236.800,0,0,0.000,0.000,0,,0
N250081_N250284_1,,N250081,N250284,,138.000,0.00000000,0.02389000,278.000,278.000,0,0,0.000,0.000,0,,0
N250082_N250098_1,,N250082,N250098,,138.000,0.00000000,0.02082000,314.800,314.800,0,0,0.000,0.000,0,,0
N250082_N250284_1,,N250082,N250284,,138.000,0.00000000,0.02741000,305.600,305.600,0,0,0.000,0.000,0,,0
N250083_N250086_1,,N250083,N250086,,138.000,0.00000000,0.02768000,248.800,248.800,0,0,0.000,0.000,0,,0
N250084_N250086_1,,N250084,N250086,,138.000,0.00000000,0.02554000,239.300,239.300,0,0,0.000,0.000,0,,0
N250087_N250084_1,,N250087,N250084,,138.000,0.00000000,0.02765000,227.600,227.600,0,0,0.000,0.000,0,,0
N250085_N250148_1,,N250085,N250148,,138.000,0.00000000,0.03575000,241.800,241.800,0,0,0.000,0.000,0,,0
N250272_N250085_1,,N250272,N250085,,138.000,0.00000000,0.01386000,245.200,245.200,0,0,0.000,0.000,0,,0
N250086_N250286_1,,N250086,N250286,,138.000,0.00000000,0.01369000,264.000,264.000,0,0,0.000,0.000,0,,0
N250086_N250287_1,,N250086,N250287,,138.000,0.00000000,0.02371000,233.100,233.100,0,0,0.000,0.000,0,,0
N250204_N250087_1,,N250204,N250087,,138.000,0.00000000,0.03528000,228.400,228.400,0,0,0.000,0.000,0,,0
N250088_N250091_1,,N250088,N250091,,138.000,0.00000000,0.00974000,237.200,237.200,0,0,0.000,0.000,0,,0
N250089_N250090_1,,N250089,N250090,,138.000,0.00000000,0.04338000,241.700,241.700,0,0,0.000,0.000,0,,0
N250267_N250089_1,,N250267,N250089,,138.000,0.00000000,0.01504000,226.900,226.900,0,0,0.000,0.000,0,,0
N250090_N250096_1,,N250090,N250096,,138.000,0.00000000,0.02420000,246.700,246.700,0,0,0.000,0.000,0,,0
N250090_N250234_1,,N250090,N250234,,138.000,0.00000000,0.03532000,275.800,275.800,0,0,0.000,0.000,0,,0
N250092_N250091_1,,N250092,N250091,,138.000,0.00000000,0.03058000,259.200,259.200,0,0,0.000,0.000,0,,0
N250091_N250093_1,,N250091,N250093,,138.000,0.00000000,0.02064000,256.800,256.800,0,0,0.000,0.000,0,,0
N250092_N250266_1,,N250092,N250266,,138.000,0.00000000,0.03236000,272.500,272.500,0,0,0.000,0.000,0,,0
N250235_N250093_1,,N250235,N250093,,138.000,0.00000000,0.02985000,249.000,249.000,0,0,0.000,0.000,0,,0
N250094_N250285_1,,N250094,N250285,,138.000,0.00000000,0.01394000,234.300,234.300,0,0,0.000,0.000,0,,0
N250094_N250287_1,,N250094,N250287,,138.000,0.00000000,0.02203000,229.200,229.200,0,0,0.000,0.000,0,,0
N250095_N250105_1,,N250095,N250105,,138.000,0.00000000,0.00510000,276.400,276.400,0,0,0.000,0.000,0,,0
N250232_N250095_1,,N250232,N250095,,138.000,0.00000000,0.01467000,294.100,294.100,0,0,0.000,0.000,0,,0
N250234_N250096_1,,N250234,N250096,,138.000,0.00000000,0.02590000,295.500,295.500,0,0,0.000,0.000,0,,0
N250237_N250096_1,,N250237,N250096,,138.000,0.00000000,0.02912000,271.700,271.700,0,0,0.000,0.000,0,,0
N250096_N250261_1,,N250096,N250261,,138.000,0.00000000,0.02436000,269.400,269.400,0,0,0.000,0.000,0,,0
N250097_N250207_1,,N250097,N250207,,138.000,0.00000000,0.03458000,277.000,277.000,0,0,0.000,0.000,0,,0
N250219_N250097_1,,N250219,N250097,,138.000,0.00000000,0.02825000,278.300,278.300,0,0,0.000,0.000,0,,0
N250097_N250235_1,,N250097,N250235,,138.000,0.00000000,0.02325000,281.300,281.300,0,0,0.000,0.000,0,,0
N250277_N250099_1,,N250277,N250099,,138.000,0.00000000,0.02185000,272.500,272.500,0,0,0.000,0.000,0,,0
N250100_N250148_1,,N250100,N250148,,138.000,0.00000000,0.02275000,214.900,214.900,0,0,0.000,0.000,0,,0
N250101_N250161_1,,N250101,N250161,,138.000,0.00000000,0.02356000,259.000,259.000,0,0,0.000,0.000,0,,0
N250265_N250101_1,,N250265,N250101,,138.000,0.00000000,0.02247000,280.600,280.600,0,0,0.000,0.000,0,,0
N250102_N250160_1,,N250102,N250160,,138.000,0.00000000,0.04658000,257.200,257.200,0,0,0.000,0.000,0,,0
N250103_N250234_1,,N250103,N250234,,138.000,0.00000000,0.05462000,254.800,254.800,0,0,0.000,0.000,0,,0
N250235_N250103_1,,N250235,N250103,,138.000,0.00000000,0.02680000,251.000,251.000,0,0,0.000,0.000,0,,0
N250271_N250104_1,,N250271,N250104,,138.000,0.00000000,0.03276000,263.100,263.100,0,0,0.000,0.000,0,,0
N250104_N250272_1,,N250104,N250272,,138.000,0.00000000,0.03467000,250.700,250.700,0,0,0.000,0.000,0,,0
N250204_N250105_1,,N250204,N250105,,138.000,0.00000000,0.02313000,245.000,245.000,0,0,0.000,0.000,0,,0
N250105_N250285_1,,N250105,N250285,,138.000,0.00000000,0.02249000,243.300,243.300,0,0,0.000,0.000,0,,0
N250266_N250106_1,,N250266,N250106,,138.000,0.00000000,0.02366000,293.800,293.800,0,0,0.000,0.000,0,,0
N250107_N250266_1,,N250107,N250266,,138.000,0.00000000,0.00954000,192.700,192.700,0,0,0.000,0.000,0,,0
N250112_N250109_1,,N250112,N250109,,138.000,0.00000000,0.01179000,313.000,313.000,0,0,0.000,0.000,0,,0
N250278_N250109_1,,N250278,N250109,,138.000,0.00000000,0.01902000,285.900,285.900,0,0,0.000,0.000,0,,0
N250110_N250170_1,,N250110,N250170,,138.000,0.00000000,0.02913000,257.400,257.400,0,0,0.000,0.000,0,,0
N250110_N250297_1,,N250110,N250297,,138.000,0.00000000,0.02209000,256.600,256.600,0,0,0.000,0.000,0,,0
N250289_N250111_1,,N250289,N250111,,138.000,0.00000000,0.01560000,272.700,272.700,0,0,0.000,0.000,0,,0
N250113_N250311_1,,N250113,N250311,,138.000,0.00000000,0.02264000,361.200,361.200,0,0,0.000,0.000,0,,0
N250113_N250346_1,,N250113,N250346,,138.000,0.00000000,0.02233000,372.600,372.600,0,0,0.000,0.000,0,,0
N250114_N250205_1,,N250114,N250205,,138.000,0.00000000,0.02400000,292.900,292.900,0,0,0.000,0.000,0,,0
N250114_N250310_1,,N250114,N250310,,138.000,0.00000000,0.03084000,288.500,288.500,0,0,0.000,0.000,0,,0
N250115_N250124_1,,N250115,N250124,,138.000,0.00000000,0.02702000,274.300,274.300,0,0,0.000,0.000,0,,0
N250115_N250243_1,,N250115,N250243,,138.000,0.00000000,0.00632000,271.900,271.900,0,0,0.000,0.000,0,,0
N250116_N250131_1,,N250116,N250131,,138.000,0.00000000,0.02135000,305.300,305.300,0,0,0.000,0.000,0,,0
N250116_N250201_1,,N250116,N250201,,138.000,0.00000000,0.02802000,307.400,307.400,0,0,0.000,0.000,0,,0
N250130_N250117_1,,N250130,N250117,,138.000,0.00000000,0.03452000,297.100,297.100,0,0,0.000,0.000,0,,0
N250117_N250137_1,,N250117,N250137,,138.000,0.00000000,0.03653000,294.800,294.800,0,0,0.000,0.000,0,,0
N250118_N250205_1,,N250118,N250205,,138.000,0.00000000,0.00552000,295.800,295.800,0,0,0.000,0.000,0,,0
N250118_N250210_1,,N250118,N250210,,138.000,0.00000000,0.01697000,301.200,301.200,0,0,0.000,0.000,0,,0
N250119_N250122_1,,N250119,N250122,,138.000,0.00000000,0.02897000,262.800,262.800,0,0,0.000,0.000,0,,0
N250214_N250119_1,,N250214,N250119,,138.000,0.00000000,0.01714000,280.300,280.300,0,0,0.000,0.000,0,,0
N250242_N250119_1,,N250242,N250119,,138.000,0.00000000,0.00425000,286.400,286.400,0,0,0.000,0.000,0,,0
N250120_N250145_1,,N250120,N250145,,138.000,0.00000000,0.03558000,278.700,278.700,0,0,0.000,0.000,0,,0
N250120_N250218_1,,N250120,N250218,,138.000,0.00000000,0.02569000,285.200,285.200,0,0,0.000,0.000,0,,0
N250253_N250121_1,,N250253,N250121,,138.000,0.00000000,0.02047000,296.600,296.600,0,0,0.000,0.000,0,,0
N250313_N250121_1,,N250313,N250121,,138.000,0.00000000,0.01478000,301.500,301.500,0,0,0.000,0.000,0,,0
N250123_N250122_1,,N250123,N250122,,138.000,0.00000000,0.03326000,258.600,258.600,0,0,0.000,0.000,0,,0
N250138_N250123_1,,N250138,N250123,,138.000,0.00000000,0.02794000,257.100,257.100,0,0,0.000,0.000,0,,0
N250123_N250142_1,,N250123,N250142,,138.000,0.00000000,0.04433000,276.700,276.700,0,0,0.000,0.000,0,,0
N250145_N250124_1,,N250145,N250124,,138.000,0.00000000,0.00981000,276.100,276.100,0,0,0.000,0.000,0,,0
N250125_N250126_1,,N250125,N250126,,138.000,0.00000000,0.01756000,307.400,307.400,0,0,0.000,0.000,0,,0
N250125_N250228_1,,N250125,N250228,,138.000,0.00000000,0.02311000,280.900,280.900,0,0,0.000,0.000,0,,0
N250246_N250125_1,,N250246,N250125,,138.000,0.00000000,0.02278000,259.600,259.600,0,0,0.000,0.000,0,,0
N250126_N250128_1,,N250126,N250128,,138.000,0.00000000,0.02750000,348.400,348.400,0,0,0.000,0.000,0,,0
N250126_N250251_1,,N250126,N250251,,138.000,0.00000000,0.01630000,301.700,301.700,0,0,0.000,0.000,0,,0
N250194_N250127_1,,N250194,N250127,,138.000,0.00000000,0.04314000,288.200,288.200,0,0,0.000,0.000,0,,0
N250127_N250196_1,,N250127,N250196,,138.000,0.00000000,0.03837000,275.600,275.600,0,0,0.000,0.000,0,,0
N250127_N250212_1,,N250127,N250212,,138.000,0.00000000,0.01773000,305.800,305.800,0,0,0.000,0.000,0,,0
N250198_N250128_1,,N250198,N250128,,138.000,0.00000000,0.02160000,311.200,311.200,0,0,0.000,0.000,0,,0
N250128_N250309_1,,N250128,N250309,,138.000,0.00000000,0.02983000,336.600,336.600,0,0,0.000,0.000,0,,0
N250129_N250207_1,,N250129,N250207,,138.000,0.00000000,0.02109000,305.700,305.700,0,0,0.000,0.000,0,,0
N250209_N250129_1,,N250209,N250129,,138.000,0.00000000,0.02194000,306.500,306.500,0,0,0.000,0.000,0,,0
N250218_N250130_1,,N250218,N250130,,138.000,0.00000000,0.01295000,480.200,480.200,0,0,0.000,0.000,0,,0
N250313_N250130_1,,N250313,N250130,,138.000,0.00000000,0.01673000,328.700,328.700,0,0,0.000,0.000,0,,0
N250131_N250135_1,,N250131,N250135,,138.000,0.00000000,0.03137000,327.400,327.400,0,0,0.000,0.000,0,,0
N250131_N250144_1,,N250131,N250144,,138.000,0.00000000,0.01317000,300.400,300.400,0,0,0.000,0.000,0,,0
N250132_N250133_1,,N250132,N250133,,138.000,0.00000000,0.01845000,316.500,316.500,0,0,0.000,0.000,0,,0
N250134_N250132_1,,N250134,N250132,,138.000,0.00000000,0.00956000,311.700,311.700,0,0,0.000,0.000,0,,0
N250133_N250346_1,,N250133,N250346,,138.000,0.00000000,0.01587000,318.500,318.500,0,0,0.000,0.000,0,,0
N250310_N250134_1,,N250310,N250134,,138.000,0.00000000,0.01007000,332.400,332.400,0,0,0.000,0.000,0,,0
N250135_N250373_1,,N250135,N250373,,138.000,0.00000000,0.02191000,288.200,288.200,0,0,0.000,0.000,0,,0
N250136_N250306_1,,N250136,N250306,,138.000,0.00000000,0.02473000,272.200,272.200,0,0,0.000,0.000,0,,0
N250310_N250136_1,,N250310,N250136,,138.000,0.00000000,0.01748000,272.600,272.600,0,0,0.000,0.000,0,,0
N250137_N250311_1,,N250137,N250311,,138.000,0.00000000,0.00220000,311.600,311.600,0,0,0.000,0.000,0,,0
N250138_N250225_1,,N250138,N250225,,138.000,0.00000000,0.01953000,248.800,248.800,0,0,0.000,0.000,0,,0
N250227_N250139_1,,N250227,N250139,,138.000,0.00000000,0.02570000,247.800,247.800,0,0,0.000,0.000,0,,0
N250139_N250253_1,,N250139,N250253,,138.000,0.00000000,0.02715000,253.300,253.300,0,0,0.000,0.000,0,,0
N250140_N250201_1,,N250140,N250201,,138.000,0.00000000,0.00463000,262.700,262.700,0,0,0.000,0.000,0,,0
N250140_N250243_1,,N250140,N250243,,138.000,0.00000000,0.00910000,264.400,264.400,0,0,0.000,0.000,0,,0
N250141_N250195_1,,N250141,N250195,,138.000,0.00000000,0.03736000,293.700,293.700,0,0,0.000,0.000,0,,0
N250141_N250251_1,,N250141,N250251,,138.000,0.00000000,0.01430000,293.200,293.200,0,0,0.000,0.000,0,,0
N250207_N250142_1,,N250207,N250142,,138.000,0.00000000,0.01732000,281.200,281.200,0,0,0.000,0.000,0,,0
N250143_N250227_1,,N250143,N250227,,138.000,0.00000000,0.01254000,282.900,282.900,0,0,0.000,0.000,0,,0
N250143_N250313_1,,N250143,N250313,,138.000,0.00000000,0.02781000,283.000,283.000,0,0,0.000,0.000,0,,0
N250144_N250218_1,,N250144,N250218,,138.000,0.00000000,0.02707000,328.700,328.700,0,0,0.000,0.000,0,,0
N250145_N250198_1,,N250145,N250198,,138.000,0.00000000,0.01956000,307.500,307.500,0,0,0.000,0.000,0,,0
N250146_N250213_1,,N250146,N250213,,138.000,0.00000000,0.01919000,277.200,277.200,0,0,0.000,0.000,0,,0
N250146_N250219_1,,N250146,N250219,,138.000,0.00000000,0.02452000,286.800,286.800,0,0,0.000,0.000,0,,0
N250147_N250155_1,,N250147,N250155,,138.000,0.00000000,0.04609000,204.700,204.700,0,0,0.000,0.000,0,,0
N250147_N250166_1,,N250147,N250166,,138.000,0.00000000,0.05748000,306.400,306.400,0,0,0.000,0.000,0,,0
N250154_N250148_1,,N250154,N250148,,138.000,0.00000000,0.04356000,247.000,247.000,0,0,0.000,0.000,0,,0
N250149_N250151_1,,N250149,N250151,,138.000,0.00000000,0.06260000,285.900,285.900,0,0,0.000,0.000,0,,0
N250167_N250149_1,,N250167,N250149,,138.000,0.00000000,0.03531000,288.800,288.800,0,0,0.000,0.000,0,,0
N250168_N250150_1,,N250168,N250150,,138.000,0.00000000,0.02026000,293.300,293.300,0,0,0.000,0.000,0,,0
N250150_N250269_1,,N250150,N250269,,138.000,0.00000000,0.02096000,294.200,294.200,0,0,0.000,0.000,0,,0
N250151_N250165_1,,N250151,N250165,,138.000,0.00000000,0.04567000,284.500,284.500,0,0,0.000,0.000,0,,0
N250152_N250375_1,,N250152,N250375,,138.000,0.00000000,0.01208000,323.500,323.500,0,0,0.000,0.000,0,,0
N250269_N250153_1,,N250269,N250153,,138.000,0.00000000,0.02444000,281.500,281.500,0,0,0.000,0.000,0,,0
N250270_N250153_1,,N250270,N250153,,138.000,0.00000000,0.03083000,279.800,279.800,0,0,0.000,0.000,0,,0
N250163_N250154_1,,N250163,N250154,,138.000,0.00000000,0.02882000,302.000,302.000,0,0,0.000,0.000,0,,0
N250268_N250154_1,,N250268,N250154,,138.000,0.00000000,0.05311000,296.800,296.800,0,0,0.000,0.000,0,,0
N250156_N250167_1,,N250156,N250167,,138.000,0.00000000,0.03181000,288.500,288.500,0,0,0.000,0.000,0,,0
N250156_N250168_1,,N250156,N250168,,138.000,0.00000000,0.01180000,292.700,292.700,0,0,0.000,0.000,0,,0
N250264_N250156_1,,N250264,N250156,,138.000,0.00000000,0.02636000,296.800,296.800,0,0,0.000,0.000,0,,0
N250160_N250157_1,,N250160,N250157,,138.000,0.00000000,0.02507000,265.000,265.000,0,0,0.000,0.000,0,,0
N250157_N250165_1,,N250157,N250165,,138.000,0.00000000,0.01729000,257.500,257.500,0,0,0.000,0.000,0,,0
N250157_N250264_1,,N250157,N250264,,138.000,0.00000000,0.03061000,271.100,271.100,0,0,0.000,0.000,0,,0
N250158_N250270_1,,N250158,N250270,,138.000,0.00000000,0.02767000,270.200,270.200,0,0,0.000,0.000,0,,0
N250271_N250158_1,,N250271,N250158,,138.000,0.00000000,0.02654000,264.300,264.300,0,0,0.000,0.000,0,,0
N250161_N250159_1,,N250161,N250159,,138.000,0.00000000,0.05159000,262.300,262.300,0,0,0.000,0.000,0,,0
N250159_N250264_1,,N250159,N250264,,138.000,0.00000000,0.01703000,263.700,263.700,0,0,0.000,0.000,0,,0
N250162_N250160_1,,N250162,N250160,,138.000,0.00000000,0.01063000,219.300,219.300,0,0,0.000,0.000,0,,0
N250270_N250166_1,,N250270,N250166,,138.000,0.00000000,0.01516000,306.200,306.200,0,0,0.000,0.000,0,,0
N250175_N250169_1,,N250175,N250169,,138.000,0.00000000,0.02198000,288.200,288.200,0,0,0.000,0.000,0,,0
N250169_N250291_1,,N250169,N250291,,138.000,0.00000000,0.02118000,271.200,271.200,0,0,0.000,0.000,0,,0
N250170_N250189_1,,N250170,N250189,,138.000,0.00000000,0.05378000,262.700,262.700,0,0,0.000,0.000,0,,0
N250185_N250171_1,,N250185,N250171,,138.000,0.00000000,0.01947000,263.100,263.100,0,0,0.000,0.000,0,,0
N250192_N250171_1,,N250192,N250171,,138.000,0.00000000,0.02058000,262.100,262.100,0,0,0.000,0.000,0,,0
N250189_N250172_1,,N250189,N250172,,138.000,0.00000000,0.03236000,341.400,341.400,0,0,0.000,0.000,0,,0
N250172_N250298_1,,N250172,N250298,,138.000,0.00000000,0.02508000,348.500,348.500,0,0,0.000,0.000,0,,0
N250173_N250177_1,,N250173,N250177,,138.000,0.00000000,0.03444000,320.600,320.600,0,0,0.000,0.000,0,,0
N250191_N250173_1,,N250191,N250173,,138.000,0.00000000,0.03198000,324.200,324.200,0,0,0.000,0.000,0,,0
N250174_N250180_1,,N250174,N250180,,138.000,0.00000000,0.02566000,273.100,273.100,0,0,0.000,0.000,0,,0
N250174_N250194_1,,N250174,N250194,,138.000,0.00000000,0.01735000,268.000,268.000,0,0,0.000,0.000,0,,0
N250195_N250174_1,,N250195,N250174,,138.000,0.00000000,0.01322000,295.000,295.000,0,0,0.000,0.000,0,,0
N250295_N250175_1,,N250295,N250175,,138.000,0.00000000,0.00919000,295.700,295.700,0,0,0.000,0.000,0,,0
N250299_N250175_1,,N250299,N250175,,138.000,0.00000000,0.04041000,265.600,265.600,0,0,0.000,0.000,0,,0
N250176_N250178_1,,N250176,N250178,,138.000,0.00000000,0.01954000,266.100,266.100,0,0,0.000,0.000,0,,0
N250176_N250184_1,,N250176,N250184,,138.000,0.00000000,0.00825000,267.900,267.900,0,0,0.000,0.000,0,,0
N250177_N250299_1,,N250177,N250299,,138.000,0.00000000,0.02188000,266.200,266.200,0,0,0.000,0.000,0,,0
N250179_N250185_1,,N250179,N250185,,138.000,0.00000000,0.02726000,252.500,252.500,0,0,0.000,0.000,0,,0
N250179_N250300_1,,N250179,N250300,,138.000,0.00000000,0.00564000,255.900,255.900,0,0,0.000,0.000,0,,0
N250184_N250180_1,,N250184,N250180,,138.000,0.00000000,0.01855000,269.700,269.700,0,0,0.000,0.000,0,,0
N250292_N250180_1,,N250292,N250180,,138.000,0.00000000,0.01052000,314.900,314.900,0,0,0.000,0.000,0,,0
N250181_N250183_1,,N250181,N250183,,138.000,0.00000000,0.04161000,293.700,293.700,0,0,0.000,0.000,0,,0
N250196_N250181_1,,N250196,N250181,,138.000,0.00000000,0.03286000,274.800,274.800,0,0,0.000,0.000,0,,0
N250181_N250310_1,,N250181,N250310,,138.000,0.00000000,0.02695000,290.600,290.600,0,0,0.000,0.000,0,,0
N250183_N250182_1,,N250183,N250182,,138.000,0.00000000,0.02084000,256.700,256.700,0,0,0.000,0.000,0,,0
N250182_N250296_1,,N250182,N250296,,138.000,0.00000000,0.03647000,255.400,255.400,0,0,0.000,0.000,0,,0
N250183_N250187_1,,N250183,N250187,,138.000,0.00000000,0.02244000,292.400,292.400,0,0,0.000,0.000,0,,0
N250288_N250184_1,,N250288,N250184,,138.000,0.00000000,0.00742000,233.500,233.500,0,0,0.000,0.000,0,,0
N250185_N250296_1,,N250185,N250296,,138.000,0.00000000,0.01684000,244.500,244.500,0,0,0.000,0.000,0,,0
N250187_N250186_1,,N250187,N250186,,138.000,0.00000000,0.03881000,268.400,268.400,0,0,0.000,0.000,0,,0
N250186_N250294_1,,N250186,N250294,,138.000,0.00000000,0.01609000,266.300,266.300,0,0,0.000,0.000,0,,0
N250336_N250187_1,,N250336,N250187,,138.000,0.00000000,0.02242000,288.200,288.200,0,0,0.000,0.000,0,,0
N250192_N250188_1,,N250192,N250188,,138.000,0.00000000,0.02895000,262.100,262.100,0,0,0.000,0.000,0,,0
N250189_N250318_1,,N250189,N250318,,138.000,0.00000000,0.02758000,352.100,352.100,0,0,0.000,0.000,0,,0
N250190_N250295_1,,N250190,N250295,,138.000,0.00000000,0.01269000,305.100,305.100,0,0,0.000,0.000,0,,0
N250298_N250190_1,,N250298,N250190,,138.000,0.00000000,0.01810000,305.500,305.500,0,0,0.000,0.000,0,,0
N250191_N250193_1,,N250191,N250193,,138.000,0.00000000,0.01263000,325.100,325.100,0,0,0.000,0.000,0,,0
N250194_N250288_1,,N250194,N250288,,138.000,0.00000000,0.05543000,243.100,243.100,0,0,0.000,0.000,0,,0
N250197_N250208_1,,N250197,N250208,,138.000,0.00000000,0.00482000,339.400,339.400,0,0,0.000,0.000,0,,0
N250260_N250197_1,,N250260,N250197,,138.000,0.00000000,0.01179000,333.800,333.800,0,0,0.000,0.000,0,,0
N250222_N250199_1,,N250222,N250199,,138.000,0.00000000,0.00560000,328.900,328.900,0,0,0.000,0.000,0,,0
N250224_N250199_1,,N250224,N250199,,138.000,0.00000000,0.01754000,338.200,338.200,0,0,0.000,0.000,0,,0
N250224_N250200_1,,N250224,N250200,,138.000,0.00000000,0.00913000,315.100,315.100,0,0,0.000,0.000,0,,0
N250200_N250238_1,,N250200,N250238,,138.000,0.00000000,0.01851000,305.000,305.000,0,0,0.000,0.000,0,,0
N250254_N250201_1,,N250254,N250201,,138.000,0.00000000,0.01244000,319.700,319.700,0,0,0.000,0.000,0,,0
N250259_N250202_1,,N250259,N250202,,138.000,0.00000000,0.00445000,280.500,280.500,0,0,0.000,0.000,0,,0
N250203_N250224_1,,N250203,N250224,,138.000,0.00000000,0.01199000,260.900,260.900,0,0,0.000,0.000,0,,0
N250206_N250213_1,,N250206,N250213,,138.000,0.00000000,0.00272000,308.100,308.100,0,0,0.000,0.000,0,,0
N250215_N250206_1,,N250215,N250206,,138.000,0.00000000,0.01165000,315.400,315.400,0,0,0.000,0.000,0,,0
N250208_N250224_1,,N250208,N250224,,138.000,0.00000000,0.00849000,345.900,345.900,0,0,0.000,0.000,0,,0
N250253_N250209_1,,N250253,N250209,,138.000,0.00000000,0.03244000,308.400,308.400,0,0,0.000,0.000,0,,0
N250258_N250210_1,,N250258,N250210,,138.000,0.00000000,0.00803000,308.400,308.400,0,0,0.000,0.000,0,,0
N250231_N250211_1,,N250231,N250211,,138.000,0.00000000,0.02037000,257.900,257.900,0,0,0.000,0.000,0,,0
N250212_N250258_1,,N250212,N250258,,138.000,0.00000000,0.01118000,317.800,317.800,0,0,0.000,0.000,0,,0
N250213_N250242_1,,N250213,N250242,,138.000,0.00000000,0.02016000,288.100,288.100,0,0,0.000,0.000,0,,0
N250214_N250222_1,,N250214,N250222,,138.000,0.00000000,0.01466000,287.700,287.700,0,0,0.000,0.000,0,,0
N250224_N250215_1,,N250224,N250215,,138.000,0.00000000,0.00554000,334.400,334.400,0,0,0.000,0.000,0,,0
N250216_N250238_1,,N250216,N250238,,138.000,0.00000000,0.01707000,301.600,301.600,0,0,0.000,0.000,0,,0
N250357_N250217_1,,N250357,N250217,,345.000,0.00000000,0.00959000,1216.500,1216.500,0,1,0.000,0.000,0,,0
N250361_N250217_1,,N250361,N250217,,345.000,0.00000000,0.00979000,1137.500,1137.500,0,1,0.000,0.000,0,,0
N250218_N250229_1,,N250218,N250229,,138.000,0.00000000,0.00745000,223.900,223.900,0,0,0.000,0.000,0,,0
N250254_N250218_1,,N250254,N250218,,138.000,0.00000000,0.00899000,323.600,323.600,0,0,0.000,0.000,0,,0
N250219_N250273_1,,N250219,N250273,,138.000,0.00000000,0.19482000,230.100,230.100,0,0,0.000,0.000,0,,0
N250220_N250259_1,,N250220,N250259,,138.000,0.00000000,0.00927000,273.400,273.400,0,0,0.000,0.000,0,,0
N250220_N250260_1,,N250220,N250260,,138.000,0.00000000,0.00743000,276.800,276.800,0,0,0.000,0.000,0,,0
N250222_N250221_1,,N250222,N250221,,138.000,0.00000000,0.00683000,328.100,328.100,0,0,0.000,0.000,0,,0
N250221_N250240_1,,N250221,N250240,,138.000,0.00000000,0.00657000,310.900,310.900,0,0,0.000,0.000,0,,0
N250233_N250223_1,,N250233,N250223,,345.000,0.00000000,0.02000000,1100.000,1100.000,0,1,0.000,0.000,0,,0
N250223_N250328_1,,N250223,N250328,,345.000,0.00000000,0.02370000,1146.000,1146.000,0,1,0.000,0.000,0,,0
N250357_N250223_1,,N250357,N250223,,345.000,0.00000000,0.02217000,1875.400,1875.400,0,1,0.000,0.000,0,,0
N250252_N250225_1,,N250252,N250225,,138.000,0.00000000,0.01605000,242.100,242.100,0,0,0.000,0.000,0,,0
N250240_N250226_1,,N250240,N250226,,138.000,0.00000000,0.00632000,338.800,338.800,0,0,0.000,0.000,0,,0
N250226_N250250_1,,N250226,N250250,,138.000,0.00000000,0.02257000,339.100,339.100,0,0,0.000,0.000,0,,0
N250249_N250230_1,,N250249,N250230,,138.000,0.00000000,0.00982000,250.200,250.200,0,0,0.000,0.000,0,,0
N250230_N250252_1,,N250230,N250252,,138.000,0.00000000,0.01206000,234.200,234.200,0,0,0.000,0.000,0,,0
N250234_N250232_1,,N250234,N250232,,138.000,0.00000000,0.01292000,302.400,302.400,0,0,0.000,0.000,0,,0
N250237_N250261_1,,N250237,N250261,,138.000,0.00000000,0.00795000,275.000,275.000,0,0,0.000,0.000,0,,0
N250241_N250239_1,,N250241,N250239,,138.000,0.00000000,0.01079000,285.500,285.500,0,0,0.000,0.000,0,,0
N250247_N250239_1,,N250247,N250239,,138.000,0.00000000,0.01052000,278.600,278.600,0,0,0.000,0.000,0,,0
N250240_N250241_1,,N250240,N250241,,138.000,0.00000000,0.01054000,314.500,314.500,0,0,0.000,0.000,0,,0
N250241_N250248_1,,N250241,N250248,,138.000,0.00000000,0.01325000,275.400,275.400,0,0,0.000,0.000,0,,0
N250260_N250241_1,,N250260,N250241,,138.000,0.00000000,0.01114000,308.400,308.400,0,0,0.000,0.000,0,,0
N250244_N250245_1,,N250244,N250245,,138.000,0.00000000,0.01038000,259.700,259.700,0,0,0.000,0.000,0,,0
N250244_N250247_1,,N250244,N250247,,138.000,0.00000000,0.01326000,256.200,256.200,0,0,0.000,0.000,0,,0
N250245_N250249_1,,N250245,N250249,,138.000,0.00000000,0.03166000,247.500,247.500,0,0,0.000,0.000,0,,0
N250248_N250249_1,,N250248,N250249,,138.000,0.00000000,0.01340000,267.900,267.900,0,0,0.000,0.000,0,,0
N250251_N250250_1,,N250251,N250250,,138.000,0.00000000,0.01218000,344.400,344.400,0,0,0.000,0.000,0,,0
N250255_N250323_1,,N250255,N250323,,138.000,0.00000000,0.05486000,258.300,258.300,0,0,0.000,0.000,0,,0
N250256_N250317_1,,N250256,N250317,,138.000,0.00000000,0.00702000,244.300,244.300,0,0,0.000,0.000,0,,0
N250257_N250345_1,,N250257,N250345,,345.000,0.00000000,0.01084000,1091.700,1091.700,0,1,0.000,0.000,0,,0
N250257_N250366_1,,N250257,N250366,,345.000,0.00000000,0.02000000,1400.000,1400.000,0,1,0.000,0.000,0,,0
N250262_N250277_1,,N250262,N250277,,138.000,0.00000000,0.01538000,231.500,231.500,0,0,0.000,0.000,0,,0
N250268_N250263_1,,N250268,N250263,,138.000,0.00000000,0.01025000,300.700,300.700,0,0,0.000,0.000,0,,0
N250263_N250375_1,,N250263,N250375,,138.000,0.00000000,0.01995000,307.300,307.300,0,0,0.000,0.000,0,,0
N250275_N250265_1,,N250275,N250265,,138.000,0.00000000,0.01377000,275.000,275.000,0,0,0.000,0.000,0,,0
N250266_N250275_1,,N250266,N250275,,138.000,0.00000000,0.01270000,283.200,283.200,0,0,0.000,0.000,0,,0
N250375_N250269_1,,N250375,N250269,,138.000,0.00000000,0.01636000,302.200,302.200,0,0,0.000,0.000,0,,0
N250277_N250284_1,,N250277,N250284,,138.000,0.00000000,0.01891000,270.800,270.800,0,0,0.000,0.000,0,,0
N250278_N250289_1,,N250278,N250289,,138.000,0.00000000,0.00863000,284.800,284.800,0,0,0.000,0.000,0,,0
N250282_N250337_1,,N250282,N250337,,138.000,0.00000000,0.01238000,279.400,279.400,0,0,0.000,0.000,0,,0
N250292_N250291_1,,N250292,N250291,,138.000,0.00000000,0.01192000,272.500,272.500,0,0,0.000,0.000,0,,0
N250292_N250298_1,,N250292,N250298,,138.000,0.00000000,0.01290000,334.500,334.500,0,0,0.000,0.000,0,,0
N250300_N250294_1,,N250300,N250294,,138.000,0.00000000,0.03762000,286.000,286.000,0,0,0.000,0.000,0,,0
N250303_N250301_1,,N250303,N250301,,138.000,0.00000000,0.00259000,276.500,276.500,0,0,0.000,0.000,0,,0
N250303_N250308_1,,N250303,N250308,,138.000,0.00000000,0.00764000,310.500,310.500,0,0,0.000,0.000,0,,0
N250314_N250303_1,,N250314,N250303,,138.000,0.00000000,0.01153000,286.800,286.800,0,0,0.000,0.000,0,,0
N250308_N250307_1,,N250308,N250307,,138.000,0.00000000,0.00513000,289.700,289.700,0,0,0.000,0.000,0,,0
N250346_N250309_1,,N250346,N250309,,138.000,0.00000000,0.00715000,337.900,337.900,0,0,0.000,0.000,0,,0
N250316_N250315_1,,N250316,N250315,,138.000,0.00000000,0.02583000,288.700,288.700,0,0,0.000,0.000,0,,0
N250353_N250318_1,,N250353,N250318,,138.000,0.00000000,0.00796000,359.500,359.500,0,0,0.000,0.000,0,,0
N250321_N250319_1,,N250321,N250319,,138.000,0.00000000,0.02696000,245.500,245.500,0,0,0.000,0.000,0,,0
N250329_N250320_1,,N250329,N250320,,138.000,0.00000000,0.00543000,304.500,304.500,0,0,0.000,0.000,0,,0
N250324_N250330_1,,N250324,N250330,,138.000,0.00000000,0.02026000,248.100,248.100,0,0,0.000,0.000,0,,0
N250325_N250330_1,,N250325,N250330,,138.000,0.00000000,0.01695000,308.600,308.600,0,0,0.000,0.000,0,,0
N250326_N250330_1,,N250326,N250330,,138.000,0.00000000,0.02830000,292.700,292.700,0,0,0.000,0.000,0,,0
N250328_N250352_1,,N250328,N250352,,345.000,0.00000000,0.00809000,1218.900,1218.900,0,1,0.000,0.000,0,,0
N250331_N250341_1,,N250331,N250341,,138.000,0.00000000,0.00965000,296.000,296.000,0,0,0.000,0.000,0,,0
N250332_N250333_1,,N250332,N250333,,138.000,0.00000000,0.01084000,221.200,221.200,0,0,0.000,0.000,0,,0
N250333_N250341_1,,N250333,N250341,,138.000,0.00000000,0.00764000,229.700,229.700,0,0,0.000,0.000,0,,0
N250339_N250334_1,,N250339,N250334,,138.000,0.00000000,0.01163000,311.000,311.000,0,0,0.000,0.000,0,,0
N250334_N250340_1,,N250334,N250340,,138.000,0.00000000,0.00425000,278.800,278.800,0,0,0.000,0.000,0,,0
N250343_N250334_1,,N250343,N250334,,138.000,0.00000000,0.00837000,329.100,329.100,0,0,0.000,0.000,0,,0
N250344_N250335_1,,N250344,N250335,,138.000,0.00000000,0.00456000,221.500,221.500,0,0,0.000,0.000,0,,0
N250341_N250343_1,,N250341,N250343,,138.000,0.00000000,0.00388000,311.300,311.300,0,0,0.000,0.000,0,,0
N250344_N250341_1,,N250344,N250341,,138.000,0.00000000,0.00754000,234.200,234.200,0,0,0.000,0.000,0,,0
N250345_N250361_1,,N250345,N250361,,345.000,0.00000000,0.01401000,1160.900,1160.900,0,1,0.000,0.000,0,,0
N250366_N250352_1,,N250366,N250352,,345.000,0.00000000,0.00858000,1232.600,1232.600,0,1,0.000,0.000,0,,0
N260002_N260001_1,,N260002,N260001,,138.000,0.00000000,0.02751000,275.700,275.700,0,0,0.000,0.000,0,,0
N260001_N260003_1,,N260001,N260003,,138.000,0.00000000,0.02643000,295.100,295.100,0,0,0.000,0.000,0,,0
N260006_N260001_1,,N260006,N260001,,138.000,0.00000000,0.02799000,273.000,273.000,0,0,0.000,0.000,0,,0
N260001_N260012_1,,N260001,N260012,,138.000,0.00000000,0.03905000,289.000,289.000,0,0,0.000,0.000,0,,0
N260001_N260186_1,,N260001,N260186,,138.000,0.00000000,0.01316000,297.900,297.900,0,0,0.000,0.000,0,,0
N260010_N260003_1,,N260010,N260003,,138.000,0.00000000,0.02125000,308.700,308.700,0,0,0.000,0.000,0,,0
N260010_N260003_2,,N260010,N260003,,138.000,0.00000000,0.02125000,308.700,308.700,0,0,0.000,0.000,0,,0
N260003_N260012_1,,N260003,N260012,,138.000,0.00000000,0.02891000,260.500,260.500,0,0,0.000,0.000,0,,0
N260003_N260016_1,,N260003,N260016,,138.000,0.00000000,0.05842000,309.700,309.700,0,0,0.000,0.000,0,,0
N260186_N260003_1,,N260186,N260003,,138.000,0.00000000,0.02044000,329.600,329.600,0,0,0.000,0.000,0,,0
N260186_N260003_2,,N260186,N260003,,138.000,0.00000000,0.02044000,329.600,329.600,0,0,0.000,0.000,0,,0
N260019_N260004_1,,N260019,N260004,,138.000,0.00000000,0.03282000,272.500,272.500,0,0,0.000,0.000,0,,0
N260187_N260004_1,,N260187,N260004,,138.000,0.00000000,0.01496000,273.600,273.600,0,0,0.000,0.000,0,,0
N260005_N260007_1,,N260005,N260007,,138.000,0.00000000,0.02518000,285.300,285.300,0,0,0.000,0.000,0,,0
N260006_N260019_1,,N260006,N260019,,138.000,0.00000000,0.03571000,294.500,294.500,0,0,0.000,0.000,0,,0
N260006_N260187_1,,N260006,N260187,,138.000,0.00000000,0.01970000,275.200,275.200,0,0,0.000,0.000,0,,0
N260010_N260007_1,,N260010,N260007,,138.000,0.00000000,0.03402000,311.500,311.500,0,0,0.000,0.000,0,,0
N260010_N260007_2,,N260010,N260007,,138.000,0.00000000,0.03402000,311.500,311.500,0,0,0.000,0.000,0,,0
N260186_N260007_1,,N260186,N260007,,138.000,0.00000000,0.02663000,277.600,277.600,0,0,0.000,0.000,0,,0
N260008_N260011_1,,N260008,N260011,,138.000,0.00000000,0.03943000,257.400,257.400,0,0,0.000,0.000,0,,0
N260009_N260020_1,,N260009,N260020,,138.000,0.00000000,0.02902000,190.600,190.600,0,0,0.000,0.000,0,,0
N260188_N260009_1,,N260188,N260009,,138.000,0.00000000,0.01569000,252.500,252.500,0,0,0.000,0.000,0,,0
N260010_N260017_1,,N260010,N260017,,138.000,0.00000000,0.00872000,272.100,272.100,0,0,0.000,0.000,0,,0
N260199_N260010_1,,N260199,N260010,,138.000,0.00000000,0.02832000,322.200,322.200,0,0,0.000,0.000,0,,0
N260012_N260016_1,,N260012,N260016,,138.000,0.00000000,0.02958000,333.600,333.600,0,0,0.000,0.000,0,,0
N260186_N260012_1,,N260186,N260012,,138.000,0.00000000,0.03299000,315.000,315.000,0,0,0.000,0.000,0,,0
N260186_N260012_2,,N260186,N260012,,138.000,0.00000000,0.03299000,315.000,315.000,0,0,0.000,0.000,0,,0
N260013_N260195_1,,N260013,N260195,,138.000,0.00000000,0.01705000,251.100,251.100,0,0,0.000,0.000,0,,0
N260013_N260200_1,,N260013,N260200,,138.000,0.00000000,0.02588000,253.100,253.100,0,0,0.000,0.000,0,,0
N260064_N260014_1,,N260064,N260014,,138.000,0.00000000,0.02680000,266.400,266.400,0,0,0.000,0.000,0,,0
N260194_N260014_1,,N260194,N260014,,138.000,0.00000000,0.00629000,268.000,268.000,0,0,0.000,0.000,0,,0
N260015_N260197_1,,N260015,N260197,,138.000,0.00000000,0.01348000,279.100,279.100,0,0,0.000,0.000,0,,0
N260016_N260019_1,,N260016,N260019,,138.000,0.00000000,0.03176000,310.200,310.200,0,0,0.000,0.000,0,,0
N260192_N260016_1,,N260192,N260016,,138.000,0.00000000,0.02280000,324.300,324.300,0,0,0.000,0.000,0,,0
N260018_N260198_1,,N260018,N260198,,138.000,0.00000000,0.03910000,245.600,245.600,0,0,0.000,0.000,0,,0
N260019_N260186_1,,N260019,N260186,,138.000,0.00000000,0.03872000,328.600,328.600,0,0,0.000,0.000,0,,0
N260023_N260026_1,,N260023,N260026,,69.000,0.00000000,0.02584000,129.200,129.200,0,0,0.000,0.000,0,,0
N260023_N260180_1,,N260023,N260180,,69.000,0.00000000,0.10552000,118.900,118.900,0,0,0.000,0.000,0,,0
N260026_N260025_1,,N260026,N260025,,69.000,0.00000000,0.01541000,112.400,112.400,0,0,0.000,0.000,0,,0
N260028_N260027_1,,N260028,N260027,,69.000,0.00000000,0.01759000,138.300,138.300,0,0,0.000,0.000,0,,0
N260167_N260028_1,,N260167,N260028,,69.000,0.00000000,0.01456000,132.400,132.400,0,0,0.000,0.000,0,,0
N260032_N260029_1,,N260032,N260029,,69.000,0.00000000,0.03562000,126.700,126.700,0,0,0.000,0.000,0,,0
N260029_N260085_1,,N260029,N260085,,69.000,0.00000000,0.03326000,136.700,136.700,0,0,0.000,0.000,0,,0
N260032_N260030_1,,N260032,N260030,,69.000,0.00000000,0.03004000,136.500,136.500,0,0,0.000,0.000,0,,0
N260030_N260034_1,,N260030,N260034,,69.000,0.00000000,0.02238000,136.000,136.000,0,0,0.000,0.000,0,,0
N260045_N260030_1,,N260045,N260030,,69.000,0.00000000,0.03288000,148.000,148.000,0,0,0.000,0.000,0,,0
N260045_N260030_2,,N260045,N260030,,69.000,0.00000000,0.03288000,148.000,148.000,0,0,0.000,0.000,0,,0
N260030_N260046_1,,N260030,N260046,,69.000,0.00000000,0.02523000,133.900,133.900,0,0,0.000,0.000,0,,0
N260039_N260031_1,,N260039,N260031,,69.000,0.00000000,0.01562000,134.900,134.900,0,0,0.000,0.000,0,,0
N260060_N260031_1,,N260060,N260031,,69.000,0.00000000,0.02405000,119.700,119.700,0,0,0.000,0.000,0,,0
N260043_N260032_1,,N260043,N260032,,69.000,0.00000000,0.01284000,130.100,130.100,0,0,0.000,0.000,0,,0
N260033_N260035_1,,N260033,N260035,,138.000,0.00000000,0.00808000,289.700,289.700,0,0,0.000,0.000,0,,0
N260038_N260033_1,,N260038,N260033,,138.000,0.00000000,0.01486000,259.600,259.600,0,0,0.000,0.000,0,,0
N260044_N260033_1,,N260044,N260033,,138.000,0.00000000,0.01349000,288.500,288.500,0,0,0.000,0.000,0,,0
N260034_N260037_1,,N260034,N260037,,69.000,0.00000000,0.04560000,155.900,155.900,0,0,0.000,0.000,0,,0
N260034_N260037_2,,N260034,N260037,,69.000,0.00000000,0.04560000,155.900,155.900,0,0,0.000,0.000,0,,0
N260034_N260045_1,,N260034,N260045,,69.000,0.00000000,0.08456000,122.300,122.300,0,0,0.000,0.000,0,,0
N260034_N260046_1,,N260034,N260046,,69.000,0.00000000,0.02916000,116.900,116.900,0,0,0.000,0.000,0,,0
N260035_N260049_1,,N260035,N260049,,138.000,0.00000000,0.01126000,448.900,448.900,0,0,0.000,0.000,0,,0
N260035_N260049_2,,N260035,N260049,,138.000,0.00000000,0.01126000,448.900,448.900,0,0,0.000,0.000,0,,0
N260036_N260060_1,,N260036,N260060,,69.000,0.00000000,0.02911000,114.200,114.200,0,0,0.000,0.000,0,,0
N260037_N260052_1,,N260037,N260052,,69.000,0.00000000,0.08214000,111.900,111.900,0,0,0.000,0.000,0,,0
N260054_N260037_1,,N260054,N260037,,69.000,0.00000000,0.01937000,142.500,142.500,0,0,0.000,0.000,0,,0
N260038_N260173_1,,N260038,N260173,,138.000,0.00000000,0.01226000,259.500,259.500,0,0,0.000,0.000,0,,0
N260039_N260046_1,,N260039,N260046,,69.000,0.00000000,0.02886000,126.500,126.500,0,0,0.000,0.000,0,,0
N260183_N260039_1,,N260183,N260039,,69.000,0.00000000,0.01396000,178.800,178.800,0,0,0.000,0.000,0,,0
N260175_N260042_1,,N260175,N260042,,138.000,0.00000000,0.00855000,296.400,296.400,0,0,0.000,0.000,0,,0
N260042_N260189_1,,N260042,N260189,,138.000,0.00000000,0.03854000,303.200,303.200,0,0,0.000,0.000,0,,0
N260042_N260189_2,,N260042,N260189,,138.000,0.00000000,0.03854000,303.200,303.200,0,0,0.000,0.000,0,,0
N260220_N260047_1,,N260220,N260047,,138.000,0.00000000,0.00858000,288.400,288.400,0,0,0.000,0.000,0,,0
N260220_N260047_2,,N260220,N260047,,138.000,0.00000000,0.00858000,288.400,288.400,0,0,0.000,0.000,0,,0
N260048_N260057_1,,N260048,N260057,,69.000,0.00000000,0.00791000,156.400,156.400,0,0,0.000,0.000,0,,0
N260048_N260057_2,,N260048,N260057,,69.000,0.00000000,0.00791000,156.400,156.400,0,0,0.000,0.000,0,,0
N260051_N260050_1,,N260051,N260050,,69.000,0.00000000,0.03035000,141.500,141.500,0,0,0.000,0.000,0,,0
N260051_N260057_1,,N260051,N260057,,69.000,0.00000000,0.01152000,146.000,146.000,0,0,0.000,0.000,0,,0
N260052_N260055_1,,N260052,N260055,,69.000,0.00000000,0.02841000,98.400,98.400,0,0,0.000,0.000,0,,0
N260053_N260058_1,,N260053,N260058,,69.000,0.00000000,0.01833000,105.400,105.400,0,0,0.000,0.000,0,,0
N260171_N260053_1,,N260171,N260053,,69.000,0.00000000,0.00940000,178.900,178.900,0,0,0.000,0.000,0,,0
N260171_N260053_2,,N260171,N260053,,69.000,0.00000000,0.00941000,178.800,178.800,0,0,0.000,0.000,0,,0
N260054_N260055_1,,N260054,N260055,,69.000,0.00000000,0.04705000,117.200,117.200,0,0,0.000,0.000,0,,0
N260054_N260056_1,,N260054,N260056,,69.000,0.00000000,0.05330000,112.000,112.000,0,0,0.000,0.000,0,,0
N260056_N260055_1,,N260056,N260055,,69.000,0.00000000,0.03225000,93.800,93.800,0,0,0.000,0.000,0,,0
N260058_N260059_1,,N260058,N260059,,69.000,0.00000000,0.01804000,122.100,122.100,0,0,0.000,0.000,0,,0
N260059_N260140_1,,N260059,N260140,,69.000,0.00000000,0.04350000,121.700,121.700,0,0,0.000,0.000,0,,0
N260059_N260147_1,,N260059,N260147,,69.000,0.00000000,0.03654000,101.800,101.800,0,0,0.000,0.000,0,,0
N260061_N260066_1,,N260061,N260066,,69.000,0.00000000,0.04883000,109.600,109.600,0,0,0.000,0.000,0,,0
N260062_N260073_1,,N260062,N260073,,138.000,0.00000000,0.01374000,260.600,260.600,0,0,0.000,0.000,0,,0
N260063_N260074_1,,N260063,N260074,,69.000,0.00000000,0.02663000,113.900,113.900,0,0,0.000,0.000,0,,0
N260063_N260075_1,,N260063,N260075,,69.000,0.00000000,0.01513000,91.300,91.300,0,0,0.000,0.000,0,,0
N260076_N260064_1,,N260076,N260064,,138.000,0.00000000,0.01190000,254.200,254.200,0,0,0.000,0.000,0,,0
N260064_N260133_1,,N260064,N260133,,138.000,0.00000000,0.02218000,257.500,257.500,0,0,0.000,0.000,0,,0
N260065_N260077_1,,N260065,N260077,,69.000,0.00000000,0.02134000,125.900,125.900,0,0,0.000,0.000,0,,0
N260065_N260083_1,,N260065,N260083,,69.000,0.00000000,0.03666000,124.900,124.900,0,0,0.000,0.000,0,,0
N260065_N260136_1,,N260065,N260136,,69.000,0.00000000,0.03794000,111.900,111.900,0,0,0.000,0.000,0,,0
N260074_N260066_1,,N260074,N260066,,69.000,0.00000000,0.02381000,153.200,153.200,0,0,0.000,0.000,0,,0
N260074_N260066_2,,N260074,N260066,,69.000,0.00000000,0.02381000,153.200,153.200,0,0,0.000,0.000,0,,0
N260066_N260081_1,,N260066,N260081,,69.000,0.00000000,0.01444000,160.800,160.800,0,0,0.000,0.000,0,,0
N260066_N260081_2,,N260066,N260081,,69.000,0.00000000,0.01444000,160.800,160.800,0,0,0.000,0.000,0,,0
N260066_N260172_1,,N260066,N260172,,69.000,0.00000000,0.01761000,129.200,129.200,0,0,0.000,0.000,0,,0
N260081_N260067_1,,N260081,N260067,,69.000,0.00000000,0.01262000,110.000,110.000,0,0,0.000,0.000,0,,0
N260081_N260067_2,,N260081,N260067,,69.000,0.00000000,0.01262000,110.000,110.000,0,0,0.000,0.000,0,,0
N260068_N260074_1,,N260068,N260074,,69.000,0.00000000,0.01689000,117.600,117.600,0,0,0.000,0.000,0,,0
N260083_N260068_1,,N260083,N260068,,69.000,0.00000000,0.02036000,133.100,133.100,0,0,0.000,0.000,0,,0
N260069_N260078_1,,N260069,N260078,,69.000,0.00000000,0.01636000,152.500,152.500,0,0,0.000,0.000,0,,0
N260069_N260078_2,,N260069,N260078,,69.000,0.00000000,0.01636000,152.500,152.500,0,0,0.000,0.000,0,,0
N260129_N260069_1,,N260129,N260069,,69.000,0.00000000,0.03004000,156.700,156.700,0,0,0.000,0.000,0,,0
N260129_N260069_2,,N260129,N260069,,69.000,0.00000000,0.03004000,156.700,156.700,0,0,0.000,0.000,0,,0
N260070_N260078_1,,N260070,N260078,,69.000,0.00000000,0.01224000,145.900,145.900,0,0,0.000,0.000,0,,0
N260070_N260078_2,,N260070,N260078,,69.000,0.00000000,0.01224000,145.900,145.900,0,0,0.000,0.000,0,,0
N260070_N260085_1,,N260070,N260085,,69.000,0.00000000,0.05469000,129.600,129.600,0,0,0.000,0.000,0,,0
N260071_N260078_1,,N260071,N260078,,69.000,0.00000000,0.00937000,132.400,132.400,0,0,0.000,0.000,0,,0
N260079_N260071_1,,N260079,N260071,,69.000,0.00000000,0.02153000,137.500,137.500,0,0,0.000,0.000,0,,0
N260071_N260127_1,,N260071,N260127,,69.000,0.00000000,0.09349000,126.000,126.000,0,0,0.000,0.000,0,,0
N260083_N260072_1,,N260083,N260072,,69.000,0.00000000,0.04244000,124.700,124.700,0,0,0.000,0.000,0,,0
N260073_N260076_1,,N260073,N260076,,138.000,0.00000000,0.01366000,273.100,273.100,0,0,0.000,0.000,0,,0
N260073_N260128_1,,N260073,N260128,,138.000,0.00000000,0.01901000,286.300,286.300,0,0,0.000,0.000,0,,0
N260075_N260079_1,,N260075,N260079,,69.000,0.00000000,0.04563000,105.700,105.700,0,0,0.000,0.000,0,,0
N260076_N260133_1,,N260076,N260133,,138.000,0.00000000,0.02400000,260.900,260.900,0,0,0.000,0.000,0,,0
N260077_N260079_1,,N260077,N260079,,69.000,0.00000000,0.02436000,139.100,139.100,0,0,0.000,0.000,0,,0
N260080_N260134_1,,N260080,N260134,,69.000,0.00000000,0.04812000,119.200,119.200,0,0,0.000,0.000,0,,0
N260136_N260080_1,,N260136,N260080,,69.000,0.00000000,0.00795000,102.000,102.000,0,0,0.000,0.000,0,,0
N260170_N260081_1,,N260170,N260081,,69.000,0.00000000,0.02257000,154.400,154.400,0,0,0.000,0.000,0,,0
N260082_N260170_1,,N260082,N260170,,69.000,0.00000000,0.02413000,113.900,113.900,0,0,0.000,0.000,0,,0
N260082_N260178_1,,N260082,N260178,,69.000,0.00000000,0.02329000,105.100,105.100,0,0,0.000,0.000,0,,0
N260085_N260125_1,,N260085,N260125,,69.000,0.00000000,0.04230000,123.500,123.500,0,0,0.000,0.000,0,,0
N260087_N260086_1,,N260087,N260086,,69.000,0.00000000,0.03159000,116.500,116.500,0,0,0.000,0.000,0,,0
N260142_N260086_1,,N260142,N260086,,69.000,0.00000000,0.01176000,144.300,144.300,0,0,0.000,0.000,0,,0
N260090_N260088_1,,N260090,N260088,,138.000,0.00000000,0.02238000,294.200,294.200,0,0,0.000,0.000,0,,0
N260133_N260088_1,,N260133,N260088,,138.000,0.00000000,0.03082000,283.900,283.900,0,0,0.000,0.000,0,,0
N260095_N260089_1,,N260095,N260089,,69.000,0.00000000,0.04485000,129.900,129.900,0,0,0.000,0.000,0,,0
N260089_N260098_1,,N260089,N260098,,69.000,0.00000000,0.02275000,118.800,118.800,0,0,0.000,0.000,0,,0
N260089_N260132_1,,N260089,N260132,,69.000,0.00000000,0.06397000,117.800,117.800,0,0,0.000,0.000,0,,0
N260091_N260095_1,,N260091,N260095,,69.000,0.00000000,0.05061000,118.600,118.600,0,0,0.000,0.000,0,,0
N260096_N260091_1,,N260096,N260091,,69.000,0.00000000,0.03057000,104.100,104.100,0,0,0.000,0.000,0,,0
N260097_N260091_1,,N260097,N260091,,69.000,0.00000000,0.06712000,97.700,97.700,0,0,0.000,0.000,0,,0
N260193_N260092_1,,N260193,N260092,,138.000,0.00000000,0.01481000,239.500,239.500,0,0,0.000,0.000,0,,0
N260093_N260135_1,,N260093,N260135,,69.000,0.00000000,0.07011000,108.600,108.600,0,0,0.000,0.000,0,,0
N260094_N260095_1,,N260094,N260095,,69.000,0.00000000,0.06805000,83.500,83.500,0,0,0.000,0.000,0,,0
N260097_N260094_1,,N260097,N260094,,69.000,0.00000000,0.04758000,95.500,95.500,0,0,0.000,0.000,0,,0
N260094_N260098_1,,N260094,N260098,,69.000,0.00000000,0.10417000,100.500,100.500,0,0,0.000,0.000,0,,0
N260096_N260095_1,,N260096,N260095,,69.000,0.00000000,0.07568000,104.600,104.600,0,0,0.000,0.000,0,,0
N260098_N260132_1,,N260098,N260132,,69.000,0.00000000,0.06283000,104.600,104.600,0,0,0.000,0.000,0,,0
N260102_N260099_1,,N260102,N260099,,69.000,0.00000000,0.02374000,156.900,156.900,0,0,0.000,0.000,0,,0
N260104_N260099_1,,N260104,N260099,,69.000,0.00000000,0.01406000,147.300,147.300,0,0,0.000,0.000,0,,0
N260104_N260100_1,,N260104,N260100,,69.000,0.00000000,0.01501000,136.100,136.100,0,0,0.000,0.000,0,,0
N260101_N260159_1,,N260101,N260159,,69.000,0.00000000,0.02445000,131.200,131.200,0,0,0.000,0.000,0,,0
N260101_N260160_1,,N260101,N260160,,69.000,0.00000000,0.03944000,127.200,127.200,0,0,0.000,0.000,0,,0
N260159_N260102_1,,N260159,N260102,,69.000,0.00000000,0.03424000,145.900,145.900,0,0,0.000,0.000,0,,0
N260106_N260103_1,,N260106,N260103,,138.000,0.00000000,0.01391000,397.300,397.300,0,0,0.000,0.000,0,,0
N260106_N260103_2,,N260106,N260103,,138.000,0.00000000,0.01391000,397.300,397.300,0,0,0.000,0.000,0,,0
N260214_N260103_1,,N260214,N260103,,138.000,0.00000000,0.00874000,302.100,302.100,0,0,0.000,0.000,0,,0
N260214_N260103_2,,N260214,N260103,,138.000,0.00000000,0.00874000,302.100,302.100,0,0,0.000,0.000,0,,0
N260137_N260105_1,,N260137,N260105,,345.000,0.00000000,0.00596000,1360.800,1360.800,0,1,0.000,0.000,0,,0
N260137_N260105_2,,N260137,N260105,,345.000,0.00000000,0.00596000,1360.800,1360.800,0,1,0.000,0.000,0,,0
N260108_N260106_1,,N260108,N260106,,138.000,0.00000000,0.01204000,294.100,294.100,0,0,0.000,0.000,0,,0
N260108_N260106_2,,N260108,N260106,,138.000,0.00000000,0.01204000,294.100,294.100,0,0,0.000,0.000,0,,0
N260109_N260107_1,,N260109,N260107,,69.000,0.00000000,0.03010000,141.200,141.200,0,0,0.000,0.000,0,,0
N260116_N260108_1,,N260116,N260108,,138.000,0.00000000,0.00889000,294.200,294.200,0,0,0.000,0.000,0,,0
N260116_N260108_2,,N260116,N260108,,138.000,0.00000000,0.00889000,294.200,294.200,0,0,0.000,0.000,0,,0
N260115_N260109_1,,N260115,N260109,,69.000,0.00000000,0.02855000,143.800,143.800,0,0,0.000,0.000,0,,0
N260118_N260109_1,,N260118,N260109,,69.000,0.00000000,0.03493000,139.300,139.300,0,0,0.000,0.000,0,,0
N260112_N260117_1,,N260112,N260117,,69.000,0.00000000,0.02931000,120.000,120.000,0,0,0.000,0.000,0,,0
N260164_N260112_1,,N260164,N260112,,69.000,0.00000000,0.04358000,120.000,120.000,0,0,0.000,0.000,0,,0
N260113_N260116_1,,N260113,N260116,,138.000,0.00000000,0.01596000,284.100,284.100,0,0,0.000,0.000,0,,0
N260164_N260114_1,,N260164,N260114,,69.000,0.00000000,0.05603000,120.400,120.400,0,0,0.000,0.000,0,,0
N260118_N260163_1,,N260118,N260163,,69.000,0.00000000,0.03696000,146.200,146.200,0,0,0.000,0.000,0,,0
N260119_N260206_1,,N260119,N260206,,345.000,0.00000000,0.00538000,1874.900,1874.900,0,1,0.000,0.000,0,,0
N260119_N260206_2,,N260119,N260206,,345.000,0.00000000,0.00538000,1874.900,1874.900,0,1,0.000,0.000,0,,0
N260122_N260120_1,,N260122,N260120,,138.000,0.00000000,0.01305000,269.600,269.600,0,0,0.000,0.000,0,,0
N260120_N260190_1,,N260120,N260190,,138.000,0.00000000,0.01483000,299.600,299.600,0,0,0.000,0.000,0,,0
N260125_N260121_1,,N260125,N260121,,69.000,0.00000000,0.05648000,86.900,86.900,0,0,0.000,0.000,0,,0
N260121_N260126_1,,N260121,N260126,,69.000,0.00000000,0.02605000,104.700,104.700,0,0,0.000,0.000,0,,0
N260127_N260121_1,,N260127,N260121,,69.000,0.00000000,0.03565000,95.700,95.700,0,0,0.000,0.000,0,,0
N260124_N260123_1,,N260124,N260123,,69.000,0.00000000,0.00622000,120.700,120.700,0,0,0.000,0.000,0,,0
N260130_N260129_1,,N260130,N260129,,69.000,0.00000000,0.01420000,129.800,129.800,0,0,0.000,0.000,0,,0
N260130_N260131_1,,N260130,N260131,,69.000,0.00000000,0.04264000,133.200,133.200,0,0,0.000,0.000,0,,0
N260134_N260131_1,,N260134,N260131,,69.000,0.00000000,0.02950000,109.200,109.200,0,0,0.000,0.000,0,,0
N260132_N260134_1,,N260132,N260134,,69.000,0.00000000,0.01980000,134.700,134.700,0,0,0.000,0.000,0,,0
N260136_N260135_1,,N260136,N260135,,69.000,0.00000000,0.04903000,104.900,104.900,0,0,0.000,0.000,0,,0
N260138_N260143_1,,N260138,N260143,,138.000,0.00000000,0.00637000,276.000,276.000,0,0,0.000,0.000,0,,0
N260138_N260151_1,,N260138,N260151,,138.000,0.00000000,0.01245000,289.400,289.400,0,0,0.000,0.000,0,,0
N260138_N260169_1,,N260138,N260169,,138.000,0.00000000,0.00994000,277.700,277.700,0,0,0.000,0.000,0,,0
N260201_N260138_1,,N260201,N260138,,138.000,0.00000000,0.02115000,287.900,287.900,0,0,0.000,0.000,0,,0
N260138_N260220_1,,N260138,N260220,,138.000,0.00000000,0.01851000,288.300,288.300,0,0,0.000,0.000,0,,0
N260139_N260140_1,,N260139,N260140,,69.000,0.00000000,0.01825000,140.000,140.000,0,0,0.000,0.000,0,,0
N260144_N260149_1,,N260144,N260149,,69.000,0.00000000,0.01505000,145.700,145.700,0,0,0.000,0.000,0,,0
N260144_N260152_1,,N260144,N260152,,69.000,0.00000000,0.03791000,128.900,128.900,0,0,0.000,0.000,0,,0
N260146_N260149_1,,N260146,N260149,,69.000,0.00000000,0.02682000,142.500,142.500,0,0,0.000,0.000,0,,0
N260146_N260153_1,,N260146,N260153,,69.000,0.00000000,0.00692000,135.900,135.900,0,0,0.000,0.000,0,,0
N260147_N260148_1,,N260147,N260148,,69.000,0.00000000,0.05051000,116.200,116.200,0,0,0.000,0.000,0,,0
N260148_N260150_1,,N260148,N260150,,69.000,0.00000000,0.04111000,120.400,120.400,0,0,0.000,0.000,0,,0
N260153_N260148_1,,N260153,N260148,,69.000,0.00000000,0.05169000,120.400,120.400,0,0,0.000,0.000,0,,0
N260150_N260152_1,,N260150,N260152,,69.000,0.00000000,0.02215000,134.300,134.300,0,0,0.000,0.000,0,,0
N260151_N260220_1,,N260151,N260220,,138.000,0.00000000,0.01337000,274.300,274.300,0,0,0.000,0.000,0,,0
N260154_N260157_1,,N260154,N260157,,69.000,0.00000000,0.01827000,136.600,136.600,0,0,0.000,0.000,0,,0
N260159_N260154_1,,N260159,N260154,,69.000,0.00000000,0.03059000,127.900,127.900,0,0,0.000,0.000,0,,0
N260158_N260155_1,,N260158,N260155,,138.000,0.00000000,0.01634000,267.700,267.700,0,0,0.000,0.000,0,,0
N260156_N260162_1,,N260156,N260162,,69.000,0.00000000,0.02594000,127.300,127.300,0,0,0.000,0.000,0,,0
N260161_N260160_1,,N260161,N260160,,69.000,0.00000000,0.01744000,116.100,116.100,0,0,0.000,0.000,0,,0
N260162_N260161_1,,N260162,N260161,,69.000,0.00000000,0.03288000,111.500,111.500,0,0,0.000,0.000,0,,0
N260165_N260166_1,,N260165,N260166,,69.000,0.00000000,0.02154000,130.900,130.900,0,0,0.000,0.000,0,,0
N260167_N260172_1,,N260167,N260172,,69.000,0.00000000,0.02499000,158.600,158.600,0,0,0.000,0.000,0,,0
N260168_N260170_1,,N260168,N260170,,69.000,0.00000000,0.04257000,134.600,134.600,0,0,0.000,0.000,0,,0
N260176_N260168_1,,N260176,N260168,,69.000,0.00000000,0.02416000,132.700,132.700,0,0,0.000,0.000,0,,0
N260168_N260183_1,,N260168,N260183,,69.000,0.00000000,0.03884000,139.300,139.300,0,0,0.000,0.000,0,,0
N260170_N260178_1,,N260170,N260178,,69.000,0.00000000,0.02322000,131.900,131.900,0,0,0.000,0.000,0,,0
N260171_N260174_1,,N260171,N260174,,69.000,0.00000000,0.01188000,180.000,180.000,0,0,0.000,0.000,0,,0
N260171_N260183_1,,N260171,N260183,,69.000,0.00000000,0.02193000,117.200,117.200,0,0,0.000,0.000,0,,0
N260171_N260183_2,,N260171,N260183,,69.000,0.00000000,0.02193000,117.200,117.200,0,0,0.000,0.000,0,,0
N260172_N260180_1,,N260172,N260180,,69.000,0.00000000,0.02955000,107.500,107.500,0,0,0.000,0.000,0,,0
N260173_N260181_1,,N260173,N260181,,138.000,0.00000000,0.00926000,286.600,286.600,0,0,0.000,0.000,0,,0
N260181_N260175_1,,N260181,N260175,,138.000,0.00000000,0.00819000,288.600,288.600,0,0,0.000,0.000,0,,0
N260176_N260178_1,,N260176,N260178,,69.000,0.00000000,0.02904000,115.200,115.200,0,0,0.000,0.000,0,,0
N260178_N260177_1,,N260178,N260177,,69.000,0.00000000,0.01880000,137.800,137.800,0,0,0.000,0.000,0,,0
N260182_N260177_1,,N260182,N260177,,69.000,0.00000000,0.03708000,122.800,122.800,0,0,0.000,0.000,0,,0
N260179_N260182_1,,N260179,N260182,,69.000,0.00000000,0.04071000,101.100,101.100,0,0,0.000,0.000,0,,0
N260201_N260181_1,,N260201,N260181,,138.000,0.00000000,0.00491000,288.300,288.300,0,0,0.000,0.000,0,,0
N260185_N260206_1,,N260185,N260206,,345.000,0.00000000,0.02000000,1771.500,1771.500,0,1,0.000,0.000,0,,0
N260190_N260189_1,,N260190,N260189,,138.000,0.00000000,0.00706000,300.500,300.500,0,0,0.000,0.000,0,,0
N260189_N260191_1,,N260189,N260191,,138.000,0.00000000,0.01330000,319.900,319.900,0,0,0.000,0.000,0,,0
N260189_N260191_2,,N260189,N260191,,138.000,0.00000000,0.01330000,319.900,319.900,0,0,0.000,0.000,0,,0
N260196_N260191_1,,N260196,N260191,,138.000,0.00000000,0.01256000,290.800,290.800,0,0,0.000,0.000,0,,0
N260191_N260197_1,,N260191,N260197,,138.000,0.00000000,0.01264000,302.900,302.900,0,0,0.000,0.000,0,,0
N260191_N260197_2,,N260191,N260197,,138.000,0.00000000,0.01264000,302.900,302.900,0,0,0.000,0.000,0,,0
N260193_N260207_1,,N260193,N260207,,138.000,0.00000000,0.01524000,243.600,243.600,0,0,0.000,0.000,0,,0
N260194_N260200_1,,N260194,N260200,,138.000,0.00000000,0.01579000,276.800,276.800,0,0,0.000,0.000,0,,0
N260195_N260197_1,,N260195,N260197,,138.000,0.00000000,0.00994000,302.200,302.200,0,0,0.000,0.000,0,,0
N260195_N260197_2,,N260195,N260197,,138.000,0.00000000,0.00994000,302.200,302.200,0,0,0.000,0.000,0,,0
N260207_N260195_1,,N260207,N260195,,138.000,0.00000000,0.01063000,303.100,303.100,0,0,0.000,0.000,0,,0
N260207_N260195_2,,N260207,N260195,,138.000,0.00000000,0.01063000,303.100,303.100,0,0,0.000,0.000,0,,0
N260196_N260207_1,,N260196,N260207,,138.000,0.00000000,0.01919000,292.300,292.300,0,0,0.000,0.000,0,,0
N260207_N260200_1,,N260207,N260200,,138.000,0.00000000,0.01239000,286.000,286.000,0,0,0.000,0.000,0,,0
N270008_N270002_1,,N270008,N270002,,138.000,0.00000000,0.03855000,285.400,285.400,0,0,0.000,0.000,0,,0
N270002_N270009_1,,N270002,N270009,,138.000,0.00000000,0.02876000,334.200,334.200,0,0,0.000,0.000,0,,0
N270002_N270009_2,,N270002,N270009,,138.000,0.00000000,0.02876000,334.200,334.200,0,0,0.000,0.000,0,,0
N270002_N270011_1,,N270002,N270011,,138.000,0.00000000,0.02833000,315.200,315.200,0,0,0.000,0.000,0,,0
N270003_N270006_1,,N270003,N270006,,138.000,0.00000000,0.01554000,302.100,302.100,0,0,0.000,0.000,0,,0
N270003_N270011_1,,N270003,N270011,,138.000,0.00000000,0.03646000,271.500,271.500,0,0,0.000,0.000,0,,0
N270009_N270004_1,,N270009,N270004,,138.000,0.00000000,0.03234000,331.000,331.000,0,0,0.000,0.000,0,,0
N270009_N270004_2,,N270009,N270004,,138.000,0.00000000,0.03234000,331.000,331.000,0,0,0.000,0.000,0,,0
N270004_N270073_1,,N270004,N270073,,138.000,0.00000000,0.01382000,292.600,292.600,0,0,0.000,0.000,0,,0
N270005_N270009_1,,N270005,N270009,,138.000,0.00000000,0.01775000,308.600,308.600,0,0,0.000,0.000,0,,0
N270074_N270005_1,,N270074,N270005,,138.000,0.00000000,0.00788000,294.500,294.500,0,0,0.000,0.000,0,,0
N270010_N270006_1,,N270010,N270006,,138.000,0.00000000,0.03352000,287.900,287.900,0,0,0.000,0.000,0,,0
N270010_N270074_1,,N270010,N270074,,138.000,0.00000000,0.01742000,290.600,290.600,0,0,0.000,0.000,0,,0
N270017_N270013_1,,N270017,N270013,,138.000,0.00000000,0.01170000,241.700,241.700,0,0,0.000,0.000,0,,0
N270036_N270013_1,,N270036,N270013,,138.000,0.00000000,0.02343000,243.500,243.500,0,0,0.000,0.000,0,,0
N270013_N270059_1,,N270013,N270059,,138.000,0.00000000,0.03439000,250.400,250.400,0,0,0.000,0.000,0,,0
N270014_N270062_1,,N270014,N270062,,138.000,0.00000000,0.07005000,251.600,251.600,0,0,0.000,0.000,0,,0
N270014_N270203_1,,N270014,N270203,,138.000,0.00000000,0.01164000,226.800,226.800,0,0,0.000,0.000,0,,0
N270015_N270030_1,,N270015,N270030,,138.000,0.00000000,0.01705000,244.700,244.700,0,0,0.000,0.000,0,,0
N270015_N270032_1,,N270015,N270032,,138.000,0.00000000,0.02965000,243.500,243.500,0,0,0.000,0.000,0,,0
N270030_N270016_1,,N270030,N270016,,138.000,0.00000000,0.01305000,231.400,231.400,0,0,0.000,0.000,0,,0
N270016_N270044_1,,N270016,N270044,,138.000,0.00000000,0.03218000,242.100,242.100,0,0,0.000,0.000,0,,0
N270016_N270098_1,,N270016,N270098,,138.000,0.00000000,0.01900000,230.900,230.900,0,0,0.000,0.000,0,,0
N270018_N270017_1,,N270018,N270017,,138.000,0.00000000,0.03905000,239.400,239.400,0,0,0.000,0.000,0,,0
N270097_N270018_1,,N270097,N270018,,138.000,0.00000000,0.01763000,242.500,242.500,0,0,0.000,0.000,0,,0
N270039_N270019_1,,N270039,N270019,,138.000,0.00000000,0.03624000,219.100,219.100,0,0,0.000,0.000,0,,0
N270019_N270060_1,,N270019,N270060,,138.000,0.00000000,0.02750000,217.500,217.500,0,0,0.000,0.000,0,,0
N270062_N270020_1,,N270062,N270020,,138.000,0.00000000,0.03232000,242.100,242.100,0,0,0.000,0.000,0,,0
N270094_N270020_1,,N270094,N270020,,138.000,0.00000000,0.02711000,257.700,257.700,0,0,0.000,0.000,0,,0
N270193_N270020_1,,N270193,N270020,,138.000,0.00000000,0.03145000,271.400,271.400,0,0,0.000,0.000,0,,0
N270021_N270026_1,,N270021,N270026,,138.000,0.00000000,0.02239000,232.400,232.400,0,0,0.000,0.000,0,,0
N270050_N270021_1,,N270050,N270021,,138.000,0.00000000,0.02229000,237.600,237.600,0,0,0.000,0.000,0,,0
N270022_N270025_1,,N270022,N270025,,138.000,0.00000000,0.02416000,284.100,284.100,0,0,0.000,0.000,0,,0
N270022_N270048_1,,N270022,N270048,,138.000,0.00000000,0.02818000,296.700,296.700,0,0,0.000,0.000,0,,0
N270048_N270023_1,,N270048,N270023,,138.000,0.00000000,0.02032000,300.000,300.000,0,0,0.000,0.000,0,,0
N270077_N270023_1,,N270077,N270023,,138.000,0.00000000,0.02937000,300.900,300.900,0,0,0.000,0.000,0,,0
N270036_N270024_1,,N270036,N270024,,138.000,0.00000000,0.03241000,243.200,243.200,0,0,0.000,0.000,0,,0
N270024_N270195_1,,N270024,N270195,,138.000,0.00000000,0.01912000,235.200,235.200,0,0,0.000,0.000,0,,0
N270097_N270025_1,,N270097,N270025,,138.000,0.00000000,0.00814000,282.000,282.000,0,0,0.000,0.000,0,,0
N270028_N270026_1,,N270028,N270026,,138.000,0.00000000,0.01420000,234.000,234.000,0,0,0.000,0.000,0,,0
N270028_N270037_1,,N270028,N270037,,138.000,0.00000000,0.05523000,265.800,265.800,0,0,0.000,0.000,0,,0
N270091_N270028_1,,N270091,N270028,,138.000,0.00000000,0.00617000,278.900,278.900,0,0,0.000,0.000,0,,0
N270030_N270029_1,,N270030,N270029,,138.000,0.00000000,0.00851000,223.800,223.800,0,0,0.000,0.000,0,,0
N270029_N270039_1,,N270029,N270039,,138.000,0.00000000,0.01524000,224.100,224.100,0,0,0.000,0.000,0,,0
N270031_N270035_1,,N270031,N270035,,138.000,0.00000000,0.01806000,298.300,298.300,0,0,0.000,0.000,0,,0
N270090_N270031_1,,N270090,N270031,,138.000,0.00000000,0.01021000,296.500,296.500,0,0,0.000,0.000,0,,0
N270032_N270049_1,,N270032,N270049,,138.000,0.00000000,0.01506000,250.000,250.000,0,0,0.000,0.000,0,,0
N270033_N270051_1,,N270033,N270051,,138.000,0.00000000,0.01403000,277.900,277.900,0,0,0.000,0.000,0,,0
N270033_N270091_1,,N270033,N270091,,138.000,0.00000000,0.04196000,277.200,277.200,0,0,0.000,0.000,0,,0
N270035_N270034_1,,N270035,N270034,,138.000,0.00000000,0.02518000,299.600,299.600,0,0,0.000,0.000,0,,0
N270052_N270034_1,,N270052,N270034,,138.000,0.00000000,0.02369000,300.100,300.100,0,0,0.000,0.000,0,,0
N270036_N270061_1,,N270036,N270061,,138.000,0.00000000,0.03133000,255.400,255.400,0,0,0.000,0.000,0,,0
N270039_N270038_1,,N270039,N270038,,138.000,0.00000000,0.03280000,226.300,226.300,0,0,0.000,0.000,0,,0
N270040_N270041_1,,N270040,N270041,,138.000,0.00000000,0.02595000,250.400,250.400,0,0,0.000,0.000,0,,0
N270040_N270091_1,,N270040,N270091,,138.000,0.00000000,0.08887000,255.100,255.100,0,0,0.000,0.000,0,,0
N270045_N270041_1,,N270045,N270041,,138.000,0.00000000,0.02929000,245.000,245.000,0,0,0.000,0.000,0,,0
N270042_N270097_1,,N270042,N270097,,138.000,0.00000000,0.03596000,260.700,260.700,0,0,0.000,0.000,0,,0
N270098_N270042_1,,N270098,N270042,,138.000,0.00000000,0.01112000,258.800,258.800,0,0,0.000,0.000,0,,0
N270043_N270098_1,,N270043,N270098,,138.000,0.00000000,0.01678000,246.400,246.400,0,0,0.000,0.000,0,,0
N270047_N270051_1,,N270047,N270051,,138.000,0.00000000,0.03366000,301.600,301.600,0,0,0.000,0.000,0,,0
N270088_N270049_1,,N270088,N270049,,138.000,0.00000000,0.01795000,251.500,251.500,0,0,0.000,0.000,0,,0
N270050_N270071_1,,N270050,N270071,,138.000,0.00000000,0.01930000,266.500,266.500,0,0,0.000,0.000,0,,0
N270051_N270086_1,,N270051,N270086,,138.000,0.00000000,0.03028000,324.300,324.300,0,0,0.000,0.000,0,,0
N270087_N270052_1,,N270087,N270052,,138.000,0.00000000,0.01415000,300.900,300.900,0,0,0.000,0.000,0,,0
N270053_N270054_1,,N270053,N270054,,138.000,0.00000000,0.02894000,286.900,286.900,0,0,0.000,0.000,0,,0
N270053_N270154_1,,N270053,N270154,,138.000,0.00000000,0.04150000,289.600,289.600,0,0,0.000,0.000,0,,0
N270054_N270064_1,,N270054,N270064,,138.000,0.00000000,0.01462000,285.900,285.900,0,0,0.000,0.000,0,,0
N270055_N270092_1,,N270055,N270092,,138.000,0.00000000,0.03385000,261.700,261.700,0,0,0.000,0.000,0,,0
N270055_N270154_1,,N270055,N270154,,138.000,0.00000000,0.03836000,271.300,271.300,0,0,0.000,0.000,0,,0
N270056_N270063_1,,N270056,N270063,,138.000,0.00000000,0.01078000,244.500,244.500,0,0,0.000,0.000,0,,0
N270056_N270092_1,,N270056,N270092,,138.000,0.00000000,0.01792000,242.700,242.700,0,0,0.000,0.000,0,,0
N270058_N270057_1,,N270058,N270057,,138.000,0.00000000,0.02783000,249.100,249.100,0,0,0.000,0.000,0,,0
N270057_N270063_1,,N270057,N270063,,138.000,0.00000000,0.00915000,244.700,244.700,0,0,0.000,0.000,0,,0
N270061_N270058_1,,N270061,N270058,,138.000,0.00000000,0.01543000,252.500,252.500,0,0,0.000,0.000,0,,0
N270059_N270060_1,,N270059,N270060,,138.000,0.00000000,0.01733000,199.700,199.700,0,0,0.000,0.000,0,,0
N270062_N270191_1,,N270062,N270191,,138.000,0.00000000,0.04078000,257.300,257.300,0,0,0.000,0.000,0,,0
N270065_N270096_1,,N270065,N270096,,138.000,0.00000000,0.02323000,270.200,270.200,0,0,0.000,0.000,0,,0
N270066_N270069_1,,N270066,N270069,,138.000,0.00000000,0.02691000,294.600,294.600,0,0,0.000,0.000,0,,0
N270066_N270071_1,,N270066,N270071,,138.000,0.00000000,0.01212000,282.800,282.800,0,0,0.000,0.000,0,,0
N270072_N270066_1,,N270072,N270066,,138.000,0.00000000,0.02175000,291.000,291.000,0,0,0.000,0.000,0,,0
N270068_N270067_1,,N270068,N270067,,138.000,0.00000000,0.04779000,270.500,270.500,0,0,0.000,0.000,0,,0
N270067_N270078_1,,N270067,N270078,,138.000,0.00000000,0.05203000,272.700,272.700,0,0,0.000,0.000,0,,0
N270068_N270079_1,,N270068,N270079,,138.000,0.00000000,0.01643000,283.100,283.100,0,0,0.000,0.000,0,,0
N270095_N270069_1,,N270095,N270069,,138.000,0.00000000,0.02913000,295.200,295.200,0,0,0.000,0.000,0,,0
N270070_N270071_1,,N270070,N270071,,138.000,0.00000000,0.03360000,305.800,305.800,0,0,0.000,0.000,0,,0
N270070_N270078_1,,N270070,N270078,,138.000,0.00000000,0.04778000,315.700,315.700,0,0,0.000,0.000,0,,0
N270095_N270070_1,,N270095,N270070,,138.000,0.00000000,0.03263000,274.600,274.600,0,0,0.000,0.000,0,,0
N270072_N270096_1,,N270072,N270096,,138.000,0.00000000,0.03260000,267.300,267.300,0,0,0.000,0.000,0,,0
N270072_N270193_1,,N270072,N270193,,138.000,0.00000000,0.01718000,270.300,270.300,0,0,0.000,0.000,0,,0
N270075_N270080_1,,N270075,N270080,,138.000,0.00000000,0.02311000,265.100,265.100,0,0,0.000,0.000,0,,0
N270075_N270088_1,,N270075,N270088,,138.000,0.00000000,0.00899000,261.300,261.300,0,0,0.000,0.000,0,,0
N270076_N270077_1,,N270076,N270077,,138.000,0.00000000,0.02746000,272.000,272.000,0,0,0.000,0.000,0,,0
N270089_N270076_1,,N270089,N270076,,138.000,0.00000000,0.01416000,275.500,275.500,0,0,0.000,0.000,0,,0
N270082_N270077_1,,N270082,N270077,,138.000,0.00000000,0.04382000,328.700,328.700,0,0,0.000,0.000,0,,0
N270081_N270079_1,,N270081,N270079,,138.000,0.00000000,0.02595000,281.500,281.500,0,0,0.000,0.000,0,,0
N270081_N270089_1,,N270081,N270089,,138.000,0.00000000,0.01200000,280.500,280.500,0,0,0.000,0.000,0,,0
N270085_N270083_1,,N270085,N270083,,138.000,0.00000000,0.00920000,295.900,295.900,0,0,0.000,0.000,0,,0
N270085_N270086_1,,N270085,N270086,,138.000,0.00000000,0.03639000,324.500,324.500,0,0,0.000,0.000,0,,0
N270090_N270091_1,,N270090,N270091,,138.000,0.00000000,0.03185000,286.400,286.400,0,0,0.000,0.000,0,,0
N270203_N270094_1,,N270203,N270094,,138.000,0.00000000,0.00640000,232.100,232.100,0,0,0.000,0.000,0,,0
N270099_N270101_1,,N270099,N270101,,138.000,0.00000000,0.01871000,270.700,270.700,0,0,0.000,0.000,0,,0
N270103_N270100_1,,N270103,N270100,,69.000,0.00000000,0.03516000,130.400,130.400,0,0,0.000,0.000,0,,0
N270100_N270105_1,,N270100,N270105,,69.000,0.00000000,0.05536000,101.700,101.700,0,0,0.000,0.000,0,,0
N270101_N270154_1,,N270101,N270154,,138.000,0.00000000,0.04162000,325.800,325.800,0,0,0.000,0.000,0,,0
N270103_N270102_1,,N270103,N270102,,69.000,0.00000000,0.04066000,108.300,108.300,0,0,0.000,0.000,0,,0
N270102_N270104_1,,N270102,N270104,,69.000,0.00000000,0.06141000,156.500,156.500,0,0,0.000,0.000,0,,0
N270161_N270102_1,,N270161,N270102,,69.000,0.00000000,0.07603000,143.400,143.400,0,0,0.000,0.000,0,,0
N270157_N270103_1,,N270157,N270103,,69.000,0.00000000,0.06092000,153.300,153.300,0,0,0.000,0.000,0,,0
N270164_N270105_1,,N270164,N270105,,69.000,0.00000000,0.21842000,116.900,116.900,0,0,0.000,0.000,0,,0
N270107_N270106_1,,N270107,N270106,,69.000,0.00000000,0.07216000,123.400,123.400,0,0,0.000,0.000,0,,0
N270106_N270122_1,,N270106,N270122,,69.000,0.00000000,0.03951000,134.800,134.800,0,0,0.000,0.000,0,,0
N270106_N270124_1,,N270106,N270124,,69.000,0.00000000,0.02817000,107.200,107.200,0,0,0.000,0.000,0,,0
N270107_N270123_1,,N270107,N270123,,69.000,0.00000000,0.08271000,139.400,139.400,0,0,0.000,0.000,0,,0
N270108_N270109_1,,N270108,N270109,,69.000,0.00000000,0.04797000,95.200,95.200,0,0,0.000,0.000,0,,0
N270108_N270120_1,,N270108,N270120,,69.000,0.00000000,0.09348000,89.900,89.900,0,0,0.000,0.000,0,,0
N270123_N270108_1,,N270123,N270108,,69.000,0.00000000,0.01006000,97.500,97.500,0,0,0.000,0.000,0,,0
N270114_N270109_1,,N270114,N270109,,69.000,0.00000000,0.09301000,83.700,83.700,0,0,0.000,0.000,0,,0
N270111_N270110_1,,N270111,N270110,,69.000,0.00000000,0.06294000,95.300,95.300,0,0,0.000,0.000,0,,0
N270115_N270110_1,,N270115,N270110,,69.000,0.00000000,0.04075000,91.400,91.400,0,0,0.000,0.000,0,,0
N270124_N270110_1,,N270124,N270110,,69.000,0.00000000,0.04357000,112.400,112.400,0,0,0.000,0.000,0,,0
N270111_N270112_1,,N270111,N270112,,69.000,0.00000000,0.05141000,106.600,106.600,0,0,0.000,0.000,0,,0
N270112_N270114_1,,N270112,N270114,,69.000,0.00000000,0.16087000,107.600,107.600,0,0,0.000,0.000,0,,0
N270113_N270197_1,,N270113,N270197,,138.000,0.00000000,0.02448000,259.800,259.800,0,0,0.000,0.000,0,,0
N270119_N270115_1,,N270119,N270115,,69.000,0.00000000,0.06961000,91.000,91.000,0,0,0.000,0.000,0,,0
N270117_N270116_1,,N270117,N270116,,69.000,0.00000000,0.07003000,96.300,96.300,0,0,0.000,0.000,0,,0
N270118_N270116_1,,N270118,N270116,,69.000,0.00000000,0.07710000,105.500,105.500,0,0,0.000,0.000,0,,0
N270119_N270117_1,,N270119,N270117,,69.000,0.00000000,0.07876000,93.200,93.200,0,0,0.000,0.000,0,,0
N270118_N270177_1,,N270118,N270177,,69.000,0.00000000,0.07528000,107.700,107.700,0,0,0.000,0.000,0,,0
N270197_N270121_1,,N270197,N270121,,138.000,0.00000000,0.00778000,259.800,259.800,0,0,0.000,0.000,0,,0
N270201_N270121_1,,N270201,N270121,,138.000,0.00000000,0.01203000,312.300,312.300,0,0,0.000,0.000,0,,0
N270123_N270184_1,,N270123,N270184,,69.000,0.00000000,0.07736000,165.900,165.900,0,0,0.000,0.000,0,,0
N270125_N270129_1,,N270125,N270129,,69.000,0.00000000,0.05671000,98.800,98.800,0,0,0.000,0.000,0,,0
N270125_N270131_1,,N270125,N270131,,69.000,0.00000000,0.07984000,107.400,107.400,0,0,0.000,0.000,0,,0
N270135_N270125_1,,N270135,N270125,,69.000,0.00000000,0.05497000,126.200,126.200,0,0,0.000,0.000,0,,0
N270127_N270126_1,,N270127,N270126,,69.000,0.00000000,0.09625000,109.100,109.100,0,0,0.000,0.000,0,,0
N270126_N270136_1,,N270126,N270136,,69.000,0.00000000,0.19221000,100.800,100.800,0,0,0.000,0.000,0,,0
N270128_N270127_1,,N270128,N270127,,69.000,0.00000000,0.02830000,111.800,111.800,0,0,0.000,0.000,0,,0
N270130_N270129_1,,N270130,N270129,,69.000,0.00000000,0.06967000,97.000,97.000,0,0,0.000,0.000,0,,0
N270129_N270132_1,,N270129,N270132,,69.000,0.00000000,0.05113000,84.600,84.600,0,0,0.000,0.000,0,,0
N270134_N270130_1,,N270134,N270130,,69.000,0.00000000,0.06648000,123.900,123.900,0,0,0.000,0.000,0,,0
N270130_N270144_1,,N270130,N270144,,69.000,0.00000000,0.08492000,99.100,99.100,0,0,0.000,0.000,0,,0
N270132_N270147_1,,N270132,N270147,,69.000,0.00000000,0.04962000,83.100,83.100,0,0,0.000,0.000,0,,0
N270133_N270140_1,,N270133,N270140,,138.000,0.00000000,0.04193000,319.400,319.400,0,0,0.000,0.000,0,,0
N270133_N270185_1,,N270133,N270185,,138.000,0.00000000,0.01647000,312.900,312.900,0,0,0.000,0.000,0,,0
N270135_N270178_1,,N270135,N270178,,69.000,0.00000000,0.06868000,118.100,118.100,0,0,0.000,0.000,0,,0
N270136_N270137_1,,N270136,N270137,,69.000,0.00000000,0.03577000,106.100,106.100,0,0,0.000,0.000,0,,0
N270139_N270138_1,,N270139,N270138,,69.000,0.00000000,0.05459000,110.100,110.100,0,0,0.000,0.000,0,,0
N270138_N270150_1,,N270138,N270150,,69.000,0.00000000,0.04990000,115.700,115.700,0,0,0.000,0.000,0,,0
N270140_N270148_1,,N270140,N270148,,138.000,0.00000000,0.02773000,302.200,302.200,0,0,0.000,0.000,0,,0
N270143_N270141_1,,N270143,N270141,,69.000,0.00000000,0.04210000,113.100,113.100,0,0,0.000,0.000,0,,0
N270145_N270141_1,,N270145,N270141,,69.000,0.00000000,0.05821000,97.500,97.500,0,0,0.000,0.000,0,,0
N270142_N270143_1,,N270142,N270143,,69.000,0.00000000,0.10756000,84.900,84.900,0,0,0.000,0.000,0,,0
N270144_N270142_1,,N270144,N270142,,69.000,0.00000000,0.06295000,87.400,87.400,0,0,0.000,0.000,0,,0
N270150_N270143_1,,N270150,N270143,,69.000,0.00000000,0.05873000,108.500,108.500,0,0,0.000,0.000,0,,0
N270145_N270147_1,,N270145,N270147,,69.000,0.00000000,0.05647000,97.800,97.800,0,0,0.000,0.000,0,,0
N270147_N270146_1,,N270147,N270146,,69.000,0.00000000,0.07760000,95.100,95.100,0,0,0.000,0.000,0,,0
N270146_N270149_1,,N270146,N270149,,69.000,0.00000000,0.05577000,126.000,126.000,0,0,0.000,0.000,0,,0
N270161_N270146_1,,N270161,N270146,,69.000,0.00000000,0.09269000,111.800,111.800,0,0,0.000,0.000,0,,0
N270147_N270158_1,,N270147,N270158,,69.000,0.00000000,0.13892000,108.200,108.200,0,0,0.000,0.000,0,,0
N270150_N270149_1,,N270150,N270149,,69.000,0.00000000,0.05516000,83.200,83.200,0,0,0.000,0.000,0,,0
N270223_N270151_1,,N270223,N270151,,138.000,0.00000000,0.03025000,278.100,278.100,0,0,0.000,0.000,0,,0
N270162_N270152_1,,N270162,N270152,,69.000,0.00000000,0.05608000,123.500,123.500,0,0,0.000,0.000,0,,0
N270152_N270164_1,,N270152,N270164,,69.000,0.00000000,0.05312000,118.300,118.300,0,0,0.000,0.000,0,,0
N270211_N270153_1,,N270211,N270153,,345.000,0.00000000,0.00475000,1276.700,1276.700,0,1,0.000,0.000,0,,0
N270156_N270154_1,,N270156,N270154,,138.000,0.00000000,0.01078000,288.000,288.000,0,0,0.000,0.000,0,,0
N270154_N270159_1,,N270154,N270159,,138.000,0.00000000,0.01675000,332.900,332.900,0,0,0.000,0.000,0,,0
N270158_N270155_1,,N270158,N270155,,69.000,0.00000000,0.02573000,180.000,180.000,0,0,0.000,0.000,0,,0
N270155_N270160_1,,N270155,N270160,,69.000,0.00000000,0.05007000,133.600,133.600,0,0,0.000,0.000,0,,0
N270155_N270172_1,,N270155,N270172,,69.000,0.00000000,0.21612000,121.200,121.200,0,0,0.000,0.000,0,,0
N270157_N270163_1,,N270157,N270163,,69.000,0.00000000,0.08164000,109.600,109.600,0,0,0.000,0.000,0,,0
N270159_N270180_1,,N270159,N270180,,138.000,0.00000000,0.02273000,336.700,336.700,0,0,0.000,0.000,0,,0
N270185_N270159_1,,N270185,N270159,,138.000,0.00000000,0.02480000,274.100,274.100,0,0,0.000,0.000,0,,0
N270161_N270160_1,,N270161,N270160,,69.000,0.00000000,0.01777000,159.500,159.500,0,0,0.000,0.000,0,,0
N270162_N270163_1,,N270162,N270163,,69.000,0.00000000,0.04403000,113.000,113.000,0,0,0.000,0.000,0,,0
N270165_N270167_1,,N270165,N270167,,69.000,0.00000000,0.04021000,142.800,142.800,0,0,0.000,0.000,0,,0
N270183_N270165_1,,N270183,N270165,,69.000,0.00000000,0.07605000,124.100,124.100,0,0,0.000,0.000,0,,0
N270166_N270180_1,,N270166,N270180,,138.000,0.00000000,0.00877000,324.300,324.300,0,0,0.000,0.000,0,,0
N270167_N270170_1,,N270167,N270170,,69.000,0.00000000,0.01463000,130.000,130.000,0,0,0.000,0.000,0,,0
N270167_N270173_1,,N270167,N270173,,69.000,0.00000000,0.04347000,141.900,141.900,0,0,0.000,0.000,0,,0
N270167_N270181_1,,N270167,N270181,,69.000,0.00000000,0.03120000,148.600,148.600,0,0,0.000,0.000,0,,0
N270167_N270184_1,,N270167,N270184,,69.000,0.00000000,0.06753000,145.100,145.100,0,0,0.000,0.000,0,,0
N270180_N270168_1,,N270180,N270168,,138.000,0.00000000,0.01221000,272.700,272.700,0,0,0.000,0.000,0,,0
N270169_N270174_1,,N270169,N270174,,69.000,0.00000000,0.04064000,115.900,115.900,0,0,0.000,0.000,0,,0
N270169_N270178_1,,N270169,N270178,,69.000,0.00000000,0.04308000,118.200,118.200,0,0,0.000,0.000,0,,0
N270170_N270175_1,,N270170,N270175,,69.000,0.00000000,0.03618000,111.500,111.500,0,0,0.000,0.000,0,,0
N270181_N270170_1,,N270181,N270170,,69.000,0.00000000,0.03661000,134.600,134.600,0,0,0.000,0.000,0,,0
N270175_N270171_1,,N270175,N270171,,69.000,0.00000000,0.02387000,109.700,109.700,0,0,0.000,0.000,0,,0
N270171_N270176_1,,N270171,N270176,,69.000,0.00000000,0.06978000,113.200,113.200,0,0,0.000,0.000,0,,0
N270173_N270172_1,,N270173,N270172,,69.000,0.00000000,0.02602000,114.900,114.900,0,0,0.000,0.000,0,,0
N270182_N270172_1,,N270182,N270172,,69.000,0.00000000,0.03433000,120.900,120.900,0,0,0.000,0.000,0,,0
N270178_N270174_1,,N270178,N270174,,69.000,0.00000000,0.01929000,103.900,103.900,0,0,0.000,0.000,0,,0
N270177_N270182_1,,N270177,N270182,,69.000,0.00000000,0.05372000,110.500,110.500,0,0,0.000,0.000,0,,0
N270179_N270206_1,,N270179,N270206,,345.000,0.00000000,0.00747000,1197.000,1197.000,0,1,0.000,0.000,0,,0
N270211_N270179_1,,N270211,N270179,,345.000,0.00000000,0.00538000,1175.900,1175.900,0,1,0.000,0.000,0,,0
N270216_N270179_1,,N270216,N270179,,345.000,0.00000000,0.00456000,1601.600,1601.600,0,1,0.000,0.000,0,,0
N270180_N270185_1,,N270180,N270185,,138.000,0.00000000,0.03951000,305.700,305.700,0,0,0.000,0.000,0,,0
N270191_N270180_1,,N270191,N270180,,138.000,0.00000000,0.02312000,320.000,320.000,0,0,0.000,0.000,0,,0
N270180_N270223_1,,N270180,N270223,,138.000,0.00000000,0.01465000,282.500,282.500,0,0,0.000,0.000,0,,0
N270191_N270187_1,,N270191,N270187,,138.000,0.00000000,0.01911000,310.500,310.500,0,0,0.000,0.000,0,,0
N270187_N270201_1,,N270187,N270201,,138.000,0.00000000,0.01325000,310.600,310.600,0,0,0.000,0.000,0,,0
N270195_N270203_1,,N270195,N270203,,138.000,0.00000000,0.01051000,232.500,232.500,0,0,0.000,0.000,0,,0
N270206_N270211_1,,N270206,N270211,,345.000,0.00000000,0.00702000,1198.400,1198.400,0,1,0.000,0.000,0,,0
TX_N110001_N110004_1,,N110001,N110004,,138.000,0.00000000,0.04775000,245.700,245.700,0,0,0.000,0.000,0,,0
TX_N110002_N110004_1,,N110002,N110004,,13.800,0.00000000,0.01000000,10.400,10.400,0,0,0.000,0.000,0,,0
TX_N110003_N110004_1,,N110003,N110004,,13.800,0.00000000,0.01000000,10.000,10.000,0,0,0.000,0.000,0,,0
TX_N110005_N110008_1,,N110005,N110008,,138.000,0.00000000,0.03691000,243.900,243.900,0,0,0.000,0.000,0,,0
TX_N110006_N110008_1,,N110006,N110008,,13.800,0.00000000,0.01000000,10.000,10.000,0,0,0.000,0.000,0,,0
TX_N110007_N110008_1,,N110007,N110008,,13.800,0.00000000,0.01000000,10.000,10.000,0,0,0.000,0.000,0,,0
TX_N110009_N110012_1,,N110009,N110012,,138.000,0.00000000,0.05990000,243.400,243.400,0,0,0.000,0.000,0,,0
TX_N110010_N110012_1,,N110010,N110012,,13.800,0.00000000,0.01000000,10.000,10.000,0,0,0.000,0.000,0,,0
TX_N110011_N110012_1,,N110011,N110012,,13.800,0.00000000,0.01000000,10.000,10.000,0,0,0.000,0.000,0,,0
TX_N110013_N110016_1,,N110013,N110016,,138.000,0.00000000,0.03378000,274.700,274.700,0,0,0.000,0.000,0,,0
TX_N110014_N110016_1,,N110014,N110016,,13.800,0.00000000,0.01000000,36.500,36.500,0,0,0.000,0.000,0,,0
TX_N110015_N110016_1,,N110015,N110016,,13.800,0.00000000,0.01000000,10.000,10.000,0,0,0.000,0.000,0,,0
TX_N110017_N110020_1,,N110017,N110020,,138.000,0.00000000,0.03327000,273.200,273.200,0,0,0.000,0.000,0,,0
TX_N110018_N110020_1,,N110018,N110020,,13.800,0.00000000,0.01000000,33.800,33.800,0,0,0.000,0.000,0,,0
TX_N110019_N110020_1,,N110019,N110020,,13.800,0.00000000,0.01000000,10.000,10.000,0,0,0.000,0.000,0,,0
TX_N110021_N110024_1,,N110021,N110024,,138.000,0.00000000,0.04935000,242.900,242.900,0,0,0.000,0.000,0,,0
TX_N110022_N110024_1,,N110022,N110024,,22.000,0.00000000,0.01000000,10.000,10.000,0,0,0.000,0.000,0,,0
TX_N110023_N110024_1,,N110023,N110024,,22.000,0.00000000,0.01000000,10.000,10.000,0,0,0.000,0.000,0,,0
TX_N110025_N110028_1,,N110025,N110028,,138.000,0.00000000,0.04917000,242.800,242.800,0,0,0.000,0.000,0,,0
TX_N110026_N110028_1,,N110026,N110028,,13.800,0.00000000,0.01000000,10.000,10.000,0,0,0.000,0.000,0,,0
TX_N110027_N110028_1,,N110027,N110028,,13.800,0.00000000,0.01000000,10.000,10.000,0,0,0.000,0.000,0,,0
TX_N110029_N110032_1,,N110029,N110032,,138.000,0.00000000,0.05634000,271.100,271.100,0,0,0.000,0.000,0,,0
TX_N110030_N110032_1,,N110030,N110032,,13.800,0.00000000,0.01000000,23.300,23.300,0,0,0.000,0.000,0,,0
TX_N110031_N110032_1,,N110031,N110032,,13.800,0.00000000,0.01000000,10.000,10.000,0,0,0.000,0.000,0,,0
TX_N110033_N110036_1,,N110033,N110036,,138.000,0.00000000,0.05803000,271.000,271.000,0,0,0.000,0.000,0,,0
TX_N110034_N110036_1,,N110034,N110036,,13.800,0.00000000,0.01000000,23.000,23.000,0,0,0.000,0.000,0,,0
TX_N110035_N110036_1,,N110035,N110036,,13.800,0.00000000,0.01000000,10.000,10.000,0,0,0.000,0.000,0,,0
TX_N110037_N110040_1,,N110037,N110040,,138.000,0.00000000,0.05940000,242.100,242.100,0,0,0.000,0.000,0,,0
TX_N110038_N110040_1,,N110038,N110040,,13.800,0.00000000,0.01000000,10.000,10.000,0,0,0.000,0.000,0,,0
TX_N110039_N110040_1,,N110039,N110040,,13.800,0.00000000,0.01000000,10.000,10.000,0,0,0.000,0.000,0,,0
TX_N110041_N110044_1,,N110041,N110044,,138.000,0.00000000,0.04180000,241.500,241.500,0,0,0.000,0.000,0,,0
TX_N110042_N110044_1,,N110042,N110044,,24.000,0.00000000,0.01000000,10.000,10.000,0,0,0.000,0.000,0,,0
TX_N110043_N110044_1,,N110043,N110044,,24.000,0.00000000,0.01000000,10.000,10.000,0,0,0.000,0.000,0,,0
TX_N110045_N110048_1,,N110045,N110048,,138.000,0.00000000,0.06034000,241.100,241.100,0,0,0.000,0.000,0,,0
TX_N110046_N110048_1,,N110046,N110048,,13.800,0.00000000,0.01000000,10.000,10.000,0,0,0.000,0.000,0,,0
TX_N110047_N110048_1,,N110047,N110048,,13.800,0.00000000,0.01000000,10.000,10.000,0,0,0.000,0.000,0,,0
TX_N110049_N110052_1,,N110049,N110052,,138.000,0.00000000,0.04137000,240.500,240.500,0,0,0.000,0.000,0,,0
TX_N110050_N110052_1,,N110050,N110052,,18.000,0.00000000,0.01000000,10.000,10.000,0,0,0.000,0.000,0,,0
TX_N110051_N110052_1,,N110051,N110052,,18.000,0.00000000,0.01000000,10.000,10.000,0,0,0.000,0.000,0,,0
TX_N110053_N110056_1,,N110053,N110056,,138.000,0.00000000,0.03289000,238.600,238.600,0,0,0.000,0.000,0,,0
TX_N110054_N110056_1,,N110054,N110056,,13.800,0.00000000,0.01000000,10.000,10.000,0,0,0.000,0.000,0,,0
TX_N110055_N110056_1,,N110055,N110056,,13.800,0.00000000,0.01000000,10.000,10.000,0,0,0.000,0.000,0,,0
TX_N110057_N110060_1,,N110057,N110060,,138.000,0.00000000,0.07351000,238.100,238.100,0,0,0.000,0.000,0,,0
TX_N110058_N110060_1,,N110058,N110060,,24.000,0.00000000,0.01000000,10.000,10.000,0,0,0.000,0.000,0,,0
TX_N110059_N110060_1,,N110059,N110060,,24.000,0.00000000,0.01000000,10.000,10.000,0,0,0.000,0.000,0,,0
TX_N110061_N110064_1,,N110061,N110064,,138.000,0.00000000,0.04024000,237.400,237.400,0,0,0.000,0.000,0,,0
TX_N110062_N110064_1,,N110062,N110064,,18.000,0.00000000,0.01000000,10.000,10.000,0,0,0.000,0.000,0,,0
TX_N110063_N110064_1,,N110063,N110064,,18.000,0.00000000,0.01000000,10.000,10.000,0,0,0.000,0.000,0,,0
TX_N110065_N110068_1,,N110065,N110068,,138.000,0.00000000,0.04068000,236.900,236.900,0,0,0.000,0.000,0,,0
TX_N110066_N110068_1,,N110066,N110068,,24.000,0.00000000,0.01000000,10.000,10.000,0,0,0.000,0.000,0,,0
TX_N110067_N110068_1,,N110067,N110068,,24.000,0.00000000,0.01000000,10.000,10.000,0,0,0.000,0.000,0,,0
TX_N110069_N110072_1,,N110069,N110072,,138.000,0.00000000,0.07270000,236.400,236.400,0,0,0.000,0.000,0,,0
TX_N110070_N110072_1,,N110070,N110072,,13.800,0.00000000,0.01000000,10.000,10.000,0,0,0.000,0.000,0,,0
TX_N110071_N110072_1,,N110071,N110072,,13.800,0.00000000,0.01000000,10.000,10.000,0,0,0.000,0.000,0,,0
TX_N110073_N110076_1,,N110073,N110076,,138.000,0.00000000,0.03635000,263.300,263.300,0,0,0.000,0.000,0,,0
TX_N110074_N110076_1,,N110074,N110076,,13.800,0.00000000,0.01000000,19.900,19.900,0,0,0.000,0.000,0,,0
TX_N110075_N110076_1,,N110075,N110076,,13.800,0.00000000,0.01000000,10.000,10.000,0,0,0.000,0.000,0,,0
TX_N110077_N110080_1,,N110077,N110080,,138.000,0.00000000,0.03945000,235.200,235.200,0,0,0.000,0.000,0,,0
TX_N110078_N110080_1,,N110078,N110080,,18.000,0.00000000,0.01000000,10.000,10.000,0,0,0.000,0.000,0,,0
TX_N110079_N110080_1,,N110079,N110080,,18.000,0.00000000,0.01000000,10.000,10.000,0,0,0.000,0.000,0,,0
TX_N110081_N110084_1,,N110081,N110084,,138.000,0.00000000,0.05170000,260.500,260.500,0,0,0.000,0.000,0,,0
TX_N110082_N110084_1,,N110082,N110084,,24.000,0.00000000,0.01000000,18.100,18.100,0,0,0.000,0.000,0,,0
TX_N110083_N110084_1,,N110083,N110084,,24.000,0.00000000,0.01000000,10.000,10.000,0,0,0.000,0.000,0,,0
TX_N110085_N110088_1,,N110085,N110088,,138.000,0.00000000,0.06782000,234.400,234.400,0,0,0.000,0.000,0,,0
TX_N110086_N110088_1,,N110086,N110088,,18.000,0.00000000,0.01000000,10.000,10.000,0,0,0.000,0.000,0,,0
TX_N110087_N110088_1,,N110087,N110088,,18.000,0.00000000,0.01000000,10.000,10.000,0,0,0.000,0.000,0,,0
TX_N110089_N110092_1,,N110089,N110092,,138.000,0.00000000,0.06810000,232.700,232.700,0,0,0.000,0.000,0,,0
TX_N110090_N110092_1,,N110090,N110092,,18.000,0.00000000,0.01000000,10.000,10.000,0,0,0.000,0.000,0,,0
TX_N110091_N110092_1,,N110091,N110092,,18.000,0.00000000,0.01000000,10.000,10.000,0,0,0.000,0.000,0,,0
TX_N110093_N110096_1,,N110093,N110096,,138.000,0.00000000,0.05198000,246.800,246.800,0,0,0.000,0.000,0,,0
TX_N110094_N110096_1,,N110094,N110096,,13.800,0.00000000,0.01000000,11.000,11.000,0,0,0.000,0.000,0,,0
TX_N110095_N110096_1,,N110095,N110096,,13.800,0.00000000,0.01000000,10.000,10.000,0,0,0.000,0.000,0,,0
TX_N110097_N110100_1,,N110097,N110100,,138.000,0.00000000,0.04640000,257.100,257.100,0,0,0.000,0.000,0,,0
TX_N110098_N110100_1,,N110098,N110100,,13.800,0.00000000,0.01000000,13.400,13.400,0,0,0.000,0.000,0,,0
TX_N110099_N110100_1,,N110099,N110100,,13.800,0.00000000,0.01000000,10.000,10.000,0,0,0.000,0.000,0,,0
TX_N110101_N110104_1,,N110101,N110104,,138.000,0.00000000,0.04833000,247.500,247.500,0,0,0.000,0.000,0,,0
TX_N110102_N110104_1,,N110102,N110104,,13.800,0.00000000,0.01000000,11.700,11.700,0,0,0.000,0.000,0,,0
TX_N110103_N110104_1,,N110103,N110104,,13.800,0.00000000,0.01000000,10.000,10.000,0,0,0.000,0.000,0,,0
TX_N110105_N110108_1,,N110105,N110108,,138.000,0.00000000,0.04725000,232.400,232.400,0,0,0.000,0.000,0,,0
TX_N110106_N110108_1,,N110106,N110108,,18.000,0.00000000,0.01000000,10.000,10.000,0,0,0.000,0.000,0,,0
TX_N110107_N110108_1,,N110107,N110108,,18.000,0.00000000,0.01000000,10.000,10.000,0,0,0.000,0.000,0,,0
TX_N110109_N110112_1,,N110109,N110112,,138.000,0.00000000,0.06478000,244.400,244.400,0,0,0.000,0.000,0,,0
TX_N110110_N110112_1,,N110110,N110112,,13.800,0.00000000,0.01000000,10.200,10.200,0,0,0.000,0.000,0,,0
TX_N110111_N110112_1,,N110111,N110112,,13.800,0.00000000,0.01000000,10.000,10.000,0,0,0.000,0.000,0,,0
TX_N110113_N110116_1,,N110113,N110116,,138.000,0.00000000,0.05302000,232.300,232.300,0,0,0.000,0.000,0,,0
TX_N110114_N110116_1,,N110114,N110116,,18.000,0.00000000,0.01000000,10.000,10.000,0,0,0.000,0.000,0,,0
TX_N110115_N110116_1,,N110115,N110116,,18.000,0.00000000,0.01000000,10.000,10.000,0,0,0.000,0.000,0,,0
TX_N110127_N110126_1,,N110127,N110126,,345.000,0.00000000,0.01809000,494.000,494.000,0,1,0.000,0.000,0,,0
TX_N110127_N110126_2,,N110127,N110126,,345.000,0.00000000,0.01809000,494.000,494.000,0,1,0.000,0.000,0,,0
TX_N110161_N110160_1,,N110161,N110160,,345.000,0.00000000,0.02824000,470.900,470.900,0,1,0.000,0.000,0,,0
TX_N110161_N110160_2,,N110161,N110160,,345.000,0.00000000,0.02824000,470.900,470.900,0,1,0.000,0.000,0,,0
TX_N110163_N110162_1,,N110163,N110162,,138.000,0.00000000,0.03700000,332.200,332.200,0,0,0.000,0.000,0,,0
TX_N110166_N110165_1,,N110166,N110165,,138.000,0.00000000,0.05133000,280.500,280.500,0,0,0.000,0.000,0,,0
TX_N110170_N110169_1,,N110170,N110169,,138.000,0.00000000,0.07064000,165.500,165.500,0,0,0.000,0.000,0,,0
TX_N110173_N110172_1,,N110173,N110172,,138.000,0.00000000,0.03835000,251.700,251.700,0,0,0.000,0.000,0,,0
TX_N110175_N110174_1,,N110175,N110174,,138.000,0.00000000,0.05559000,267.300,267.300,0,0,0.000,0.000,0,,0
TX_N110177_N110176_1,,N110177,N110176,,138.000,0.00000000,0.05923000,176.800,176.800,0,0,0.000,0.000,0,,0
TX_N110188_N110191_1,,N110188,N110191,,138.000,0.00000000,0.02915000,179.800,179.800,0,0,0.000,0.000,0,,0
TX_N110189_N110191_1,,N110189,N110191,,69.000,0.00000000,0.10979000,124.300,124.300,0,0,0.000,0.000,0,,0
TX_N110190_N110191_1,,N110190,N110191,,18.000,0.00000000,0.01000000,150.000,150.000,0,0,0.000,0.000,0,,0
TX_N110213_N110212_1,,N110213,N110212,,138.000,0.00000000,0.04826000,396.700,396.700,0,0,0.000,0.000,0,,0
TX_N110263_N110262_1,,N110263,N110262,,138.000,0.00000000,0.06273000,307.400,307.400,0,0,0.000,0.000,0,,0
TX_N110274_N110273_1,,N110274,N110273,,138.000,0.00000000,0.03918000,149.900,149.900,0,0,0.000,0.000,0,,0
TX_N110290_N110289_1,,N110290,N110289,,138.000,0.00000000,0.05486000,98.200,98.200,0,0,0.000,0.000,0,,0
TX_N110292_N110291_1,,N110292,N110291,,138.000,0.00000000,0.04802000,81.600,81.600,0,0,0.000,0.000,0,,0
TX_N110294_N110293_1,,N110294,N110293,,138.000,0.00000000,0.02970000,198.200,198.200,0,0,0.000,0.000,0,,0
TX_N110295_N110298_1,,N110295,N110298,,138.000,0.00000000,0.07524000,179.200,179.200,0,0,0.000,0.000,0,,0
TX_N110296_N110298_1,,N110296,N110298,,69.000,0.00000000,0.12779000,124.300,124.300,0,0,0.000,0.000,0,,0
TX_N110297_N110298_1,,N110297,N110298,,13.800,0.00000000,0.01000000,25.000,25.000,0,0,0.000,0.000,0,,0
TX_N110310_N110309_1,,N110310,N110309,,138.000,0.00000000,0.05950000,155.100,155.100,0,0,0.000,0.000,0,,0
TX_N110318_N110317_1,,N110318,N110317,,138.000,0.00000000,0.05496000,255.100,255.100,0,0,0.000,0.000,0,,0
TX_N110326_N110325_1,,N110326,N110325,,138.000,0.00000000,0.05490000,212.000,212.000,0,0,0.000,0.000,0,,0
TX_N110330_N110329_1,,N110330,N110329,,138.000,0.00000000,0.05910000,212.600,212.600,0,0,0.000,0.000,0,,0
TX_N110332_N110331_1,,N110332,N110331,,138.000,0.00000000,0.04298000,263.000,263.000,0,0,0.000,0.000,0,,0
TX_N110335_N110334_1,,N110335,N110334,,138.000,0.00000000,0.08142000,158.600,158.600,0,0,0.000,0.000,0,,0
TX_N110337_N110336_1,,N110337,N110336,,138.000,0.00000000,0.03661000,326.600,326.600,0,0,0.000,0.000,0,,0
TX_N110339_N110338_1,,N110339,N110338,,138.000,0.00000000,0.04585000,249.900,249.900,0,0,0.000,0.000,0,,0
TX_N110340_N110343_1,,N110340,N110343,,138.000,0.00000000,0.07081000,178.800,178.800,0,0,0.000,0.000,0,,0
TX_N110341_N110343_1,,N110341,N110343,,69.000,0.00000000,0.09090000,123.800,123.800,0,0,0.000,0.000,0,,0
TX_N110342_N110343_1,,N110342,N110343,,24.000,0.00000000,0.01000000,100.000,100.000,0,0,0.000,0.000,0,,0
TX_N110354_N110353_1,,N110354,N110353,,138.000,0.00000000,0.06238000,102.100,102.100,0,0,0.000,0.000,0,,0
TX_N110358_N110357_1,,N110358,N110357,,138.000,0.00000000,0.05820000,190.500,190.500,0,0,0.000,0.000,0,,0
TX_N110366_N110365_1,,N110366,N110365,,138.000,0.00000000,0.02384000,316.000,316.000,0,0,0.000,0.000,0,,0
TX_N110369_N110368_1,,N110369,N110368,,138.000,0.00000000,0.03928000,159.700,159.700,0,0,0.000,0.000,0,,0
TX_N110376_N110375_1,,N110376,N110375,,138.000,0.00000000,0.06629000,145.200,145.200,0,0,0.000,0.000,0,,0
TX_N110382_N110381_1,,N110382,N110381,,138.000,0.00000000,0.03751000,204.400,204.400,0,0,0.000,0.000,0,,0
TX_N110384_N110383_1,,N110384,N110383,,138.000,0.00000000,0.04853000,177.900,177.900,0,0,0.000,0.000,0,,0
TX_N110388_N110387_1,,N110388,N110387,,138.000,0.00000000,0.04861000,316.100,316.100,0,0,0.000,0.000,0,,0
TX_N110393_N110392_1,,N110393,N110392,,138.000,0.00000000,0.03134000,409.100,409.100,0,0,0.000,0.000,0,,0
TX_N110393_N110392_2,,N110393,N110392,,138.000,0.00000000,0.03134000,409.100,409.100,0,0,0.000,0.000,0,,0
TX_N110395_N110398_1,,N110395,N110398,,138.000,0.00000000,0.07009000,176.500,176.500,0,0,0.000,0.000,0,,0
TX_N110396_N110398_1,,N110396,N110398,,69.000,0.00000000,0.10076000,118.900,118.900,0,0,0.000,0.000,0,,0
TX_N110397_N110398_1,,N110397,N110398,,18.000,0.00000000,0.01000000,75.000,75.000,0,0,0.000,0.000,0,,0
TX_N110405_N110404_1,,N110405,N110404,,138.000,0.00000000,0.04195000,257.000,257.000,0,0,0.000,0.000,0,,0
TX_N110410_N110413_1,,N110410,N110413,,138.000,0.00000000,0.06039000,174.100,174.100,0,0,0.000,0.000,0,,0
TX_N110411_N110413_1,,N110411,N110413,,69.000,0.00000000,0.12518000,117.600,117.600,0,0,0.000,0.000,0,,0
TX_N110412_N110413_1,,N110412,N110413,,18.000,0.00000000,0.01000000,150.000,150.000,0,0,0.000,0.000,0,,0
TX_N110415_N110414_1,,N110415,N110414,,138.000,0.00000000,0.04847000,303.900,303.900,0,0,0.000,0.000,0,,0
TX_N110418_N110417_1,,N110418,N110417,,345.000,0.00000000,0.03197000,531.900,531.900,0,1,0.000,0.000,0,,0
TX_N110418_N110417_2,,N110418,N110417,,345.000,0.00000000,0.03197000,531.900,531.900,0,1,0.000,0.000,0,,0
TX_N110419_N110418_1,,N110419,N110418,,138.000,0.00000000,0.08573000,212.800,212.800,0,0,0.000,0.000,0,,0
TX_N110422_N110421_1,,N110422,N110421,,138.000,0.00000000,0.03938000,307.700,307.700,0,0,0.000,0.000,0,,0
TX_N110430_N110429_1,,N110430,N110429,,138.000,0.00000000,0.02566000,430.300,430.300,0,0,0.000,0.000,0,,0
TX_N110430_N110429_2,,N110430,N110429,,138.000,0.00000000,0.02566000,430.300,430.300,0,0,0.000,0.000,0,,0
TX_N110432_N110435_1,,N110432,N110435,,138.000,0.00000000,0.05641000,173.900,173.900,0,0,0.000,0.000,0,,0
TX_N110433_N110435_1,,N110433,N110435,,69.000,0.00000000,0.05375000,115.800,115.800,0,0,0.000,0.000,0,,0
TX_N110434_N110435_1,,N110434,N110435,,18.000,0.00000000,0.01000000,75.000,75.000,0,0,0.000,0.000,0,,0
TX_N110439_N110438_1,,N110439,N110438,,138.000,0.00000000,0.05443000,275.900,275.900,0,0,0.000,0.000,0,,0
TX_N110441_N110440_1,,N110441,N110440,,345.000,0.00000000,0.03058000,496.700,496.700,0,1,0.000,0.000,0,,0
TX_N110441_N110440_2,,N110441,N110440,,345.000,0.00000000,0.03058000,496.700,496.700,0,1,0.000,0.000,0,,0
TX_N110441_N110444_1,,N110441,N110444,,138.000,0.00000000,0.05468000,173.500,173.500,0,0,0.000,0.000,0,,0
TX_N110442_N110444_1,,N110442,N110444,,69.000,0.00000000,0.07927000,115.700,115.700,0,0,0.000,0.000,0,,0
TX_N110443_N110444_1,,N110443,N110444,,18.000,0.00000000,0.01000000,25.000,25.000,0,0,0.000,0.000,0,,0
TX_N110446_N110445_1,,N110446,N110445,,138.000,0.00000000,0.06202000,211.800,211.800,0,0,0.000,0.000,0,,0
TX_N110450_N110449_1,,N110450,N110449,,138.000,0.00000000,0.05847000,201.800,201.800,0,0,0.000,0.000,0,,0
TX_N110459_N110458_1,,N110459,N110458,,138.000,0.00000000,0.03760000,378.600,378.600,0,0,0.000,0.000,0,,0
TX_N110463_N110462_1,,N110463,N110462,,138.000,0.00000000,0.04470000,274.600,274.600,0,0,0.000,0.000,0,,0
TX_N110466_N110465_1,,N110466,N110465,,138.000,0.00000000,0.04655000,241.000,241.000,0,0,0.000,0.000,0,,0
TX_N110481_N110480_1,,N110481,N110480,,138.000,0.00000000,0.04853000,302.400,302.400,0,0,0.000,0.000,0,,0
TX_N110483_N110482_1,,N110483,N110482,,138.000,0.00000000,0.04363000,265.100,265.100,0,0,0.000,0.000,0,,0
TX_N110485_N110484_1,,N110485,N110484,,138.000,0.00000000,0.03850000,279.800,279.800,0,0,0.000,0.000,0,,0
TX_N110493_N110492_1,,N110493,N110492,,138.000,0.00000000,0.06385000,319.100,319.100,0,0,0.000,0.000,0,,0
TX_N110495_N110494_1,,N110495,N110494,,138.000,0.00000000,0.04023000,244.900,244.900,0,0,0.000,0.000,0,,0
TX_N110501_N110500_1,,N110501,N110500,,138.000,0.00000000,0.04754000,373.200,373.200,0,0,0.000,0.000,0,,0
TX_N110503_N110502_1,,N110503,N110502,,138.000,0.00000000,0.04156000,129.600,129.600,0,0,0.000,0.000,0,,0
TX_N110508_N110507_1,,N110508,N110507,,138.000,0.00000000,0.02935000,179.800,179.800,0,0,0.000,0.000,0,,0
TX_N110514_N110513_1,,N110514,N110513,,138.000,0.00000000,0.04329000,101.500,101.500,0,0,0.000,0.000,0,,0
TX_N110519_N110518_1,,N110519,N110518,,138.000,0.00000000,0.05738000,93.800,93.800,0,0,0.000,0.000,0,,0
TX_N110525_N110524_1,,N110525,N110524,,138.000,0.00000000,0.01892000,156.100,156.100,0,0,0.000,0.000,0,,0
TX_N110527_N110526_1,,N110527,N110526,,138.000,0.00000000,0.03884000,277.200,277.200,0,0,0.000,0.000,0,,0
TX_N110529_N110528_1,,N110529,N110528,,138.000,0.00000000,0.04302000,232.600,232.600,0,0,0.000,0.000,0,,0
TX_N110535_N110534_1,,N110535,N110534,,138.000,0.00000000,0.05800000,320.600,320.600,0,0,0.000,0.000,0,,0
TX_N110542_N110541_1,,N110542,N110541,,138.000,0.00000000,0.03086000,417.000,417.000,0,0,0.000,0.000,0,,0
TX_N110542_N110541_2,,N110542,N110541,,138.000,0.00000000,0.03086000,417.000,417.000,0,0,0.000,0.000,0,,0
TX_N110554_N110553_1,,N110554,N110553,,138.000,0.00000000,0.04660000,292.100,292.100,0,0,0.000,0.000,0,,0
TX_N110561_N110564_1,,N110561,N110564,,138.000,0.00000000,0.07442000,172.800,172.800,0,0,0.000,0.000,0,,0
TX_N110562_N110564_1,,N110562,N110564,,69.000,0.00000000,0.06637000,113.600,113.600,0,0,0.000,0.000,0,,0
TX_N110563_N110564_1,,N110563,N110564,,13.800,0.00000000,0.01000000,100.000,100.000,0,0,0.000,0.000,0,,0
TX_N110567_N110566_1,,N110567,N110566,,138.000,0.00000000,0.05637000,201.100,201.100,0,0,0.000,0.000,0,,0
TX_N110569_N110568_1,,N110569,N110568,,138.000,0.00000000,0.04995000,180.400,180.400,0,0,0.000,0.000,0,,0
TX_N110576_N110575_1,,N110576,N110575,,138.000,0.00000000,0.05525000,298.300,298.300,0,0,0.000,0.000,0,,0
TX_N110580_N110579_1,,N110580,N110579,,138.000,0.00000000,0.05175000,176.400,176.400,0,0,0.000,0.000,0,,0
TX_N110582_N110581_1,,N110582,N110581,,138.000,0.00000000,0.04989000,269.500,269.500,0,0,0.000,0.000,0,,0
TX_N110586_N110585_1,,N110586,N110585,,345.000,0.00000000,0.03796000,510.800,510.800,0,1,0.000,0.000,0,,0
TX_N110586_N110585_2,,N110586,N110585,,345.000,0.00000000,0.03796000,510.800,510.800,0,1,0.000,0.000,0,,0
TX_N110587_N110586_1,,N110587,N110586,,138.000,0.00000000,0.05252000,332.000,332.000,0,0,0.000,0.000,0,,0
TX_N110589_N110588_1,,N110589,N110588,,138.000,0.00000000,0.06386000,240.400,240.400,0,0,0.000,0.000,0,,0
TX_N110592_N110591_1,,N110592,N110591,,138.000,0.00000000,0.03813000,319.900,319.900,0,0,0.000,0.000,0,,0
TX_N110598_N110597_1,,N110598,N110597,,138.000,0.00000000,0.05425000,220.500,220.500,0,0,0.000,0.000,0,,0
TX_N110607_N110606_1,,N110607,N110606,,138.000,0.00000000,0.03973000,291.800,291.800,0,0,0.000,0.000,0,,0
TX_N110636_N110635_1,,N110636,N110635,,138.000,0.00000000,0.05688000,215.800,215.800,0,0,0.000,0.000,0,,0
TX_N110656_N110655_1,,N110656,N110655,,138.000,0.00000000,0.06068000,309.000,309.000,0,0,0.000,0.000,0,,0
TX_N110696_N110695_1,,N110696,N110695,,138.000,0.00000000,0.05765000,245.800,245.800,0,0,0.000,0.000,0,,0
TX_N110697_N110700_1,,N110697,N110700,,138.000,0.00000000,0.06762000,169.800,169.800,0,0,0.000,0.000,0,,0
TX_N110698_N110700_1,,N110698,N110700,,69.000,0.00000000,0.10733000,112.300,112.300,0,0,0.000,0.000,0,,0
TX_N110699_N110700_1,,N110699,N110700,,24.000,0.00000000,0.01000000,150.000,150.000,0,0,0.000,0.000,0,,0
TX_N110702_N110701_1,,N110702,N110701,,138.000,0.00000000,0.04340000,174.900,174.900,0,0,0.000,0.000,0,,0
TX_N110704_N110703_1,,N110704,N110703,,138.000,0.00000000,0.05352000,314.400,314.400,0,0,0.000,0.000,0,,0
TX_N110711_N110710_1,,N110711,N110710,,138.000,0.00000000,0.05541000,163.200,163.200,0,0,0.000,0.000,0,,0
TX_N110713_N110712_1,,N110713,N110712,,138.000,0.00000000,0.06757000,194.100,194.100,0,0,0.000,0.000,0,,0
TX_N110720_N110719_1,,N110720,N110719,,138.000,0.00000000,0.02585000,161.400,161.400,0,0,0.000,0.000,0,,0
TX_N110725_N110728_1,,N110725,N110728,,138.000,0.00000000,0.07311000,168.500,168.500,0,0,0.000,0.000,0,,0
TX_N110726_N110728_1,,N110726,N110728,,69.000,0.00000000,0.15596000,111.200,111.200,0,0,0.000,0.000,0,,0
TX_N110727_N110728_1,,N110727,N110728,,13.200,0.00000000,0.01000000,125.000,125.000,0,0,0.000,0.000,0,,0
TX_N110730_N110729_1,,N110730,N110729,,138.000,0.00000000,0.02933000,155.100,155.100,0,0,0.000,0.000,0,,0
TX_N110736_N110735_1,,N110736,N110735,,138.000,0.00000000,0.05009000,184.900,184.900,0,0,0.000,0.000,0,,0
TX_N110738_N110737_1,,N110738,N110737,,138.000,0.00000000,0.06737000,157.700,157.700,0,0,0.000,0.000,0,,0
TX_N110743_N110742_1,,N110743,N110742,,345.000,0.00000000,0.02055000,650.000,650.000,0,1,0.000,0.000,0,,0
TX_N110743_N110742_2,,N110743,N110742,,345.000,0.00000000,0.02055000,650.000,650.000,0,1,0.000,0.000,0,,0
TX_N110744_N110743_1,,N110744,N110743,,138.000,0.00000000,0.05029000,314.000,314.000,0,0,0.000,0.000,0,,0
TX_N110745_N110748_1,,N110745,N110748,,138.000,0.00000000,0.08744000,168.100,168.100,0,0,0.000,0.000,0,,0
TX_N110746_N110748_1,,N110746,N110748,,69.000,0.00000000,0.09818000,110.800,110.800,0,0,0.000,0.000,0,,0
TX_N110747_N110748_1,,N110747,N110748,,24.000,0.00000000,0.01000000,125.000,125.000,0,0,0.000,0.000,0,,0
TX_N110751_N110750_1,,N110751,N110750,,138.000,0.00000000,0.05827000,246.900,246.900,0,0,0.000,0.000,0,,0
TX_N110754_N110753_1,,N110754,N110753,,138.000,0.00000000,0.05541000,211.900,211.900,0,0,0.000,0.000,0,,0
TX_N110758_N110757_1,,N110758,N110757,,138.000,0.00000000,0.04327000,230.700,230.700,0,0,0.000,0.000,0,,0
TX_N110763_N110762_1,,N110763,N110762,,138.000,0.00000000,0.04167000,219.700,219.700,0,0,0.000,0.000,0,,0
TX_N110768_N110767_1,,N110768,N110767,,138.000,0.00000000,0.05151000,122.600,122.600,0,0,0.000,0.000,0,,0
TX_N110772_N110775_1,,N110772,N110775,,138.000,0.00000000,0.03611000,167.700,167.700,0,0,0.000,0.000,0,,0
TX_N110773_N110775_1,,N110773,N110775,,69.000,0.00000000,0.14736000,106.700,106.700,0,0,0.000,0.000,0,,0
TX_N110774_N110775_1,,N110774,N110775,,13.800,0.00000000,0.01000000,150.000,150.000,0,0,0.000,0.000,0,,0
TX_N110782_N110781_1,,N110782,N110781,,138.000,0.00000000,0.04993000,284.000,284.000,0,0,0.000,0.000,0,,0
TX_N110789_N110788_1,,N110789,N110788,,138.000,0.00000000,0.05375000,251.200,251.200,0,0,0.000,0.000,0,,0
TX_N110791_N110790_1,,N110791,N110790,,138.000,0.00000000,0.07071000,196.400,196.400,0,0,0.000,0.000,0,,0
TX_N110794_N110793_1,,N110794,N110793,,138.000,0.00000000,0.04315000,322.000,322.000,0,0,0.000,0.000,0,,0
TX_N110797_N110796_1,,N110797,N110796,,138.000,0.00000000,0.05285000,267.300,267.300,0,0,0.000,0.000,0,,0
TX_N110800_N110799_1,,N110800,N110799,,138.000,0.00000000,0.05528000,288.600,288.600,0,0,0.000,0.000,0,,0
TX_N110802_N110801_1,,N110802,N110801,,138.000,0.00000000,0.03322000,302.200,302.200,0,0,0.000,0.000,0,,0
TX_N110804_N110803_1,,N110804,N110803,,138.000,0.00000000,0.05584000,207.200,207.200,0,0,0.000,0.000,0,,0
TX_N110808_N110807_1,,N110808,N110807,,138.000,0.00000000,0.04753000,255.300,255.300,0,0,0.000,0.000,0,,0
TX_N110819_N110818_1,,N110819,N110818,,138.000,0.00000000,0.04882000,303.900,303.900,0,0,0.000,0.000,0,,0
TX_N110824_N110827_1,,N110824,N110827,,138.000,0.00000000,0.05343000,166.500,166.500,0,0,0.000,0.000,0,,0
TX_N110825_N110827_1,,N110825,N110827,,69.000,0.00000000,0.11466000,106.500,106.500,0,0,0.000,0.000,0,,0
TX_N110826_N110827_1,,N110826,N110827,,13.800,0.00000000,0.01000000,25.000,25.000,0,0,0.000,0.000,0,,0
TX_N110829_N110828_1,,N110829,N110828,,138.000,0.00000000,0.04949000,179.900,179.900,0,0,0.000,0.000,0,,0
TX_N110831_N110830_1,,N110831,N110830,,138.000,0.00000000,0.07603000,204.800,204.800,0,0,0.000,0.000,0,,0
TX_N110841_N110840_1,,N110841,N110840,,138.000,0.00000000,0.04253000,222.500,222.500,0,0,0.000,0.000,0,,0
TX_N110853_N110852_1,,N110853,N110852,,138.000,0.00000000,0.04885000,198.800,198.800,0,0,0.000,0.000,0,,0
TX_N110855_N110854_1,,N110855,N110854,,138.000,0.00000000,0.05517000,224.000,224.000,0,0,0.000,0.000,0,,0
TX_N110857_N110856_1,,N110857,N110856,,138.000,0.00000000,0.04161000,280.100,280.100,0,0,0.000,0.000,0,,0
TX_N110859_N110858_1,,N110859,N110858,,138.000,0.00000000,0.05901000,258.300,258.300,0,0,0.000,0.000,0,,0
TX_N110861_N110860_1,,N110861,N110860,,138.000,0.00000000,0.06145000,230.600,230.600,0,0,0.000,0.000,0,,0
TX_N110867_N110866_1,,N110867,N110866,,138.000,0.00000000,0.06277000,171.800,171.800,0,0,0.000,0.000,0,,0
TX_N110869_N110868_1,,N110869,N110868,,138.000,0.00000000,0.05183000,249.700,249.700,0,0,0.000,0.000,0,,0
TX_N110874_N110873_1,,N110874,N110873,,138.000,0.00000000,0.05241000,190.600,190.600,0,0,0.000,0.000,0,,0
TX_N110878_N110877_1,,N110878,N110877,,138.000,0.00000000,0.04461000,273.600,273.600,0,0,0.000,0.000,0,,0
TX_N110880_N110879_1,,N110880,N110879,,138.000,0.00000000,0.05378000,216.700,216.700,0,0,0.000,0.000,0,,0
TX_N110882_N110881_1,,N110882,N110881,,138.000,0.00000000,0.05350000,173.800,173.800,0,0,0.000,0.000,0,,0
TX_N110884_N110883_1,,N110884,N110883,,345.000,0.00000000,0.03975000,533.300,533.300,0,1,0.000,0.000,0,,0
TX_N110884_N110883_2,,N110884,N110883,,345.000,0.00000000,0.03975000,533.300,533.300,0,1,0.000,0.000,0,,0
TX_N110885_N110884_1,,N110885,N110884,,138.000,0.00000000,0.05934000,247.700,247.700,0,0,0.000,0.000,0,,0
TX_N110888_N110887_1,,N110888,N110887,,138.000,0.00000000,0.05863000,248.900,248.900,0,0,0.000,0.000,0,,0
TX_N110889_N110892_1,,N110889,N110892,,138.000,0.00000000,0.06425000,162.500,162.500,0,0,0.000,0.000,0,,0
TX_N110890_N110892_1,,N110890,N110892,,69.000,0.00000000,0.10708000,106.000,106.000,0,0,0.000,0.000,0,,0
TX_N110891_N110892_1,,N110891,N110892,,18.000,0.00000000,0.01000000,25.000,25.000,0,0,0.000,0.000,0,,0
TX_N110898_N110897_1,,N110898,N110897,,138.000,0.00000000,0.04236000,293.400,293.400,0,0,0.000,0.000,0,,0
TX_N110899_N110902_1,,N110899,N110902,,138.000,0.00000000,0.08447000,160.400,160.400,0,0,0.000,0.000,0,,0
TX_N110900_N110902_1,,N110900,N110902,,69.000,0.00000000,0.12126000,104.000,104.000,0,0,0.000,0.000,0,,0
TX_N110901_N110902_1,,N110901,N110902,,20.000,0.00000000,0.01000000,25.000,25.000,0,0,0.000,0.000,0,,0
TX_N110905_N110904_1,,N110905,N110904,,138.000,0.00000000,0.03630000,256.800,256.800,0,0,0.000,0.000,0,,0
TX_N110915_N110914_1,,N110915,N110914,,138.000,0.00000000,0.05189000,205.600,205.600,0,0,0.000,0.000,0,,0
TX_N110917_N110916_1,,N110917,N110916,,138.000,0.00000000,0.05951000,190.500,190.500,0,0,0.000,0.000,0,,0
TX_N110920_N110919_1,,N110920,N110919,,138.000,0.00000000,0.03523000,271.600,271.600,0,0,0.000,0.000,0,,0
TX_N110922_N110921_1,,N110922,N110921,,138.000,0.00000000,0.04333000,262.200,262.200,0,0,0.000,0.000,0,,0
TX_N110927_N110926_1,,N110927,N110926,,138.000,0.00000000,0.03919000,317.700,317.700,0,0,0.000,0.000,0,,0
TX_N110929_N110928_1,,N110929,N110928,,345.000,0.00000000,0.03759000,452.300,452.300,0,1,0.000,0.000,0,,0
TX_N110929_N110928_2,,N110929,N110928,,345.000,0.00000000,0.03759000,452.300,452.300,0,1,0.000,0.000,0,,0
TX_N110930_N110929_1,,N110930,N110929,,138.000,0.00000000,0.05066000,169.600,169.600,0,0,0.000,0.000,0,,0
TX_N110937_N110940_1,,N110937,N110940,,138.000,0.00000000,0.05595000,159.600,159.600,0,0,0.000,0.000,0,,0
TX_N110938_N110940_1,,N110938,N110940,,69.000,0.00000000,0.09688000,103.700,103.700,0,0,0.000,0.000,0,,0
TX_N110939_N110940_1,,N110939,N110940,,18.000,0.00000000,0.01000000,100.000,100.000,0,0,0.000,0.000,0,,0
TX_N110942_N110941_1,,N110942,N110941,,138.000,0.00000000,0.06488000,208.900,208.900,0,0,0.000,0.000,0,,0
TX_N110944_N110943_1,,N110944,N110943,,345.000,0.00000000,0.02234000,542.500,542.500,0,1,0.000,0.000,0,,0
TX_N110944_N110943_2,,N110944,N110943,,345.000,0.00000000,0.02234000,542.500,542.500,0,1,0.000,0.000,0,,0
TX_N110945_N110944_1,,N110945,N110944,,138.000,0.00000000,0.04767000,332.200,332.200,0,0,0.000,0.000,0,,0
TX_N110948_N110947_1,,N110948,N110947,,138.000,0.00000000,0.05655000,144.500,144.500,0,0,0.000,0.000,0,,0
TX_N110952_N110951_1,,N110952,N110951,,138.000,0.00000000,0.05318000,287.200,287.200,0,0,0.000,0.000,0,,0
TX_N110953_N110956_1,,N110953,N110956,,138.000,0.00000000,0.07126000,159.000,159.000,0,0,0.000,0.000,0,,0
TX_N110954_N110956_1,,N110954,N110956,,69.000,0.00000000,0.08505000,102.900,102.900,0,0,0.000,0.000,0,,0
TX_N110955_N110956_1,,N110955,N110956,,13.800,0.00000000,0.01000000,75.000,75.000,0,0,0.000,0.000,0,,0
TX_N110959_N110958_1,,N110959,N110958,,345.000,0.00000000,0.03575000,469.000,469.000,0,1,0.000,0.000,0,,0
TX_N110959_N110958_2,,N110959,N110958,,345.000,0.00000000,0.03575000,469.000,469.000,0,1,0.000,0.000,0,,0
TX_N110960_N110959_1,,N110960,N110959,,138.000,0.00000000,0.07116000,305.400,305.400,0,0,0.000,0.000,0,,0
TX_N110961_N110964_1,,N110961,N110964,,138.000,0.00000000,0.11326000,157.600,157.600,0,0,0.000,0.000,0,,0
TX_N110962_N110964_1,,N110962,N110964,,69.000,0.00000000,0.14365000,101.500,101.500,0,0,0.000,0.000,0,,0
TX_N110963_N110964_1,,N110963,N110964,,22.000,0.00000000,0.01000000,100.000,100.000,0,0,0.000,0.000,0,,0
TX_N110966_N110969_1,,N110966,N110969,,138.000,0.00000000,0.07094000,157.600,157.600,0,0,0.000,0.000,0,,0
TX_N110967_N110969_1,,N110967,N110969,,69.000,0.00000000,0.10121000,101.200,101.200,0,0,0.000,0.000,0,,0
TX_N110968_N110969_1,,N110968,N110969,,13.800,0.00000000,0.01000000,50.000,50.000,0,0,0.000,0.000,0,,0
TX_N110971_N110970_1,,N110971,N110970,,138.000,0.00000000,0.03413000,338.500,338.500,0,0,0.000,0.000,0,,0
TX_N110973_N110972_1,,N110973,N110972,,345.000,0.00000000,0.03262000,494.500,494.500,0,1,0.000,0.000,0,,0
TX_N110973_N110972_2,,N110973,N110972,,345.000,0.00000000,0.03262000,494.500,494.500,0,1,0.000,0.000,0,,0
TX_N110974_N110973_1,,N110974,N110973,,138.000,0.00000000,0.03165000,395.100,395.100,0,0,0.000,0.000,0,,0
TX_N110975_N110978_1,,N110975,N110978,,138.000,0.00000000,0.10993000,157.500,157.500,0,0,0.000,0.000,0,,0
TX_N110976_N110978_1,,N110976,N110978,,69.000,0.00000000,0.06123000,99.700,99.700,0,0,0.000,0.000,0,,0
TX_N110977_N110978_1,,N110977,N110978,,13.800,0.00000000,0.01000000,50.000,50.000,0,0,0.000,0.000,0,,0
TX_N110982_N110985_1,,N110982,N110985,,138.000,0.00000000,0.05477000,156.800,156.800,0,0,0.000,0.000,0,,0
TX_N110983_N110985_1,,N110983,N110985,,69.000,0.00000000,0.12078000,96.800,96.800,0,0,0.000,0.000,0,,0
TX_N110984_N110985_1,,N110984,N110985,,13.800,0.00000000,0.01000000,50.000,50.000,0,0,0.000,0.000,0,,0
TX_N110987_N110990_1,,N110987,N110990,,138.000,0.00000000,0.03839000,154.700,154.700,0,0,0.000,0.000,0,,0
TX_N110988_N110990_1,,N110988,N110990,,69.000,0.00000000,0.10336000,95.700,95.700,0,0,0.000,0.000,0,,0
TX_N110989_N110990_1,,N110989,N110990,,13.800,0.00000000,0.01000000,25.000,25.000,0,0,0.000,0.000,0,,0
TX_N110993_N110992_1,,N110993,N110992,,138.000,0.00000000,0.07215000,179.000,179.000,0,0,0.000,0.000,0,,0
TX_N110999_N110998_1,,N110999,N110998,,138.000,0.00000000,0.04257000,286.700,286.700,0,0,0.000,0.000,0,,0
TX_N111001_N111000_1,,N111001,N111000,,138.000,0.00000000,0.05274000,269.100,269.100,0,0,0.000,0.000,0,,0
TX_N111003_N111002_1,,N111003,N111002,,138.000,0.00000000,0.03954000,229.000,229.000,0,0,0.000,0.000,0,,0
TX_N111005_N111004_1,,N111005,N111004,,138.000,0.00000000,0.06209000,176.800,176.800,0,0,0.000,0.000,0,,0
TX_N111007_N111006_1,,N111007,N111006,,138.000,0.00000000,0.04337000,192.800,192.800,0,0,0.000,0.000,0,,0
TX_N111015_N111014_1,,N111015,N111014,,138.000,0.00000000,0.05268000,300.700,300.700,0,0,0.000,0.000,0,,0
TX_N111020_N111019_1,,N111020,N111019,,138.000,0.00000000,0.04310000,143.900,143.900,0,0,0.000,0.000,0,,0
TX_N111023_N111022_1,,N111023,N111022,,138.000,0.00000000,0.05093000,143.700,143.700,0,0,0.000,0.000,0,,0
TX_N111027_N111026_1,,N111027,N111026,,138.000,0.00000000,0.06823000,83.400,83.400,0,0,0.000,0.000,0,,0
TX_N111034_N111033_1,,N111034,N111033,,138.000,0.00000000,0.04254000,299.200,299.200,0,0,0.000,0.000,0,,0
TX_N111036_N111035_1,,N111036,N111035,,345.000,0.00000000,0.02403000,800.000,800.000,0,1,0.000,0.000,0,,0
TX_N111036_N111035_2,,N111036,N111035,,345.000,0.00000000,0.02403000,800.000,800.000,0,1,0.000,0.000,0,,0
TX_N111037_N111036_1,,N111037,N111036,,138.000,0.00000000,0.06966000,203.000,203.000,0,0,0.000,0.000,0,,0
TX_N111043_N111042_1,,N111043,N111042,,138.000,0.00000000,0.04484000,235.100,235.100,0,0,0.000,0.000,0,,0
TX_N111046_N111045_1,,N111046,N111045,,138.000,0.00000000,0.04845000,256.300,256.300,0,0,0.000,0.000,0,,0
TX_N111049_N111048_1,,N111049,N111048,,138.000,0.00000000,0.05571000,267.700,267.700,0,0,0.000,0.000,0,,0
TX_N111052_N111051_1,,N111052,N111051,,138.000,0.00000000,0.03927000,282.400,282.400,0,0,0.000,0.000,0,,0
TX_N111054_N111053_1,,N111054,N111053,,138.000,0.00000000,0.04464000,244.800,244.800,0,0,0.000,0.000,0,,0
TX_N111056_N111055_1,,N111056,N111055,,138.000,0.00000000,0.03410000,252.800,252.800,0,0,0.000,0.000,0,,0
TX_N111058_N111057_1,,N111058,N111057,,138.000,0.00000000,0.02665000,361.600,361.600,0,0,0.000,0.000,0,,0
TX_N111061_N111064_1,,N111061,N111064,,138.000,0.00000000,0.05557000,153.900,153.900,0,0,0.000,0.000,0,,0
TX_N111062_N111064_1,,N111062,N111064,,69.000,0.00000000,0.11740000,94.900,94.900,0,0,0.000,0.000,0,,0
TX_N111063_N111064_1,,N111063,N111064,,13.800,0.00000000,0.01000000,100.000,100.000,0,0,0.000,0.000,0,,0
TX_N111068_N111067_1,,N111068,N111067,,345.000,0.00000000,0.02640000,700.000,700.000,0,1,0.000,0.000,0,,0
TX_N111068_N111067_2,,N111068,N111067,,345.000,0.00000000,0.02640000,700.000,700.000,0,1,0.000,0.000,0,,0
TX_N111068_N111071_1,,N111068,N111071,,138.000,0.00000000,0.08274000,153.500,153.500,0,0,0.000,0.000,0,,0
TX_N111069_N111071_1,,N111069,N111071,,69.000,0.00000000,0.12624000,94.100,94.100,0,0,0.000,0.000,0,,0
TX_N111070_N111071_1,,N111070,N111071,,13.800,0.00000000,0.01000000,75.000,75.000,0,0,0.000,0.000,0,,0
TX_N111073_N111072_1,,N111073,N111072,,138.000,0.00000000,0.06110000,315.700,315.700,0,0,0.000,0.000,0,,0
TX_N111079_N111078_1,,N111079,N111078,,138.000,0.00000000,0.02315000,412.800,412.800,0,0,0.000,0.000,0,,0
TX_N111079_N111078_2,,N111079,N111078,,138.000,0.00000000,0.02315000,412.800,412.800,0,0,0.000,0.000,0,,0
TX_N111083_N111082_1,,N111083,N111082,,138.000,0.00000000,0.04744000,172.300,172.300,0,0,0.000,0.000,0,,0
TX_N111089_N111088_1,,N111089,N111088,,138.000,0.00000000,0.05245000,338.400,338.400,0,0,0.000,0.000,0,,0
TX_N111097_N111096_1,,N111097,N111096,,138.000,0.00000000,0.04558000,295.500,295.500,0,0,0.000,0.000,0,,0
TX_N111099_N111098_1,,N111099,N111098,,138.000,0.00000000,0.03924000,205.100,205.100,0,0,0.000,0.000,0,,0
TX_N111100_N111103_1,,N111100,N111103,,138.000,0.00000000,0.06997000,152.700,152.700,0,0,0.000,0.000,0,,0
TX_N111101_N111103_1,,N111101,N111103,,69.000,0.00000000,0.08144000,93.900,93.900,0,0,0.000,0.000,0,,0
TX_N111102_N111103_1,,N111102,N111103,,13.800,0.00000000,0.01000000,150.000,150.000,0,0,0.000,0.000,0,,0
TX_N111106_N111105_1,,N111106,N111105,,138.000,0.00000000,0.04440000,317.100,317.100,0,0,0.000,0.000,0,,0
TX_N111114_N111113_1,,N111114,N111113,,138.000,0.00000000,0.06167000,268.200,268.200,0,0,0.000,0.000,0,,0
TX_N111117_N111120_1,,N111117,N111120,,138.000,0.00000000,0.08319000,152.200,152.200,0,0,0.000,0.000,0,,0
TX_N111118_N111120_1,,N111118,N111120,,69.000,0.00000000,0.14664000,93.700,93.700,0,0,0.000,0.000,0,,0
TX_N111119_N111120_1,,N111119,N111120,,13.800,0.00000000,0.01000000,75.000,75.000,0,0,0.000,0.000,0,,0
TX_N111123_N111122_1,,N111123,N111122,,138.000,0.00000000,0.04026000,232.600,232.600,0,0,0.000,0.000,0,,0
TX_N111131_N111130_1,,N111131,N111130,,138.000,0.00000000,0.04138000,305.500,305.500,0,0,0.000,0.000,0,,0
TX_N111136_N111135_1,,N111136,N111135,,138.000,0.00000000,0.04015000,230.500,230.500,0,0,0.000,0.000,0,,0
TX_N111138_N111137_1,,N111138,N111137,,138.000,0.00000000,0.06555000,112.900,112.900,0,0,0.000,0.000,0,,0
TX_N111141_N111140_1,,N111141,N111140,,138.000,0.00000000,0.04198000,228.000,228.000,0,0,0.000,0.000,0,,0
TX_N111143_N111146_1,,N111143,N111146,,138.000,0.00000000,0.08235000,147.900,147.900,0,0,0.000,0.000,0,,0
TX_N111144_N111146_1,,N111144,N111146,,69.000,0.00000000,0.16771000,90.700,90.700,0,0,0.000,0.000,0,,0
TX_N111145_N111146_1,,N111145,N111146,,13.800,0.00000000,0.01000000,75.000,75.000,0,0,0.000,0.000,0,,0
TX_N111148_N111147_1,,N111148,N111147,,138.000,0.00000000,0.03684000,280.000,280.000,0,0,0.000,0.000,0,,0
TX_N111151_N111150_1,,N111151,N111150,,138.000,0.00000000,0.04882000,200.300,200.300,0,0,0.000,0.000,0,,0
TX_N111155_N111154_1,,N111155,N111154,,138.000,0.00000000,0.03692000,278.600,278.600,0,0,0.000,0.000,0,,0
TX_N111156_N111159_1,,N111156,N111159,,138.000,0.00000000,0.09081000,146.100,146.100,0,0,0.000,0.000,0,,0
TX_N111157_N111159_1,,N111157,N111159,,69.000,0.00000000,0.09420000,89.700,89.700,0,0,0.000,0.000,0,,0
TX_N111158_N111159_1,,N111158,N111159,,20.000,0.00000000,0.01000000,75.000,75.000,0,0,0.000,0.000,0,,0
TX_N111161_N111160_1,,N111161,N111160,,138.000,0.00000000,0.04972000,201.100,201.100,0,0,0.000,0.000,0,,0
TX_N111168_N111167_1,,N111168,N111167,,138.000,0.00000000,0.04648000,162.100,162.100,0,0,0.000,0.000,0,,0
TX_N111170_N111169_1,,N111170,N111169,,138.000,0.00000000,0.05416000,252.300,252.300,0,0,0.000,0.000,0,,0
TX_N111172_N111171_1,,N111172,N111171,,345.000,0.00000000,0.03435000,700.000,700.000,0,1,0.000,0.000,0,,0
TX_N111172_N111171_2,,N111172,N111171,,345.000,0.00000000,0.03435000,700.000,700.000,0,1,0.000,0.000,0,,0
TX_N111173_N111172_1,,N111173,N111172,,138.000,0.00000000,0.02781000,362.900,362.900,0,0,0.000,0.000,0,,0
TX_N111175_N111174_1,,N111175,N111174,,138.000,0.00000000,0.03290000,277.500,277.500,0,0,0.000,0.000,0,,0
TX_N111177_N111176_1,,N111177,N111176,,138.000,0.00000000,0.02983000,259.700,259.700,0,0,0.000,0.000,0,,0
TX_N111179_N111180_1,,N111179,N111180,,345.000,0.00000000,0.01275000,969.800,969.800,0,1,0.000,0.000,0,,0
TX_N111179_N111181_1,,N111179,N111181,,345.000,0.00000000,0.01616000,973.700,973.700,0,1,0.000,0.000,0,,0
TX_N111182_N111183_1,,N111182,N111183,,138.000,0.00000000,0.03720000,306.200,306.200,0,0,0.000,0.000,0,,0
TX_N111182_N111184_1,,N111182,N111184,,138.000,0.00000000,0.02331000,306.100,306.100,0,0,0.000,0.000,0,,0
TX_N111182_N111185_1,,N111182,N111185,,138.000,0.00000000,0.03572000,305.700,305.700,0,0,0.000,0.000,0,,0
TX_N111182_N111186_1,,N111182,N111186,,138.000,0.00000000,0.03822000,302.900,302.900,0,0,0.000,0.000,0,,0
TX_N111182_N111187_1,,N111182,N111187,,138.000,0.00000000,0.02828000,313.700,313.700,0,0,0.000,0.000,0,,0
TX_N111182_N111188_1,,N111182,N111188,,138.000,0.00000000,0.04680000,304.800,304.800,0,0,0.000,0.000,0,,0
TX_N111189_N111190_1,,N111189,N111190,,345.000,0.00000000,0.04019000,386.000,386.000,0,1,0.000,0.000,0,,0
TX_N111189_N111191_1,,N111189,N111191,,345.000,0.00000000,0.02918000,384.800,384.800,0,1,0.000,0.000,0,,0
TX_N111189_N111192_1,,N111189,N111192,,345.000,0.00000000,0.02402000,319.600,319.600,0,1,0.000,0.000,0,,0
TX_N111189_N111193_1,,N111189,N111193,,345.000,0.00000000,0.03572000,317.300,317.300,0,1,0.000,0.000,0,,0
TX_N111189_N111194_1,,N111189,N111194,,345.000,0.00000000,0.02712000,315.800,315.800,0,1,0.000,0.000,0,,0
TX_N111189_N111195_1,,N111189,N111195,,345.000,0.00000000,0.04227000,315.600,315.600,0,1,0.000,0.000,0,,0
TX_N111189_N111196_1,,N111189,N111196,,345.000,0.00000000,0.03242000,314.700,314.700,0,1,0.000,0.000,0,,0
TX_N111189_N111197_1,,N111189,N111197,,345.000,0.00000000,0.04807000,313.700,313.700,0,1,0.000,0.000,0,,0
TX_N111189_N111198_1,,N111189,N111198,,345.000,0.00000000,0.04986000,313.700,313.700,0,1,0.000,0.000,0,,0
TX_N111189_N111199_1,,N111189,N111199,,345.000,0.00000000,0.05000000,312.500,312.500,0,1,0.000,0.000,0,,0
TX_N111189_N111200_1,,N111189,N111200,,345.000,0.00000000,0.03231000,323.400,323.400,0,1,0.000,0.000,0,,0
TX_N111189_N111201_1,,N111189,N111201,,345.000,0.00000000,0.05372000,323.100,323.100,0,1,0.000,0.000,0,,0
TX_N111189_N111202_1,,N111189,N111202,,345.000,0.00000000,0.04209000,321.500,321.500,0,1,0.000,0.000,0,,0
TX_N111189_N111203_1,,N111189,N111203,,345.000,0.00000000,0.02718000,321.000,321.000,0,1,0.000,0.000,0,,0
TX_N111189_N111204_1,,N111189,N111204,,345.000,0.00000000,0.03489000,320.800,320.800,0,1,0.000,0.000,0,,0
TX_N111189_N111205_1,,N111189,N111205,,345.000,0.00000000,0.03427000,319.900,319.900,0,1,0.000,0.000,0,,0
TX_N111189_N111206_1,,N111189,N111206,,345.000,0.00000000,0.05007000,259.900,259.900,0,1,0.000,0.000,0,,0
TX_N111207_N111208_1,,N111207,N111208,,345.000,0.00000000,0.01541000,863.200,863.200,0,1,0.000,0.000,0,,0
TX_N111207_N111209_1,,N111207,N111209,,345.000,0.00000000,0.01616000,861.900,861.900,0,1,0.000,0.000,0,,0
TX_N111207_N111210_1,,N111207,N111210,,345.000,0.00000000,0.01950000,793.000,793.000,0,1,0.000,0.000,0,,0
TX_N111207_N111211_1,,N111207,N111211,,345.000,0.00000000,0.01858000,750.100,750.100,0,1,0.000,0.000,0,,0
TX_N111207_N111212_1,,N111207,N111212,,345.000,0.00000000,0.02074000,734.500,734.500,0,1,0.000,0.000,0,,0
TX_N111207_N111213_1,,N111207,N111213,,345.000,0.00000000,0.02200000,518.200,518.200,0,1,0.000,0.000,0,,0
TX_N111207_N111214_1,,N111207,N111214,,345.000,0.00000000,0.03657000,451.200,451.200,0,1,0.000,0.000,0,,0
TX_N111207_N111215_1,,N111207,N111215,,345.000,0.00000000,0.03562000,450.500,450.500,0,1,0.000,0.000,0,,0
TX_N111216_N111217_1,,N111216,N111217,,345.000,0.00000000,0.00709000,1664.000,1664.000,0,1,0.000,0.000,0,,0
TX_N111216_N111218_1,,N111216,N111218,,345.000,0.00000000,0.01065000,1664.000,1664.000,0,1,0.000,0.000,0,,0
TX_N111219_N111220_1,,N111219,N111220,,138.000,0.00000000,0.03871000,335.800,335.800,0,0,0.000,0.000,0,,0
TX_N111219_N111221_1,,N111219,N111221,,138.000,0.00000000,0.03452000,335.700,335.700,0,0,0.000,0.000,0,,0
TX_N111222_N111223_1,,N111222,N111223,,138.000,0.00000000,0.05509000,278.900,278.900,0,0,0.000,0.000,0,,0
TX_N111224_N111227_1,,N111224,N111227,,138.000,0.00000000,0.05050000,230.900,230.900,0,0,0.000,0.000,0,,0
TX_N111224_N111228_1,,N111224,N111228,,138.000,0.00000000,0.05354000,230.100,230.100,0,0,0.000,0.000,0,,0
TX_N111224_N111229_1,,N111224,N111229,,138.000,0.00000000,0.03772000,230.000,230.000,0,0,0.000,0.000,0,,0
TX_N111225_N111227_1,,N111225,N111227,,13.800,0.00000000,0.01000000,3.900,3.900,0,0,0.000,0.000,0,,0
TX_N111226_N111227_1,,N111226,N111227,,13.800,0.00000000,0.01000000,3.900,3.900,0,0,0.000,0.000,0,,0
TX_N111230_N111231_1,,N111230,N111231,,138.000,0.00000000,0.03243000,327.500,327.500,0,0,0.000,0.000,0,,0
TX_N111230_N111232_1,,N111230,N111232,,138.000,0.00000000,0.03374000,326.600,326.600,0,0,0.000,0.000,0,,0
TX_N111230_N111233_1,,N111230,N111233,,138.000,0.00000000,0.04746000,326.300,326.300,0,0,0.000,0.000,0,,0
TX_N111230_N111234_1,,N111230,N111234,,138.000,0.00000000,0.03452000,325.500,325.500,0,0,0.000,0.000,0,,0
TX_N111236_N111235_1,,N111236,N111235,,345.000,0.00000000,0.02760000,550.000,550.000,0,1,0.000,0.000,0,,0
TX_N111236_N111235_2,,N111236,N111235,,345.000,0.00000000,0.02760000,550.000,550.000,0,1,0.000,0.000,0,,0
TX_N111235_N111239_1,,N111235,N111239,,345.000,0.00000000,0.03086000,296.200,296.200,0,1,0.000,0.000,0,,0
TX_N111237_N111239_1,,N111237,N111239,,22.000,0.00000000,0.01000000,55.300,55.300,0,0,0.000,0.000,0,,0
TX_N111238_N111239_1,,N111238,N111239,,22.000,0.00000000,0.01000000,6.800,6.800,0,0,0.000,0.000,0,,0
TX_N111240_N111241_1,,N111240,N111241,,138.000,0.00000000,0.04850000,288.300,288.300,0,0,0.000,0.000,0,,0
TX_N111240_N111242_1,,N111240,N111242,,138.000,0.00000000,0.03125000,299.600,299.600,0,0,0.000,0.000,0,,0
TX_N111240_N111243_1,,N111240,N111243,,138.000,0.00000000,0.01578000,289.600,289.600,0,0,0.000,0.000,0,,0
TX_N111240_N111244_1,,N111240,N111244,,138.000,0.00000000,0.05775000,271.800,271.800,0,0,0.000,0.000,0,,0
TX_N111245_N111246_1,,N111245,N111246,,138.000,0.00000000,0.02673000,363.200,363.200,0,0,0.000,0.000,0,,0
TX_N111245_N111247_1,,N111245,N111247,,138.000,0.00000000,0.04511000,343.000,343.000,0,0,0.000,0.000,0,,0
TX_N111245_N111248_1,,N111245,N111248,,138.000,0.00000000,0.04132000,282.100,282.100,0,0,0.000,0.000,0,,0
TX_N111245_N111249_1,,N111245,N111249,,138.000,0.00000000,0.05184000,313.600,313.600,0,0,0.000,0.000,0,,0
TX_N111250_N111251_1,,N111250,N111251,,138.000,0.00000000,0.03580000,314.800,314.800,0,0,0.000,0.000,0,,0
TX_N111250_N111252_1,,N111250,N111252,,138.000,0.00000000,0.03615000,313.700,313.700,0,0,0.000,0.000,0,,0
TX_N111250_N111253_1,,N111250,N111253,,138.000,0.00000000,0.03734000,310.500,310.500,0,0,0.000,0.000,0,,0
TX_N111250_N111254_1,,N111250,N111254,,138.000,0.00000000,0.04097000,318.900,318.900,0,0,0.000,0.000,0,,0
TX_N111255_N111258_1,,N111255,N111258,,69.000,0.00000000,0.04981000,188.500,188.500,0,0,0.000,0.000,0,,0
TX_N111256_N111258_1,,N111256,N111258,,13.800,0.00000000,0.01000000,4.900,4.900,0,0,0.000,0.000,0,,0
TX_N111257_N111258_1,,N111257,N111258,,13.800,0.00000000,0.01000000,4.000,4.000,0,0,0.000,0.000,0,,0
TX_N111259_N111260_1,,N111259,N111260,,138.000,0.00000000,0.03219000,316.500,316.500,0,0,0.000,0.000,0,,0
TX_N111261_N111262_1,,N111261,N111262,,138.000,0.00000000,0.05261000,296.400,296.400,0,0,0.000,0.000,0,,0
TX_N111263_N111264_1,,N111263,N111264,,69.000,0.00000000,0.05256000,223.800,223.800,0,0,0.000,0.000,0,,0
TX_N111265_N111266_1,,N111265,N111266,,138.000,0.00000000,0.04288000,342.900,342.900,0,0,0.000,0.000,0,,0
TX_N111265_N111267_1,,N111265,N111267,,138.000,0.00000000,0.02753000,323.200,323.200,0,0,0.000,0.000,0,,0
TX_N111265_N111268_1,,N111265,N111268,,138.000,0.00000000,0.03823000,319.600,319.600,0,0,0.000,0.000,0,,0
TX_N111269_N111270_1,,N111269,N111270,,345.000,0.00000000,0.03644000,391.800,391.800,0,1,0.000,0.000,0,,0
TX_N111269_N111271_1,,N111269,N111271,,345.000,0.00000000,0.03013000,344.300,344.300,0,1,0.000,0.000,0,,0
TX_N111269_N111272_1,,N111269,N111272,,345.000,0.00000000,0.03992000,346.300,346.300,0,1,0.000,0.000,0,,0
TX_N111269_N111273_1,,N111269,N111273,,345.000,0.00000000,0.01202000,345.000,345.000,0,1,0.000,0.000,0,,0
TX_N111269_N111274_1,,N111269,N111274,,345.000,0.00000000,0.05864000,350.800,350.800,0,1,0.000,0.000,0,,0
TX_N111269_N111275_1,,N111269,N111275,,345.000,0.00000000,0.01996000,350.700,350.700,0,1,0.000,0.000,0,,0
TX_N111269_N111276_1,,N111269,N111276,,345.000,0.00000000,0.04442000,343.500,343.500,0,1,0.000,0.000,0,,0
TX_N111277_N111278_1,,N111277,N111278,,69.000,0.00000000,0.06424000,191.700,191.700,0,0,0.000,0.000,0,,0
TX_N111279_N111280_1,,N111279,N111280,,345.000,0.00000000,0.03678000,398.300,398.300,0,1,0.000,0.000,0,,0
TX_N111279_N111281_1,,N111279,N111281,,345.000,0.00000000,0.03949000,384.300,384.300,0,1,0.000,0.000,0,,0
TX_N111279_N111282_1,,N111279,N111282,,345.000,0.00000000,0.03730000,384.100,384.100,0,1,0.000,0.000,0,,0
TX_N111279_N111283_1,,N111279,N111283,,345.000,0.00000000,0.04085000,383.200,383.200,0,1,0.000,0.000,0,,0
TX_N111285_N111284_1,,N111285,N111284,,345.000,0.00000000,0.02717000,439.800,439.800,0,1,0.000,0.000,0,,0
TX_N111285_N111284_2,,N111285,N111284,,345.000,0.00000000,0.02717000,439.800,439.800,0,1,0.000,0.000,0,,0
TX_N111284_N111286_1,,N111284,N111286,,345.000,0.00000000,0.01725000,378.700,378.700,0,1,0.000,0.000,0,,0
TX_N111284_N111287_1,,N111284,N111287,,345.000,0.00000000,0.03121000,378.100,378.100,0,1,0.000,0.000,0,,0
TX_N111284_N111288_1,,N111284,N111288,,345.000,0.00000000,0.03585000,377.500,377.500,0,1,0.000,0.000,0,,0
TX_N111284_N111289_1,,N111284,N111289,,345.000,0.00000000,0.03029000,342.300,342.300,0,1,0.000,0.000,0,,0
TX_N111284_N111290_1,,N111284,N111290,,345.000,0.00000000,0.03378000,342.000,342.000,0,1,0.000,0.000,0,,0
TX_N111284_N111292_1,,N111284,N111292,,345.000,0.00000000,0.02176000,323.800,323.800,0,1,0.000,0.000,0,,0
TX_N111285_N111291_1,,N111285,N111291,,138.000,0.00000000,0.04889000,287.800,287.800,0,0,0.000,0.000,0,,0
TX_N111294_N111293_1,,N111294,N111293,,345.000,0.00000000,0.02315000,510.900,510.900,0,1,0.000,0.000,0,,0
TX_N111294_N111293_2,,N111294,N111293,,345.000,0.00000000,0.02315000,510.900,510.900,0,1,0.000,0.000,0,,0
TX_N111293_N111295_1,,N111293,N111295,,345.000,0.00000000,0.02001000,344.100,344.100,0,1,0.000,0.000,0,,0
TX_N111293_N111296_1,,N111293,N111296,,345.000,0.00000000,0.04950000,344.100,344.100,0,1,0.000,0.000,0,,0
TX_N111294_N111297_1,,N111294,N111297,,138.000,0.00000000,0.07294000,285.700,285.700,0,0,0.000,0.000,0,,0
TX_N111298_N111299_1,,N111298,N111299,,69.000,0.00000000,0.08805000,175.200,175.200,0,0,0.000,0.000,0,,0
TX_N111300_N111301_1,,N111300,N111301,,345.000,0.00000000,0.01832000,429.100,429.100,0,1,0.000,0.000,0,,0
TX_N111300_N111302_1,,N111300,N111302,,345.000,0.00000000,0.02695000,363.900,363.900,0,1,0.000,0.000,0,,0
TX_N111300_N111303_1,,N111300,N111303,,345.000,0.00000000,0.02473000,363.700,363.700,0,1,0.000,0.000,0,,0
TX_N111300_N111304_1,,N111300,N111304,,345.000,0.00000000,0.02997000,363.700,363.700,0,1,0.000,0.000,0,,0
TX_N111305_N111306_1,,N111305,N111306,,345.000,0.00000000,0.04625000,387.600,387.600,0,1,0.000,0.000,0,,0
TX_N111305_N111307_1,,N111305,N111307,,345.000,0.00000000,0.03290000,387.400,387.400,0,1,0.000,0.000,0,,0
TX_N111305_N111308_1,,N111305,N111308,,345.000,0.00000000,0.03078000,387.300,387.300,0,1,0.000,0.000,0,,0
TX_N111305_N111309_1,,N111305,N111309,,345.000,0.00000000,0.02107000,386.600,386.600,0,1,0.000,0.000,0,,0
TX_N111311_N111310_1,,N111311,N111310,,345.000,0.00000000,0.02468000,900.000,900.000,0,1,0.000,0.000,0,,0
TX_N111311_N111310_2,,N111311,N111310,,345.000,0.00000000,0.02468000,900.000,900.000,0,1,0.000,0.000,0,,0
TX_N111310_N111312_1,,N111310,N111312,,345.000,0.00000000,0.01507000,444.100,444.100,0,1,0.000,0.000,0,,0
TX_N111310_N111313_1,,N111310,N111313,,345.000,0.00000000,0.02914000,444.100,444.100,0,1,0.000,0.000,0,,0
TX_N111310_N111314_1,,N111310,N111314,,345.000,0.00000000,0.04018000,443.700,443.700,0,1,0.000,0.000,0,,0
TX_N111310_N111315_1,,N111310,N111315,,345.000,0.00000000,0.01754000,443.400,443.400,0,1,0.000,0.000,0,,0
TX_N111310_N111316_1,,N111310,N111316,,345.000,0.00000000,0.04097000,326.400,326.400,0,1,0.000,0.000,0,,0
TX_N111317_N111318_1,,N111317,N111318,,345.000,0.00000000,0.03299000,435.200,435.200,0,1,0.000,0.000,0,,0
TX_N111317_N111319_1,,N111317,N111319,,345.000,0.00000000,0.02878000,434.100,434.100,0,1,0.000,0.000,0,,0
TX_N111317_N111320_1,,N111317,N111320,,345.000,0.00000000,0.02602000,437.700,437.700,0,1,0.000,0.000,0,,0
TX_N111317_N111321_1,,N111317,N111321,,345.000,0.00000000,0.02061000,433.200,433.200,0,1,0.000,0.000,0,,0
TX_N111317_N111322_1,,N111317,N111322,,345.000,0.00000000,0.04034000,397.700,397.700,0,1,0.000,0.000,0,,0
TX_N111323_N111324_1,,N111323,N111324,,345.000,0.00000000,0.02048000,496.000,496.000,0,1,0.000,0.000,0,,0
TX_N111323_N111325_1,,N111323,N111325,,345.000,0.00000000,0.02706000,463.700,463.700,0,1,0.000,0.000,0,,0
TX_N111323_N111326_1,,N111323,N111326,,345.000,0.00000000,0.03584000,463.300,463.300,0,1,0.000,0.000,0,,0
TX_N111323_N111327_1,,N111323,N111327,,345.000,0.00000000,0.02919000,462.400,462.400,0,1,0.000,0.000,0,,0
TX_N111328_N111331_1,,N111328,N111331,,138.000,0.00000000,0.02839000,339.800,339.800,0,0,0.000,0.000,0,,0
TX_N111329_N111331_1,,N111329,N111331,,13.800,0.00000000,0.01000000,15.200,15.200,0,0,0.000,0.000,0,,0
TX_N111330_N111331_1,,N111330,N111331,,13.800,0.00000000,0.01000000,97.500,97.500,0,0,0.000,0.000,0,,0
TX_N111332_N111333_1,,N111332,N111333,,345.000,0.00000000,0.01926000,518.600,518.600,0,1,0.000,0.000,0,,0
TX_N111332_N111334_1,,N111332,N111334,,345.000,0.00000000,0.01645000,460.000,460.000,0,1,0.000,0.000,0,,0
TX_N111332_N111335_1,,N111332,N111335,,345.000,0.00000000,0.02439000,458.000,458.000,0,1,0.000,0.000,0,,0
TX_N111332_N111336_1,,N111332,N111336,,345.000,0.00000000,0.03408000,456.300,456.300,0,1,0.000,0.000,0,,0
TX_N111338_N111337_1,,N111338,N111337,,345.000,0.00000000,0.02536000,653.500,653.500,0,1,0.000,0.000,0,,0
TX_N111338_N111337_2,,N111338,N111337,,345.000,0.00000000,0.02536000,653.500,653.500,0,1,0.000,0.000,0,,0
TX_N111337_N111339_1,,N111337,N111339,,345.000,0.00000000,0.02426000,465.600,465.600,0,1,0.000,0.000,0,,0
TX_N111337_N111340_1,,N111337,N111340,,345.000,0.00000000,0.03138000,445.100,445.100,0,1,0.000,0.000,0,,0
TX_N111337_N111341_1,,N111337,N111341,,345.000,0.00000000,0.02553000,444.500,444.500,0,1,0.000,0.000,0,,0
TX_N111342_N111343_1,,N111342,N111343,,138.000,0.00000000,0.05282000,295.600,295.600,0,0,0.000,0.000,0,,0
TX_N111342_N111344_1,,N111342,N111344,,138.000,0.00000000,0.04021000,327.700,327.700,0,0,0.000,0.000,0,,0
TX_N111342_N111345_1,,N111342,N111345,,138.000,0.00000000,0.01820000,295.100,295.100,0,0,0.000,0.000,0,,0
TX_N111346_N111347_1,,N111346,N111347,,345.000,0.00000000,0.03108000,519.700,519.700,0,1,0.000,0.000,0,,0
TX_N111346_N111348_1,,N111346,N111348,,345.000,0.00000000,0.02791000,453.800,453.800,0,1,0.000,0.000,0,,0
TX_N111346_N111349_1,,N111346,N111349,,345.000,0.00000000,0.01904000,452.900,452.900,0,1,0.000,0.000,0,,0
TX_N111346_N111350_1,,N111346,N111350,,345.000,0.00000000,0.02147000,452.800,452.800,0,1,0.000,0.000,0,,0
TX_N111346_N111351_1,,N111346,N111351,,345.000,0.00000000,0.01551000,452.700,452.700,0,1,0.000,0.000,0,,0
TX_N111346_N111352_1,,N111346,N111352,,345.000,0.00000000,0.04186000,418.200,418.200,0,1,0.000,0.000,0,,0
TX_N111353_N111354_1,,N111353,N111354,,345.000,0.00000000,0.02396000,365.900,365.900,0,1,0.000,0.000,0,,0
TX_N111353_N111355_1,,N111353,N111355,,345.000,0.00000000,0.03512000,424.300,424.300,0,1,0.000,0.000,0,,0
TX_N111353_N111356_1,,N111353,N111356,,345.000,0.00000000,0.02908000,423.400,423.400,0,1,0.000,0.000,0,,0
TX_N111353_N111357_1,,N111353,N111357,,345.000,0.00000000,0.01988000,423.100,423.100,0,1,0.000,0.000,0,,0
TX_N111353_N111358_1,,N111353,N111358,,345.000,0.00000000,0.03291000,365.500,365.500,0,1,0.000,0.000,0,,0
TX_N111359_N111360_1,,N111359,N111360,,138.000,0.00000000,0.04751000,382.800,382.800,0,0,0.000,0.000,0,,0
TX_N111359_N111361_1,,N111359,N111361,,138.000,0.00000000,0.04655000,302.900,302.900,0,0,0.000,0.000,0,,0
TX_N111363_N111362_1,,N111363,N111362,,345.000,0.00000000,0.01786000,494.500,494.500,0,1,0.000,0.000,0,,0
TX_N111363_N111362_2,,N111363,N111362,,345.000,0.00000000,0.01786000,494.500,494.500,0,1,0.000,0.000,0,,0
TX_N111362_N111364_1,,N111362,N111364,,345.000,0.00000000,0.04061000,380.000,380.000,0,1,0.000,0.000,0,,0
TX_N111362_N111365_1,,N111362,N111365,,345.000,0.00000000,0.04587000,379.300,379.300,0,1,0.000,0.000,0,,0
TX_N111362_N111366_1,,N111362,N111366,,345.000,0.00000000,0.04487000,363.400,363.400,0,1,0.000,0.000,0,,0
TX_N111362_N111367_1,,N111362,N111367,,345.000,0.00000000,0.03293000,361.100,361.100,0,1,0.000,0.000,0,,0
TX_N111362_N111368_1,,N111362,N111368,,345.000,0.00000000,0.04320000,360.800,360.800,0,1,0.000,0.000,0,,0
TX_N111362_N111369_1,,N111362,N111369,,345.000,0.00000000,0.04168000,360.700,360.700,0,1,0.000,0.000,0,,0
TX_N111371_N111370_1,,N111371,N111370,,345.000,0.00000000,0.03255000,600.000,600.000,0,1,0.000,0.000,0,,0
TX_N111371_N111370_2,,N111371,N111370,,345.000,0.00000000,0.03255000,600.000,600.000,0,1,0.000,0.000,0,,0
TX_N111370_N111372_1,,N111370,N111372,,345.000,0.00000000,0.02179000,455.300,455.300,0,1,0.000,0.000,0,,0
TX_N111370_N111373_1,,N111370,N111373,,345.000,0.00000000,0.02763000,442.600,442.600,0,1,0.000,0.000,0,,0
TX_N111370_N111374_1,,N111370,N111374,,345.000,0.00000000,0.01965000,442.400,442.400,0,1,0.000,0.000,0,,0
TX_N111375_N111376_1,,N111375,N111376,,138.000,0.00000000,0.06099000,257.300,257.300,0,0,0.000,0.000,0,,0
TX_N111377_N111378_1,,N111377,N111378,,69.000,0.00000000,0.04649000,241.600,241.600,0,0,0.000,0.000,0,,0
TX_N111379_N111380_1,,N111379,N111380,,138.000,0.00000000,0.04007000,204.700,204.700,0,0,0.000,0.000,0,,0
TX_N111381_N111382_1,,N111381,N111382,,138.000,0.00000000,0.02204000,319.700,319.700,0,0,0.000,0.000,0,,0
TX_N111383_N111384_1,,N111383,N111384,,138.000,0.00000000,0.03722000,261.300,261.300,0,0,0.000,0.000,0,,0
TX_N111385_N111386_1,,N111385,N111386,,138.000,0.00000000,0.03380000,319.200,319.200,0,0,0.000,0.000,0,,0
TX_N111387_N111388_1,,N111387,N111388,,69.000,0.00000000,0.07745000,166.300,166.300,0,0,0.000,0.000,0,,0
TX_N111389_N111390_1,,N111389,N111390,,345.000,0.00000000,0.02406000,614.200,614.200,0,1,0.000,0.000,0,,0
TX_N111389_N111391_1,,N111389,N111391,,345.000,0.00000000,0.03209000,553.300,553.300,0,1,0.000,0.000,0,,0
TX_N111389_N111392_1,,N111389,N111392,,345.000,0.00000000,0.02178000,555.200,555.200,0,1,0.000,0.000,0,,0
TX_N111394_N111393_1,,N111394,N111393,,345.000,0.00000000,0.02959000,484.500,484.500,0,1,0.000,0.000,0,,0
TX_N111394_N111393_2,,N111394,N111393,,345.000,0.00000000,0.02959000,484.500,484.500,0,1,0.000,0.000,0,,0
TX_N111393_N111395_1,,N111393,N111395,,345.000,0.00000000,0.05286000,311.700,311.700,0,1,0.000,0.000,0,,0
TX_N111393_N111396_1,,N111393,N111396,,345.000,0.00000000,0.03256000,310.000,310.000,0,1,0.000,0.000,0,,0
TX_N111393_N111397_1,,N111393,N111397,,345.000,0.00000000,0.03418000,309.200,309.200,0,1,0.000,0.000,0,,0
TX_N111393_N111398_1,,N111393,N111398,,345.000,0.00000000,0.05837000,309.000,309.000,0,1,0.000,0.000,0,,0
TX_N111393_N111399_1,,N111393,N111399,,345.000,0.00000000,0.02523000,307.800,307.800,0,1,0.000,0.000,0,,0
TX_N111393_N111400_1,,N111393,N111400,,345.000,0.00000000,0.02640000,304.400,304.400,0,1,0.000,0.000,0,,0
TX_N111401_N111402_1,,N111401,N111402,,138.000,0.00000000,0.02605000,342.800,342.800,0,0,0.000,0.000,0,,0
TX_N111403_N111404_1,,N111403,N111404,,138.000,0.00000000,0.03940000,358.100,358.100,0,0,0.000,0.000,0,,0
TX_N111405_N111406_1,,N111405,N111406,,138.000,0.00000000,0.04784000,191.600,191.600,0,0,0.000,0.000,0,,0
TX_N111407_N111408_1,,N111407,N111408,,138.000,0.00000000,0.04045000,257.000,257.000,0,0,0.000,0.000,0,,0
TX_N111409_N111410_1,,N111409,N111410,,138.000,0.00000000,0.04385000,254.800,254.800,0,0,0.000,0.000,0,,0
TX_N111411_N111412_1,,N111411,N111412,,138.000,0.00000000,0.04200000,254.000,254.000,0,0,0.000,0.000,0,,0
TX_N111413_N111416_1,,N111413,N111416,,69.000,0.00000000,0.06792000,201.400,201.400,0,0,0.000,0.000,0,,0
TX_N111414_N111416_1,,N111414,N111416,,13.800,0.00000000,0.01000000,6.900,6.900,0,0,0.000,0.000,0,,0
TX_N111415_N111416_1,,N111415,N111416,,13.800,0.00000000,0.01000000,6.900,6.900,0,0,0.000,0.000,0,,0
TX_N120032_N120031_1,,N120032,N120031,,345.000,0.00000000,0.03396000,473.900,473.900,0,1,0.000,0.000,0,,0
TX_N120032_N120031_2,,N120032,N120031,,345.000,0.00000000,0.03396000,473.900,473.900,0,1,0.000,0.000,0,,0
TX_N120149_N120148_1,,N120149,N120148,,345.000,0.00000000,0.01458000,536.300,536.300,0,1,0.000,0.000,0,,0
TX_N120149_N120148_2,,N120149,N120148,,345.000,0.00000000,0.01458000,536.300,536.300,0,1,0.000,0.000,0,,0
TX_N120152_N120151_1,,N120152,N120151,,345.000,0.00000000,0.04016000,438.900,438.900,0,1,0.000,0.000,0,,0
TX_N120199_N120198_1,,N120199,N120198,,345.000,0.00000000,0.03041000,463.900,463.900,0,1,0.000,0.000,0,,0
TX_N120199_N120198_2,,N120199,N120198,,345.000,0.00000000,0.03041000,463.900,463.900,0,1,0.000,0.000,0,,0
TX_N120205_N120208_1,,N120205,N120208,,138.000,0.00000000,0.09461000,142.100,142.100,0,0,0.000,0.000,0,,0
TX_N120206_N120208_1,,N120206,N120208,,69.000,0.00000000,0.12218000,88.200,88.200,0,0,0.000,0.000,0,,0
TX_N120207_N120208_1,,N120207,N120208,,13.800,0.00000000,0.01000000,75.000,75.000,0,0,0.000,0.000,0,,0
TX_N120212_N120211_1,,N120212,N120211,,138.000,0.00000000,0.05095000,336.400,336.400,0,0,0.000,0.000,0,,0
TX_N120223_N120222_1,,N120223,N120222,,138.000,0.00000000,0.02792000,306.800,306.800,0,0,0.000,0.000,0,,0
TX_N120228_N120227_1,,N120228,N120227,,138.000,0.00000000,0.05016000,266.100,266.100,0,0,0.000,0.000,0,,0
TX_N120236_N120235_1,,N120236,N120235,,138.000,0.00000000,0.06059000,246.700,246.700,0,0,0.000,0.000,0,,0
TX_N120240_N120239_1,,N120240,N120239,,138.000,0.00000000,0.04022000,326.200,326.200,0,0,0.000,0.000,0,,0
TX_N120242_N120241_1,,N120242,N120241,,138.000,0.00000000,0.06210000,234.400,234.400,0,0,0.000,0.000,0,,0
TX_N120246_N120245_1,,N120246,N120245,,138.000,0.00000000,0.05815000,205.700,205.700,0,0,0.000,0.000,0,,0
TX_N120249_N120248_1,,N120249,N120248,,138.000,0.00000000,0.05509000,239.800,239.800,0,0,0.000,0.000,0,,0
TX_N120253_N120252_1,,N120253,N120252,,138.000,0.00000000,0.05180000,232.900,232.900,0,0,0.000,0.000,0,,0
TX_N120259_N120258_1,,N120259,N120258,,138.000,0.00000000,0.04559000,223.600,223.600,0,0,0.000,0.000,0,,0
TX_N120261_N120260_1,,N120261,N120260,,138.000,0.00000000,0.05655000,188.900,188.900,0,0,0.000,0.000,0,,0
TX_N120269_N120268_1,,N120269,N120268,,138.000,0.00000000,0.03253000,299.100,299.100,0,0,0.000,0.000,0,,0
TX_N120276_N120275_1,,N120276,N120275,,138.000,0.00000000,0.05400000,234.300,234.300,0,0,0.000,0.000,0,,0
TX_N120278_N120277_1,,N120278,N120277,,138.000,0.00000000,0.04360000,60.900,60.900,0,0,0.000,0.000,0,,0
TX_N120278_N120277_2,,N120278,N120277,,138.000,0.00000000,0.04360000,60.900,60.900,0,0,0.000,0.000,0,,0
TX_N120280_N120279_1,,N120280,N120279,,138.000,0.00000000,0.02721000,287.700,287.700,0,0,0.000,0.000,0,,0
TX_N120288_N120287_1,,N120288,N120287,,138.000,0.00000000,0.03975000,352.000,352.000,0,0,0.000,0.000,0,,0
TX_N120290_N120289_1,,N120290,N120289,,138.000,0.00000000,0.04932000,182.000,182.000,0,0,0.000,0.000,0,,0
TX_N120293_N120292_1,,N120293,N120292,,138.000,0.00000000,0.04621000,82.700,82.700,0,0,0.000,0.000,0,,0
TX_N120303_N120302_1,,N120303,N120302,,138.000,0.00000000,0.05598000,153.300,153.300,0,0,0.000,0.000,0,,0
TX_N120310_N120309_1,,N120310,N120309,,138.000,0.00000000,0.04828000,309.600,309.600,0,0,0.000,0.000,0,,0
TX_N120311_N120314_1,,N120311,N120314,,138.000,0.00000000,0.06641000,141.000,141.000,0,0,0.000,0.000,0,,0
TX_N120312_N120314_1,,N120312,N120314,,69.000,0.00000000,0.14789000,87.500,87.500,0,0,0.000,0.000,0,,0
TX_N120313_N120314_1,,N120313,N120314,,13.800,0.00000000,0.01000000,100.000,100.000,0,0,0.000,0.000,0,,0
TX_N120316_N120315_1,,N120316,N120315,,138.000,0.00000000,0.04516000,194.900,194.900,0,0,0.000,0.000,0,,0
TX_N120318_N120317_1,,N120318,N120317,,138.000,0.00000000,0.05880000,224.300,224.300,0,0,0.000,0.000,0,,0
TX_N120320_N120319_1,,N120320,N120319,,138.000,0.00000000,0.05773000,98.200,98.200,0,0,0.000,0.000,0,,0
TX_N120322_N120321_1,,N120322,N120321,,138.000,0.00000000,0.04118000,276.500,276.500,0,0,0.000,0.000,0,,0
TX_N120327_N120326_1,,N120327,N120326,,138.000,0.00000000,0.03849000,356.400,356.400,0,0,0.000,0.000,0,,0
TX_N120329_N120328_1,,N120329,N120328,,138.000,0.00000000,0.05277000,282.700,282.700,0,0,0.000,0.000,0,,0
TX_N120331_N120330_1,,N120331,N120330,,138.000,0.00000000,0.06363000,209.000,209.000,0,0,0.000,0.000,0,,0
TX_N120337_N120336_1,,N120337,N120336,,138.000,0.00000000,0.04347000,192.700,192.700,0,0,0.000,0.000,0,,0
TX_N120339_N120338_1,,N120339,N120338,,138.000,0.00000000,0.03990000,302.100,302.100,0,0,0.000,0.000,0,,0
TX_N120341_N120340_1,,N120341,N120340,,138.000,0.00000000,0.04442000,333.200,333.200,0,0,0.000,0.000,0,,0
TX_N120352_N120351_1,,N120352,N120351,,345.000,0.00000000,0.01456000,553.700,553.700,0,1,0.000,0.000,0,,0
TX_N120352_N120351_2,,N120352,N120351,,345.000,0.00000000,0.01456000,553.700,553.700,0,1,0.000,0.000,0,,0
TX_N120352_N120355_1,,N120352,N120355,,138.000,0.00000000,0.09222000,141.000,141.000,0,0,0.000,0.000,0,,0
TX_N120353_N120355_1,,N120353,N120355,,69.000,0.00000000,0.17113000,87.500,87.500,0,0,0.000,0.000,0,,0
TX_N120354_N120355_1,,N120354,N120355,,13.800,0.00000000,0.01000000,75.000,75.000,0,0,0.000,0.000,0,,0
TX_N120356_N120359_1,,N120356,N120359,,138.000,0.00000000,0.08467000,140.300,140.300,0,0,0.000,0.000,0,,0
TX_N120357_N120359_1,,N120357,N120359,,69.000,0.00000000,0.19239000,84.700,84.700,0,0,0.000,0.000,0,,0
TX_N120358_N120359_1,,N120358,N120359,,18.000,0.00000000,0.01000000,150.000,150.000,0,0,0.000,0.000,0,,0
TX_N120364_N120363_1,,N120364,N120363,,138.000,0.00000000,0.05227000,291.000,291.000,0,0,0.000,0.000,0,,0
TX_N120370_N120369_1,,N120370,N120369,,138.000,0.00000000,0.02600000,408.500,408.500,0,0,0.000,0.000,0,,0
TX_N120372_N120371_1,,N120372,N120371,,138.000,0.00000000,0.04302000,174.200,174.200,0,0,0.000,0.000,0,,0
TX_N120375_N120374_1,,N120375,N120374,,138.000,0.00000000,0.06324000,153.400,153.400,0,0,0.000,0.000,0,,0
TX_N120381_N120380_1,,N120381,N120380,,138.000,0.00000000,0.04210000,284.800,284.800,0,0,0.000,0.000,0,,0
TX_N120391_N120390_1,,N120391,N120390,,138.000,0.00000000,0.05250000,183.800,183.800,0,0,0.000,0.000,0,,0
TX_N120397_N120396_1,,N120397,N120396,,138.000,0.00000000,0.04518000,186.700,186.700,0,0,0.000,0.000,0,,0
TX_N120399_N120398_1,,N120399,N120398,,138.000,0.00000000,0.03960000,266.800,266.800,0,0,0.000,0.000,0,,0
TX_N120402_N120401_1,,N120402,N120401,,138.000,0.00000000,0.04224000,261.000,261.000,0,0,0.000,0.000,0,,0
TX_N120404_N120403_1,,N120404,N120403,,138.000,0.00000000,0.03856000,46.900,46.900,0,0,0.000,0.000,0,,0
TX_N120407_N120406_1,,N120407,N120406,,138.000,0.00000000,0.03999000,153.000,153.000,0,0,0.000,0.000,0,,0
TX_N120412_N120411_1,,N120412,N120411,,138.000,0.00000000,0.02664000,212.900,212.900,0,0,0.000,0.000,0,,0
TX_N120416_N120415_1,,N120416,N120415,,345.000,0.00000000,0.02941000,530.500,530.500,0,1,0.000,0.000,0,,0
TX_N120416_N120415_2,,N120416,N120415,,345.000,0.00000000,0.02941000,530.500,530.500,0,1,0.000,0.000,0,,0
TX_N120417_N120416_1,,N120417,N120416,,138.000,0.00000000,0.04851000,341.900,341.900,0,0,0.000,0.000,0,,0
TX_N120419_N120418_1,,N120419,N120418,,138.000,0.00000000,0.03892000,309.800,309.800,0,0,0.000,0.000,0,,0
TX_N120428_N120427_1,,N120428,N120427,,138.000,0.00000000,0.04116000,337.100,337.100,0,0,0.000,0.000,0,,0
TX_N120433_N120434_1,,N120433,N120434,,138.000,0.00000000,0.03018000,346.700,346.700,0,0,0.000,0.000,0,,0
TX_N120433_N120435_1,,N120433,N120435,,138.000,0.00000000,0.02651000,299.400,299.400,0,0,0.000,0.000,0,,0
TX_N120433_N120436_1,,N120433,N120436,,138.000,0.00000000,0.02585000,299.300,299.300,0,0,0.000,0.000,0,,0
TX_N120437_N120438_1,,N120437,N120438,,345.000,0.00000000,0.02726000,573.100,573.100,0,1,0.000,0.000,0,,0
TX_N120437_N120439_1,,N120437,N120439,,345.000,0.00000000,0.02332000,563.900,563.900,0,1,0.000,0.000,0,,0
TX_N120441_N120440_1,,N120441,N120440,,345.000,0.00000000,0.01922000,700.000,700.000,0,1,0.000,0.000,0,,0
TX_N120441_N120440_2,,N120441,N120440,,345.000,0.00000000,0.01922000,700.000,700.000,0,1,0.000,0.000,0,,0
TX_N120440_N120442_1,,N120440,N120442,,345.000,0.00000000,0.02369000,378.900,378.900,0,1,0.000,0.000,0,,0
TX_N120440_N120443_1,,N120440,N120443,,345.000,0.00000000,0.03832000,377.000,377.000,0,1,0.000,0.000,0,,0
TX_N120440_N120444_1,,N120440,N120444,,345.000,0.00000000,0.02400000,567.500,567.500,0,1,0.000,0.000,0,,0
TX_N120440_N120445_1,,N120440,N120445,,345.000,0.00000000,0.02080000,505.400,505.400,0,1,0.000,0.000,0,,0
TX_N120440_N120446_1,,N120440,N120446,,345.000,0.00000000,0.02293000,499.000,499.000,0,1,0.000,0.000,0,,0
TX_N120448_N120447_1,,N120448,N120447,,345.000,0.00000000,0.02346000,382.800,382.800,0,1,0.000,0.000,0,,0
TX_N120447_N120449_1,,N120447,N120449,,345.000,0.00000000,0.06735000,273.600,273.600,0,1,0.000,0.000,0,,0
TX_N120447_N120451_1,,N120447,N120451,,345.000,0.00000000,0.03423000,270.400,270.400,0,1,0.000,0.000,0,,0
TX_N120447_N120452_1,,N120447,N120452,,345.000,0.00000000,0.05101000,270.300,270.300,0,1,0.000,0.000,0,,0
TX_N120447_N120453_1,,N120447,N120453,,345.000,0.00000000,0.04323000,254.700,254.700,0,1,0.000,0.000,0,,0
TX_N120447_N120455_1,,N120447,N120455,,345.000,0.00000000,0.04449000,268.400,268.400,0,1,0.000,0.000,0,,0
TX_N120447_N120457_1,,N120447,N120457,,345.000,0.00000000,0.03183000,264.400,264.400,0,1,0.000,0.000,0,,0
TX_N120447_N120460_1,,N120447,N120460,,345.000,0.00000000,0.04292000,264.000,264.000,0,1,0.000,0.000,0,,0
TX_N120448_N120450_1,,N120448,N120450,,138.000,0.00000000,0.04076000,270.800,270.800,0,0,0.000,0.000,0,,0
TX_N120448_N120454_1,,N120448,N120454,,138.000,0.00000000,0.02988000,270.100,270.100,0,0,0.000,0.000,0,,0
TX_N120448_N120456_1,,N120448,N120456,,138.000,0.00000000,0.02640000,269.900,269.900,0,0,0.000,0.000,0,,0
TX_N120448_N120458_1,,N120448,N120458,,138.000,0.00000000,0.05005000,269.200,269.200,0,0,0.000,0.000,0,,0
TX_N120448_N120459_1,,N120448,N120459,,138.000,0.00000000,0.03150000,268.700,268.700,0,0,0.000,0.000,0,,0
TX_N120448_N120461_1,,N120448,N120461,,138.000,0.00000000,0.04863000,246.500,246.500,0,0,0.000,0.000,0,,0
TX_N120462_N120463_1,,N120462,N120463,,345.000,0.00000000,0.01903000,572.300,572.300,0,1,0.000,0.000,0,,0
TX_N120462_N120464_1,,N120462,N120464,,345.000,0.00000000,0.02203000,571.500,571.500,0,1,0.000,0.000,0,,0
TX_N120466_N120467_1,,N120466,N120467,,138.000,0.00000000,0.02803000,508.300,508.300,0,0,0.000,0.000,0,,0
TX_N120466_N120467_11,,N120466,N120467,,138.000,0.00000000,0.01000000,508.300,508.300,0,0,0.000,0.000,0,,0
TX_N120468_N120469_1,,N120468,N120469,,345.000,0.00000000,0.01139000,1020.500,1020.500,0,1,0.000,0.000,0,,0
TX_N120468_N120470_1,,N120468,N120470,,345.000,0.00000000,0.00689000,728.000,728.000,0,1,0.000,0.000,0,,0
TX_N120471_N120472_1,,N120471,N120472,,345.000,0.00000000,0.02777000,465.500,465.500,0,1,0.000,0.000,0,,0
TX_N120471_N120473_1,,N120471,N120473,,345.000,0.00000000,0.02922000,438.300,438.300,0,1,0.000,0.000,0,,0
TX_N120471_N120474_1,,N120471,N120474,,345.000,0.00000000,0.02521000,438.100,438.100,0,1,0.000,0.000,0,,0
TX_N120475_N120478_1,,N120475,N120478,,69.000,0.00000000,0.06469000,160.500,160.500,0,0,0.000,0.000,0,,0
TX_N120475_N120479_1,,N120475,N120479,,69.000,0.00000000,0.10861000,140.000,140.000,0,0,0.000,0.000,0,,0
TX_N120475_N120480_1,,N120475,N120480,,69.000,0.00000000,0.08067000,157.400,157.400,0,0,0.000,0.000,0,,0
TX_N120475_N120481_1,,N120475,N120481,,69.000,0.00000000,0.04015000,156.000,156.000,0,0,0.000,0.000,0,,0
TX_N120476_N120478_1,,N120476,N120478,,13.800,0.00000000,0.01000000,1.800,1.800,0,0,0.000,0.000,0,,0
TX_N120477_N120478_1,,N120477,N120478,,13.800,0.00000000,0.01000000,1.800,1.800,0,0,0.000,0.000,0,,0
TX_N120482_N120485_1,,N120482,N120485,,69.000,0.00000000,0.05096000,172.900,172.900,0,0,0.000,0.000,0,,0
TX_N120482_N120486_1,,N120482,N120486,,69.000,0.00000000,0.07658000,170.900,170.900,0,0,0.000,0.000,0,,0
TX_N120482_N120487_1,,N120482,N120487,,69.000,0.00000000,0.08798000,148.900,148.900,0,0,0.000,0.000,0,,0
TX_N120482_N120488_1,,N120482,N120488,,69.000,0.00000000,0.12795000,148.900,148.900,0,0,0.000,0.000,0,,0
TX_N120483_N120485_1,,N120483,N120485,,13.200,0.00000000,0.01000000,2.100,2.100,0,0,0.000,0.000,0,,0
TX_N120484_N120485_1,,N120484,N120485,,13.200,0.00000000,0.01000000,2.100,2.100,0,0,0.000,0.000,0,,0
TX_N120489_N120490_1,,N120489,N120490,,69.000,0.00000000,0.06537000,203.400,203.400,0,0,0.000,0.000,0,,0
TX_N120492_N120493_1,,N120492,N120493,,138.000,0.00000000,0.03348000,351.500,351.500,0,0,0.000,0.000,0,,0
TX_N120492_N120493_11,,N120492,N120493,,138.000,0.00000000,0.01000000,129.700,129.700,0,0,0.000,0.000,0,,0
TX_N120495_N120494_1,,N120495,N120494,,345.000,0.00000000,0.02114000,486.500,486.500,0,1,0.000,0.000,0,,0
TX_N120495_N120494_2,,N120495,N120494,,345.000,0.00000000,0.02114000,486.500,486.500,0,1,0.000,0.000,0,,0
TX_N120494_N120496_1,,N120494,N120496,,345.000,0.00000000,0.05935000,255.600,255.600,0,1,0.000,0.000,0,,0
TX_N120497_N120498_1,,N120497,N120498,,69.000,0.00000000,0.05694000,198.000,198.000,0,0,0.000,0.000,0,,0
TX_N120499_N120500_1,,N120499,N120500,,69.000,0.00000000,0.07189000,194.700,194.700,0,0,0.000,0.000,0,,0
TX_N120502_N120501_1,,N120502,N120501,,138.000,0.00000000,0.04194000,115.000,115.000,0,0,0.000,0.000,0,,0
TX_N120501_N120503_1,,N120501,N120503,,138.000,0.00000000,0.04574000,298.200,298.200,0,0,0.000,0.000,0,,0
TX_N120504_N120505_1,,N120504,N120505,,138.000,0.00000000,0.06070000,216.000,216.000,0,0,0.000,0.000,0,,0
TX_N120506_N120507_1,,N120506,N120507,,138.000,0.00000000,0.03519000,298.000,298.000,0,0,0.000,0.000,0,,0
TX_N120508_N120509_1,,N120508,N120509,,69.000,0.00000000,0.04875000,184.700,184.700,0,0,0.000,0.000,0,,0
TX_N120511_N120512_1,,N120511,N120512,,138.000,0.00000000,0.02575000,355.100,355.100,0,0,0.000,0.000,0,,0
TX_N120511_N120512_11,,N120511,N120512,,138.000,0.00000000,0.01000000,130.000,130.000,0,0,0.000,0.000,0,,0
TX_N120513_N120514_1,,N120513,N120514,,69.000,0.00000000,0.11021000,132.300,132.300,0,0,0.000,0.000,0,,0
TX_N120513_N120515_1,,N120513,N120515,,69.000,0.00000000,0.09470000,152.600,152.600,0,0,0.000,0.000,0,,0
TX_N120513_N120516_1,,N120513,N120516,,69.000,0.00000000,0.09633000,124.900,124.900,0,0,0.000,0.000,0,,0
TX_N120517_N120518_1,,N120517,N120518,,138.000,0.00000000,0.08655000,182.800,182.800,0,0,0.000,0.000,0,,0
TX_N120519_N120520_1,,N120519,N120520,,138.000,0.00000000,0.07105000,186.700,186.700,0,0,0.000,0.000,0,,0
TX_N120521_N120522_1,,N120521,N120522,,138.000,0.00000000,0.06797000,192.600,192.600,0,0,0.000,0.000,0,,0
TX_N120523_N120524_1,,N120523,N120524,,69.000,0.00000000,0.04549000,201.100,201.100,0,0,0.000,0.000,0,,0
TX_N120525_N120526_1,,N120525,N120526,,69.000,0.00000000,0.06363000,178.000,178.000,0,0,0.000,0.000,0,,0
TX_N130036_N130035_1,,N130036,N130035,,138.000,0.00000000,0.04985000,256.600,256.600,0,0,0.000,0.000,0,,0
TX_N130038_N130037_1,,N130038,N130037,,138.000,0.00000000,0.03558000,258.500,258.500,0,0,0.000,0.000,0,,0
TX_N130040_N130039_1,,N130040,N130039,,138.000,0.00000000,0.04798000,225.600,225.600,0,0,0.000,0.000,0,,0
TX_N130042_N130041_1,,N130042,N130041,,138.000,0.00000000,0.04313000,122.900,122.900,0,0,0.000,0.000,0,,0
TX_N130052_N130051_1,,N130052,N130051,,138.000,0.00000000,0.07621000,334.700,334.700,0,0,0.000,0.000,0,,0
TX_N130054_N130053_1,,N130054,N130053,,138.000,0.00000000,0.04853000,120.300,120.300,0,0,0.000,0.000,0,,0
TX_N130067_N130066_1,,N130067,N130066,,138.000,0.00000000,0.04241000,307.700,307.700,0,0,0.000,0.000,0,,0
TX_N130069_N130068_1,,N130069,N130068,,138.000,0.00000000,0.02729000,346.300,346.300,0,0,0.000,0.000,0,,0
TX_N130075_N130074_1,,N130075,N130074,,138.000,0.00000000,0.05011000,256.600,256.600,0,0,0.000,0.000,0,,0
TX_N130077_N130076_1,,N130077,N130076,,138.000,0.00000000,0.05590000,245.900,245.900,0,0,0.000,0.000,0,,0
TX_N130081_N130080_1,,N130081,N130080,,138.000,0.00000000,0.02587000,323.900,323.900,0,0,0.000,0.000,0,,0
TX_N130083_N130082_1,,N130083,N130082,,138.000,0.00000000,0.07085000,225.200,225.200,0,0,0.000,0.000,0,,0
TX_N130091_N130090_1,,N130091,N130090,,138.000,0.00000000,0.03200000,454.300,454.300,0,0,0.000,0.000,0,,0
TX_N130097_N130096_1,,N130097,N130096,,138.000,0.00000000,0.04358000,208.600,208.600,0,0,0.000,0.000,0,,0
TX_N130101_N130100_1,,N130101,N130100,,138.000,0.00000000,0.04503000,334.800,334.800,0,0,0.000,0.000,0,,0
TX_N130103_N130102_1,,N130103,N130102,,138.000,0.00000000,0.03708000,230.300,230.300,0,0,0.000,0.000,0,,0
TX_N130105_N130104_1,,N130105,N130104,,138.000,0.00000000,0.04682000,452.400,452.400,0,0,0.000,0.000,0,,0
TX_N130105_N130104_2,,N130105,N130104,,138.000,0.00000000,0.04682000,452.400,452.400,0,0,0.000,0.000,0,,0
TX_N130107_N130106_1,,N130107,N130106,,138.000,0.00000000,0.05028000,318.100,318.100,0,0,0.000,0.000,0,,0
TX_N130110_N130109_1,,N130110,N130109,,138.000,0.00000000,0.03989000,228.300,228.300,0,0,0.000,0.000,0,,0
TX_N130114_N130113_1,,N130114,N130113,,138.000,0.00000000,0.06656000,364.300,364.300,0,0,0.000,0.000,0,,0
TX_N130119_N130118_1,,N130119,N130118,,138.000,0.00000000,0.04116000,166.100,166.100,0,0,0.000,0.000,0,,0
TX_N130122_N130121_1,,N130122,N130121,,138.000,0.00000000,0.02997000,281.600,281.600,0,0,0.000,0.000,0,,0
TX_N130124_N130123_1,,N130124,N130123,,138.000,0.00000000,0.04138000,235.200,235.200,0,0,0.000,0.000,0,,0
TX_N130127_N130126_1,,N130127,N130126,,138.000,0.00000000,0.04408000,370.100,370.100,0,0,0.000,0.000,0,,0
TX_N130132_N130131_1,,N130132,N130131,,138.000,0.00000000,0.02482000,243.600,243.600,0,0,0.000,0.000,0,,0
TX_N130134_N130133_1,,N130134,N130133,,138.000,0.00000000,0.05164000,97.500,97.500,0,0,0.000,0.000,0,,0
TX_N130139_N130138_1,,N130139,N130138,,138.000,0.00000000,0.04391000,204.900,204.900,0,0,0.000,0.000,0,,0
TX_N130142_N130141_1,,N130142,N130141,,138.000,0.00000000,0.05956000,224.700,224.700,0,0,0.000,0.000,0,,0
TX_N130143_N130146_1,,N130143,N130146,,138.000,0.00000000,0.09046000,139.000,139.000,0,0,0.000,0.000,0,,0
TX_N130144_N130146_1,,N130144,N130146,,69.000,0.00000000,0.18968000,84.200,84.200,0,0,0.000,0.000,0,,0
TX_N130145_N130146_1,,N130145,N130146,,13.800,0.00000000,0.01000000,75.000,75.000,0,0,0.000,0.000,0,,0
TX_N130153_N130152_1,,N130153,N130152,,138.000,0.00000000,0.04332000,238.300,238.300,0,0,0.000,0.000,0,,0
TX_N130155_N130154_1,,N130155,N130154,,138.000,0.00000000,0.05314000,226.600,226.600,0,0,0.000,0.000,0,,0
TX_N130159_N130158_1,,N130159,N130158,,138.000,0.00000000,0.04117000,261.600,261.600,0,0,0.000,0.000,0,,0
TX_N130161_N130160_1,,N130161,N130160,,138.000,0.00000000,0.04543000,174.400,174.400,0,0,0.000,0.000,0,,0
TX_N130163_N130162_1,,N130163,N130162,,138.000,0.00000000,0.04948000,200.400,200.400,0,0,0.000,0.000,0,,0
TX_N130164_N130167_1,,N130164,N130167,,138.000,0.00000000,0.14447000,136.600,136.600,0,0,0.000,0.000,0,,0
TX_N130165_N130167_1,,N130165,N130167,,69.000,0.00000000,0.17942000,84.100,84.100,0,0,0.000,0.000,0,,0
TX_N130166_N130167_1,,N130166,N130167,,13.800,0.00000000,0.01000000,75.000,75.000,0,0,0.000,0.000,0,,0
TX_N130176_N130175_1,,N130176,N130175,,138.000,0.00000000,0.06454000,201.900,201.900,0,0,0.000,0.000,0,,0
TX_N130190_N130193_1,,N130190,N130193,,138.000,0.00000000,0.08703000,134.800,134.800,0,0,0.000,0.000,0,,0
TX_N130191_N130193_1,,N130191,N130193,,69.000,0.00000000,0.14201000,83.100,83.100,0,0,0.000,0.000,0,,0
TX_N130192_N130193_1,,N130192,N130193,,13.800,0.00000000,0.01000000,75.000,75.000,0,0,0.000,0.000,0,,0
TX_N130221_N130220_1,,N130221,N130220,,138.000,0.00000000,0.06097000,215.100,215.100,0,0,0.000,0.000,0,,0
TX_N130228_N130227_1,,N130228,N130227,,138.000,0.00000000,0.04549000,273.100,273.100,0,0,0.000,0.000,0,,0
TX_N130259_N130258_1,,N130259,N130258,,138.000,0.00000000,0.04433000,347.500,347.500,0,0,0.000,0.000,0,,0
TX_N130272_N130271_1,,N130272,N130271,,138.000,0.00000000,0.02144000,429.200,429.200,0,0,0.000,0.000,0,,0
TX_N130272_N130271_2,,N130272,N130271,,138.000,0.00000000,0.02144000,429.200,429.200,0,0,0.000,0.000,0,,0
TX_N130281_N130280_1,,N130281,N130280,,138.000,0.00000000,0.04574000,398.200,398.200,0,0,0.000,0.000,0,,0
TX_N130281_N130280_2,,N130281,N130280,,138.000,0.00000000,0.04574000,398.200,398.200,0,0,0.000,0.000,0,,0
TX_N130287_N130286_1,,N130287,N130286,,138.000,0.00000000,0.03535000,237.100,237.100,0,0,0.000,0.000,0,,0
TX_N130293_N130296_1,,N130293,N130296,,138.000,0.00000000,0.07852000,134.200,134.200,0,0,0.000,0.000,0,,0
TX_N130294_N130296_1,,N130294,N130296,,69.000,0.00000000,0.12840000,82.700,82.700,0,0,0.000,0.000,0,,0
TX_N130295_N130296_1,,N130295,N130296,,18.000,0.00000000,0.01000000,50.000,50.000,0,0,0.000,0.000,0,,0
TX_N130298_N130297_1,,N130298,N130297,,138.000,0.00000000,0.03347000,376.700,376.700,0,0,0.000,0.000,0,,0
TX_N130298_N130297_2,,N130298,N130297,,138.000,0.00000000,0.03347000,376.700,376.700,0,0,0.000,0.000,0,,0
TX_N130311_N130310_1,,N130311,N130310,,345.000,0.00000000,0.03193000,462.700,462.700,0,1,0.000,0.000,0,,0
TX_N130311_N130310_2,,N130311,N130310,,345.000,0.00000000,0.03193000,462.700,462.700,0,1,0.000,0.000,0,,0
TX_N130328_N130327_1,,N130328,N130327,,345.000,0.00000000,0.02599000,500.800,500.800,0,1,0.000,0.000,0,,0
TX_N130328_N130327_2,,N130328,N130327,,345.000,0.00000000,0.02599000,500.800,500.800,0,1,0.000,0.000,0,,0
TX_N130330_N130329_1,,N130330,N130329,,345.000,0.00000000,0.03415000,524.300,524.300,0,1,0.000,0.000,0,,0
TX_N130330_N130329_2,,N130330,N130329,,345.000,0.00000000,0.03415000,524.300,524.300,0,1,0.000,0.000,0,,0
TX_N130350_N130351_1,,N130350,N130351,,345.000,0.00000000,0.01910000,738.400,738.400,0,1,0.000,0.000,0,,0
TX_N130350_N130352_1,,N130350,N130352,,345.000,0.00000000,0.04193000,390.600,390.600,0,1,0.000,0.000,0,,0
TX_N130350_N130353_1,,N130350,N130353,,345.000,0.00000000,0.03336000,393.000,393.000,0,1,0.000,0.000,0,,0
TX_N130350_N270225_1,,N130350,N270225,,345.000,0.00000000,0.02000000,900.400,900.400,0,1,0.000,0.000,0,,0
TX_N130350_N270225_2,,N130350,N270225,,345.000,0.00000000,0.02000000,900.400,900.400,0,1,0.000,0.000,0,,0
TX_N130354_N130355_1,,N130354,N130355,,345.000,0.00000000,0.02184000,507.800,507.800,0,1,0.000,0.000,0,,0
TX_N130354_N130356_1,,N130354,N130356,,345.000,0.00000000,0.03484000,389.700,389.700,0,1,0.000,0.000,0,,0
TX_N130358_N130357_1,,N130358,N130357,,345.000,0.00000000,0.02157000,800.000,800.000,0,1,0.000,0.000,0,,0
TX_N130358_N130357_2,,N130358,N130357,,345.000,0.00000000,0.02157000,800.000,800.000,0,1,0.000,0.000,0,,0
TX_N130357_N130359_1,,N130357,N130359,,345.000,0.00000000,0.01239000,563.800,563.800,0,1,0.000,0.000,0,,0
TX_N130357_N130360_1,,N130357,N130360,,345.000,0.00000000,0.01109000,563.300,563.300,0,1,0.000,0.000,0,,0
TX_N130357_N130361_1,,N130357,N130361,,345.000,0.00000000,0.02851000,445.600,445.600,0,1,0.000,0.000,0,,0
TX_N130357_N130362_1,,N130357,N130362,,345.000,0.00000000,0.02483000,428.300,428.300,0,1,0.000,0.000,0,,0
TX_N130357_N130363_1,,N130357,N130363,,345.000,0.00000000,0.01632000,428.000,428.000,0,1,0.000,0.000,0,,0
TX_N130357_N130364_1,,N130357,N130364,,345.000,0.00000000,0.02437000,445.400,445.400,0,1,0.000,0.000,0,,0
TX_N130357_N130365_1,,N130357,N130365,,345.000,0.00000000,0.01619000,427.200,427.200,0,1,0.000,0.000,0,,0
TX_N130357_N130366_1,,N130357,N130366,,345.000,0.00000000,0.02461000,427.200,427.200,0,1,0.000,0.000,0,,0
TX_N130368_N130367_1,,N130368,N130367,,345.000,0.00000000,0.02181000,448.300,448.300,0,1,0.000,0.000,0,,0
TX_N130368_N130367_2,,N130368,N130367,,345.000,0.00000000,0.02181000,448.300,448.300,0,1,0.000,0.000,0,,0
TX_N130367_N130370_1,,N130367,N130370,,345.000,0.00000000,0.04192000,248.200,248.200,0,1,0.000,0.000,0,,0
TX_N130368_N130369_1,,N130368,N130369,,138.000,0.00000000,0.04806000,208.500,208.500,0,0,0.000,0.000,0,,0
TX_N130371_N130374_1,,N130371,N130374,,69.000,0.00000000,0.08937000,154.800,154.800,0,0,0.000,0.000,0,,0
TX_N130371_N130375_1,,N130371,N130375,,69.000,0.00000000,0.08154000,139.800,139.800,0,0,0.000,0.000,0,,0
TX_N130372_N130374_1,,N130372,N130374,,13.800,0.00000000,0.01000000,1.800,1.800,0,0,0.000,0.000,0,,0
TX_N130373_N130374_1,,N130373,N130374,,13.800,0.00000000,0.01000000,1.800,1.800,0,0,0.000,0.000,0,,0
TX_N140057_N140056_1,,N140057,N140056,,138.000,0.00000000,0.06708000,194.300,194.300,0,0,0.000,0.000,0,,0
TX_N140065_N140064_1,,N140065,N140064,,138.000,0.00000000,0.04918000,280.600,280.600,0,0,0.000,0.000,0,,0
TX_N140070_N140073_1,,N140070,N140073,,138.000,0.00000000,0.10408000,132.100,132.100,0,0,0.000,0.000,0,,0
TX_N140071_N140073_1,,N140071,N140073,,69.000,0.00000000,0.11130000,82.000,82.000,0,0,0.000,0.000,0,,0
TX_N140072_N140073_1,,N140072,N140073,,13.800,0.00000000,0.01000000,75.000,75.000,0,0,0.000,0.000,0,,0
TX_N140075_N140074_1,,N140075,N140074,,138.000,0.00000000,0.03988000,305.900,305.900,0,0,0.000,0.000,0,,0
TX_N140079_N140078_1,,N140079,N140078,,138.000,0.00000000,0.04900000,262.400,262.400,0,0,0.000,0.000,0,,0
TX_N140090_N140089_1,,N140090,N140089,,138.000,0.00000000,0.05552000,298.400,298.400,0,0,0.000,0.000,0,,0
TX_N140092_N140091_1,,N140092,N140091,,138.000,0.00000000,0.06711000,194.400,194.400,0,0,0.000,0.000,0,,0
TX_N140094_N140093_1,,N140094,N140093,,138.000,0.00000000,0.04973000,351.700,351.700,0,0,0.000,0.000,0,,0
TX_N140097_N140096_1,,N140097,N140096,,138.000,0.00000000,0.03560000,324.500,324.500,0,0,0.000,0.000,0,,0
TX_N140102_N140101_1,,N140102,N140101,,138.000,0.00000000,0.04398000,363.600,363.600,0,0,0.000,0.000,0,,0
TX_N140119_N140118_1,,N140119,N140118,,138.000,0.00000000,0.04626000,266.000,266.000,0,0,0.000,0.000,0,,0
TX_N140122_N140121_1,,N140122,N140121,,138.000,0.00000000,0.04822000,163.300,163.300,0,0,0.000,0.000,0,,0
TX_N140131_N140130_1,,N140131,N140130,,138.000,0.00000000,0.01583000,428.600,428.600,0,0,0.000,0.000,0,,0
TX_N140131_N140130_2,,N140131,N140130,,138.000,0.00000000,0.01583000,428.600,428.600,0,0,0.000,0.000,0,,0
TX_N140135_N140138_1,,N140135,N140138,,138.000,0.00000000,0.10523000,131.300,131.300,0,0,0.000,0.000,0,,0
TX_N140136_N140138_1,,N140136,N140138,,69.000,0.00000000,0.11031000,81.000,81.000,0,0,0.000,0.000,0,,0
TX_N140137_N140138_1,,N140137,N140138,,13.800,0.00000000,0.01000000,50.000,50.000,0,0,0.000,0.000,0,,0
TX_N140143_N140142_1,,N140143,N140142,,138.000,0.00000000,0.05852000,280.700,280.700,0,0,0.000,0.000,0,,0
TX_N140147_N140146_1,,N140147,N140146,,138.000,0.00000000,0.04803000,254.100,254.100,0,0,0.000,0.000,0,,0
TX_N140152_N140151_1,,N140152,N140151,,138.000,0.00000000,0.05943000,204.000,204.000,0,0,0.000,0.000,0,,0
TX_N140155_N140158_1,,N140155,N140158,,138.000,0.00000000,0.03812000,129.200,129.200,0,0,0.000,0.000,0,,0
TX_N140156_N140158_1,,N140156,N140158,,69.000,0.00000000,0.21049000,80.700,80.700,0,0,0.000,0.000,0,,0
TX_N140157_N140158_1,,N140157,N140158,,13.800,0.00000000,0.01000000,75.000,75.000,0,0,0.000,0.000,0,,0
TX_N140162_N140161_1,,N140162,N140161,,138.000,0.00000000,0.05303000,211.000,211.000,0,0,0.000,0.000,0,,0
TX_N140168_N140167_1,,N140168,N140167,,138.000,0.00000000,0.02954000,339.000,339.000,0,0,0.000,0.000,0,,0
TX_N140171_N140170_1,,N140171,N140170,,138.000,0.00000000,0.05343000,334.100,334.100,0,0,0.000,0.000,0,,0
TX_N140177_N140176_1,,N140177,N140176,,138.000,0.00000000,0.05372000,162.100,162.100,0,0,0.000,0.000,0,,0
TX_N140184_N140183_1,,N140184,N140183,,138.000,0.00000000,0.03572000,182.600,182.600,0,0,0.000,0.000,0,,0
TX_N140186_N140185_1,,N140186,N140185,,345.000,0.00000000,0.01651000,650.000,650.000,0,1,0.000,0.000,0,,0
TX_N140186_N140185_2,,N140186,N140185,,345.000,0.00000000,0.01651000,650.000,650.000,0,1,0.000,0.000,0,,0
TX_N140187_N140186_1,,N140187,N140186,,138.000,0.00000000,0.05044000,354.000,354.000,0,0,0.000,0.000,0,,0
TX_N140190_N140189_1,,N140190,N140189,,138.000,0.00000000,0.04179000,230.100,230.100,0,0,0.000,0.000,0,,0
TX_N140195_N140194_1,,N140195,N140194,,138.000,0.00000000,0.05406000,200.400,200.400,0,0,0.000,0.000,0,,0
TX_N140199_N140202_1,,N140199,N140202,,138.000,0.00000000,0.09247000,128.900,128.900,0,0,0.000,0.000,0,,0
TX_N140200_N140202_1,,N140200,N140202,,69.000,0.00000000,0.17369000,79.400,79.400,0,0,0.000,0.000,0,,0
TX_N140201_N140202_1,,N140201,N140202,,13.800,0.00000000,0.01000000,75.000,75.000,0,0,0.000,0.000,0,,0
TX_N140206_N140205_1,,N140206,N140205,,138.000,0.00000000,0.04921000,312.000,312.000,0,0,0.000,0.000,0,,0
TX_N140212_N140211_1,,N140212,N140211,,138.000,0.00000000,0.04516000,334.000,334.000,0,0,0.000,0.000,0,,0
TX_N140214_N140213_1,,N140214,N140213,,345.000,0.00000000,0.02792000,700.000,700.000,0,1,0.000,0.000,0,,0
TX_N140214_N140213_2,,N140214,N140213,,345.000,0.00000000,0.02792000,700.000,700.000,0,1,0.000,0.000,0,,0
TX_N140215_N140214_1,,N140215,N140214,,138.000,0.00000000,0.05013000,331.600,331.600,0,0,0.000,0.000,0,,0
TX_N140220_N140223_1,,N140220,N140223,,138.000,0.00000000,0.08968000,128.500,128.500,0,0,0.000,0.000,0,,0
TX_N140221_N140223_1,,N140221,N140223,,69.000,0.00000000,0.14138000,79.400,79.400,0,0,0.000,0.000,0,,0
TX_N140222_N140223_1,,N140222,N140223,,13.800,0.00000000,0.01000000,25.000,25.000,0,0,0.000,0.000,0,,0
TX_N140225_N140224_1,,N140225,N140224,,138.000,0.00000000,0.03078000,330.700,330.700,0,0,0.000,0.000,0,,0
TX_N140227_N140230_1,,N140227,N140230,,138.000,0.00000000,0.09336000,128.000,128.000,0,0,0.000,0.000,0,,0
TX_N140228_N140230_1,,N140228,N140230,,69.000,0.00000000,0.19174000,79.000,79.000,0,0,0.000,0.000,0,,0
TX_N140229_N140230_1,,N140229,N140230,,18.000,0.00000000,0.01000000,75.000,75.000,0,0,0.000,0.000,0,,0
TX_N140232_N140231_1,,N140232,N140231,,138.000,0.00000000,0.04672000,164.600,164.600,0,0,0.000,0.000,0,,0
TX_N140238_N140237_1,,N140238,N140237,,138.000,0.00000000,0.04170000,180.900,180.900,0,0,0.000,0.000,0,,0
TX_N140242_N140241_1,,N140242,N140241,,138.000,0.00000000,0.06221000,155.100,155.100,0,0,0.000,0.000,0,,0
TX_N140244_N140243_1,,N140244,N140243,,138.000,0.00000000,0.05733000,245.800,245.800,0,0,0.000,0.000,0,,0
TX_N140248_N140247_1,,N140248,N140247,,138.000,0.00000000,0.04909000,172.900,172.900,0,0,0.000,0.000,0,,0
TX_N140256_N140259_1,,N140256,N140259,,138.000,0.00000000,0.11424000,126.900,126.900,0,0,0.000,0.000,0,,0
TX_N140257_N140259_1,,N140257,N140259,,69.000,0.00000000,0.15685000,78.700,78.700,0,0,0.000,0.000,0,,0
TX_N140258_N140259_1,,N140258,N140259,,13.800,0.00000000,0.01000000,25.000,25.000,0,0,0.000,0.000,0,,0
TX_N140267_N140266_1,,N140267,N140266,,345.000,0.00000000,0.01872000,465.600,465.600,0,1,0.000,0.000,0,,0
TX_N140267_N140266_2,,N140267,N140266,,345.000,0.00000000,0.01872000,465.600,465.600,0,1,0.000,0.000,0,,0
TX_N140268_N140267_1,,N140268,N140267,,138.000,0.00000000,0.05123000,304.300,304.300,0,0,0.000,0.000,0,,0
TX_N140273_N140272_1,,N140273,N140272,,345.000,0.00000000,0.02978000,479.100,479.100,0,1,0.000,0.000,0,,0
TX_N140273_N140272_2,,N140273,N140272,,345.000,0.00000000,0.02978000,479.100,479.100,0,1,0.000,0.000,0,,0
TX_N140274_N140273_1,,N140274,N140273,,138.000,0.00000000,0.08006000,265.800,265.800,0,0,0.000,0.000,0,,0
TX_N140278_N140277_1,,N140278,N140277,,138.000,0.00000000,0.03489000,169.600,169.600,0,0,0.000,0.000,0,,0
TX_N140282_N140281_1,,N140282,N140281,,138.000,0.00000000,0.07677000,144.800,144.800,0,0,0.000,0.000,0,,0
TX_N140283_N140286_1,,N140283,N140286,,138.000,0.00000000,0.11283000,126.600,126.600,0,0,0.000,0.000,0,,0
TX_N140284_N140286_1,,N140284,N140286,,69.000,0.00000000,0.15863000,76.800,76.800,0,0,0.000,0.000,0,,0
TX_N140285_N140286_1,,N140285,N140286,,13.800,0.00000000,0.01000000,75.000,75.000,0,0,0.000,0.000,0,,0
TX_N140290_N140289_1,,N140290,N140289,,138.000,0.00000000,0.04401000,135.000,135.000,0,0,0.000,0.000,0,,0
TX_N140292_N140291_1,,N140292,N140291,,138.000,0.00000000,0.05798000,249.100,249.100,0,0,0.000,0.000,0,,0
TX_N140294_N140293_1,,N140294,N140293,,138.000,0.00000000,0.07314000,197.300,197.300,0,0,0.000,0.000,0,,0
TX_N140303_N140304_1,,N140303,N140304,,345.000,0.00000000,0.04447000,304.000,304.000,0,1,0.000,0.000,0,,0
TX_N140303_N140305_1,,N140303,N140305,,345.000,0.00000000,0.04504000,303.500,303.500,0,1,0.000,0.000,0,,0
TX_N140303_N140306_1,,N140303,N140306,,345.000,0.00000000,0.03101000,302.900,302.900,0,1,0.000,0.000,0,,0
TX_N140303_N140307_1,,N140303,N140307,,345.000,0.00000000,0.02732000,302.500,302.500,0,1,0.000,0.000,0,,0
TX_N140303_N140308_1,,N140303,N140308,,345.000,0.00000000,0.01841000,563.100,563.100,0,1,0.000,0.000,0,,0
TX_N140303_N140309_1,,N140303,N140309,,345.000,0.00000000,0.02610000,550.500,550.500,0,1,0.000,0.000,0,,0
TX_N140310_N140311_1,,N140310,N140311,,69.000,0.00000000,0.04985000,222.800,222.800,0,0,0.000,0.000,0,,0
TX_N140312_N140315_1,,N140312,N140315,,138.000,0.00000000,0.04934000,304.200,304.200,0,0,0.000,0.000,0,,0
TX_N140313_N140315_1,,N140313,N140315,,13.800,0.00000000,0.01000000,35.100,35.100,0,0,0.000,0.000,0,,0
TX_N140314_N140315_1,,N140314,N140315,,13.800,0.00000000,0.01000000,35.100,35.100,0,0,0.000,0.000,0,,0
TX_N140316_N140319_1,,N140316,N140319,,345.000,0.00000000,0.05186000,235.300,235.300,0,1,0.000,0.000,0,,0
TX_N140316_N140322_1,,N140316,N140322,,345.000,0.00000000,0.04672000,287.900,287.900,0,1,0.000,0.000,0,,0
TX_N140317_N140319_1,,N140317,N140319,,138.000,0.00000000,0.10211000,126.500,126.500,0,0,0.000,0.000,0,,0
TX_N140318_N140319_1,,N140318,N140319,,13.800,0.00000000,0.01000000,100.000,100.000,0,0,0.000,0.000,0,,0
TX_N140320_N140322_1,,N140320,N140322,,13.800,0.00000000,0.01000000,25.700,25.700,0,0,0.000,0.000,0,,0
TX_N140321_N140322_1,,N140321,N140322,,13.800,0.00000000,0.01000000,25.700,25.700,0,0,0.000,0.000,0,,0
TX_N140323_N140326_1,,N140323,N140326,,345.000,0.00000000,0.06154000,232.600,232.600,0,1,0.000,0.000,0,,0
TX_N140323_N140327_1,,N140323,N140327,,345.000,0.00000000,0.03811000,282.300,282.300,0,1,0.000,0.000,0,,0
TX_N140323_N140328_1,,N140323,N140328,,345.000,0.00000000,0.03722000,360.300,360.300,0,1,0.000,0.000,0,,0
TX_N140324_N140326_1,,N140324,N140326,,138.000,0.00000000,0.10074000,126.100,126.100,0,0,0.000,0.000,0,,0
TX_N140325_N140326_1,,N140325,N140326,,18.000,0.00000000,0.01000000,50.000,50.000,0,0,0.000,0.000,0,,0
TX_N140330_N140329_1,,N140330,N140329,,345.000,0.00000000,0.03114000,486.700,486.700,0,1,0.000,0.000,0,,0
TX_N140330_N140329_2,,N140330,N140329,,345.000,0.00000000,0.03114000,486.700,486.700,0,1,0.000,0.000,0,,0
TX_N140329_N140331_1,,N140329,N140331,,345.000,0.00000000,0.01897000,553.400,553.400,0,1,0.000,0.000,0,,0
TX_N140329_N140332_1,,N140329,N140332,,345.000,0.00000000,0.02452000,397.300,397.300,0,1,0.000,0.000,0,,0
TX_N140329_N140333_1,,N140329,N140333,,345.000,0.00000000,0.03670000,396.900,396.900,0,1,0.000,0.000,0,,0
TX_N140334_N140335_1,,N140334,N140335,,345.000,0.00000000,0.01643000,462.100,462.100,0,1,0.000,0.000,0,,0
TX_N140334_N140336_1,,N140334,N140336,,345.000,0.00000000,0.01873000,447.200,447.200,0,1,0.000,0.000,0,,0
TX_N140334_N140337_1,,N140334,N140337,,345.000,0.00000000,0.02640000,446.700,446.700,0,1,0.000,0.000,0,,0
TX_N140338_N140339_1,,N140338,N140339,,345.000,0.00000000,0.03078000,433.100,433.100,0,1,0.000,0.000,0,,0
TX_N140338_N140340_1,,N140338,N140340,,345.000,0.00000000,0.02456000,410.600,410.600,0,1,0.000,0.000,0,,0
TX_N140338_N140341_1,,N140338,N140341,,345.000,0.00000000,0.04447000,376.500,376.500,0,1,0.000,0.000,0,,0
TX_N140338_N140342_1,,N140338,N140342,,345.000,0.00000000,0.03873000,375.800,375.800,0,1,0.000,0.000,0,,0
TX_N140338_N140343_1,,N140338,N140343,,345.000,0.00000000,0.02427000,375.700,375.700,0,1,0.000,0.000,0,,0
TX_N140344_N140347_1,,N140344,N140347,,69.000,0.00000000,0.05825000,188.500,188.500,0,0,0.000,0.000,0,,0
TX_N140344_N140348_1,,N140344,N140348,,69.000,0.00000000,0.06942000,150.000,150.000,0,0,0.000,0.000,0,,0
TX_N140345_N140347_1,,N140345,N140347,,18.000,0.00000000,0.01000000,4.700,4.700,0,0,0.000,0.000,0,,0
TX_N140346_N140347_1,,N140346,N140347,,18.000,0.00000000,0.01000000,3.200,3.200,0,0,0.000,0.000,0,,0
TX_N140349_N140350_1,,N140349,N140350,,138.000,0.00000000,0.04344000,327.800,327.800,0,0,0.000,0.000,0,,0
TX_N140349_N140351_1,,N140349,N140351,,138.000,0.00000000,0.02961000,303.800,303.800,0,0,0.000,0.000,0,,0
TX_N140349_N140352_1,,N140349,N140352,,138.000,0.00000000,0.05680000,259.700,259.700,0,0,0.000,0.000,0,,0
TX_N140353_N140356_1,,N140353,N140356,,345.000,0.00000000,0.05369000,232.300,232.300,0,1,0.000,0.000,0,,0
TX_N140353_N140357_1,,N140353,N140357,,345.000,0.00000000,0.02628000,455.200,455.200,0,1,0.000,0.000,0,,0
TX_N140353_N140358_1,,N140353,N140358,,345.000,0.00000000,0.01928000,449.300,449.300,0,1,0.000,0.000,0,,0
TX_N140353_N140359_1,,N140353,N140359,,345.000,0.00000000,0.02968000,447.600,447.600,0,1,0.000,0.000,0,,0
TX_N140354_N140356_1,,N140354,N140356,,138.000,0.00000000,0.14523000,124.300,124.300,0,0,0.000,0.000,0,,0
TX_N140355_N140356_1,,N140355,N140356,,13.800,0.00000000,0.01000000,100.000,100.000,0,0,0.000,0.000,0,,0
TX_N140360_N140361_1,,N140360,N140361,,345.000,0.00000000,0.01289000,504.500,504.500,0,1,0.000,0.000,0,,0
TX_N140360_N140362_1,,N140360,N140362,,345.000,0.00000000,0.03320000,406.400,406.400,0,1,0.000,0.000,0,,0
TX_N140360_N140363_1,,N140360,N140363,,345.000,0.00000000,0.03388000,405.900,405.900,0,1,0.000,0.000,0,,0
TX_N140364_N140367_1,,N140364,N140367,,69.000,0.00000000,0.05382000,183.300,183.300,0,0,0.000,0.000,0,,0
TX_N140365_N140367_1,,N140365,N140367,,13.800,0.00000000,0.01000000,4.800,4.800,0,0,0.000,0.000,0,,0
TX_N140366_N140367_1,,N140366,N140367,,13.800,0.00000000,0.01000000,2.000,2.000,0,0,0.000,0.000,0,,0
TX_N140368_N140369_1,,N140368,N140369,,69.000,0.00000000,0.08790000,145.000,145.000,0,0,0.000,0.000,0,,0
TX_N140368_N140370_1,,N140368,N140370,,69.000,0.00000000,0.06188000,166.700,166.700,0,0,0.000,0.000,0,,0
TX_N140368_N140371_1,,N140368,N140371,,69.000,0.00000000,0.07741000,143.400,143.400,0,0,0.000,0.000,0,,0
TX_N140373_N140372_1,,N140373,N140372,,345.000,0.00000000,0.01324000,524.400,524.400,0,1,0.000,0.000,0,,0
TX_N140373_N140372_2,,N140373,N140372,,345.000,0.00000000,0.01324000,524.400,524.400,0,1,0.000,0.000,0,,0
TX_N140372_N140374_1,,N140372,N140374,,345.000,0.00000000,0.01825000,375.300,375.300,0,1,0.000,0.000,0,,0
TX_N140372_N140375_1,,N140372,N140375,,345.000,0.00000000,0.02920000,373.700,373.700,0,1,0.000,0.000,0,,0
TX_N140376_N140377_1,,N140376,N140377,,138.000,0.00000000,0.02359000,278.600,278.600,0,0,0.000,0.000,0,,0
TX_N140378_N140379_1,,N140378,N140379,,138.000,0.00000000,0.04620000,185.700,185.700,0,0,0.000,0.000,0,,0
TX_N140380_N140381_1,,N140380,N140381,,69.000,0.00000000,0.08378000,153.700,153.700,0,0,0.000,0.000,0,,0
TX_N140382_N140383_1,,N140382,N140383,,69.000,0.00000000,0.08715000,141.100,141.100,0,0,0.000,0.000,0,,0
TX_N140384_N140387_1,,N140384,N140387,,69.000,0.00000000,0.08405000,177.900,177.900,0,0,0.000,0.000,0,,0
TX_N140385_N140387_1,,N140385,N140387,,18.000,0.00000000,0.01000000,3.200,3.200,0,0,0.000,0.000,0,,0
TX_N140386_N140387_1,,N140386,N140387,,18.000,0.00000000,0.01000000,3.200,3.200,0,0,0.000,0.000,0,,0
TX_N150120_N150123_1,,N150120,N150123,,345.000,0.00000000,0.04425000,230.800,230.800,0,1,0.000,0.000,0,,0
TX_N150121_N150123_1,,N150121,N150123,,138.000,0.00000000,0.11090000,123.900,123.900,0,0,0.000,0.000,0,,0
TX_N150122_N150123_1,,N150122,N150123,,18.000,0.00000000,0.01000000,50.000,50.000,0,0,0.000,0.000,0,,0
TX_N150137_N150140_1,,N150137,N150140,,138.000,0.00000000,0.09553000,123.500,123.500,0,0,0.000,0.000,0,,0
TX_N150138_N150140_1,,N150138,N150140,,69.000,0.00000000,0.11102000,76.300,76.300,0,0,0.000,0.000,0,,0
TX_N150139_N150140_1,,N150139,N150140,,13.800,0.00000000,0.01000000,100.000,100.000,0,0,0.000,0.000,0,,0
TX_N150142_N150141_1,,N150142,N150141,,138.000,0.00000000,0.05026000,104.800,104.800,0,0,0.000,0.000,0,,0
TX_N150144_N150143_1,,N150144,N150143,,138.000,0.00000000,0.04859000,214.600,214.600,0,0,0.000,0.000,0,,0
TX_N150148_N150151_1,,N150148,N150151,,138.000,0.00000000,0.07470000,123.300,123.300,0,0,0.000,0.000,0,,0
TX_N150149_N150151_1,,N150149,N150151,,69.000,0.00000000,0.21588000,75.000,75.000,0,0,0.000,0.000,0,,0
TX_N150150_N150151_1,,N150150,N150151,,13.800,0.00000000,0.01000000,100.000,100.000,0,0,0.000,0.000,0,,0
TX_N150153_N150152_1,,N150153,N150152,,345.000,0.00000000,0.02370000,489.200,489.200,0,1,0.000,0.000,0,,0
TX_N150153_N150152_2,,N150153,N150152,,345.000,0.00000000,0.02370000,489.200,489.200,0,1,0.000,0.000,0,,0
TX_N150154_N150153_1,,N150154,N150153,,138.000,0.00000000,0.07340000,263.900,263.900,0,0,0.000,0.000,0,,0
TX_N150162_N150161_1,,N150162,N150161,,138.000,0.00000000,0.03255000,181.400,181.400,0,0,0.000,0.000,0,,0
TX_N150169_N150168_1,,N150169,N150168,,138.000,0.00000000,0.06454000,219.400,219.400,0,0,0.000,0.000,0,,0
TX_N150172_N150171_1,,N150172,N150171,,138.000,0.00000000,0.06066000,200.300,200.300,0,0,0.000,0.000,0,,0
TX_N150174_N150173_1,,N150174,N150173,,138.000,0.00000000,0.04614000,183.900,183.900,0,0,0.000,0.000,0,,0
TX_N150180_N150179_1,,N150180,N150179,,138.000,0.00000000,0.04458000,350.200,350.200,0,0,0.000,0.000,0,,0
TX_N150183_N150182_1,,N150183,N150182,,138.000,0.00000000,0.04262000,308.300,308.300,0,0,0.000,0.000,0,,0
TX_N150191_N150190_1,,N150191,N150190,,138.000,0.00000000,0.04780000,206.000,206.000,0,0,0.000,0.000,0,,0
TX_N150193_N150196_1,,N150193,N150196,,138.000,0.00000000,0.09818000,118.500,118.500,0,0,0.000,0.000,0,,0
TX_N150194_N150196_1,,N150194,N150196,,69.000,0.00000000,0.16888000,74.800,74.800,0,0,0.000,0.000,0,,0
TX_N150195_N150196_1,,N150195,N150196,,13.800,0.00000000,0.01000000,25.000,25.000,0,0,0.000,0.000,0,,0
TX_N150201_N150200_1,,N150201,N150200,,138.000,0.00000000,0.04002000,242.600,242.600,0,0,0.000,0.000,0,,0
TX_N150203_N150202_1,,N150203,N150202,,138.000,0.00000000,0.05407000,255.800,255.800,0,0,0.000,0.000,0,,0
TX_N150212_N150211_1,,N150212,N150211,,138.000,0.00000000,0.02673000,336.500,336.500,0,0,0.000,0.000,0,,0
TX_N150214_N150213_1,,N150214,N150213,,138.000,0.00000000,0.05747000,217.400,217.400,0,0,0.000,0.000,0,,0
TX_N150220_N150219_1,,N150220,N150219,,138.000,0.00000000,0.04045000,246.000,246.000,0,0,0.000,0.000,0,,0
TX_N150223_N150222_1,,N150223,N150222,,138.000,0.00000000,0.03792000,195.200,195.200,0,0,0.000,0.000,0,,0
TX_N150227_N150226_1,,N150227,N150226,,138.000,0.00000000,0.04741000,124.000,124.000,0,0,0.000,0.000,0,,0
TX_N150230_N150229_1,,N150230,N150229,,138.000,0.00000000,0.05061000,170.400,170.400,0,0,0.000,0.000,0,,0
TX_N150240_N150239_1,,N150240,N150239,,138.000,0.00000000,0.04624000,199.900,199.900,0,0,0.000,0.000,0,,0
TX_N150248_N150247_1,,N150248,N150247,,138.000,0.00000000,0.06393000,165.200,165.200,0,0,0.000,0.000,0,,0
TX_N150255_N150254_1,,N150255,N150254,,138.000,0.00000000,0.06041000,409.000,409.000,0,0,0.000,0.000,0,,0
TX_N150255_N150254_2,,N150255,N150254,,138.000,0.00000000,0.06041000,409.000,409.000,0,0,0.000,0.000,0,,0
TX_N150258_N150261_1,,N150258,N150261,,138.000,0.00000000,0.15608000,115.200,115.200,0,0,0.000,0.000,0,,0
TX_N150259_N150261_1,,N150259,N150261,,69.000,0.00000000,0.12501000,68.600,68.600,0,0,0.000,0.000,0,,0
TX_N150260_N150261_1,,N150260,N150261,,13.800,0.00000000,0.01000000,75.000,75.000,0,0,0.000,0.000,0,,0
TX_N150264_N150263_1,,N150264,N150263,,138.000,0.00000000,0.05982000,417.300,417.300,0,0,0.000,0.000,0,,0
TX_N150264_N150263_2,,N150264,N150263,,138.000,0.00000000,0.05982000,417.300,417.300,0,0,0.000,0.000,0,,0
TX_N150266_N150265_1,,N150266,N150265,,345.000,0.00000000,0.03444000,721.800,721.800,0,1,0.000,0.000,0,,0
TX_N150266_N150265_2,,N150266,N150265,,345.000,0.00000000,0.03444000,721.800,721.800,0,1,0.000,0.000,0,,0
TX_N150267_N150266_1,,N150267,N150266,,138.000,0.00000000,0.04620000,332.900,332.900,0,0,0.000,0.000,0,,0
TX_N150271_N150270_1,,N150271,N150270,,138.000,0.00000000,0.04013000,272.500,272.500,0,0,0.000,0.000,0,,0
TX_N150273_N150272_1,,N150273,N150272,,138.000,0.00000000,0.05682000,277.400,277.400,0,0,0.000,0.000,0,,0
TX_N150278_N150277_1,,N150278,N150277,,138.000,0.00000000,0.06836000,140.400,140.400,0,0,0.000,0.000,0,,0
TX_N150284_N150283_1,,N150284,N150283,,138.000,0.00000000,0.02833000,117.400,117.400,0,0,0.000,0.000,0,,0
TX_N150287_N150286_1,,N150287,N150286,,138.000,0.00000000,0.05868000,188.100,188.100,0,0,0.000,0.000,0,,0
TX_N150289_N150292_1,,N150289,N150292,,138.000,0.00000000,0.07165000,111.600,111.600,0,0,0.000,0.000,0,,0
TX_N150290_N150292_1,,N150290,N150292,,69.000,0.00000000,0.18707000,68.500,68.500,0,0,0.000,0.000,0,,0
TX_N150291_N150292_1,,N150291,N150292,,13.800,0.00000000,0.01000000,75.000,75.000,0,0,0.000,0.000,0,,0
TX_N150293_N150296_1,,N150293,N150296,,138.000,0.00000000,0.09081000,110.100,110.100,0,0,0.000,0.000,0,,0
TX_N150294_N150296_1,,N150294,N150296,,69.000,0.00000000,0.14471000,67.600,67.600,0,0,0.000,0.000,0,,0
TX_N150295_N150296_1,,N150295,N150296,,18.000,0.00000000,0.01000000,75.000,75.000,0,0,0.000,0.000,0,,0
TX_N150298_N150297_1,,N150298,N150297,,138.000,0.00000000,0.03829000,397.600,397.600,0,0,0.000,0.000,0,,0
TX_N150298_N150297_2,,N150298,N150297,,138.000,0.00000000,0.03829000,397.600,397.600,0,0,0.000,0.000,0,,0
TX_N150300_N150299_1,,N150300,N150299,,138.000,0.00000000,0.04812000,251.200,251.200,0,0,0.000,0.000,0,,0
TX_N150307_N150310_1,,N150307,N150310,,138.000,0.00000000,0.08333000,108.800,108.800,0,0,0.000,0.000,0,,0
TX_N150308_N150310_1,,N150308,N150310,,69.000,0.00000000,0.21193000,67.200,67.200,0,0,0.000,0.000,0,,0
TX_N150309_N150310_1,,N150309,N150310,,13.800,0.00000000,0.01000000,75.000,75.000,0,0,0.000,0.000,0,,0
TX_N150312_N150311_1,,N150312,N150311,,138.000,0.00000000,0.04996000,313.700,313.700,0,0,0.000,0.000,0,,0
TX_N150317_N150316_1,,N150317,N150316,,138.000,0.00000000,0.03513000,311.400,311.400,0,0,0.000,0.000,0,,0
TX_N150325_N150324_1,,N150325,N150324,,138.000,0.00000000,0.04271000,303.500,303.500,0,0,0.000,0.000,0,,0
TX_N150328_N150327_1,,N150328,N150327,,138.000,0.00000000,0.05989000,182.400,182.400,0,0,0.000,0.000,0,,0
TX_N150331_N150334_1,,N150331,N150334,,138.000,0.00000000,0.10925000,108.600,108.600,0,0,0.000,0.000,0,,0
TX_N150332_N150334_1,,N150332,N150334,,69.000,0.00000000,0.19143000,64.600,64.600,0,0,0.000,0.000,0,,0
TX_N150333_N150334_1,,N150333,N150334,,13.800,0.00000000,0.01000000,75.000,75.000,0,0,0.000,0.000,0,,0
TX_N150338_N150337_1,,N150338,N150337,,138.000,0.00000000,0.03177000,299.600,299.600,0,0,0.000,0.000,0,,0
TX_N150342_N150341_1,,N150342,N150341,,345.000,0.00000000,0.03782000,489.600,489.600,0,1,0.000,0.000,0,,0
TX_N150342_N150341_2,,N150342,N150341,,345.000,0.00000000,0.03782000,489.600,489.600,0,1,0.000,0.000,0,,0
TX_N150343_N150342_1,,N150343,N150342,,138.000,0.00000000,0.03933000,358.600,358.600,0,0,0.000,0.000,0,,0
TX_N150345_N150344_1,,N150345,N150344,,138.000,0.00000000,0.06870000,140.700,140.700,0,0,0.000,0.000,0,,0
TX_N150347_N150346_1,,N150347,N150346,,138.000,0.00000000,0.03991000,403.600,403.600,0,0,0.000,0.000,0,,0
TX_N150347_N150346_2,,N150347,N150346,,138.000,0.00000000,0.03991000,403.600,403.600,0,0,0.000,0.000,0,,0
TX_N150368_N150367_1,,N150368,N150367,,345.000,0.00000000,0.02984000,350.100,350.100,0,1,0.000,0.000,0,,0
TX_N150370_N150369_1,,N150370,N150369,,345.000,0.00000000,0.02533000,700.000,700.000,0,1,0.000,0.000,0,,0
TX_N150370_N150369_2,,N150370,N150369,,345.000,0.00000000,0.02533000,700.000,700.000,0,1,0.000,0.000,0,,0
TX_N150376_N150375_1,,N150376,N150375,,345.000,0.00000000,0.02820000,325.500,325.500,0,1,0.000,0.000,0,,0
TX_N150427_N150426_1,,N150427,N150426,,345.000,0.00000000,0.02753000,462.200,462.200,0,1,0.000,0.000,0,,0
TX_N150427_N150426_2,,N150427,N150426,,345.000,0.00000000,0.02753000,462.200,462.200,0,1,0.000,0.000,0,,0
TX_N150426_N150428_1,,N150426,N150428,,345.000,0.00000000,0.02303000,558.300,558.300,0,1,0.000,0.000,0,,0
TX_N150426_N150429_1,,N150426,N150429,,345.000,0.00000000,0.03853000,505.600,505.600,0,1,0.000,0.000,0,,0
TX_N150430_N150431_1,,N150430,N150431,,345.000,0.00000000,0.02100000,575.800,575.800,0,1,0.000,0.000,0,,0
TX_N150430_N150432_1,,N150430,N150432,,345.000,0.00000000,0.01663000,575.700,575.700,0,1,0.000,0.000,0,,0
TX_N150430_N150433_1,,N150430,N150433,,345.000,0.00000000,0.02190000,560.400,560.400,0,1,0.000,0.000,0,,0
TX_N150434_N150435_1,,N150434,N150435,,345.000,0.00000000,0.03621000,383.100,383.100,0,1,0.000,0.000,0,,0
TX_N150434_N150436_1,,N150434,N150436,,345.000,0.00000000,0.04146000,382.800,382.800,0,1,0.000,0.000,0,,0
TX_N150434_N150437_1,,N150434,N150437,,345.000,0.00000000,0.02608000,474.800,474.800,0,1,0.000,0.000,0,,0
TX_N150434_N150438_1,,N150434,N150438,,345.000,0.00000000,0.02665000,382.100,382.100,0,1,0.000,0.000,0,,0
TX_N150434_N150439_1,,N150434,N150439,,345.000,0.00000000,0.03002000,336.100,336.100,0,1,0.000,0.000,0,,0
TX_N150440_N150441_1,,N150440,N150441,,345.000,0.00000000,0.00815000,1566.500,1566.500,0,1,0.000,0.000,0,,0
TX_N150440_N150442_1,,N150440,N150442,,345.000,0.00000000,0.00835000,1553.500,1553.500,0,1,0.000,0.000,0,,0
TX_N150444_N150443_1,,N150444,N150443,,345.000,0.00000000,0.03719000,480.700,480.700,0,1,0.000,0.000,0,,0
TX_N150444_N150443_2,,N150444,N150443,,345.000,0.00000000,0.03719000,480.700,480.700,0,1,0.000,0.000,0,,0
TX_N150443_N150445_1,,N150443,N150445,,345.000,0.00000000,0.03488000,354.600,354.600,0,1,0.000,0.000,0,,0
TX_N150443_N150446_1,,N150443,N150446,,345.000,0.00000000,0.05615000,349.500,349.500,0,1,0.000,0.000,0,,0
TX_N150443_N150447_1,,N150443,N150447,,345.000,0.00000000,0.03589000,349.500,349.500,0,1,0.000,0.000,0,,0
TX_N150443_N150448_1,,N150443,N150448,,345.000,0.00000000,0.02805000,354.200,354.200,0,1,0.000,0.000,0,,0
TX_N150450_N150449_1,,N150450,N150449,,345.000,0.00000000,0.02847000,514.900,514.900,0,1,0.000,0.000,0,,0
TX_N150450_N150449_2,,N150450,N150449,,345.000,0.00000000,0.02847000,514.900,514.900,0,1,0.000,0.000,0,,0
TX_N150450_N150453_1,,N150450,N150453,,138.000,0.00000000,0.04501000,297.700,297.700,0,0,0.000,0.000,0,,0
TX_N150450_N150454_1,,N150450,N150454,,138.000,0.00000000,0.02535000,293.400,293.400,0,0,0.000,0.000,0,,0
TX_N150451_N150453_1,,N150451,N150453,,18.000,0.00000000,0.01000000,25.600,25.600,0,0,0.000,0.000,0,,0
TX_N150452_N150453_1,,N150452,N150453,,18.000,0.00000000,0.01000000,25.600,25.600,0,0,0.000,0.000,0,,0
TX_N150455_N150458_1,,N150455,N150458,,138.000,0.00000000,0.04779000,215.200,215.200,0,0,0.000,0.000,0,,0
TX_N150455_N150459_1,,N150455,N150459,,138.000,0.00000000,0.06398000,180.600,180.600,0,0,0.000,0.000,0,,0
TX_N150456_N150458_1,,N150456,N150458,,24.000,0.00000000,0.01000000,2.600,2.600,0,0,0.000,0.000,0,,0
TX_N150457_N150458_1,,N150457,N150458,,24.000,0.00000000,0.01000000,2.600,2.600,0,0,0.000,0.000,0,,0
TX_N150461_N150460_1,,N150461,N150460,,345.000,0.00000000,0.01812000,740.900,740.900,0,1,0.000,0.000,0,,0
TX_N150461_N150460_2,,N150461,N150460,,345.000,0.00000000,0.01812000,740.900,740.900,0,1,0.000,0.000,0,,0
TX_N150460_N150462_1,,N150460,N150462,,345.000,0.00000000,0.02534000,437.600,437.600,0,1,0.000,0.000,0,,0
TX_N150460_N150463_1,,N150460,N150463,,345.000,0.00000000,0.02310000,382.700,382.700,0,1,0.000,0.000,0,,0
TX_N150465_N150464_1,,N150465,N150464,,345.000,0.00000000,0.02727000,446.400,446.400,0,1,0.000,0.000,0,,0
TX_N150464_N150472_1,,N150464,N150472,,345.000,0.00000000,0.03911000,242.000,242.000,0,1,0.000,0.000,0,,0
TX_N150465_N150468_1,,N150465,N150468,,138.000,0.00000000,0.06953000,191.500,191.500,0,0,0.000,0.000,0,,0
TX_N150465_N150469_1,,N150465,N150469,,138.000,0.00000000,0.08685000,189.500,189.500,0,0,0.000,0.000,0,,0
TX_N150465_N150470_1,,N150465,N150470,,138.000,0.00000000,0.05362000,188.800,188.800,0,0,0.000,0.000,0,,0
TX_N150465_N150471_1,,N150465,N150471,,138.000,0.00000000,0.05207000,180.500,180.500,0,0,0.000,0.000,0,,0
TX_N150465_N150473_1,,N150465,N150473,,138.000,0.00000000,0.06397000,188.100,188.100,0,0,0.000,0.000,0,,0
TX_N150465_N150474_1,,N150465,N150474,,138.000,0.00000000,0.07055000,188.000,188.000,0,0,0.000,0.000,0,,0
TX_N150466_N150468_1,,N150466,N150468,,13.800,0.00000000,0.01000000,1.000,1.000,0,0,0.000,0.000,0,,0
TX_N150467_N150468_1,,N150467,N150468,,13.800,0.00000000,0.01000000,1.000,1.000,0,0,0.000,0.000,0,,0
TX_N150475_N150476_1,,N150475,N150476,,345.000,0.00000000,0.02734000,518.800,518.800,0,1,0.000,0.000,0,,0
TX_N150475_N150477_1,,N150475,N150477,,345.000,0.00000000,0.01528000,492.700,492.700,0,1,0.000,0.000,0,,0
TX_N150475_N150478_1,,N150475,N150478,,345.000,0.00000000,0.02455000,491.200,491.200,0,1,0.000,0.000,0,,0
TX_N150480_N150479_1,,N150480,N150479,,345.000,0.00000000,0.02086000,522.900,522.900,0,1,0.000,0.000,0,,0
TX_N150480_N150479_2,,N150480,N150479,,345.000,0.00000000,0.02086000,522.900,522.900,0,1,0.000,0.000,0,,0
TX_N150479_N150481_1,,N150479,N150481,,345.000,0.00000000,0.01808000,531.200,531.200,0,1,0.000,0.000,0,,0
TX_N150479_N150482_1,,N150479,N150482,,345.000,0.00000000,0.02607000,531.100,531.100,0,1,0.000,0.000,0,,0
TX_N150479_N150483_1,,N150479,N150483,,345.000,0.00000000,0.02538000,441.400,441.400,0,1,0.000,0.000,0,,0
TX_N150479_N150484_1,,N150479,N150484,,345.000,0.00000000,0.02642000,440.800,440.800,0,1,0.000,0.000,0,,0
TX_N150479_N150485_1,,N150479,N150485,,345.000,0.00000000,0.02746000,440.500,440.500,0,1,0.000,0.000,0,,0
TX_N150479_N150486_1,,N150479,N150486,,345.000,0.00000000,0.03293000,440.400,440.400,0,1,0.000,0.000,0,,0
TX_N150487_N150488_1,,N150487,N150488,,345.000,0.00000000,0.02080000,505.400,505.400,0,1,0.000,0.000,0,,0
TX_N150487_N150489_1,,N150487,N150489,,345.000,0.00000000,0.03018000,502.900,502.900,0,1,0.000,0.000,0,,0
TX_N150487_N150490_1,,N150487,N150490,,345.000,0.00000000,0.02780000,502.000,502.000,0,1,0.000,0.000,0,,0
TX_N150491_N150492_1,,N150491,N150492,,138.000,0.00000000,0.03244000,307.500,307.500,0,0,0.000,0.000,0,,0
TX_N150493_N150494_1,,N150493,N150494,,138.000,0.00000000,0.02756000,207.000,207.000,0,0,0.000,0.000,0,,0
TX_N150495_N150496_1,,N150495,N150496,,138.000,0.00000000,0.02976000,359.800,359.800,0,0,0.000,0.000,0,,0
TX_N150498_N150497_1,,N150498,N150497,,345.000,0.00000000,0.02878000,516.300,516.300,0,1,0.000,0.000,0,,0
TX_N150498_N150497_2,,N150498,N150497,,345.000,0.00000000,0.02878000,516.300,516.300,0,1,0.000,0.000,0,,0
TX_N150497_N150499_1,,N150497,N150499,,345.000,0.00000000,0.02257000,501.700,501.700,0,1,0.000,0.000,0,,0
TX_N150501_N150500_1,,N150501,N150500,,345.000,0.00000000,0.04408000,519.900,519.900,0,1,0.000,0.000,0,,0
TX_N150501_N150500_2,,N150501,N150500,,345.000,0.00000000,0.04408000,519.900,519.900,0,1,0.000,0.000,0,,0
TX_N150500_N150502_1,,N150500,N150502,,345.000,0.00000000,0.02394000,431.700,431.700,0,1,0.000,0.000,0,,0
TX_N150504_N150503_1,,N150504,N150503,,345.000,0.00000000,0.01797000,350.900,350.900,0,1,0.000,0.000,0,,0
TX_N150503_N150505_1,,N150503,N150505,,345.000,0.00000000,0.03225000,409.200,409.200,0,1,0.000,0.000,0,,0
TX_N150506_N150507_1,,N150506,N150507,,138.000,0.00000000,0.03779000,356.200,356.200,0,0,0.000,0.000,0,,0
TX_N150509_N150510_1,,N150509,N150510,,138.000,0.00000000,0.04488000,363.200,363.200,0,0,0.000,0.000,0,,0
TX_N150509_N150510_11,,N150509,N150510,,138.000,0.00000000,0.01000000,176.000,176.000,0,0,0.000,0.000,0,,0
TX_N150511_N150512_1,,N150511,N150512,,138.000,0.00000000,0.04285000,356.000,356.000,0,0,0.000,0.000,0,,0
TX_N150514_N150513_1,,N150514,N150513,,345.000,0.00000000,0.02558000,402.100,402.100,0,1,0.000,0.000,0,,0
TX_N150513_N150515_1,,N150513,N150515,,345.000,0.00000000,0.02058000,477.500,477.500,0,1,0.000,0.000,0,,0
TX_N150516_N150517_1,,N150516,N150517,,138.000,0.00000000,0.02806000,315.100,315.100,0,0,0.000,0.000,0,,0
TX_N150519_N150520_1,,N150519,N150520,,138.000,0.00000000,0.02162000,373.600,373.600,0,0,0.000,0.000,0,,0
TX_N150519_N150520_11,,N150519,N150520,,138.000,0.00000000,0.01000000,195.000,195.000,0,0,0.000,0.000,0,,0
TX_N150522_N150521_1,,N150522,N150521,,345.000,0.00000000,0.04381000,463.400,463.400,0,1,0.000,0.000,0,,0
TX_N150522_N150521_2,,N150522,N150521,,345.000,0.00000000,0.04381000,463.400,463.400,0,1,0.000,0.000,0,,0
TX_N150521_N150523_1,,N150521,N150523,,345.000,0.00000000,0.02135000,595.800,595.800,0,1,0.000,0.000,0,,0
TX_N150521_N150524_1,,N150521,N150524,,345.000,0.00000000,0.02040000,552.400,552.400,0,1,0.000,0.000,0,,0
TX_N150521_N150525_1,,N150521,N150525,,345.000,0.00000000,0.01876000,553.000,553.000,0,1,0.000,0.000,0,,0
TX_N150527_N150526_1,,N150527,N150526,,345.000,0.00000000,0.01628000,392.400,392.400,0,1,0.000,0.000,0,,0
TX_N150526_N150528_1,,N150526,N150528,,345.000,0.00000000,0.01695000,505.200,505.200,0,1,0.000,0.000,0,,0
TX_N150530_N150529_1,,N150530,N150529,,345.000,0.00000000,0.02788000,800.000,800.000,0,1,0.000,0.000,0,,0
TX_N150529_N150531_1,,N150529,N150531,,345.000,0.00000000,0.02839000,394.200,394.200,0,1,0.000,0.000,0,,0
TX_N150533_N150532_1,,N150533,N150532,,345.000,0.00000000,0.03498000,322.300,322.300,0,1,0.000,0.000,0,,0
TX_N150532_N150534_1,,N150532,N150534,,345.000,0.00000000,0.01937000,382.600,382.600,0,1,0.000,0.000,0,,0
TX_N150535_N150536_1,,N150535,N150536,,69.000,0.00000000,0.08700000,134.500,134.500,0,0,0.000,0.000,0,,0
TX_N150537_N150538_1,,N150537,N150538,,138.000,0.00000000,0.05479000,220.600,220.600,0,0,0.000,0.000,0,,0
TX_N150540_N150539_1,,N150540,N150539,,345.000,0.00000000,0.03130000,497.900,497.900,0,1,0.000,0.000,0,,0
TX_N150540_N150539_2,,N150540,N150539,,345.000,0.00000000,0.03130000,497.900,497.900,0,1,0.000,0.000,0,,0
TX_N150539_N150541_1,,N150539,N150541,,345.000,0.00000000,0.02500000,285.600,285.600,0,1,0.000,0.000,0,,0
TX_N150539_N150542_1,,N150539,N150542,,345.000,0.00000000,0.05367000,279.200,279.200,0,1,0.000,0.000,0,,0
TX_N150539_N150544_1,,N150539,N150544,,345.000,0.00000000,0.05419000,283.900,283.900,0,1,0.000,0.000,0,,0
TX_N150539_N150546_1,,N150539,N150546,,345.000,0.00000000,0.04541000,283.400,283.400,0,1,0.000,0.000,0,,0
TX_N150539_N150547_1,,N150539,N150547,,345.000,0.00000000,0.03859000,278.100,278.100,0,1,0.000,0.000,0,,0
TX_N150540_N150543_1,,N150540,N150543,,138.000,0.00000000,0.04798000,294.200,294.200,0,0,0.000,0.000,0,,0
TX_N150540_N150545_1,,N150540,N150545,,138.000,0.00000000,0.03299000,294.200,294.200,0,0,0.000,0.000,0,,0
TX_N150548_N150549_1,,N150548,N150549,,138.000,0.00000000,0.05122000,281.000,281.000,0,0,0.000,0.000,0,,0
TX_N150551_N150550_1,,N150551,N150550,,345.000,0.00000000,0.01304000,342.500,342.500,0,1,0.000,0.000,0,,0
TX_N150550_N150552_1,,N150550,N150552,,345.000,0.00000000,0.03381000,462.600,462.600,0,1,0.000,0.000,0,,0
TX_N150553_N150554_1,,N150553,N150554,,138.000,0.00000000,0.05565000,248.000,248.000,0,0,0.000,0.000,0,,0
TX_N160081_N160080_1,,N160081,N160080,,345.000,0.00000000,0.03049000,357.500,357.500,0,1,0.000,0.000,0,,0
TX_N160093_N160092_1,,N160093,N160092,,345.000,0.00000000,0.02063000,387.100,387.100,0,1,0.000,0.000,0,,0
TX_N160140_N160139_1,,N160140,N160139,,345.000,0.00000000,0.01252000,420.900,420.900,0,1,0.000,0.000,0,,0
TX_N160140_N160139_2,,N160140,N160139,,345.000,0.00000000,0.01252000,420.900,420.900,0,1,0.000,0.000,0,,0
TX_N160188_N160189_1,,N160188,N160189,,345.000,0.00000000,0.01968000,548.200,548.200,0,1,0.000,0.000,0,,0
TX_N160188_N160190_1,,N160188,N160190,,345.000,0.00000000,0.01125000,422.400,422.400,0,1,0.000,0.000,0,,0
TX_N160188_N160191_1,,N160188,N160191,,345.000,0.00000000,0.01612000,422.200,422.200,0,1,0.000,0.000,0,,0
TX_N160193_N160192_1,,N160193,N160192,,345.000,0.00000000,0.02040000,425.600,425.600,0,1,0.000,0.000,0,,0
TX_N160192_N160194_1,,N160192,N160194,,345.000,0.00000000,0.02353000,455.800,455.800,0,1,0.000,0.000,0,,0
TX_N160192_N160195_1,,N160192,N160195,,345.000,0.00000000,0.02300000,393.300,393.300,0,1,0.000,0.000,0,,0
TX_N160197_N160196_1,,N160197,N160196,,345.000,0.00000000,0.02189000,408.800,408.800,0,1,0.000,0.000,0,,0
TX_N160196_N160198_1,,N160196,N160198,,345.000,0.00000000,0.03039000,298.000,298.000,0,1,0.000,0.000,0,,0
TX_N160196_N160199_1,,N160196,N160199,,345.000,0.00000000,0.02929000,379.100,379.100,0,1,0.000,0.000,0,,0
TX_N160196_N160200_1,,N160196,N160200,,345.000,0.00000000,0.04822000,296.100,296.100,0,1,0.000,0.000,0,,0
TX_N160196_N160201_1,,N160196,N160201,,345.000,0.00000000,0.06580000,255.900,255.900,0,1,0.000,0.000,0,,0
TX_N160196_N160202_1,,N160196,N160202,,345.000,0.00000000,0.03244000,237.600,237.600,0,1,0.000,0.000,0,,0
TX_N160204_N160203_1,,N160204,N160203,,345.000,0.00000000,0.02454000,469.500,469.500,0,1,0.000,0.000,0,,0
TX_N160204_N160203_2,,N160204,N160203,,345.000,0.00000000,0.02454000,469.500,469.500,0,1,0.000,0.000,0,,0
TX_N160203_N160205_1,,N160203,N160205,,345.000,0.00000000,0.02769000,546.600,546.600,0,1,0.000,0.000,0,,0
TX_N160203_N160206_1,,N160203,N160206,,345.000,0.00000000,0.03082000,421.600,421.600,0,1,0.000,0.000,0,,0
TX_N160203_N160207_1,,N160203,N160207,,345.000,0.00000000,0.01779000,421.500,421.500,0,1,0.000,0.000,0,,0
TX_N160203_N160208_1,,N160203,N160208,,345.000,0.00000000,0.02922000,541.500,541.500,0,1,0.000,0.000,0,,0
TX_N160209_N160210_1,,N160209,N160210,,345.000,0.00000000,0.01546000,851.500,851.500,0,1,0.000,0.000,0,,0
TX_N160211_N160212_1,,N160211,N160212,,138.000,0.00000000,0.05043000,231.900,231.900,0,0,0.000,0.000,0,,0
TX_N160213_N160214_1,,N160213,N160214,,138.000,0.00000000,0.04961000,282.100,282.100,0,0,0.000,0.000,0,,0
TX_N160215_N160216_1,,N160215,N160216,,345.000,0.00000000,0.03362000,359.900,359.900,0,1,0.000,0.000,0,,0
TX_N160215_N160217_1,,N160215,N160217,,345.000,0.00000000,0.03887000,358.500,358.500,0,1,0.000,0.000,0,,0
TX_N160215_N160218_1,,N160215,N160218,,345.000,0.00000000,0.02208000,357.200,357.200,0,1,0.000,0.000,0,,0
TX_N160215_N160219_1,,N160215,N160219,,345.000,0.00000000,0.03200000,355.500,355.500,0,1,0.000,0.000,0,,0
TX_N160215_N160220_1,,N160215,N160220,,345.000,0.00000000,0.02726000,355.400,355.400,0,1,0.000,0.000,0,,0
TX_N160215_N160221_1,,N160215,N160221,,345.000,0.00000000,0.04186000,355.000,355.000,0,1,0.000,0.000,0,,0
TX_N160215_N160222_1,,N160215,N160222,,345.000,0.00000000,0.04341000,319.800,319.800,0,1,0.000,0.000,0,,0
TX_N160215_N160223_1,,N160215,N160223,,345.000,0.00000000,0.04051000,366.700,366.700,0,1,0.000,0.000,0,,0
TX_N160215_N160224_1,,N160215,N160224,,345.000,0.00000000,0.05825000,281.600,281.600,0,1,0.000,0.000,0,,0
TX_N160225_N160226_1,,N160225,N160226,,138.000,0.00000000,0.04526000,323.000,323.000,0,0,0.000,0.000,0,,0
TX_N160227_N160228_1,,N160227,N160228,,138.000,0.00000000,0.03028000,281.400,281.400,0,0,0.000,0.000,0,,0
TX_N160229_N160232_1,,N160229,N160232,,138.000,0.00000000,0.03604000,296.700,296.700,0,0,0.000,0.000,0,,0
TX_N160229_N160233_1,,N160229,N160233,,138.000,0.00000000,0.03435000,274.400,274.400,0,0,0.000,0.000,0,,0
TX_N160230_N160232_1,,N160230,N160232,,18.000,0.00000000,0.01000000,15.600,15.600,0,0,0.000,0.000,0,,0
TX_N160231_N160232_1,,N160231,N160232,,18.000,0.00000000,0.01000000,34.600,34.600,0,0,0.000,0.000,0,,0
TX_N160235_N160234_1,,N160235,N160234,,345.000,0.00000000,0.02585000,443.900,443.900,0,1,0.000,0.000,0,,0
TX_N160234_N160236_1,,N160234,N160236,,345.000,0.00000000,0.02450000,325.700,325.700,0,1,0.000,0.000,0,,0
TX_N160234_N160237_1,,N160234,N160237,,345.000,0.00000000,0.06233000,292.200,292.200,0,1,0.000,0.000,0,,0
TX_N160234_N160240_1,,N160234,N160240,,345.000,0.00000000,0.05252000,253.200,253.200,0,1,0.000,0.000,0,,0
TX_N160235_N160238_1,,N160235,N160238,,138.000,0.00000000,0.04689000,263.000,263.000,0,0,0.000,0.000,0,,0
TX_N160235_N160239_1,,N160235,N160239,,138.000,0.00000000,0.06740000,274.600,274.600,0,0,0.000,0.000,0,,0
TX_N160241_N160244_1,,N160241,N160244,,138.000,0.00000000,0.03210000,297.600,297.600,0,0,0.000,0.000,0,,0
TX_N160242_N160244_1,,N160242,N160244,,13.800,0.00000000,0.01000000,30.900,30.900,0,0,0.000,0.000,0,,0
TX_N160243_N160244_1,,N160243,N160244,,13.800,0.00000000,0.01000000,19.500,19.500,0,0,0.000,0.000,0,,0
TX_N160245_N160246_1,,N160245,N160246,,138.000,0.00000000,0.04267000,284.500,284.500,0,0,0.000,0.000,0,,0
TX_N160248_N160247_1,,N160248,N160247,,345.000,0.00000000,0.03740000,386.500,386.500,0,1,0.000,0.000,0,,0
TX_N160247_N160249_1,,N160247,N160249,,345.000,0.00000000,0.03034000,398.900,398.900,0,1,0.000,0.000,0,,0
TX_N160247_N160250_1,,N160247,N160250,,345.000,0.00000000,0.03229000,398.700,398.700,0,1,0.000,0.000,0,,0
TX_N160247_N160251_1,,N160247,N160251,,345.000,0.00000000,0.03601000,372.600,372.600,0,1,0.000,0.000,0,,0
TX_N160252_N160253_1,,N160252,N160253,,345.000,0.00000000,0.02692000,413.300,413.300,0,1,0.000,0.000,0,,0
TX_N160252_N160254_1,,N160252,N160254,,345.000,0.00000000,0.02767000,412.100,412.100,0,1,0.000,0.000,0,,0
TX_N160252_N160255_1,,N160252,N160255,,345.000,0.00000000,0.03480000,440.400,440.400,0,1,0.000,0.000,0,,0
TX_N160257_N160256_1,,N160257,N160256,,345.000,0.00000000,0.02701000,440.300,440.300,0,1,0.000,0.000,0,,0
TX_N160257_N160256_2,,N160257,N160256,,345.000,0.00000000,0.02701000,440.300,440.300,0,1,0.000,0.000,0,,0
TX_N160256_N160258_1,,N160256,N160258,,345.000,0.00000000,0.03045000,421.200,421.200,0,1,0.000,0.000,0,,0
TX_N160256_N160259_1,,N160256,N160259,,345.000,0.00000000,0.01505000,421.000,421.000,0,1,0.000,0.000,0,,0
TX_N160256_N160260_1,,N160256,N160260,,345.000,0.00000000,0.02961000,408.600,408.600,0,1,0.000,0.000,0,,0
TX_N160262_N160261_1,,N160262,N160261,,345.000,0.00000000,0.03532000,341.000,341.000,0,1,0.000,0.000,0,,0
TX_N160261_N160263_1,,N160261,N160263,,345.000,0.00000000,0.02793000,521.400,521.400,0,1,0.000,0.000,0,,0
TX_N160265_N160264_1,,N160265,N160264,,345.000,0.00000000,0.02691000,479.600,479.600,0,1,0.000,0.000,0,,0
TX_N160265_N160264_2,,N160265,N160264,,345.000,0.00000000,0.02691000,479.600,479.600,0,1,0.000,0.000,0,,0
TX_N160264_N160266_1,,N160264,N160266,,345.000,0.00000000,0.02438000,399.100,399.100,0,1,0.000,0.000,0,,0
TX_N160264_N160267_1,,N160264,N160267,,345.000,0.00000000,0.02654000,399.100,399.100,0,1,0.000,0.000,0,,0
TX_N160269_N160268_1,,N160269,N160268,,345.000,0.00000000,0.03120000,323.600,323.600,0,1,0.000,0.000,0,,0
TX_N160268_N160270_1,,N160268,N160270,,345.000,0.00000000,0.02404000,476.000,476.000,0,1,0.000,0.000,0,,0
TX_N160272_N160271_1,,N160272,N160271,,345.000,0.00000000,0.04228000,392.000,392.000,0,1,0.000,0.000,0,,0
TX_N160271_N160273_1,,N160271,N160273,,345.000,0.00000000,0.02065000,462.000,462.000,0,1,0.000,0.000,0,,0
TX_N160274_N160275_1,,N160274,N160275,,138.000,0.00000000,0.02192000,408.900,408.900,0,0,0.000,0.000,0,,0
TX_N160277_N160276_1,,N160277,N160276,,345.000,0.00000000,0.02280000,395.500,395.500,0,1,0.000,0.000,0,,0
TX_N160276_N160278_1,,N160276,N160278,,345.000,0.00000000,0.02089000,474.900,474.900,0,1,0.000,0.000,0,,0
TX_N160280_N160279_1,,N160280,N160279,,345.000,0.00000000,0.03068000,348.500,348.500,0,1,0.000,0.000,0,,0
TX_N160279_N160281_1,,N160279,N160281,,345.000,0.00000000,0.02423000,464.700,464.700,0,1,0.000,0.000,0,,0
TX_N160282_N160283_1,,N160282,N160283,,138.000,0.00000000,0.04755000,247.000,247.000,0,0,0.000,0.000,0,,0
TX_N160285_N160284_1,,N160285,N160284,,345.000,0.00000000,0.01599000,462.100,462.100,0,1,0.000,0.000,0,,0
TX_N160285_N160284_2,,N160285,N160284,,345.000,0.00000000,0.01599000,462.100,462.100,0,1,0.000,0.000,0,,0
TX_N160284_N160286_1,,N160284,N160286,,345.000,0.00000000,0.01861000,503.500,503.500,0,1,0.000,0.000,0,,0
TX_N160287_N160288_1,,N160287,N160288,,138.000,0.00000000,0.03070000,407.400,407.400,0,0,0.000,0.000,0,,0
TX_N160290_N160289_1,,N160290,N160289,,345.000,0.00000000,0.03039000,397.400,397.400,0,1,0.000,0.000,0,,0
TX_N160289_N160291_1,,N160289,N160291,,345.000,0.00000000,0.01837000,508.800,508.800,0,1,0.000,0.000,0,,0
TX_N160292_N160295_1,,N160292,N160295,,138.000,0.00000000,0.03394000,342.700,342.700,0,0,0.000,0.000,0,,0
TX_N160293_N160295_1,,N160293,N160295,,13.800,0.00000000,0.01000000,58.500,58.500,0,0,0.000,0.000,0,,0
TX_N160294_N160295_1,,N160294,N160295,,13.800,0.00000000,0.01000000,58.500,58.500,0,0,0.000,0.000,0,,0
TX_N160296_N160297_1,,N160296,N160297,,138.000,0.00000000,0.06633000,302.500,302.500,0,0,0.000,0.000,0,,0
TX_N160296_N160298_1,,N160296,N160298,,138.000,0.00000000,0.05109000,302.500,302.500,0,0,0.000,0.000,0,,0
TX_N160300_N160299_1,,N160300,N160299,,345.000,0.00000000,0.01722000,398.500,398.500,0,1,0.000,0.000,0,,0
TX_N160299_N160301_1,,N160299,N160301,,345.000,0.00000000,0.01561000,545.200,545.200,0,1,0.000,0.000,0,,0
TX_N160302_N160303_1,,N160302,N160303,,138.000,0.00000000,0.02537000,380.900,380.900,0,0,0.000,0.000,0,,0
TX_N170082_N170081_1,,N170082,N170081,,138.000,0.00000000,0.07004000,207.500,207.500,0,0,0.000,0.000,0,,0
TX_N170087_N170086_1,,N170087,N170086,,138.000,0.00000000,0.05330000,128.600,128.600,0,0,0.000,0.000,0,,0
TX_N170089_N170088_1,,N170089,N170088,,138.000,0.00000000,0.06138000,195.400,195.400,0,0,0.000,0.000,0,,0
TX_N170093_N170092_1,,N170093,N170092,,138.000,0.00000000,0.03509000,198.200,198.200,0,0,0.000,0.000,0,,0
TX_N170096_N170099_1,,N170096,N170099,,138.000,0.00000000,0.09923000,106.100,106.100,0,0,0.000,0.000,0,,0
TX_N170097_N170099_1,,N170097,N170099,,69.000,0.00000000,0.24627000,61.700,61.700,0,0,0.000,0.000,0,,0
TX_N170098_N170099_1,,N170098,N170099,,13.800,0.00000000,0.01000000,100.000,100.000,0,0,0.000,0.000,0,,0
TX_N170101_N170100_1,,N170101,N170100,,138.000,0.00000000,0.04915000,345.100,345.100,0,0,0.000,0.000,0,,0
TX_N170103_N170102_1,,N170103,N170102,,138.000,0.00000000,0.04278000,208.900,208.900,0,0,0.000,0.000,0,,0
TX_N170107_N170106_1,,N170107,N170106,,138.000,0.00000000,0.03194000,233.600,233.600,0,0,0.000,0.000,0,,0
TX_N170114_N170113_1,,N170114,N170113,,138.000,0.00000000,0.04434000,267.400,267.400,0,0,0.000,0.000,0,,0
TX_N170119_N170118_1,,N170119,N170118,,345.000,0.00000000,0.02392000,719.000,719.000,0,1,0.000,0.000,0,,0
TX_N170119_N170118_2,,N170119,N170118,,345.000,0.00000000,0.02392000,719.000,719.000,0,1,0.000,0.000,0,,0
TX_N170120_N170119_1,,N170120,N170119,,138.000,0.00000000,0.06231000,344.400,344.400,0,0,0.000,0.000,0,,0
TX_N170126_N170125_1,,N170126,N170125,,138.000,0.00000000,0.04120000,333.300,333.300,0,0,0.000,0.000,0,,0
TX_N170128_N170127_1,,N170128,N170127,,138.000,0.00000000,0.04458000,53.600,53.600,0,0,0.000,0.000,0,,0
TX_N170133_N170132_1,,N170133,N170132,,138.000,0.00000000,0.03984000,307.000,307.000,0,0,0.000,0.000,0,,0
TX_N170138_N170137_1,,N170138,N170137,,138.000,0.00000000,0.05305000,181.200,181.200,0,0,0.000,0.000,0,,0
TX_N170146_N170145_1,,N170146,N170145,,138.000,0.00000000,0.03604000,195.500,195.500,0,0,0.000,0.000,0,,0
TX_N170149_N170148_1,,N170149,N170148,,138.000,0.00000000,0.03834000,220.900,220.900,0,0,0.000,0.000,0,,0
TX_N170151_N170150_1,,N170151,N170150,,138.000,0.00000000,0.03649000,281.400,281.400,0,0,0.000,0.000,0,,0
TX_N170156_N170155_1,,N170156,N170155,,138.000,0.00000000,0.04149000,243.700,243.700,0,0,0.000,0.000,0,,0
TX_N170169_N170168_1,,N170169,N170168,,345.000,0.00000000,0.02118000,855.900,855.900,0,1,0.000,0.000,0,,0
TX_N170169_N170168_2,,N170169,N170168,,345.000,0.00000000,0.02118000,855.900,855.900,0,1,0.000,0.000,0,,0
TX_N170170_N170169_1,,N170170,N170169,,138.000,0.00000000,0.03624000,338.200,338.200,0,0,0.000,0.000,0,,0
TX_N170174_N170173_1,,N170174,N170173,,138.000,0.00000000,0.04105000,214.900,214.900,0,0,0.000,0.000,0,,0
TX_N170178_N170177_1,,N170178,N170177,,138.000,0.00000000,0.05953000,210.500,210.500,0,0,0.000,0.000,0,,0
TX_N170181_N170180_1,,N170181,N170180,,138.000,0.00000000,0.03534000,226.000,226.000,0,0,0.000,0.000,0,,0
TX_N170184_N170183_1,,N170184,N170183,,138.000,0.00000000,0.04874000,248.500,248.500,0,0,0.000,0.000,0,,0
TX_N170188_N170187_1,,N170188,N170187,,138.000,0.00000000,0.05907000,333.100,333.100,0,0,0.000,0.000,0,,0
TX_N170191_N170190_1,,N170191,N170190,,138.000,0.00000000,0.03746000,363.500,363.500,0,0,0.000,0.000,0,,0
TX_N170193_N170196_1,,N170193,N170196,,138.000,0.00000000,0.15136000,105.000,105.000,0,0,0.000,0.000,0,,0
TX_N170194_N170196_1,,N170194,N170196,,69.000,0.00000000,0.27931000,60.400,60.400,0,0,0.000,0.000,0,,0
TX_N170195_N170196_1,,N170195,N170196,,13.800,0.00000000,0.01000000,75.000,75.000,0,0,0.000,0.000,0,,0
TX_N170198_N170197_1,,N170198,N170197,,138.000,0.00000000,0.04809000,315.700,315.700,0,0,0.000,0.000,0,,0
TX_N170203_N170202_1,,N170203,N170202,,138.000,0.00000000,0.02886000,300.300,300.300,0,0,0.000,0.000,0,,0
TX_N170205_N170204_1,,N170205,N170204,,138.000,0.00000000,0.05972000,258.800,258.800,0,0,0.000,0.000,0,,0
TX_N170207_N170206_1,,N170207,N170206,,138.000,0.00000000,0.05494000,290.300,290.300,0,0,0.000,0.000,0,,0
TX_N170209_N170208_1,,N170209,N170208,,138.000,0.00000000,0.06871000,226.800,226.800,0,0,0.000,0.000,0,,0
TX_N170211_N170210_1,,N170211,N170210,,138.000,0.00000000,0.05609000,244.400,244.400,0,0,0.000,0.000,0,,0
TX_N170219_N170218_1,,N170219,N170218,,345.000,0.00000000,0.03578000,535.100,535.100,0,1,0.000,0.000,0,,0
TX_N170219_N170218_2,,N170219,N170218,,345.000,0.00000000,0.03578000,535.100,535.100,0,1,0.000,0.000,0,,0
TX_N170220_N170219_1,,N170220,N170219,,138.000,0.00000000,0.05910000,342.200,342.200,0,0,0.000,0.000,0,,0
TX_N170223_N170222_1,,N170223,N170222,,138.000,0.00000000,0.05546000,242.900,242.900,0,0,0.000,0.000,0,,0
TX_N170227_N170226_1,,N170227,N170226,,138.000,0.00000000,0.04908000,171.100,171.100,0,0,0.000,0.000,0,,0
TX_N170236_N170235_1,,N170236,N170235,,138.000,0.00000000,0.06099000,56.900,56.900,0,0,0.000,0.000,0,,0
TX_N170238_N170237_1,,N170238,N170237,,138.000,0.00000000,0.05752000,210.400,210.400,0,0,0.000,0.000,0,,0
TX_N170243_N170242_1,,N170243,N170242,,138.000,0.00000000,0.05601000,174.300,174.300,0,0,0.000,0.000,0,,0
TX_N170247_N170246_1,,N170247,N170246,,138.000,0.00000000,0.01311000,251.800,251.800,0,0,0.000,0.000,0,,0
TX_N170249_N170248_1,,N170249,N170248,,138.000,0.00000000,0.05580000,294.700,294.700,0,0,0.000,0.000,0,,0
TX_N170253_N170252_1,,N170253,N170252,,138.000,0.00000000,0.06402000,270.000,270.000,0,0,0.000,0.000,0,,0
TX_N170257_N170260_1,,N170257,N170260,,138.000,0.00000000,0.17339000,100.300,100.300,0,0,0.000,0.000,0,,0
TX_N170258_N170260_1,,N170258,N170260,,69.000,0.00000000,0.16931000,55.200,55.200,0,0,0.000,0.000,0,,0
TX_N170259_N170260_1,,N170259,N170260,,13.800,0.00000000,0.01000000,100.000,100.000,0,0,0.000,0.000,0,,0
TX_N170269_N170268_1,,N170269,N170268,,138.000,0.00000000,0.02811000,270.500,270.500,0,0,0.000,0.000,0,,0
TX_N170277_N170276_1,,N170277,N170276,,138.000,0.00000000,0.03300000,275.500,275.500,0,0,0.000,0.000,0,,0
TX_N170282_N170281_1,,N170282,N170281,,138.000,0.00000000,0.06535000,263.000,263.000,0,0,0.000,0.000,0,,0
TX_N170291_N170294_1,,N170291,N170294,,138.000,0.00000000,0.20155000,99.600,99.600,0,0,0.000,0.000,0,,0
TX_N170292_N170294_1,,N170292,N170294,,69.000,0.00000000,0.26294000,52.800,52.800,0,0,0.000,0.000,0,,0
TX_N170293_N170294_1,,N170293,N170294,,13.800,0.00000000,0.01000000,75.000,75.000,0,0,0.000,0.000,0,,0
TX_N170297_N170296_1,,N170297,N170296,,138.000,0.00000000,0.05330000,265.000,265.000,0,0,0.000,0.000,0,,0
TX_N170299_N170298_1,,N170299,N170298,,138.000,0.00000000,0.05043000,181.500,181.500,0,0,0.000,0.000,0,,0
TX_N170301_N170300_1,,N170301,N170300,,138.000,0.00000000,0.04385000,137.000,137.000,0,0,0.000,0.000,0,,0
TX_N170303_N170302_1,,N170303,N170302,,138.000,0.00000000,0.06963000,225.400,225.400,0,0,0.000,0.000,0,,0
TX_N170307_N170306_1,,N170307,N170306,,138.000,0.00000000,0.04308000,216.000,216.000,0,0,0.000,0.000,0,,0
TX_N170310_N170309_1,,N170310,N170309,,138.000,0.00000000,0.04004000,305.200,305.200,0,0,0.000,0.000,0,,0
TX_N170317_N170320_1,,N170317,N170320,,138.000,0.00000000,0.14408000,98.800,98.800,0,0,0.000,0.000,0,,0
TX_N170318_N170320_1,,N170318,N170320,,69.000,0.00000000,0.30238000,52.500,52.500,0,0,0.000,0.000,0,,0
TX_N170319_N170320_1,,N170319,N170320,,13.800,0.00000000,0.01000000,75.000,75.000,0,0,0.000,0.000,0,,0
TX_N170322_N170321_1,,N170322,N170321,,138.000,0.00000000,0.04925000,231.900,231.900,0,0,0.000,0.000,0,,0
TX_N170332_N170331_1,,N170332,N170331,,138.000,0.00000000,0.07610000,120.200,120.200,0,0,0.000,0.000,0,,0
TX_N170334_N170333_1,,N170334,N170333,,138.000,0.00000000,0.03963000,239.400,239.400,0,0,0.000,0.000,0,,0
TX_N170339_N170338_1,,N170339,N170338,,138.000,0.00000000,0.05292000,334.200,334.200,0,0,0.000,0.000,0,,0
TX_N170358_N170361_1,,N170358,N170361,,138.000,0.00000000,0.11044000,96.000,96.000,0,0,0.000,0.000,0,,0
TX_N170359_N170361_1,,N170359,N170361,,69.000,0.00000000,0.32773000,52.000,52.000,0,0,0.000,0.000,0,,0
TX_N170360_N170361_1,,N170360,N170361,,13.800,0.00000000,0.01000000,75.000,75.000,0,0,0.000,0.000,0,,0
TX_N170427_N170430_1,,N170427,N170430,,138.000,0.00000000,0.16783000,94.600,94.600,0,0,0.000,0.000,0,,0
TX_N170428_N170430_1,,N170428,N170430,,69.000,0.00000000,0.12019000,47.400,47.400,0,0,0.000,0.000,0,,0
TX_N170429_N170430_1,,N170429,N170430,,18.000,0.00000000,0.01000000,50.000,50.000,0,0,0.000,0.000,0,,0
TX_N170432_N170431_1,,N170432,N170431,,138.000,0.00000000,0.02519000,201.100,201.100,0,0,0.000,0.000,0,,0
TX_N170435_N170434_1,,N170435,N170434,,138.000,0.00000000,0.04718000,249.100,249.100,0,0,0.000,0.000,0,,0
TX_N170439_N170438_1,,N170439,N170438,,138.000,0.00000000,0.06197000,278.700,278.700,0,0,0.000,0.000,0,,0
TX_N170443_N170442_1,,N170443,N170442,,138.000,0.00000000,0.04918000,226.000,226.000,0,0,0.000,0.000,0,,0
TX_N170451_N170450_1,,N170451,N170450,,345.000,0.00000000,0.03503000,409.700,409.700,0,1,0.000,0.000,0,,0
TX_N170463_N170462_1,,N170463,N170462,,345.000,0.00000000,0.01228000,460.600,460.600,0,1,0.000,0.000,0,,0
TX_N170463_N170462_2,,N170463,N170462,,345.000,0.00000000,0.01228000,460.600,460.600,0,1,0.000,0.000,0,,0
TX_N170480_N170479_1,,N170480,N170479,,345.000,0.00000000,0.03702000,435.700,435.700,0,1,0.000,0.000,0,,0
TX_N170513_N170512_1,,N170513,N170512,,345.000,0.00000000,0.02925000,522.000,522.000,0,1,0.000,0.000,0,,0
TX_N170513_N170512_2,,N170513,N170512,,345.000,0.00000000,0.02925000,522.000,522.000,0,1,0.000,0.000,0,,0
TX_N170515_N170516_1,,N170515,N170516,,138.000,0.00000000,0.05203000,197.800,197.800,0,0,0.000,0.000,0,,0
TX_N170517_N170518_1,,N170517,N170518,,345.000,0.00000000,0.02358000,679.900,679.900,0,1,0.000,0.000,0,,0
TX_N170517_N170519_1,,N170517,N170519,,345.000,0.00000000,0.02274000,559.300,559.300,0,1,0.000,0.000,0,,0
TX_N170521_N170520_1,,N170521,N170520,,345.000,0.00000000,0.02325000,547.700,547.700,0,1,0.000,0.000,0,,0
TX_N170521_N170520_2,,N170521,N170520,,345.000,0.00000000,0.02325000,547.700,547.700,0,1,0.000,0.000,0,,0
TX_N170520_N170522_1,,N170520,N170522,,345.000,0.00000000,0.03596000,364.200,364.200,0,1,0.000,0.000,0,,0
TX_N170520_N170523_1,,N170520,N170523,,345.000,0.00000000,0.02717000,398.000,398.000,0,1,0.000,0.000,0,,0
TX_N170520_N170524_1,,N170520,N170524,,345.000,0.00000000,0.03429000,386.600,386.600,0,1,0.000,0.000,0,,0
TX_N170520_N170525_1,,N170520,N170525,,345.000,0.00000000,0.03211000,364.000,364.000,0,1,0.000,0.000,0,,0
TX_N170527_N170526_1,,N170527,N170526,,345.000,0.00000000,0.04147000,475.900,475.900,0,1,0.000,0.000,0,,0
TX_N170527_N170526_2,,N170527,N170526,,345.000,0.00000000,0.04147000,475.900,475.900,0,1,0.000,0.000,0,,0
TX_N170526_N170529_1,,N170526,N170529,,345.000,0.00000000,0.03745000,300.300,300.300,0,1,0.000,0.000,0,,0
TX_N170526_N170530_1,,N170526,N170530,,345.000,0.00000000,0.03131000,287.900,287.900,0,1,0.000,0.000,0,,0
TX_N170527_N170528_1,,N170527,N170528,,138.000,0.00000000,0.04236000,266.200,266.200,0,0,0.000,0.000,0,,0
TX_N170531_N170532_1,,N170531,N170532,,138.000,0.00000000,0.04651000,309.400,309.400,0,0,0.000,0.000,0,,0
TX_N170531_N170533_1,,N170531,N170533,,138.000,0.00000000,0.04616000,308.300,308.300,0,0,0.000,0.000,0,,0
TX_N170534_N170537_1,,N170534,N170537,,138.000,0.00000000,0.03467000,328.100,328.100,0,0,0.000,0.000,0,,0
TX_N170535_N170537_1,,N170535,N170537,,13.800,0.00000000,0.01000000,52.000,52.000,0,0,0.000,0.000,0,,0
TX_N170536_N170537_1,,N170536,N170537,,13.800,0.00000000,0.01000000,52.000,52.000,0,0,0.000,0.000,0,,0
TX_N170539_N170538_1,,N170539,N170538,,345.000,0.00000000,0.03211000,465.900,465.900,0,1,0.000,0.000,0,,0
TX_N170539_N170538_2,,N170539,N170538,,345.000,0.00000000,0.03211000,465.900,465.900,0,1,0.000,0.000,0,,0
TX_N170538_N170540_1,,N170538,N170540,,345.000,0.00000000,0.01464000,366.500,366.500,0,1,0.000,0.000,0,,0
TX_N170538_N170541_1,,N170538,N170541,,345.000,0.00000000,0.04233000,366.300,366.300,0,1,0.000,0.000,0,,0
TX_N170538_N170542_1,,N170538,N170542,,345.000,0.00000000,0.01235000,369.400,369.400,0,1,0.000,0.000,0,,0
TX_N170543_N170544_1,,N170543,N170544,,138.000,0.00000000,0.04936000,204.400,204.400,0,0,0.000,0.000,0,,0
TX_N170543_N170545_1,,N170543,N170545,,138.000,0.00000000,0.07530000,203.300,203.300,0,0,0.000,0.000,0,,0
TX_N170543_N170546_1,,N170543,N170546,,138.000,0.00000000,0.05113000,205.600,205.600,0,0,0.000,0.000,0,,0
TX_N170543_N170547_1,,N170543,N170547,,138.000,0.00000000,0.04494000,205.000,205.000,0,0,0.000,0.000,0,,0
TX_N170549_N170548_1,,N170549,N170548,,345.000,0.00000000,0.01808000,469.900,469.900,0,1,0.000,0.000,0,,0
TX_N170549_N170548_2,,N170549,N170548,,345.000,0.00000000,0.01808000,469.900,469.900,0,1,0.000,0.000,0,,0
TX_N170548_N170550_1,,N170548,N170550,,345.000,0.00000000,0.02014000,477.100,477.100,0,1,0.000,0.000,0,,0
TX_N170548_N170551_1,,N170548,N170551,,345.000,0.00000000,0.02235000,476.500,476.500,0,1,0.000,0.000,0,,0
TX_N170548_N170552_1,,N170548,N170552,,345.000,0.00000000,0.01847000,431.400,431.400,0,1,0.000,0.000,0,,0
TX_N170548_N170553_1,,N170548,N170553,,345.000,0.00000000,0.02663000,417.300,417.300,0,1,0.000,0.000,0,,0
TX_N170548_N170554_1,,N170548,N170554,,345.000,0.00000000,0.03400000,416.900,416.900,0,1,0.000,0.000,0,,0
TX_N170548_N170555_1,,N170548,N170555,,345.000,0.00000000,0.02698000,431.200,431.200,0,1,0.000,0.000,0,,0
TX_N170556_N170557_1,,N170556,N170557,,138.000,0.00000000,0.06001000,187.100,187.100,0,0,0.000,0.000,0,,0
TX_N170558_N170561_1,,N170558,N170561,,138.000,0.00000000,0.03218000,204.900,204.900,0,0,0.000,0.000,0,,0
TX_N170559_N170561_1,,N170559,N170561,,18.000,0.00000000,0.01000000,2.100,2.100,0,0,0.000,0.000,0,,0
TX_N170560_N170561_1,,N170560,N170561,,18.000,0.00000000,0.01000000,2.100,2.100,0,0,0.000,0.000,0,,0
TX_N170562_N170563_1,,N170562,N170563,,345.000,0.00000000,0.02564000,534.000,534.000,0,1,0.000,0.000,0,,0
TX_N170562_N170564_1,,N170562,N170564,,345.000,0.00000000,0.02953000,479.400,479.400,0,1,0.000,0.000,0,,0
TX_N170562_N170565_1,,N170562,N170565,,345.000,0.00000000,0.03856000,478.700,478.700,0,1,0.000,0.000,0,,0
TX_N170566_N170567_1,,N170566,N170567,,138.000,0.00000000,0.08631000,197.200,197.200,0,0,0.000,0.000,0,,0
TX_N170568_N170569_1,,N170568,N170569,,138.000,0.00000000,0.06940000,224.700,224.700,0,0,0.000,0.000,0,,0
TX_N170570_N170571_1,,N170570,N170571,,138.000,0.00000000,0.06686000,219.400,219.400,0,0,0.000,0.000,0,,0
TX_N170572_N170573_1,,N170572,N170573,,138.000,0.00000000,0.05638000,219.300,219.300,0,0,0.000,0.000,0,,0
TX_N170574_N170575_1,,N170574,N170575,,138.000,0.00000000,0.05797000,222.800,222.800,0,0,0.000,0.000,0,,0
TX_N170576_N170577_1,,N170576,N170577,,138.000,0.00000000,0.03563000,253.800,253.800,0,0,0.000,0.000,0,,0
TX_N170578_N170579_1,,N170578,N170579,,138.000,0.00000000,0.05647000,253.500,253.500,0,0,0.000,0.000,0,,0
TX_N170580_N170581_1,,N170580,N170581,,138.000,0.00000000,0.06250000,217.600,217.600,0,0,0.000,0.000,0,,0
TX_N170582_N170583_1,,N170582,N170583,,138.000,0.00000000,0.04085000,252.900,252.900,0,0,0.000,0.000,0,,0
TX_N170584_N170585_1,,N170584,N170585,,138.000,0.00000000,0.03853000,226.300,226.300,0,0,0.000,0.000,0,,0
TX_N180014_N180013_1,,N180014,N180013,,345.000,0.00000000,0.01574000,406.300,406.300,0,1,0.000,0.000,0,,0
TX_N180027_N180026_1,,N180027,N180026,,345.000,0.00000000,0.01655000,411.300,411.300,0,1,0.000,0.000,0,,0
TX_N180044_N180046_1,,N180044,N180046,,138.000,0.00000000,0.12028000,89.200,89.200,0,0,0.000,0.000,0,,0
TX_N180044_N180046_10,,N180044,N180046,,138.000,0.00000000,0.01000000,239.000,239.000,0,0,0.000,0.000,0,,0
TX_N180045_N180046_1,,N180045,N180046,,13.800,0.00000000,0.01000000,75.000,75.000,0,0,0.000,0.000,0,,0
TX_N180107_N180108_1,,N180107,N180108,,138.000,0.00000000,0.05968000,214.200,214.200,0,0,0.000,0.000,0,,0
TX_N180107_N180109_1,,N180107,N180109,,138.000,0.00000000,0.05200000,197.100,197.100,0,0,0.000,0.000,0,,0
TX_N180110_N180111_1,,N180110,N180111,,138.000,0.00000000,0.03876000,344.300,344.300,0,0,0.000,0.000,0,,0
TX_N180110_N180112_1,,N180110,N180112,,138.000,0.00000000,0.04594000,341.000,341.000,0,0,0.000,0.000,0,,0
TX_N180113_N180116_1,,N180113,N180116,,138.000,0.00000000,0.02769000,272.700,272.700,0,0,0.000,0.000,0,,0
TX_N180113_N180117_1,,N180113,N180117,,138.000,0.00000000,0.05205000,252.400,252.400,0,0,0.000,0.000,0,,0
TX_N180114_N180116_1,,N180114,N180116,,13.800,0.00000000,0.01000000,13.700,13.700,0,0,0.000,0.000,0,,0
TX_N180115_N180116_1,,N180115,N180116,,13.800,0.00000000,0.01000000,13.000,13.000,0,0,0.000,0.000,0,,0
TX_N180118_N180119_1,,N180118,N180119,,138.000,0.00000000,0.03066000,372.700,372.700,0,0,0.000,0.000,0,,0
TX_N180120_N180121_1,,N180120,N180121,,138.000,0.00000000,0.02855000,344.700,344.700,0,0,0.000,0.000,0,,0
TX_N180122_N180123_1,,N180122,N180123,,138.000,0.00000000,0.02629000,400.400,400.400,0,0,0.000,0.000,0,,0
TX_N180125_N180124_1,,N180125,N180124,,345.000,0.00000000,0.02775000,374.100,374.100,0,1,0.000,0.000,0,,0
TX_N180124_N180126_1,,N180124,N180126,,345.000,0.00000000,0.02068000,474.600,474.600,0,1,0.000,0.000,0,,0
TX_N180127_N180128_1,,N180127,N180128,,138.000,0.00000000,0.04375000,327.800,327.800,0,0,0.000,0.000,0,,0
TX_N180130_N180129_1,,N180130,N180129,,345.000,0.00000000,0.02819000,247.200,247.200,0,1,0.000,0.000,0,,0
TX_N180129_N180131_1,,N180129,N180131,,345.000,0.00000000,0.01930000,510.900,510.900,0,1,0.000,0.000,0,,0
TX_N180133_N180132_1,,N180133,N180132,,345.000,0.00000000,0.03475000,334.500,334.500,0,1,0.000,0.000,0,,0
TX_N180132_N180134_1,,N180132,N180134,,345.000,0.00000000,0.02015000,474.300,474.300,0,1,0.000,0.000,0,,0
TX_N180136_N180135_1,,N180136,N180135,,345.000,0.00000000,0.03177000,316.300,316.300,0,1,0.000,0.000,0,,0
TX_N180135_N180137_1,,N180135,N180137,,345.000,0.00000000,0.03557000,506.100,506.100,0,1,0.000,0.000,0,,0
TX_N180139_N180138_1,,N180139,N180138,,345.000,0.00000000,0.02893000,306.200,306.200,0,1,0.000,0.000,0,,0
TX_N180138_N180140_1,,N180138,N180140,,345.000,0.00000000,0.02527000,540.200,540.200,0,1,0.000,0.000,0,,0
TX_N180142_N180141_1,,N180142,N180141,,345.000,0.00000000,0.03316000,347.400,347.400,0,1,0.000,0.000,0,,0
TX_N180141_N180143_1,,N180141,N180143,,345.000,0.00000000,0.03007000,473.600,473.600,0,1,0.000,0.000,0,,0
TX_N180144_N180145_1,,N180144,N180145,,138.000,0.00000000,0.06650000,252.100,252.100,0,0,0.000,0.000,0,,0
TX_N190059_N190058_1,,N190059,N190058,,345.000,0.00000000,0.03932000,369.600,369.600,0,1,0.000,0.000,0,,0
TX_N190062_N190061_1,,N190062,N190061,,345.000,0.00000000,0.01168000,293.200,293.200,0,1,0.000,0.000,0,,0
TX_N190085_N190084_1,,N190085,N190084,,345.000,0.00000000,0.02143000,448.500,448.500,0,1,0.000,0.000,0,,0
TX_N190085_N190084_2,,N190085,N190084,,345.000,0.00000000,0.02143000,448.500,448.500,0,1,0.000,0.000,0,,0
TX_N190105_N190104_1,,N190105,N190104,,345.000,0.00000000,0.03648000,390.100,390.100,0,1,0.000,0.000,0,,0
TX_N190104_N190106_1,,N190104,N190106,,345.000,0.00000000,0.02171000,428.600,428.600,0,1,0.000,0.000,0,,0
TX_N190107_N190108_1,,N190107,N190108,,138.000,0.00000000,0.05052000,337.500,337.500,0,0,0.000,0.000,0,,0
TX_N190107_N190109_1,,N190107,N190109,,138.000,0.00000000,0.03329000,263.900,263.900,0,0,0.000,0.000,0,,0
TX_N190110_N190111_1,,N190110,N190111,,138.000,0.00000000,0.03034000,337.000,337.000,0,0,0.000,0.000,0,,0
TX_N190113_N190112_1,,N190113,N190112,,345.000,0.00000000,0.03605000,356.200,356.200,0,1,0.000,0.000,0,,0
TX_N190112_N190114_1,,N190112,N190114,,345.000,0.00000000,0.04304000,396.100,396.100,0,1,0.000,0.000,0,,0
TX_N190115_N190116_1,,N190115,N190116,,138.000,0.00000000,0.04288000,306.600,306.600,0,0,0.000,0.000,0,,0
TX_N190117_N190118_1,,N190117,N190118,,138.000,0.00000000,0.04878000,370.900,370.900,0,0,0.000,0.000,0,,0
TX_N190119_N190120_1,,N190119,N190120,,138.000,0.00000000,0.03671000,385.900,385.900,0,0,0.000,0.000,0,,0
TX_N190122_N190121_1,,N190122,N190121,,345.000,0.00000000,0.03152000,428.200,428.200,0,1,0.000,0.000,0,,0
TX_N190121_N190123_1,,N190121,N190123,,345.000,0.00000000,0.02643000,491.000,491.000,0,1,0.000,0.000,0,,0
TX_N190121_N190124_1,,N190121,N190124,,345.000,0.00000000,0.02882000,440.000,440.000,0,1,0.000,0.000,0,,0
TX_N190125_N190126_1,,N190125,N190126,,138.000,0.00000000,0.04543000,278.500,278.500,0,0,0.000,0.000,0,,0
TX_N190128_N190127_1,,N190128,N190127,,345.000,0.00000000,0.03178000,370.600,370.600,0,1,0.000,0.000,0,,0
TX_N190127_N190129_1,,N190127,N190129,,345.000,0.00000000,0.02427000,499.100,499.100,0,1,0.000,0.000,0,,0
TX_N190131_N190132_1,,N190131,N190132,,138.000,0.00000000,0.02909000,419.200,419.200,0,0,0.000,0.000,0,,0
TX_N190131_N190132_11,,N190131,N190132,,138.000,0.00000000,0.01000000,274.600,274.600,0,0,0.000,0.000,0,,0
TX_N190133_N190134_1,,N190133,N190134,,138.000,0.00000000,0.02769000,370.300,370.300,0,0,0.000,0.000,0,,0
TX_N190135_N190136_1,,N190135,N190136,,138.000,0.00000000,0.03479000,388.000,388.000,0,0,0.000,0.000,0,,0
TX_N190138_N190139_1,,N190138,N190139,,138.000,0.00000000,0.02256000,427.500,427.500,0,0,0.000,0.000,0,,0
TX_N190138_N190139_11,,N190138,N190139,,138.000,0.00000000,0.01000000,375.200,375.200,0,0,0.000,0.000,0,,0
TX_N190141_N190142_1,,N190141,N190142,,138.000,0.00000000,0.03508000,421.300,421.300,0,0,0.000,0.000,0,,0
TX_N190141_N190142_11,,N190141,N190142,,138.000,0.00000000,0.01000000,334.100,334.100,0,0,0.000,0.000,0,,0
TX_N190144_N190143_1,,N190144,N190143,,345.000,0.00000000,0.02079000,291.100,291.100,0,1,0.000,0.000,0,,0
TX_N190143_N190145_1,,N190143,N190145,,345.000,0.00000000,0.01838000,472.300,472.300,0,1,0.000,0.000,0,,0
TX_N190146_N190147_1,,N190146,N190147,,138.000,0.00000000,0.03212000,400.400,400.400,0,0,0.000,0.000,0,,0
TX_N190148_N190149_1,,N190148,N190149,,138.000,0.00000000,0.03132000,379.100,379.100,0,0,0.000,0.000,0,,0
TX_N190151_N190152_1,,N190151,N190152,,138.000,0.00000000,0.04218000,389.600,389.600,0,0,0.000,0.000,0,,0
TX_N190151_N190152_11,,N190151,N190152,,138.000,0.00000000,0.01000000,252.200,252.200,0,0,0.000,0.000,0,,0
TX_N190154_N190155_1,,N190154,N190155,,138.000,0.00000000,0.02558000,420.900,420.900,0,0,0.000,0.000,0,,0
TX_N190154_N190155_11,,N190154,N190155,,138.000,0.00000000,0.01000000,299.500,299.500,0,0,0.000,0.000,0,,0
TX_N190156_N190157_1,,N190156,N190157,,138.000,0.00000000,0.02819000,395.900,395.900,0,0,0.000,0.000,0,,0
TX_N190158_N190159_1,,N190158,N190159,,138.000,0.00000000,0.02295000,375.400,375.400,0,0,0.000,0.000,0,,0
TX_N190161_N190160_1,,N190161,N190160,,345.000,0.00000000,0.01364000,407.000,407.000,0,1,0.000,0.000,0,,0
TX_N190160_N190162_1,,N190160,N190162,,345.000,0.00000000,0.01955000,472.000,472.000,0,1,0.000,0.000,0,,0
TX_N190164_N190163_1,,N190164,N190163,,345.000,0.00000000,0.03309000,364.300,364.300,0,1,0.000,0.000,0,,0
TX_N190163_N190165_1,,N190163,N190165,,345.000,0.00000000,0.02516000,537.100,537.100,0,1,0.000,0.000,0,,0
TX_N190166_N190167_1,,N190166,N190167,,138.000,0.00000000,0.04414000,369.800,369.800,0,0,0.000,0.000,0,,0
TX_N190168_N190169_1,,N190168,N190169,,138.000,0.00000000,0.03683000,369.400,369.400,0,0,0.000,0.000,0,,0
TX_N190171_N190170_1,,N190171,N190170,,345.000,0.00000000,0.03274000,345.200,345.200,0,1,0.000,0.000,0,,0
TX_N190170_N190172_1,,N190170,N190172,,345.000,0.00000000,0.01012000,538.500,538.500,0,1,0.000,0.000,0,,0
TX_N190173_N190174_1,,N190173,N190174,,138.000,0.00000000,0.04185000,303.000,303.000,0,0,0.000,0.000,0,,0
TX_N190176_N190177_1,,N190176,N190177,,138.000,0.00000000,0.04860000,366.000,366.000,0,0,0.000,0.000,0,,0
TX_N190176_N190177_11,,N190176,N190177,,138.000,0.00000000,0.01000000,192.900,192.900,0,0,0.000,0.000,0,,0
TX_N190178_N190181_1,,N190178,N190181,,345.000,0.00000000,0.06311000,224.600,224.600,0,1,0.000,0.000,0,,0
TX_N190178_N190182_1,,N190178,N190182,,345.000,0.00000000,0.02142000,411.200,411.200,0,1,0.000,0.000,0,,0
TX_N190179_N190181_1,,N190179,N190181,,138.000,0.00000000,0.19894000,88.800,88.800,0,0,0.000,0.000,0,,0
TX_N190180_N190181_1,,N190180,N190181,,13.800,0.00000000,0.01000000,75.000,75.000,0,0,0.000,0.000,0,,0
TX_N190184_N190183_1,,N190184,N190183,,345.000,0.00000000,0.02277000,381.200,381.200,0,1,0.000,0.000,0,,0
TX_N190183_N190185_1,,N190183,N190185,,345.000,0.00000000,0.02948000,455.700,455.700,0,1,0.000,0.000,0,,0
TX_N190186_N190187_1,,N190186,N190187,,138.000,0.00000000,0.04825000,276.600,276.600,0,0,0.000,0.000,0,,0
TX_N190189_N190188_1,,N190189,N190188,,345.000,0.00000000,0.02063000,234.000,234.000,0,1,0.000,0.000,0,,0
TX_N190188_N190190_1,,N190188,N190190,,345.000,0.00000000,0.02072000,436.300,436.300,0,1,0.000,0.000,0,,0
TX_N190192_N190191_1,,N190192,N190191,,345.000,0.00000000,0.02819000,418.000,418.000,0,1,0.000,0.000,0,,0
TX_N190191_N190193_1,,N190191,N190193,,345.000,0.00000000,0.02179000,512.300,512.300,0,1,0.000,0.000,0,,0
TX_N190195_N190194_1,,N190195,N190194,,345.000,0.00000000,0.03519000,455.100,455.100,0,1,0.000,0.000,0,,0
TX_N190195_N190194_2,,N190195,N190194,,345.000,0.00000000,0.03519000,455.100,455.100,0,1,0.000,0.000,0,,0
TX_N190194_N190196_1,,N190194,N190196,,345.000,0.00000000,0.02053000,556.100,556.100,0,1,0.000,0.000,0,,0
TX_N190197_N190198_1,,N190197,N190198,,138.000,0.00000000,0.03346000,375.700,375.700,0,0,0.000,0.000,0,,0
TX_N190200_N190201_1,,N190200,N190201,,138.000,0.00000000,0.02720000,433.100,433.100,0,0,0.000,0.000,0,,0
TX_N190200_N190201_11,,N190200,N190201,,138.000,0.00000000,0.01000000,390.000,390.000,0,0,0.000,0.000,0,,0
TX_N190202_N190203_1,,N190202,N190203,,138.000,0.00000000,0.03312000,348.700,348.700,0,0,0.000,0.000,0,,0
TX_N190205_N190204_1,,N190205,N190204,,345.000,0.00000000,0.02839000,270.200,270.200,0,1,0.000,0.000,0,,0
TX_N190204_N190206_1,,N190204,N190206,,345.000,0.00000000,0.03520000,475.600,475.600,0,1,0.000,0.000,0,,0
TX_N190208_N190207_1,,N190208,N190207,,345.000,0.00000000,0.02743000,391.500,391.500,0,1,0.000,0.000,0,,0
TX_N190207_N190209_1,,N190207,N190209,,345.000,0.00000000,0.03456000,485.500,485.500,0,1,0.000,0.000,0,,0
TX_N200004_N200003_1,,N200004,N200003,,345.000,0.00000000,0.01892000,476.000,476.000,0,1,0.000,0.000,0,,0
TX_N200004_N200003_2,,N200004,N200003,,345.000,0.00000000,0.01892000,476.000,476.000,0,1,0.000,0.000,0,,0
TX_N200030_N200029_1,,N200030,N200029,,345.000,0.00000000,0.02646000,416.300,416.300,0,1,0.000,0.000,0,,0
TX_N200118_N200117_1,,N200118,N200117,,345.000,0.00000000,0.02656000,432.300,432.300,0,1,0.000,0.000,0,,0
TX_N200118_N200117_2,,N200118,N200117,,345.000,0.00000000,0.02656000,432.300,432.300,0,1,0.000,0.000,0,,0
TX_N200128_N200127_1,,N200128,N200127,,345.000,0.00000000,0.03082000,472.100,472.100,0,1,0.000,0.000,0,,0
TX_N200128_N200127_2,,N200128,N200127,,345.000,0.00000000,0.03082000,472.100,472.100,0,1,0.000,0.000,0,,0
TX_N200144_N200143_1,,N200144,N200143,,345.000,0.00000000,0.04340000,412.500,412.500,0,1,0.000,0.000,0,,0
TX_N200155_N200156_1,,N200155,N200156,,138.000,0.00000000,0.04682000,310.200,310.200,0,0,0.000,0.000,0,,0
TX_N200155_N200157_1,,N200155,N200157,,138.000,0.00000000,0.04918000,299.000,299.000,0,0,0.000,0.000,0,,0
TX_N200155_N200158_1,,N200155,N200158,,138.000,0.00000000,0.07956000,180.800,180.800,0,0,0.000,0.000,0,,0
TX_N200155_N200159_1,,N200155,N200159,,138.000,0.00000000,0.06847000,196.300,196.300,0,0,0.000,0.000,0,,0
TX_N200155_N200160_1,,N200155,N200160,,138.000,0.00000000,0.05538000,195.200,195.200,0,0,0.000,0.000,0,,0
TX_N200161_N200164_1,,N200161,N200164,,138.000,0.00000000,0.04762000,257.800,257.800,0,0,0.000,0.000,0,,0
TX_N200161_N200165_1,,N200161,N200165,,138.000,0.00000000,0.05495000,202.200,202.200,0,0,0.000,0.000,0,,0
TX_N200161_N200166_1,,N200161,N200166,,138.000,0.00000000,0.05415000,212.500,212.500,0,0,0.000,0.000,0,,0
TX_N200162_N200164_1,,N200162,N200164,,13.800,0.00000000,0.01000000,13.000,13.000,0,0,0.000,0.000,0,,0
TX_N200163_N200164_1,,N200163,N200164,,13.800,0.00000000,0.01000000,3.200,3.200,0,0,0.000,0.000,0,,0
TX_N200167_N200168_1,,N200167,N200168,,345.000,0.00000000,0.02457000,499.100,499.100,0,1,0.000,0.000,0,,0
TX_N200167_N200169_1,,N200167,N200169,,345.000,0.00000000,0.02492000,499.100,499.100,0,1,0.000,0.000,0,,0
TX_N200167_N200170_1,,N200167,N200170,,345.000,0.00000000,0.01994000,506.400,506.400,0,1,0.000,0.000,0,,0
TX_N200171_N200172_1,,N200171,N200172,,345.000,0.00000000,0.02627000,454.500,454.500,0,1,0.000,0.000,0,,0
TX_N200171_N200173_1,,N200171,N200173,,345.000,0.00000000,0.02253000,405.700,405.700,0,1,0.000,0.000,0,,0
TX_N200171_N200174_1,,N200171,N200174,,345.000,0.00000000,0.03384000,405.000,405.000,0,1,0.000,0.000,0,,0
TX_N200175_N200178_1,,N200175,N200178,,345.000,0.00000000,0.06005000,223.800,223.800,0,1,0.000,0.000,0,,0
TX_N200175_N200179_1,,N200175,N200179,,345.000,0.00000000,0.02004000,512.100,512.100,0,1,0.000,0.000,0,,0
TX_N200176_N200178_1,,N200176,N200178,,138.000,0.00000000,0.18062000,88.800,88.800,0,0,0.000,0.000,0,,0
TX_N200177_N200178_1,,N200177,N200178,,13.800,0.00000000,0.01000000,75.000,75.000,0,0,0.000,0.000,0,,0
TX_N200180_N200181_1,,N200180,N200181,,138.000,0.00000000,0.03148000,395.700,395.700,0,0,0.000,0.000,0,,0
TX_N200183_N200182_1,,N200183,N200182,,345.000,0.00000000,0.02455000,406.600,406.600,0,1,0.000,0.000,0,,0
TX_N200182_N200184_1,,N200182,N200184,,345.000,0.00000000,0.02168000,475.900,475.900,0,1,0.000,0.000,0,,0
TX_N200185_N200186_1,,N200185,N200186,,138.000,0.00000000,0.04253000,411.900,411.900,0,0,0.000,0.000,0,,0
TX_N200188_N200187_1,,N200188,N200187,,345.000,0.00000000,0.03447000,288.700,288.700,0,1,0.000,0.000,0,,0
TX_N200187_N200189_1,,N200187,N200189,,345.000,0.00000000,0.02414000,504.500,504.500,0,1,0.000,0.000,0,,0
TX_N200191_N200190_1,,N200191,N200190,,345.000,0.00000000,0.03644000,359.100,359.100,0,1,0.000,0.000,0,,0
TX_N200190_N200192_1,,N200190,N200192,,345.000,0.00000000,0.01576000,439.000,439.000,0,1,0.000,0.000,0,,0
TX_N200194_N200193_1,,N200194,N200193,,345.000,0.00000000,0.02721000,371.000,371.000,0,1,0.000,0.000,0,,0
TX_N200193_N200195_1,,N200193,N200195,,345.000,0.00000000,0.02619000,282.700,282.700,0,1,0.000,0.000,0,,0
TX_N200193_N200196_1,,N200193,N200196,,345.000,0.00000000,0.04420000,277.800,277.800,0,1,0.000,0.000,0,,0
TX_N200193_N200199_1,,N200193,N200199,,345.000,0.00000000,0.04801000,277.800,277.800,0,1,0.000,0.000,0,,0
TX_N200193_N200200_1,,N200193,N200200,,345.000,0.00000000,0.04632000,274.900,274.900,0,1,0.000,0.000,0,,0
TX_N200193_N200201_1,,N200193,N200201,,345.000,0.00000000,0.05323000,282.500,282.500,0,1,0.000,0.000,0,,0
TX_N200194_N200197_1,,N200194,N200197,,138.000,0.00000000,0.04970000,272.500,272.500,0,0,0.000,0.000,0,,0
TX_N200194_N200198_1,,N200194,N200198,,138.000,0.00000000,0.04120000,291.400,291.400,0,0,0.000,0.000,0,,0
TX_N200194_N200202_1,,N200194,N200202,,138.000,0.00000000,0.05436000,289.800,289.800,0,0,0.000,0.000,0,,0
TX_N200203_N200204_1,,N200203,N200204,,138.000,0.00000000,0.03255000,346.800,346.800,0,0,0.000,0.000,0,,0
TX_N200206_N200205_1,,N200206,N200205,,345.000,0.00000000,0.03596000,412.200,412.200,0,1,0.000,0.000,0,,0
TX_N200205_N200207_1,,N200205,N200207,,345.000,0.00000000,0.03760000,389.000,389.000,0,1,0.000,0.000,0,,0
TX_N210090_N210093_1,,N210090,N210093,,345.000,0.00000000,0.05519000,221.000,221.000,0,1,0.000,0.000,0,,0
TX_N210091_N210093_1,,N210091,N210093,,138.000,0.00000000,0.12898000,80.400,80.400,0,0,0.000,0.000,0,,0
TX_N210092_N210093_1,,N210092,N210093,,13.800,0.00000000,0.01000000,75.000,75.000,0,0,0.000,0.000,0,,0
TX_N210129_N210128_1,,N210129,N210128,,138.000,0.00000000,0.05214000,247.200,247.200,0,0,0.000,0.000,0,,0
TX_N210131_N210130_1,,N210131,N210130,,138.000,0.00000000,0.04389000,296.000,296.000,0,0,0.000,0.000,0,,0
TX_N210134_N210133_1,,N210134,N210133,,138.000,0.00000000,0.06102000,162.700,162.700,0,0,0.000,0.000,0,,0
TX_N210145_N210144_1,,N210145,N210144,,345.000,0.00000000,0.02298000,554.800,554.800,0,1,0.000,0.000,0,,0
TX_N210145_N210144_2,,N210145,N210144,,345.000,0.00000000,0.02298000,554.800,554.800,0,1,0.000,0.000,0,,0
TX_N210146_N210145_1,,N210146,N210145,,138.000,0.00000000,0.04444000,426.400,426.400,0,0,0.000,0.000,0,,0
TX_N210146_N210145_2,,N210146,N210145,,138.000,0.00000000,0.04444000,426.400,426.400,0,0,0.000,0.000,0,,0
TX_N210147_N210150_1,,N210147,N210150,,138.000,0.00000000,0.10146000,78.600,78.600,0,0,0.000,0.000,0,,0
TX_N210148_N210150_1,,N210148,N210150,,69.000,0.00000000,0.32971000,41.300,41.300,0,0,0.000,0.000,0,,0
TX_N210149_N210150_1,,N210149,N210150,,13.800,0.00000000,0.01000000,100.000,100.000,0,0,0.000,0.000,0,,0
TX_N210156_N210155_1,,N210156,N210155,,138.000,0.00000000,0.05224000,96.600,96.600,0,0,0.000,0.000,0,,0
TX_N210162_N210161_1,,N210162,N210161,,138.000,0.00000000,0.04447000,152.300,152.300,0,0,0.000,0.000,0,,0
TX_N210167_N210166_1,,N210167,N210166,,138.000,0.00000000,0.02567000,284.400,284.400,0,0,0.000,0.000,0,,0
TX_N210169_N210168_1,,N210169,N210168,,138.000,0.00000000,0.05636000,258.300,258.300,0,0,0.000,0.000,0,,0
TX_N210172_N210171_1,,N210172,N210171,,345.000,0.00000000,0.02257000,514.700,514.700,0,1,0.000,0.000,0,,0
TX_N210172_N210171_2,,N210172,N210171,,345.000,0.00000000,0.02257000,514.700,514.700,0,1,0.000,0.000,0,,0
TX_N210173_N210172_1,,N210173,N210172,,138.000,0.00000000,0.03024000,393.500,393.500,0,0,0.000,0.000,0,,0
TX_N210176_N210175_1,,N210176,N210175,,138.000,0.00000000,0.05080000,250.100,250.100,0,0,0.000,0.000,0,,0
TX_N210185_N210184_1,,N210185,N210184,,138.000,0.00000000,0.04137000,234.900,234.900,0,0,0.000,0.000,0,,0
TX_N210186_N210189_1,,N210186,N210189,,138.000,0.00000000,0.15649000,74.100,74.100,0,0,0.000,0.000,0,,0
TX_N210187_N210189_1,,N210187,N210189,,69.000,0.00000000,0.44588000,32.800,32.800,0,0,0.000,0.000,0,,0
TX_N210188_N210189_1,,N210188,N210189,,13.800,0.00000000,0.01000000,75.000,75.000,0,0,0.000,0.000,0,,0
TX_N210193_N210192_1,,N210193,N210192,,138.000,0.00000000,0.05242000,233.900,233.900,0,0,0.000,0.000,0,,0
TX_N210196_N210195_1,,N210196,N210195,,138.000,0.00000000,0.04562000,94.200,94.200,0,0,0.000,0.000,0,,0
TX_N210197_N210200_1,,N210197,N210200,,138.000,0.00000000,0.19841000,73.600,73.600,0,0,0.000,0.000,0,,0
TX_N210198_N210200_1,,N210198,N210200,,69.000,0.00000000,0.65483000,18.400,18.400,0,0,0.000,0.000,0,,0
TX_N210199_N210200_1,,N210199,N210200,,18.000,0.00000000,0.01000000,50.000,50.000,0,0,0.000,0.000,0,,0
TX_N210205_N210204_1,,N210205,N210204,,138.000,0.00000000,0.02968000,240.400,240.400,0,0,0.000,0.000,0,,0
TX_N210215_N210214_1,,N210215,N210214,,138.000,0.00000000,0.05425000,264.700,264.700,0,0,0.000,0.000,0,,0
TX_N210218_N210217_1,,N210218,N210217,,138.000,0.00000000,0.04203000,346.000,346.000,0,0,0.000,0.000,0,,0
TX_N210243_N210242_1,,N210243,N210242,,138.000,0.00000000,0.03513000,214.900,214.900,0,0,0.000,0.000,0,,0
TX_N210248_N210247_1,,N210248,N210247,,138.000,0.00000000,0.04583000,123.900,123.900,0,0,0.000,0.000,0,,0
TX_N210251_N210250_1,,N210251,N210250,,138.000,0.00000000,0.03422000,378.300,378.300,0,0,0.000,0.000,0,,0
TX_N210253_N210252_1,,N210253,N210252,,138.000,0.00000000,0.04483000,304.900,304.900,0,0,0.000,0.000,0,,0
TX_N210255_N210254_1,,N210255,N210254,,138.000,0.00000000,0.04276000,196.200,196.200,0,0,0.000,0.000,0,,0
TX_N210258_N210257_1,,N210258,N210257,,138.000,0.00000000,0.05605000,239.600,239.600,0,0,0.000,0.000,0,,0
TX_N210264_N210263_1,,N210264,N210263,,138.000,0.00000000,0.05717000,160.400,160.400,0,0,0.000,0.000,0,,0
TX_N210268_N210267_1,,N210268,N210267,,138.000,0.00000000,0.05871000,195.700,195.700,0,0,0.000,0.000,0,,0
TX_N210276_N210275_1,,N210276,N210275,,345.000,0.00000000,0.02602000,524.100,524.100,0,1,0.000,0.000,0,,0
TX_N210276_N210275_2,,N210276,N210275,,345.000,0.00000000,0.02602000,524.100,524.100,0,1,0.000,0.000,0,,0
TX_N210277_N210276_1,,N210277,N210276,,138.000,0.00000000,0.06134000,284.000,284.000,0,0,0.000,0.000,0,,0
TX_N210279_N210278_1,,N210279,N210278,,138.000,0.00000000,0.05249000,232.000,232.000,0,0,0.000,0.000,0,,0
TX_N210306_N210309_1,,N210306,N210309,,345.000,0.00000000,0.06358000,219.600,219.600,0,1,0.000,0.000,0,,0
TX_N210307_N210309_1,,N210307,N210309,,138.000,0.00000000,0.11301000,69.200,69.200,0,0,0.000,0.000,0,,0
TX_N210308_N210309_1,,N210308,N210309,,13.800,0.00000000,0.01000000,75.000,75.000,0,0,0.000,0.000,0,,0
TX_N210318_N210317_1,,N210318,N210317,,345.000,0.00000000,0.01329000,435.700,435.700,0,1,0.000,0.000,0,,0
TX_N210318_N210317_2,,N210318,N210317,,345.000,0.00000000,0.01329000,435.700,435.700,0,1,0.000,0.000,0,,0
TX_N210317_N210319_1,,N210317,N210319,,345.000,0.00000000,0.03142000,282.300,282.300,0,1,0.000,0.000,0,,0
TX_N210317_N210320_1,,N210317,N210320,,345.000,0.00000000,0.04467000,273.900,273.900,0,1,0.000,0.000,0,,0
TX_N210321_N210322_1,,N210321,N210322,,138.000,0.00000000,0.05731000,260.100,260.100,0,0,0.000,0.000,0,,0
TX_N210324_N210323_1,,N210324,N210323,,345.000,0.00000000,0.02757000,527.000,527.000,0,1,0.000,0.000,0,,0
TX_N210324_N210323_2,,N210324,N210323,,345.000,0.00000000,0.02757000,527.000,527.000,0,1,0.000,0.000,0,,0
TX_N210323_N210325_1,,N210323,N210325,,345.000,0.00000000,0.04683000,290.900,290.900,0,1,0.000,0.000,0,,0
TX_N210326_N210327_1,,N210326,N210327,,345.000,0.00000000,0.02214000,471.500,471.500,0,1,0.000,0.000,0,,0
TX_N210326_N210328_1,,N210326,N210328,,345.000,0.00000000,0.02402000,426.600,426.600,0,1,0.000,0.000,0,,0
TX_N210326_N210329_1,,N210326,N210329,,345.000,0.00000000,0.02272000,424.800,424.800,0,1,0.000,0.000,0,,0
TX_N210326_N210330_1,,N210326,N210330,,345.000,0.00000000,0.01997000,418.000,418.000,0,1,0.000,0.000,0,,0
TX_N210326_N210331_1,,N210326,N210331,,345.000,0.00000000,0.02825000,373.200,373.200,0,1,0.000,0.000,0,,0
TX_N210333_N210332_1,,N210333,N210332,,345.000,0.00000000,0.02417000,454.600,454.600,0,1,0.000,0.000,0,,0
TX_N210333_N210332_2,,N210333,N210332,,345.000,0.00000000,0.02417000,454.600,454.600,0,1,0.000,0.000,0,,0
TX_N210332_N210334_1,,N210332,N210334,,345.000,0.00000000,0.01102000,1212.400,1212.400,0,1,0.000,0.000,0,,0
TX_N210335_N210336_1,,N210335,N210336,,345.000,0.00000000,0.01841000,545.500,545.500,0,1,0.000,0.000,0,,0
TX_N210335_N210337_1,,N210335,N210337,,345.000,0.00000000,0.02347000,545.300,545.300,0,1,0.000,0.000,0,,0
TX_N210335_N210338_1,,N210335,N210338,,345.000,0.00000000,0.02261000,490.400,490.400,0,1,0.000,0.000,0,,0
TX_N210335_N210339_1,,N210335,N210339,,345.000,0.00000000,0.02226000,490.200,490.200,0,1,0.000,0.000,0,,0
TX_N210335_N210340_1,,N210335,N210340,,345.000,0.00000000,0.02576000,488.800,488.800,0,1,0.000,0.000,0,,0
TX_N210335_N210341_1,,N210335,N210341,,345.000,0.00000000,0.02615000,488.000,488.000,0,1,0.000,0.000,0,,0
TX_N210342_N210345_1,,N210342,N210345,,345.000,0.00000000,0.04068000,219.100,219.100,0,1,0.000,0.000,0,,0
TX_N210342_N210346_1,,N210342,N210346,,345.000,0.00000000,0.03361000,408.100,408.100,0,1,0.000,0.000,0,,0
TX_N210343_N210345_1,,N210343,N210345,,138.000,0.00000000,0.23832000,69.000,69.000,0,0,0.000,0.000,0,,0
TX_N210344_N210345_1,,N210344,N210345,,13.800,0.00000000,0.01000000,75.000,75.000,0,0,0.000,0.000,0,,0
TX_N210348_N210347_1,,N210348,N210347,,345.000,0.00000000,0.01508000,492.600,492.600,0,1,0.000,0.000,0,,0
TX_N210348_N210347_2,,N210348,N210347,,345.000,0.00000000,0.01508000,492.600,492.600,0,1,0.000,0.000,0,,0
TX_N210347_N210349_1,,N210347,N210349,,345.000,0.00000000,0.02362000,474.900,474.900,0,1,0.000,0.000,0,,0
TX_N210350_N210351_1,,N210350,N210351,,138.000,0.00000000,0.03948000,263.400,263.400,0,0,0.000,0.000,0,,0
TX_N210353_N210352_1,,N210353,N210352,,345.000,0.00000000,0.02746000,365.800,365.800,0,1,0.000,0.000,0,,0
TX_N210352_N210354_1,,N210352,N210354,,345.000,0.00000000,0.02285000,471.500,471.500,0,1,0.000,0.000,0,,0
TX_N210355_N210356_1,,N210355,N210356,,138.000,0.00000000,0.05620000,216.900,216.900,0,0,0.000,0.000,0,,0
TX_N210357_N210358_1,,N210357,N210358,,138.000,0.00000000,0.05514000,250.100,250.100,0,0,0.000,0.000,0,,0
TX_N210359_N210360_1,,N210359,N210360,,138.000,0.00000000,0.05254000,216.500,216.500,0,0,0.000,0.000,0,,0
TX_N220100_N220099_1,,N220100,N220099,,345.000,0.00000000,0.02525000,450.000,450.000,0,1,0.000,0.000,0,,0
TX_N220119_N220122_1,,N220119,N220122,,345.000,0.00000000,0.04570000,218.800,218.800,0,1,0.000,0.000,0,,0
TX_N220119_N220123_1,,N220119,N220123,,345.000,0.00000000,0.03628000,328.300,328.300,0,1,0.000,0.000,0,,0
TX_N220119_N220124_1,,N220119,N220124,,345.000,0.00000000,0.04156000,328.100,328.100,0,1,0.000,0.000,0,,0
TX_N220119_N220125_1,,N220119,N220125,,345.000,0.00000000,0.04827000,327.900,327.900,0,1,0.000,0.000,0,,0
TX_N220119_N220126_1,,N220119,N220126,,345.000,0.00000000,0.02962000,326.800,326.800,0,1,0.000,0.000,0,,0
TX_N220119_N220127_1,,N220119,N220127,,345.000,0.00000000,0.03314000,329.600,329.600,0,1,0.000,0.000,0,,0
TX_N220120_N220122_1,,N220120,N220122,,138.000,0.00000000,0.20059000,68.700,68.700,0,0,0.000,0.000,0,,0
TX_N220121_N220122_1,,N220121,N220122,,18.000,0.00000000,0.01000000,50.000,50.000,0,0,0.000,0.000,0,,0
TX_N220128_N220131_1,,N220128,N220131,,345.000,0.00000000,0.05972000,217.500,217.500,0,1,0.000,0.000,0,,0
TX_N220128_N220132_1,,N220128,N220132,,345.000,0.00000000,0.04257000,353.400,353.400,0,1,0.000,0.000,0,,0
TX_N220128_N220133_1,,N220128,N220133,,345.000,0.00000000,0.03599000,352.000,352.000,0,1,0.000,0.000,0,,0
TX_N220128_N220134_1,,N220128,N220134,,345.000,0.00000000,0.04294000,347.400,347.400,0,1,0.000,0.000,0,,0
TX_N220129_N220131_1,,N220129,N220131,,138.000,0.00000000,0.18618000,65.000,65.000,0,0,0.000,0.000,0,,0
TX_N220130_N220131_1,,N220130,N220131,,13.800,0.00000000,0.01000000,75.000,75.000,0,0,0.000,0.000,0,,0
TX_N220135_N220136_1,,N220135,N220136,,138.000,0.00000000,0.05335000,286.900,286.900,0,0,0.000,0.000,0,,0
TX_N220137_N220140_1,,N220137,N220140,,138.000,0.00000000,0.06661000,225.900,225.900,0,0,0.000,0.000,0,,0
TX_N220138_N220140_1,,N220138,N220140,,13.800,0.00000000,0.01000000,3.600,3.600,0,0,0.000,0.000,0,,0
TX_N220139_N220140_1,,N220139,N220140,,13.800,0.00000000,0.01000000,3.600,3.600,0,0,0.000,0.000,0,,0
TX_N220141_N220142_1,,N220141,N220142,,345.000,0.00000000,0.02660000,478.800,478.800,0,1,0.000,0.000,0,,0
TX_N220141_N220143_1,,N220141,N220143,,345.000,0.00000000,0.01809000,478.700,478.700,0,1,0.000,0.000,0,,0
TX_N220141_N220144_1,,N220141,N220144,,345.000,0.00000000,0.02443000,433.900,433.900,0,1,0.000,0.000,0,,0
TX_N220141_N220145_1,,N220141,N220145,,345.000,0.00000000,0.02889000,417.400,417.400,0,1,0.000,0.000,0,,0
TX_N220141_N220146_1,,N220141,N220146,,345.000,0.00000000,0.02426000,400.200,400.200,0,1,0.000,0.000,0,,0
TX_N220141_N220147_1,,N220141,N220147,,345.000,0.00000000,0.02973000,399.700,399.700,0,1,0.000,0.000,0,,0
TX_N220148_N220149_1,,N220148,N220149,,138.000,0.00000000,0.02935000,424.700,424.700,0,0,0.000,0.000,0,,0
TX_N220150_N220151_1,,N220150,N220151,,138.000,0.00000000,0.03169000,336.200,336.200,0,0,0.000,0.000,0,,0
TX_N220152_N220153_1,,N220152,N220153,,138.000,0.00000000,0.04851000,327.800,327.800,0,0,0.000,0.000,0,,0
TX_N220155_N220154_1,,N220155,N220154,,345.000,0.00000000,0.01718000,438.900,438.900,0,1,0.000,0.000,0,,0
TX_N220154_N220156_1,,N220154,N220156,,345.000,0.00000000,0.03622000,370.900,370.900,0,1,0.000,0.000,0,,0
TX_N220158_N220157_1,,N220158,N220157,,345.000,0.00000000,0.02424000,373.100,373.100,0,1,0.000,0.000,0,,0
TX_N220157_N220159_1,,N220157,N220159,,345.000,0.00000000,0.03009000,446.100,446.100,0,1,0.000,0.000,0,,0
TX_N220161_N220160_1,,N220161,N220160,,345.000,0.00000000,0.02001000,464.400,464.400,0,1,0.000,0.000,0,,0
TX_N220161_N220160_2,,N220161,N220160,,345.000,0.00000000,0.02001000,464.400,464.400,0,1,0.000,0.000,0,,0
TX_N220160_N220162_1,,N220160,N220162,,345.000,0.00000000,0.03998000,381.400,381.400,0,1,0.000,0.000,0,,0
TX_N220160_N220163_1,,N220160,N220163,,345.000,0.00000000,0.04285000,381.100,381.100,0,1,0.000,0.000,0,,0
TX_N220160_N220164_1,,N220160,N220164,,345.000,0.00000000,0.03497000,346.300,346.300,0,1,0.000,0.000,0,,0
TX_N220160_N220165_1,,N220160,N220165,,345.000,0.00000000,0.03714000,346.300,346.300,0,1,0.000,0.000,0,,0
TX_N220160_N220166_1,,N220160,N220166,,345.000,0.00000000,0.02595000,341.800,341.800,0,1,0.000,0.000,0,,0
TX_N220160_N220167_1,,N220160,N220167,,345.000,0.00000000,0.04082000,340.500,340.500,0,1,0.000,0.000,0,,0
TX_N220168_N220169_1,,N220168,N220169,,138.000,0.00000000,0.04381000,360.100,360.100,0,0,0.000,0.000,0,,0
TX_N220170_N220171_1,,N220170,N220171,,138.000,0.00000000,0.03845000,342.200,342.200,0,0,0.000,0.000,0,,0
TX_N220173_N220172_1,,N220173,N220172,,345.000,0.00000000,0.02381000,250.800,250.800,0,1,0.000,0.000,0,,0
TX_N220172_N220174_1,,N220172,N220174,,345.000,0.00000000,0.04715000,391.600,391.600,0,1,0.000,0.000,0,,0
TX_N220175_N220176_1,,N220175,N220176,,138.000,0.00000000,0.02834000,358.300,358.300,0,0,0.000,0.000,0,,0
TX_N220177_N220178_1,,N220177,N220178,,138.000,0.00000000,0.04221000,368.700,368.700,0,0,0.000,0.000,0,,0
TX_N220180_N220179_1,,N220180,N220179,,345.000,0.00000000,0.02485000,311.600,311.600,0,1,0.000,0.000,0,,0
TX_N220179_N220181_1,,N220179,N220181,,345.000,0.00000000,0.02984000,392.900,392.900,0,1,0.000,0.000,0,,0
TX_N220182_N220183_1,,N220182,N220183,,138.000,0.00000000,0.03037000,364.700,364.700,0,0,0.000,0.000,0,,0
TX_N220185_N220184_1,,N220185,N220184,,345.000,0.00000000,0.02952000,327.300,327.300,0,1,0.000,0.000,0,,0
TX_N220184_N220186_1,,N220184,N220186,,345.000,0.00000000,0.03331000,390.000,390.000,0,1,0.000,0.000,0,,0
TX_N220187_N220188_1,,N220187,N220188,,138.000,0.00000000,0.04158000,306.700,306.700,0,0,0.000,0.000,0,,0
TX_N220190_N220189_1,,N220190,N220189,,345.000,0.00000000,0.02343000,319.500,319.500,0,1,0.000,0.000,0,,0
TX_N220189_N220191_1,,N220189,N220191,,345.000,0.00000000,0.02634000,395.500,395.500,0,1,0.000,0.000,0,,0
TX_N220189_N220192_1,,N220189,N220192,,345.000,0.00000000,0.04134000,324.200,324.200,0,1,0.000,0.000,0,,0
TX_N220194_N220195_1,,N220194,N220195,,138.000,0.00000000,0.05434000,364.800,364.800,0,0,0.000,0.000,0,,0
TX_N220194_N220195_11,,N220194,N220195,,138.000,0.00000000,0.01000000,188.500,188.500,0,0,0.000,0.000,0,,0
TX_N220197_N220198_1,,N220197,N220198,,138.000,0.00000000,0.03875000,368.600,368.600,0,0,0.000,0.000,0,,0
TX_N220197_N220198_11,,N220197,N220198,,138.000,0.00000000,0.01000000,195.000,195.000,0,0,0.000,0.000,0,,0
TX_N220197_N220199_1,,N220197,N220199,,138.000,0.00000000,0.04912000,367.700,367.700,0,0,0.000,0.000,0,,0
TX_N220197_N220199_12,,N220197,N220199,,138.000,0.00000000,0.01000000,195.000,195.000,0,0,0.000,0.000,0,,0
TX_N220200_N220201_1,,N220200,N220201,,138.000,0.00000000,0.05187000,249.300,249.300,0,0,0.000,0.000,0,,0
TX_N220202_N220203_1,,N220202,N220203,,138.000,0.00000000,0.05918000,279.200,279.200,0,0,0.000,0.000,0,,0
TX_N220205_N220204_1,,N220205,N220204,,345.000,0.00000000,0.02290000,413.700,413.700,0,1,0.000,0.000,0,,0
TX_N220204_N220206_1,,N220204,N220206,,345.000,0.00000000,0.03904000,390.400,390.400,0,1,0.000,0.000,0,,0
TX_N220208_N220209_1,,N220208,N220209,,138.000,0.00000000,0.03119000,418.800,418.800,0,0,0.000,0.000,0,,0
TX_N220208_N220209_11,,N220208,N220209,,138.000,0.00000000,0.01000000,274.600,274.600,0,0,0.000,0.000,0,,0
TX_N220210_N220213_1,,N220210,N220213,,345.000,0.00000000,0.05886000,216.300,216.300,0,1,0.000,0.000,0,,0
TX_N220210_N220214_1,,N220210,N220214,,345.000,0.00000000,0.02661000,479.500,479.500,0,1,0.000,0.000,0,,0
TX_N220211_N220213_1,,N220211,N220213,,138.000,0.00000000,0.19722000,63.800,63.800,0,0,0.000,0.000,0,,0
TX_N220212_N220213_1,,N220212,N220213,,13.800,0.00000000,0.01000000,75.000,75.000,0,0,0.000,0.000,0,,0
TX_N220215_N220216_1,,N220215,N220216,,138.000,0.00000000,0.02631000,390.600,390.600,0,0,0.000,0.000,0,,0
TX_N220218_N220219_1,,N220218,N220219,,138.000,0.00000000,0.04405000,375.600,375.600,0,0,0.000,0.000,0,,0
TX_N220218_N220219_11,,N220218,N220219,,138.000,0.00000000,0.01000000,204.700,204.700,0,0,0.000,0.000,0,,0
TX_N220221_N220222_1,,N220221,N220222,,138.000,0.00000000,0.01101000,411.200,411.200,0,0,0.000,0.000,0,,0
TX_N220221_N220222_11,,N220221,N220222,,138.000,0.00000000,0.01000000,262.600,262.600,0,0,0.000,0.000,0,,0
TX_N220224_N220223_1,,N220224,N220223,,345.000,0.00000000,0.02179000,298.700,298.700,0,1,0.000,0.000,0,,0
TX_N220223_N220225_1,,N220223,N220225,,345.000,0.00000000,0.02481000,465.300,465.300,0,1,0.000,0.000,0,,0
TX_N220227_N220228_1,,N220227,N220228,,138.000,0.00000000,0.03070000,354.900,354.900,0,0,0.000,0.000,0,,0
TX_N220227_N220228_11,,N220227,N220228,,138.000,0.00000000,0.01000000,130.000,130.000,0,0,0.000,0.000,0,,0
TX_N220229_N220230_1,,N220229,N220230,,138.000,0.00000000,0.04489000,358.200,358.200,0,0,0.000,0.000,0,,0
TX_N220231_N220232_1,,N220231,N220232,,138.000,0.00000000,0.06844000,213.600,213.600,0,0,0.000,0.000,0,,0
TX_N220233_N220234_1,,N220233,N220234,,138.000,0.00000000,0.03279000,367.500,367.500,0,0,0.000,0.000,0,,0
TX_N220235_N220236_1,,N220235,N220236,,138.000,0.00000000,0.05003000,302.200,302.200,0,0,0.000,0.000,0,,0
TX_N220238_N220240_1,,N220238,N220240,,138.000,0.00000000,0.12355000,62.100,62.100,0,0,0.000,0.000,0,,0
TX_N220238_N220240_10,,N220238,N220240,,138.000,0.00000000,0.01000000,239.000,239.000,0,0,0.000,0.000,0,,0
TX_N220238_N220241_1,,N220238,N220241,,138.000,0.00000000,0.04804000,301.700,301.700,0,0,0.000,0.000,0,,0
TX_N220238_N220241_11,,N220238,N220241,,138.000,0.00000000,0.01000000,65.000,65.000,0,0,0.000,0.000,0,,0
TX_N220239_N220240_1,,N220239,N220240,,13.800,0.00000000,0.01000000,75.000,75.000,0,0,0.000,0.000,0,,0
TX_N220242_N220243_1,,N220242,N220243,,138.000,0.00000000,0.05209000,192.900,192.900,0,0,0.000,0.000,0,,0
TX_N220244_N220245_1,,N220244,N220245,,138.000,0.00000000,0.03797000,388.500,388.500,0,0,0.000,0.000,0,,0
TX_N220246_N220247_1,,N220246,N220247,,138.000,0.00000000,0.03941000,299.700,299.700,0,0,0.000,0.000,0,,0
TX_N220249_N220248_1,,N220249,N220248,,345.000,0.00000000,0.02518000,207.100,207.100,0,1,0.000,0.000,0,,0
TX_N220248_N220250_1,,N220248,N220250,,345.000,0.00000000,0.02955000,511.700,511.700,0,1,0.000,0.000,0,,0
TX_N220252_N220253_1,,N220252,N220253,,138.000,0.00000000,0.02318000,354.400,354.400,0,0,0.000,0.000,0,,0
TX_N220252_N220253_11,,N220252,N220253,,138.000,0.00000000,0.01000000,130.000,130.000,0,0,0.000,0.000,0,,0
TX_N220255_N220256_1,,N220255,N220256,,138.000,0.00000000,0.03557000,352.900,352.900,0,0,0.000,0.000,0,,0
TX_N220255_N220256_11,,N220255,N220256,,138.000,0.00000000,0.01000000,130.000,130.000,0,0,0.000,0.000,0,,0
TX_N230069_N230068_1,,N230069,N230068,,345.000,0.00000000,0.02962000,494.300,494.300,0,1,0.000,0.000,0,,0
TX_N230069_N230068_2,,N230069,N230068,,345.000,0.00000000,0.02962000,494.300,494.300,0,1,0.000,0.000,0,,0
TX_N230073_N230072_1,,N230073,N230072,,345.000,0.00000000,0.03129000,407.600,407.600,0,1,0.000,0.000,0,,0
TX_N230081_N230080_1,,N230081,N230080,,345.000,0.00000000,0.02300000,492.300,492.300,0,1,0.000,0.000,0,,0
TX_N230081_N230080_2,,N230081,N230080,,345.000,0.00000000,0.02300000,492.300,492.300,0,1,0.000,0.000,0,,0
TX_N230208_N230207_1,,N230208,N230207,,345.000,0.00000000,0.02558000,393.700,393.700,0,1,0.000,0.000,0,,0
TX_N230235_N230234_1,,N230235,N230234,,345.000,0.00000000,0.02743000,469.500,469.500,0,1,0.000,0.000,0,,0
TX_N230235_N230234_2,,N230235,N230234,,345.000,0.00000000,0.02743000,469.500,469.500,0,1,0.000,0.000,0,,0
TX_N230243_N230242_1,,N230243,N230242,,345.000,0.00000000,0.01862000,484.800,484.800,0,1,0.000,0.000,0,,0
TX_N230243_N230242_2,,N230243,N230242,,345.000,0.00000000,0.01862000,484.800,484.800,0,1,0.000,0.000,0,,0
TX_N230258_N230257_1,,N230258,N230257,,345.000,0.00000000,0.02567000,550.000,550.000,0,1,0.000,0.000,0,,0
TX_N230257_N230259_1,,N230257,N230259,,345.000,0.00000000,0.00953000,1115.400,1115.400,0,1,0.000,0.000,0,,0
TX_N230257_N230260_1,,N230257,N230260,,345.000,0.00000000,0.01328000,1080.300,1080.300,0,1,0.000,0.000,0,,0
TX_N230261_N230262_1,,N230261,N230262,,138.000,0.00000000,0.06118000,272.800,272.800,0,0,0.000,0.000,0,,0
TX_N230263_N230264_1,,N230263,N230264,,345.000,0.00000000,0.01873000,767.000,767.000,0,1,0.000,0.000,0,,0
TX_N230263_N230265_1,,N230263,N230265,,345.000,0.00000000,0.01341000,767.000,767.000,0,1,0.000,0.000,0,,0
TX_N230263_N230266_1,,N230263,N230266,,345.000,0.00000000,0.02628000,574.900,574.900,0,1,0.000,0.000,0,,0
TX_N230267_N230270_1,,N230267,N230270,,345.000,0.00000000,0.06083000,213.600,213.600,0,1,0.000,0.000,0,,0
TX_N230267_N230271_1,,N230267,N230271,,345.000,0.00000000,0.01147000,1111.500,1111.500,0,1,0.000,0.000,0,,0
TX_N230267_N230272_1,,N230267,N230272,,345.000,0.00000000,0.01432000,1111.500,1111.500,0,1,0.000,0.000,0,,0
TX_N230268_N230270_1,,N230268,N230270,,138.000,0.00000000,0.17190000,83.000,83.000,0,0,0.000,0.000,0,,0
TX_N230269_N230270_1,,N230269,N230270,,13.800,0.00000000,0.01000000,75.000,75.000,0,0,0.000,0.000,0,,0
TX_N230274_N230273_1,,N230274,N230273,,345.000,0.00000000,0.03637000,398.600,398.600,0,1,0.000,0.000,0,,0
TX_N230273_N230275_1,,N230273,N230275,,345.000,0.00000000,0.03995000,375.300,375.300,0,1,0.000,0.000,0,,0
TX_N230273_N230276_1,,N230273,N230276,,345.000,0.00000000,0.03505000,388.100,388.100,0,1,0.000,0.000,0,,0
TX_N230277_N230280_1,,N230277,N230280,,345.000,0.00000000,0.06247000,211.600,211.600,0,1,0.000,0.000,0,,0
TX_N230277_N230281_1,,N230277,N230281,,345.000,0.00000000,0.02516000,411.800,411.800,0,1,0.000,0.000,0,,0
TX_N230277_N230282_1,,N230277,N230282,,345.000,0.00000000,0.02804000,416.600,416.600,0,1,0.000,0.000,0,,0
TX_N230278_N230280_1,,N230278,N230280,,138.000,0.00000000,0.08068000,200.000,200.000,0,0,0.000,0.000,0,,0
TX_N230279_N230280_1,,N230279,N230280,,13.800,0.00000000,0.01000000,75.000,75.000,0,0,0.000,0.000,0,,0
TX_N230283_N230284_1,,N230283,N230284,,345.000,0.00000000,0.01843000,560.300,560.300,0,1,0.000,0.000,0,,0
TX_N230283_N230285_1,,N230283,N230285,,345.000,0.00000000,0.03130000,419.600,419.600,0,1,0.000,0.000,0,,0
TX_N230283_N230286_1,,N230283,N230286,,345.000,0.00000000,0.02865000,419.200,419.200,0,1,0.000,0.000,0,,0
TX_N230283_N230287_1,,N230283,N230287,,345.000,0.00000000,0.02244000,418.700,418.700,0,1,0.000,0.000,0,,0
TX_N230289_N230288_1,,N230289,N230288,,345.000,0.00000000,0.02611000,469.800,469.800,0,1,0.000,0.000,0,,0
TX_N230289_N230288_2,,N230289,N230288,,345.000,0.00000000,0.02611000,469.800,469.800,0,1,0.000,0.000,0,,0
TX_N230288_N230291_1,,N230288,N230291,,345.000,0.00000000,0.02460000,252.900,252.900,0,1,0.000,0.000,0,,0
TX_N230289_N230290_1,,N230289,N230290,,138.000,0.00000000,0.04216000,298.600,298.600,0,0,0.000,0.000,0,,0
TX_N230292_N230293_1,,N230292,N230293,,138.000,0.00000000,0.03836000,267.900,267.900,0,0,0.000,0.000,0,,0
TX_N230292_N230294_1,,N230292,N230294,,138.000,0.00000000,0.04785000,267.500,267.500,0,0,0.000,0.000,0,,0
TX_N230292_N230295_1,,N230292,N230295,,138.000,0.00000000,0.04576000,266.800,266.800,0,0,0.000,0.000,0,,0
TX_N230296_N230297_1,,N230296,N230297,,138.000,0.00000000,0.02731000,223.500,223.500,0,0,0.000,0.000,0,,0
TX_N240012_N240015_1,,N240012,N240015,,345.000,0.00000000,0.04975000,207.100,207.100,0,1,0.000,0.000,0,,0
TX_N240013_N240015_1,,N240013,N240015,,138.000,0.00000000,0.19545000,54.000,54.000,0,0,0.000,0.000,0,,0
TX_N240014_N240015_1,,N240014,N240015,,18.000,0.00000000,0.01000000,50.000,50.000,0,0,0.000,0.000,0,,0
TX_N240030_N240032_1,,N240030,N240032,,138.000,0.00000000,0.37426000,47.400,47.400,0,0,0.000,0.000,0,,0
TX_N240030_N240032_10,,N240030,N240032,,138.000,0.00000000,0.01000000,239.000,239.000,0,0,0.000,0.000,0,,0
TX_N240031_N240032_1,,N240031,N240032,,13.800,0.00000000,0.01000000,75.000,75.000,0,0,0.000,0.000,0,,0
TX_N240166_N240169_1,,N240166,N240169,,345.000,0.00000000,0.04911000,201.700,201.700,0,1,0.000,0.000,0,,0
TX_N240167_N240169_1,,N240167,N240169,,138.000,0.00000000,0.17955000,38.200,38.200,0,0,0.000,0.000,0,,0
TX_N240168_N240169_1,,N240168,N240169,,13.800,0.00000000,0.01000000,75.000,75.000,0,0,0.000,0.000,0,,0
TX_N240180_N240183_1,,N240180,N240183,,345.000,0.00000000,0.03362000,196.400,196.400,0,1,0.000,0.000,0,,0
TX_N240181_N240183_1,,N240181,N240183,,138.000,0.00000000,0.31598000,29.700,29.700,0,0,0.000,0.000,0,,0
TX_N240182_N240183_1,,N240182,N240183,,13.800,0.00000000,0.01000000,100.000,100.000,0,0,0.000,0.000,0,,0
TX_N240194_N240195_1,,N240194,N240195,,345.000,0.00000000,0.02806000,338.400,338.400,0,1,0.000,0.000,0,,0
TX_N240194_N240196_1,,N240194,N240196,,345.000,0.00000000,0.04005000,333.800,333.800,0,1,0.000,0.000,0,,0
TX_N240194_N240197_1,,N240194,N240197,,345.000,0.00000000,0.04308000,331.100,331.100,0,1,0.000,0.000,0,,0
TX_N240194_N240198_1,,N240194,N240198,,345.000,0.00000000,0.04118000,336.900,336.900,0,1,0.000,0.000,0,,0
TX_N240194_N240199_1,,N240194,N240199,,345.000,0.00000000,0.04376000,340.200,340.200,0,1,0.000,0.000,0,,0
TX_N240194_N240200_1,,N240194,N240200,,345.000,0.00000000,0.02542000,339.000,339.000,0,1,0.000,0.000,0,,0
TX_N240201_N240202_1,,N240201,N240202,,138.000,0.00000000,0.04561000,306.600,306.600,0,0,0.000,0.000,0,,0
TX_N240203_N240206_1,,N240203,N240206,,138.000,0.00000000,0.06069000,180.600,180.600,0,0,0.000,0.000,0,,0
TX_N240203_N240207_1,,N240203,N240207,,138.000,0.00000000,0.05560000,180.400,180.400,0,0,0.000,0.000,0,,0
TX_N240204_N240206_1,,N240204,N240206,,13.800,0.00000000,0.01000000,0.700,0.700,0,0,0.000,0.000,0,,0
TX_N240205_N240206_1,,N240205,N240206,,13.800,0.00000000,0.01000000,0.700,0.700,0,0,0.000,0.000,0,,0
TX_N240209_N240208_1,,N240209,N240208,,345.000,0.00000000,0.02631000,373.000,373.000,0,1,0.000,0.000,0,,0
TX_N240208_N240210_1,,N240208,N240210,,345.000,0.00000000,0.02683000,411.300,411.300,0,1,0.000,0.000,0,,0
TX_N240211_N240212_1,,N240211,N240212,,138.000,0.00000000,0.05092000,293.800,293.800,0,0,0.000,0.000,0,,0
TX_N240213_N240214_1,,N240213,N240214,,138.000,0.00000000,0.04779000,346.900,346.900,0,0,0.000,0.000,0,,0
TX_N240216_N240215_1,,N240216,N240215,,345.000,0.00000000,0.03034000,275.600,275.600,0,1,0.000,0.000,0,,0
TX_N240215_N240217_1,,N240215,N240217,,345.000,0.00000000,0.03208000,392.100,392.100,0,1,0.000,0.000,0,,0
TX_N240218_N240219_1,,N240218,N240219,,138.000,0.00000000,0.03043000,357.400,357.400,0,0,0.000,0.000,0,,0
TX_N240220_N240221_1,,N240220,N240221,,345.000,0.00000000,0.02840000,534.000,534.000,0,1,0.000,0.000,0,,0
TX_N240220_N240222_1,,N240220,N240222,,345.000,0.00000000,0.02422000,500.900,500.900,0,1,0.000,0.000,0,,0
TX_N240220_N240223_1,,N240220,N240223,,345.000,0.00000000,0.02372000,495.700,495.700,0,1,0.000,0.000,0,,0
TX_N240224_N240225_1,,N240224,N240225,,138.000,0.00000000,0.03101000,362.300,362.300,0,0,0.000,0.000,0,,0
TX_N240227_N240226_1,,N240227,N240226,,345.000,0.00000000,0.02618000,337.800,337.800,0,1,0.000,0.000,0,,0
TX_N240226_N240228_1,,N240226,N240228,,345.000,0.00000000,0.02827000,506.500,506.500,0,1,0.000,0.000,0,,0
TX_N240229_N240230_1,,N240229,N240230,,138.000,0.00000000,0.04070000,329.500,329.500,0,0,0.000,0.000,0,,0
TX_N240232_N240231_1,,N240232,N240231,,345.000,0.00000000,0.02892000,452.500,452.500,0,1,0.000,0.000,0,,0
TX_N240232_N240231_2,,N240232,N240231,,345.000,0.00000000,0.02892000,452.500,452.500,0,1,0.000,0.000,0,,0
TX_N240231_N240233_1,,N240231,N240233,,345.000,0.00000000,0.02612000,470.600,470.600,0,1,0.000,0.000,0,,0
TX_N240235_N240234_1,,N240235,N240234,,345.000,0.00000000,0.01005000,370.300,370.300,0,1,0.000,0.000,0,,0
TX_N240234_N240236_1,,N240234,N240236,,345.000,0.00000000,0.01538000,468.900,468.900,0,1,0.000,0.000,0,,0
TX_N240238_N240237_1,,N240238,N240237,,345.000,0.00000000,0.01118000,258.900,258.900,0,1,0.000,0.000,0,,0
TX_N240237_N240239_1,,N240237,N240239,,345.000,0.00000000,0.02635000,505.600,505.600,0,1,0.000,0.000,0,,0
TX_N240240_N240241_1,,N240240,N240241,,138.000,0.00000000,0.03958000,362.200,362.200,0,0,0.000,0.000,0,,0
TX_N240243_N240242_1,,N240243,N240242,,345.000,0.00000000,0.02277000,388.100,388.100,0,1,0.000,0.000,0,,0
TX_N240242_N240244_1,,N240242,N240244,,345.000,0.00000000,0.03071000,481.600,481.600,0,1,0.000,0.000,0,,0
TX_N240245_N240246_1,,N240245,N240246,,138.000,0.00000000,0.03533000,311.900,311.900,0,0,0.000,0.000,0,,0
TX_N240247_N240248_1,,N240247,N240248,,138.000,0.00000000,0.02926000,384.500,384.500,0,0,0.000,0.000,0,,0
TX_N240249_N240250_1,,N240249,N240250,,138.000,0.00000000,0.04686000,356.000,356.000,0,0,0.000,0.000,0,,0
TX_N240251_N240254_1,,N240251,N240254,,345.000,0.00000000,0.06677000,182.500,182.500,0,1,0.000,0.000,0,,0
TX_N240251_N240255_1,,N240251,N240255,,345.000,0.00000000,0.01234000,369.100,369.100,0,1,0.000,0.000,0,,0
TX_N240251_N240256_1,,N240251,N240256,,345.000,0.00000000,0.03677000,344.800,344.800,0,1,0.000,0.000,0,,0
TX_N240252_N240254_1,,N240252,N240254,,138.000,0.00000000,0.59430000,27.700,27.700,0,0,0.000,0.000,0,,0
TX_N240253_N240254_1,,N240253,N240254,,13.800,0.00000000,0.01000000,100.000,100.000,0,0,0.000,0.000,0,,0
TX_N240257_N240258_1,,N240257,N240258,,345.000,0.00000000,0.01778000,495.900,495.900,0,1,0.000,0.000,0,,0
TX_N240257_N240259_1,,N240257,N240259,,345.000,0.00000000,0.01310000,464.600,464.600,0,1,0.000,0.000,0,,0
TX_N240257_N240260_1,,N240257,N240260,,345.000,0.00000000,0.02846000,406.600,406.600,0,1,0.000,0.000,0,,0
TX_N240257_N240261_1,,N240257,N240261,,345.000,0.00000000,0.03152000,389.000,389.000,0,1,0.000,0.000,0,,0
TX_N240262_N240265_1,,N240262,N240265,,345.000,0.00000000,0.08290000,120.900,120.900,0,1,0.000,0.000,0,,0
TX_N240262_N240266_1,,N240262,N240266,,345.000,0.00000000,0.01756000,452.300,452.300,0,1,0.000,0.000,0,,0
TX_N240263_N240265_1,,N240263,N240265,,138.000,0.00000000,0.36428000,26.300,26.300,0,0,0.000,0.000,0,,0
TX_N240264_N240265_1,,N240264,N240265,,13.800,0.00000000,0.01000000,75.000,75.000,0,0,0.000,0.000,0,,0
TX_N240268_N240267_1,,N240268,N240267,,345.000,0.00000000,0.01749000,347.600,347.600,0,1,0.000,0.000,0,,0
TX_N240267_N240269_1,,N240267,N240269,,345.000,0.00000000,0.02698000,391.000,391.000,0,1,0.000,0.000,0,,0
TX_N240271_N240270_1,,N240271,N240270,,345.000,0.00000000,0.02692000,483.100,483.100,0,1,0.000,0.000,0,,0
TX_N240271_N240270_2,,N240271,N240270,,345.000,0.00000000,0.02692000,483.100,483.100,0,1,0.000,0.000,0,,0
TX_N240270_N240272_1,,N240270,N240272,,345.000,0.00000000,0.02212000,435.600,435.600,0,1,0.000,0.000,0,,0
TX_N240274_N240273_1,,N240274,N240273,,345.000,0.00000000,0.01913000,379.800,379.800,0,1,0.000,0.000,0,,0
TX_N240273_N240275_1,,N240273,N240275,,345.000,0.00000000,0.02716000,468.200,468.200,0,1,0.000,0.000,0,,0
TX_N240277_N240276_1,,N240277,N240276,,345.000,0.00000000,0.03334000,358.700,358.700,0,1,0.000,0.000,0,,0
TX_N240276_N240278_1,,N240276,N240278,,345.000,0.00000000,0.02224000,513.400,513.400,0,1,0.000,0.000,0,,0
TX_N240279_N240280_1,,N240279,N240280,,138.000,0.00000000,0.03479000,412.900,412.900,0,0,0.000,0.000,0,,0
TX_N240281_N240282_1,,N240281,N240282,,138.000,0.00000000,0.03327000,366.800,366.800,0,0,0.000,0.000,0,,0
TX_N240283_N240284_1,,N240283,N240284,,138.000,0.00000000,0.04057000,322.100,322.100,0,0,0.000,0.000,0,,0
TX_N240283_N240285_1,,N240283,N240285,,138.000,0.00000000,0.04464000,321.900,321.900,0,0,0.000,0.000,0,,0
TX_N240287_N240286_1,,N240287,N240286,,345.000,0.00000000,0.02106000,348.500,348.500,0,1,0.000,0.000,0,,0
TX_N240286_N240288_1,,N240286,N240288,,345.000,0.00000000,0.03382000,381.900,381.900,0,1,0.000,0.000,0,,0
TX_N240290_N240291_1,,N240290,N240291,,138.000,0.00000000,0.03547000,366.000,366.000,0,0,0.000,0.000,0,,0
TX_N240290_N240291_11,,N240290,N240291,,138.000,0.00000000,0.01000000,194.100,194.100,0,0,0.000,0.000,0,,0
TX_N240292_N240293_1,,N240292,N240293,,138.000,0.00000000,0.03500000,419.800,419.800,0,0,0.000,0.000,0,,0
TX_N240295_N240296_1,,N240295,N240296,,138.000,0.00000000,0.02122000,376.800,376.800,0,0,0.000,0.000,0,,0
TX_N240295_N240296_11,,N240295,N240296,,138.000,0.00000000,0.01000000,208.000,208.000,0,0,0.000,0.000,0,,0
TX_N240297_N240298_1,,N240297,N240298,,138.000,0.00000000,0.03374000,276.400,276.400,0,0,0.000,0.000,0,,0
TX_N240300_N240299_1,,N240300,N240299,,345.000,0.00000000,0.01970000,362.500,362.500,0,1,0.000,0.000,0,,0
TX_N240299_N240301_1,,N240299,N240301,,345.000,0.00000000,0.01996000,511.400,511.400,0,1,0.000,0.000,0,,0
TX_N240303_N240302_1,,N240303,N240302,,345.000,0.00000000,0.03583000,387.200,387.200,0,1,0.000,0.000,0,,0
TX_N240302_N240304_1,,N240302,N240304,,345.000,0.00000000,0.02125000,538.300,538.300,0,1,0.000,0.000,0,,0
TX_N240306_N240305_1,,N240306,N240305,,345.000,0.00000000,0.01530000,416.200,416.200,0,1,0.000,0.000,0,,0
TX_N240305_N240307_1,,N240305,N240307,,345.000,0.00000000,0.02829000,407.400,407.400,0,1,0.000,0.000,0,,0
TX_N240308_N240311_1,,N240308,N240311,,345.000,0.00000000,0.22006000,61.700,61.700,0,1,0.000,0.000,0,,0
TX_N240308_N240312_1,,N240308,N240312,,345.000,0.00000000,0.01319000,467.600,467.600,0,1,0.000,0.000,0,,0
TX_N240309_N240311_1,,N240309,N240311,,138.000,0.00000000,0.59763000,23.200,23.200,0,0,0.000,0.000,0,,0
TX_N240310_N240311_1,,N240310,N240311,,13.800,0.00000000,0.01000000,75.000,75.000,0,0,0.000,0.000,0,,0
TX_N240313_N240314_1,,N240313,N240314,,138.000,0.00000000,0.05464000,231.000,231.000,0,0,0.000,0.000,0,,0
TX_N240316_N240315_1,,N240316,N240315,,345.000,0.00000000,0.01556000,401.400,401.400,0,1,0.000,0.000,0,,0
TX_N240315_N240317_1,,N240315,N240317,,345.000,0.00000000,0.02960000,541.800,541.800,0,1,0.000,0.000,0,,0
TX_N240319_N240318_1,,N240319,N240318,,345.000,0.00000000,0.02700000,409.100,409.100,0,1,0.000,0.000,0,,0
TX_N240318_N240320_1,,N240318,N240320,,345.000,0.00000000,0.02488000,537.300,537.300,0,1,0.000,0.000,0,,0
TX_N250218_N250217_1,,N250218,N250217,,345.000,0.00000000,0.02633000,621.500,621.500,0,1,0.000,0.000,0,,0
TX_N250218_N250217_2,,N250218,N250217,,345.000,0.00000000,0.02633000,621.500,621.500,0,1,0.000,0.000,0,,0
TX_N250224_N250223_1,,N250224,N250223,,345.000,0.00000000,0.02128000,650.000,650.000,0,1,0.000,0.000,0,,0
TX_N250224_N250223_2,,N250224,N250223,,345.000,0.00000000,0.02128000,650.000,650.000,0,1,0.000,0.000,0,,0
TX_N250234_N250233_1,,N250234,N250233,,345.000,0.00000000,0.04041000,431.000,431.000,0,1,0.000,0.000,0,,0
TX_N250258_N250257_1,,N250258,N250257,,345.000,0.00000000,0.03554000,412.600,412.600,0,1,0.000,0.000,0,,0
TX_N250303_N250305_1,,N250303,N250305,,138.000,0.00000000,0.96754000,14.600,14.600,0,0,0.000,0.000,0,,0
TX_N250303_N250305_10,,N250303,N250305,,138.000,0.00000000,0.01000000,239.000,239.000,0,0,0.000,0.000,0,,0
TX_N250304_N250305_1,,N250304,N250305,,13.800,0.00000000,0.01000000,75.000,75.000,0,0,0.000,0.000,0,,0
TX_N250329_N250328_1,,N250329,N250328,,345.000,0.00000000,0.01929000,432.000,432.000,0,1,0.000,0.000,0,,0
TX_N250329_N250328_2,,N250329,N250328,,345.000,0.00000000,0.01929000,432.000,432.000,0,1,0.000,0.000,0,,0
TX_N250346_N250345_1,,N250346,N250345,,345.000,0.00000000,0.02390000,485.600,485.600,0,1,0.000,0.000,0,,0
TX_N250346_N250345_2,,N250346,N250345,,345.000,0.00000000,0.02390000,485.600,485.600,0,1,0.000,0.000,0,,0
TX_N250345_N250347_1,,N250345,N250347,,345.000,0.00000000,0.02070000,652.600,652.600,0,1,0.000,0.000,0,,0
TX_N250345_N250348_1,,N250345,N250348,,345.000,0.00000000,0.00913000,445.200,445.200,0,1,0.000,0.000,0,,0
TX_N250345_N250349_1,,N250345,N250349,,345.000,0.00000000,0.03633000,252.600,252.600,0,1,0.000,0.000,0,,0
TX_N250346_N250350_1,,N250346,N250350,,138.000,0.00000000,0.06698000,212.900,212.900,0,0,0.000,0.000,0,,0
TX_N250346_N250351_1,,N250346,N250351,,138.000,0.00000000,0.06580000,192.800,192.800,0,0,0.000,0.000,0,,0
TX_N250353_N250352_1,,N250353,N250352,,345.000,0.00000000,0.02517000,419.700,419.700,0,1,0.000,0.000,0,,0
TX_N250352_N250354_1,,N250352,N250354,,345.000,0.00000000,0.02978000,506.100,506.100,0,1,0.000,0.000,0,,0
TX_N250352_N250355_1,,N250352,N250355,,345.000,0.00000000,0.06180000,243.500,243.500,0,1,0.000,0.000,0,,0
TX_N250352_N250356_1,,N250352,N250356,,345.000,0.00000000,0.04633000,243.300,243.300,0,1,0.000,0.000,0,,0
TX_N250357_N250358_1,,N250357,N250358,,345.000,0.00000000,0.01213000,1040.000,1040.000,0,1,0.000,0.000,0,,0
TX_N250357_N250359_1,,N250357,N250359,,345.000,0.00000000,0.01342000,1046.500,1046.500,0,1,0.000,0.000,0,,0
TX_N250357_N250360_1,,N250357,N250360,,345.000,0.00000000,0.00287000,1046.500,1046.500,0,1,0.000,0.000,0,,0
TX_N250361_N250362_1,,N250361,N250362,,345.000,0.00000000,0.02046000,563.000,563.000,0,1,0.000,0.000,0,,0
TX_N250361_N250363_1,,N250361,N250363,,345.000,0.00000000,0.03089000,400.800,400.800,0,1,0.000,0.000,0,,0
TX_N250361_N250364_1,,N250361,N250364,,345.000,0.00000000,0.03658000,404.800,404.800,0,1,0.000,0.000,0,,0
TX_N250361_N250365_1,,N250361,N250365,,345.000,0.00000000,0.02685000,400.600,400.600,0,1,0.000,0.000,0,,0
TX_N250366_N250367_1,,N250366,N250367,,345.000,0.00000000,0.03473000,461.500,461.500,0,1,0.000,0.000,0,,0
TX_N250366_N250368_1,,N250366,N250368,,345.000,0.00000000,0.01963000,454.300,454.300,0,1,0.000,0.000,0,,0
TX_N250366_N250369_1,,N250366,N250369,,345.000,0.00000000,0.02607000,416.000,416.000,0,1,0.000,0.000,0,,0
TX_N250366_N250370_1,,N250366,N250370,,345.000,0.00000000,0.01934000,413.500,413.500,0,1,0.000,0.000,0,,0
TX_N250366_N250371_1,,N250366,N250371,,345.000,0.00000000,0.02624000,403.500,403.500,0,1,0.000,0.000,0,,0
TX_N250366_N250372_1,,N250366,N250372,,345.000,0.00000000,0.02707000,402.500,402.500,0,1,0.000,0.000,0,,0
TX_N250373_N250374_1,,N250373,N250374,,138.000,0.00000000,0.04306000,352.000,352.000,0,0,0.000,0.000,0,,0
TX_N250375_N250376_1,,N250375,N250376,,138.000,0.00000000,0.02478000,249.300,249.300,0,0,0.000,0.000,0,,0
TX_N260023_N260022_1,,N260023,N260022,,138.000,0.00000000,0.04557000,306.000,306.000,0,0,0.000,0.000,0,,0
TX_N260025_N260024_1,,N260025,N260024,,138.000,0.00000000,0.05014000,83.400,83.400,0,0,0.000,0.000,0,,0
TX_N260034_N260033_1,,N260034,N260033,,138.000,0.00000000,0.05812000,227.800,227.800,0,0,0.000,0.000,0,,0
TX_N260036_N260035_1,,N260036,N260035,,138.000,0.00000000,0.05119000,233.300,233.300,0,0,0.000,0.000,0,,0
TX_N260038_N260041_1,,N260038,N260041,,138.000,0.00000000,1.54669000,11.700,11.700,0,0,0.000,0.000,0,,0
TX_N260039_N260041_1,,N260039,N260041,,69.000,0.00000000,0.00100000,115.000,115.000,0,0,0.000,0.000,0,,0
TX_N260040_N260041_1,,N260040,N260041,,13.800,0.00000000,0.01000000,75.000,75.000,0,0,0.000,0.000,0,,0
TX_N260043_N260042_1,,N260043,N260042,,138.000,0.00000000,0.04986000,293.900,293.900,0,0,0.000,0.000,0,,0
TX_N260045_N260044_1,,N260045,N260044,,138.000,0.00000000,0.02376000,375.200,375.200,0,0,0.000,0.000,0,,0
TX_N260045_N260044_2,,N260045,N260044,,138.000,0.00000000,0.02376000,375.200,375.200,0,0,0.000,0.000,0,,0
TX_N260048_N260047_1,,N260048,N260047,,138.000,0.00000000,0.04574000,374.600,374.600,0,0,0.000,0.000,0,,0
TX_N260050_N260049_1,,N260050,N260049,,138.000,0.00000000,0.02384000,284.100,284.100,0,0,0.000,0.000,0,,0
TX_N260063_N260062_1,,N260063,N260062,,138.000,0.00000000,0.05319000,237.500,237.500,0,0,0.000,0.000,0,,0
TX_N260065_N260064_1,,N260065,N260064,,138.000,0.00000000,0.04484000,231.200,231.200,0,0,0.000,0.000,0,,0
TX_N260074_N260073_1,,N260074,N260073,,138.000,0.00000000,0.05371000,295.900,295.900,0,0,0.000,0.000,0,,0
TX_N260077_N260076_1,,N260077,N260076,,138.000,0.00000000,0.05499000,227.200,227.200,0,0,0.000,0.000,0,,0
TX_N260085_N260084_1,,N260085,N260084,,138.000,0.00000000,0.05719000,240.500,240.500,0,0,0.000,0.000,0,,0
TX_N260089_N260088_1,,N260089,N260088,,138.000,0.00000000,0.04615000,141.700,141.700,0,0,0.000,0.000,0,,0
TX_N260091_N260090_1,,N260091,N260090,,138.000,0.00000000,0.04857000,181.400,181.400,0,0,0.000,0.000,0,,0
TX_N260093_N260092_1,,N260093,N260092,,138.000,0.00000000,0.04803000,171.100,171.100,0,0,0.000,0.000,0,,0
TX_N260104_N260103_1,,N260104,N260103,,138.000,0.00000000,0.05729000,250.100,250.100,0,0,0.000,0.000,0,,0
TX_N260106_N260105_1,,N260106,N260105,,345.000,0.00000000,0.03239000,896.900,896.900,0,1,0.000,0.000,0,,0
TX_N260106_N260105_2,,N260106,N260105,,345.000,0.00000000,0.03239000,896.900,896.900,0,1,0.000,0.000,0,,0
TX_N260107_N260106_1,,N260107,N260106,,138.000,0.00000000,0.06103000,288.600,288.600,0,0,0.000,0.000,0,,0
TX_N260108_N260111_1,,N260108,N260111,,138.000,0.00000000,2.12701000,8.000,8.000,0,0,0.000,0.000,0,,0
TX_N260109_N260111_1,,N260109,N260111,,69.000,0.00000000,0.00100000,115.000,115.000,0,0,0.000,0.000,0,,0
TX_N260110_N260111_1,,N260110,N260111,,13.800,0.00000000,0.01000000,75.000,75.000,0,0,0.000,0.000,0,,0
TX_N260114_N260113_1,,N260114,N260113,,138.000,0.00000000,0.04802000,256.300,256.300,0,0,0.000,0.000,0,,0
TX_N260117_N260116_1,,N260117,N260116,,138.000,0.00000000,0.05750000,229.400,229.400,0,0,0.000,0.000,0,,0
TX_N260120_N260119_1,,N260120,N260119,,345.000,0.00000000,0.02118000,1173.000,1173.000,0,1,0.000,0.000,0,,0
TX_N260120_N260119_2,,N260120,N260119,,345.000,0.00000000,0.02118000,1173.000,1173.000,0,1,0.000,0.000,0,,0
TX_N260121_N260120_1,,N260121,N260120,,138.000,0.00000000,0.06582000,305.600,305.600,0,0,0.000,0.000,0,,0
TX_N260123_N260122_1,,N260123,N260122,,138.000,0.00000000,0.05926000,303.600,303.600,0,0,0.000,0.000,0,,0
TX_N260129_N260128_1,,N260129,N260128,,138.000,0.00000000,0.02790000,361.400,361.400,0,0,0.000,0.000,0,,0
TX_N260134_N260133_1,,N260134,N260133,,138.000,0.00000000,0.05748000,73.800,73.800,0,0,0.000,0.000,0,,0
TX_N260138_N260137_1,,N260138,N260137,,345.000,0.00000000,0.02856000,754.900,754.900,0,1,0.000,0.000,0,,0
TX_N260138_N260137_2,,N260138,N260137,,345.000,0.00000000,0.02856000,754.900,754.900,0,1,0.000,0.000,0,,0
TX_N260139_N260138_1,,N260139,N260138,,138.000,0.00000000,0.06470000,302.500,302.500,0,0,0.000,0.000,0,,0
TX_N260142_N260141_1,,N260142,N260141,,138.000,0.00000000,0.05031000,306.000,306.000,0,0,0.000,0.000,0,,0
TX_N260144_N260143_1,,N260144,N260143,,138.000,0.00000000,0.05184000,260.000,260.000,0,0,0.000,0.000,0,,0
TX_N260146_N260145_1,,N260146,N260145,,138.000,0.00000000,0.05658000,153.400,153.400,0,0,0.000,0.000,0,,0
TX_N260152_N260151_1,,N260152,N260151,,138.000,0.00000000,0.03653000,301.900,301.900,0,0,0.000,0.000,0,,0
TX_N260156_N260155_1,,N260156,N260155,,138.000,0.00000000,0.04918000,231.900,231.900,0,0,0.000,0.000,0,,0
TX_N260159_N260158_1,,N260159,N260158,,138.000,0.00000000,0.05192000,247.000,247.000,0,0,0.000,0.000,0,,0
TX_N260170_N260169_1,,N260170,N260169,,138.000,0.00000000,0.03292000,333.000,333.000,0,0,0.000,0.000,0,,0
TX_N260174_N260173_1,,N260174,N260173,,138.000,0.00000000,0.03914000,309.700,309.700,0,0,0.000,0.000,0,,0
TX_N260176_N260175_1,,N260176,N260175,,138.000,0.00000000,0.05474000,228.500,228.500,0,0,0.000,0.000,0,,0
TX_N260182_N260181_1,,N260182,N260181,,138.000,0.00000000,0.02364000,256.300,256.300,0,0,0.000,0.000,0,,0
TX_N260186_N260185_1,,N260186,N260185,,345.000,0.00000000,0.01986000,621.200,621.200,0,1,0.000,0.000,0,,0
TX_N260186_N260185_2,,N260186,N260185,,345.000,0.00000000,0.01986000,621.200,621.200,0,1,0.000,0.000,0,,0
TX_N260201_N260204_1,,N260201,N260204,,138.000,0.00000000,0.04931000,221.800,221.800,0,0,0.000,0.000,0,,0
TX_N260201_N260205_1,,N260201,N260205,,138.000,0.00000000,0.03464000,221.400,221.400,0,0,0.000,0.000,0,,0
TX_N260202_N260204_1,,N260202,N260204,,13.800,0.00000000,0.01000000,5.500,5.500,0,0,0.000,0.000,0,,0
TX_N260203_N260204_1,,N260203,N260204,,13.800,0.00000000,0.01000000,1.200,1.200,0,0,0.000,0.000,0,,0
TX_N260207_N260206_1,,N260207,N260206,,345.000,0.00000000,0.02909000,526.600,526.600,0,1,0.000,0.000,0,,0
TX_N260207_N260206_2,,N260207,N260206,,345.000,0.00000000,0.02909000,526.600,526.600,0,1,0.000,0.000,0,,0
TX_N260206_N260208_1,,N260206,N260208,,345.000,0.00000000,0.02852000,515.700,515.700,0,1,0.000,0.000,0,,0
TX_N260206_N260209_1,,N260206,N260209,,345.000,0.00000000,0.01394000,515.600,515.600,0,1,0.000,0.000,0,,0
TX_N260206_N260210_1,,N260206,N260210,,345.000,0.00000000,0.02943000,513.700,513.700,0,1,0.000,0.000,0,,0
TX_N260206_N260211_1,,N260206,N260211,,345.000,0.00000000,0.02512000,513.600,513.600,0,1,0.000,0.000,0,,0
TX_N260206_N260212_1,,N260206,N260212,,345.000,0.00000000,0.02621000,518.600,518.600,0,1,0.000,0.000,0,,0
TX_N260206_N260213_1,,N260206,N260213,,345.000,0.00000000,0.02311000,525.300,525.300,0,1,0.000,0.000,0,,0
TX_N260214_N260217_1,,N260214,N260217,,138.000,0.00000000,0.05928000,209.700,209.700,0,0,0.000,0.000,0,,0
TX_N260214_N260218_1,,N260214,N260218,,138.000,0.00000000,0.05111000,209.400,209.400,0,0,0.000,0.000,0,,0
TX_N260214_N260219_1,,N260214,N260219,,138.000,0.00000000,0.06091000,209.400,209.400,0,0,0.000,0.000,0,,0
TX_N260215_N260217_1,,N260215,N260217,,13.800,0.00000000,0.01000000,2.300,2.300,0,0,0.000,0.000,0,,0
TX_N260216_N260217_1,,N260216,N260217,,13.800,0.00000000,0.01000000,2.300,2.300,0,0,0.000,0.000,0,,0
TX_N260220_N260221_1,,N260220,N260221,,138.000,0.00000000,0.07506000,184.800,184.800,0,0,0.000,0.000,0,,0
TX_N270002_N270001_1,,N270002,N270001,,345.000,0.00000000,0.03446000,493.900,493.900,0,1,0.000,0.000,0,,0
TX_N270002_N270001_2,,N270002,N270001,,345.000,0.00000000,0.03446000,493.900,493.900,0,1,0.000,0.000,0,,0
TX_N270100_N270099_1,,N270100,N270099,,138.000,0.00000000,0.04881000,178.000,178.000,0,0,0.000,0.000,0,,0
TX_N270102_N270101_1,,N270102,N270101,,138.000,0.00000000,0.04509000,156.900,156.900,0,0,0.000,0.000,0,,0
TX_N270114_N270113_1,,N270114,N270113,,138.000,0.00000000,0.07197000,311.900,311.900,0,0,0.000,0.000,0,,0
TX_N270122_N270121_1,,N270122,N270121,,138.000,0.00000000,0.04690000,229.200,229.200,0,0,0.000,0.000,0,,0
TX_N270134_N270133_1,,N270134,N270133,,138.000,0.00000000,0.04194000,151.800,151.800,0,0,0.000,0.000,0,,0
TX_N270141_N270140_1,,N270141,N270140,,138.000,0.00000000,0.04998000,97.200,97.200,0,0,0.000,0.000,0,,0
TX_N270149_N270148_1,,N270149,N270148,,138.000,0.00000000,0.06545000,85.800,85.800,0,0,0.000,0.000,0,,0
TX_N270152_N270151_1,,N270152,N270151,,138.000,0.00000000,0.03066000,206.000,206.000,0,0,0.000,0.000,0,,0
TX_N270154_N270153_1,,N270154,N270153,,345.000,0.00000000,0.02027000,510.400,510.400,0,1,0.000,0.000,0,,0
TX_N270154_N270153_2,,N270154,N270153,,345.000,0.00000000,0.02027000,510.400,510.400,0,1,0.000,0.000,0,,0
TX_N270155_N270154_1,,N270155,N270154,,138.000,0.00000000,0.02375000,378.100,378.100,0,0,0.000,0.000,0,,0
TX_N270157_N270156_1,,N270157,N270156,,138.000,0.00000000,0.05239000,251.500,251.500,0,0,0.000,0.000,0,,0
TX_N270160_N270159_1,,N270160,N270159,,138.000,0.00000000,0.05975000,239.300,239.300,0,0,0.000,0.000,0,,0
TX_N270167_N270166_1,,N270167,N270166,,138.000,0.00000000,0.04171000,403.400,403.400,0,0,0.000,0.000,0,,0
TX_N270169_N270168_1,,N270169,N270168,,138.000,0.00000000,0.04031000,186.900,186.900,0,0,0.000,0.000,0,,0
TX_N270180_N270179_1,,N270180,N270179,,345.000,0.00000000,0.01838000,580.000,580.000,0,1,0.000,0.000,0,,0
TX_N270180_N270179_2,,N270180,N270179,,345.000,0.00000000,0.01838000,580.000,580.000,0,1,0.000,0.000,0,,0
TX_N270181_N270180_1,,N270181,N270180,,138.000,0.00000000,0.04298000,357.400,357.400,0,0,0.000,0.000,0,,0
TX_N270185_N270186_1,,N270185,N270186,,138.000,0.00000000,0.06226000,228.100,228.100,0,0,0.000,0.000,0,,0
TX_N270187_N270190_1,,N270187,N270190,,138.000,0.00000000,0.04681000,202.400,202.400,0,0,0.000,0.000,0,,0
TX_N270188_N270190_1,,N270188,N270190,,13.800,0.00000000,0.01000000,1.800,1.800,0,0,0.000,0.000,0,,0
TX_N270189_N270190_1,,N270189,N270190,,13.800,0.00000000,0.01000000,1.800,1.800,0,0,0.000,0.000,0,,0
TX_N270191_N270192_1,,N270191,N270192,,138.000,0.00000000,0.04366000,208.900,208.900,0,0,0.000,0.000,0,,0
TX_N270193_N270194_1,,N270193,N270194,,138.000,0.00000000,0.09317000,200.900,200.900,0,0,0.000,0.000,0,,0
TX_N270195_N270196_1,,N270195,N270196,,138.000,0.00000000,0.05771000,200.800,200.800,0,0,0.000,0.000,0,,0
TX_N270197_N270200_1,,N270197,N270200,,138.000,0.00000000,0.05889000,200.700,200.700,0,0,0.000,0.000,0,,0
TX_N270198_N270200_1,,N270198,N270200,,13.800,0.00000000,0.01000000,1.600,1.600,0,0,0.000,0.000,0,,0
TX_N270199_N270200_1,,N270199,N270200,,13.800,0.00000000,0.01000000,1.600,1.600,0,0,0.000,0.000,0,,0
TX_N270201_N270202_1,,N270201,N270202,,138.000,0.00000000,0.04285000,197.900,197.900,0,0,0.000,0.000,0,,0
TX_N270203_N270204_1,,N270203,N270204,,138.000,0.00000000,0.04507000,180.300,180.300,0,0,0.000,0.000,0,,0
TX_N270203_N270205_1,,N270203,N270205,,138.000,0.00000000,0.05240000,180.100,180.100,0,0,0.000,0.000,0,,0
TX_N270206_N270207_1,,N270206,N270207,,345.000,0.00000000,0.02297000,551.400,551.400,0,1,0.000,0.000,0,,0
TX_N270206_N270208_1,,N270206,N270208,,345.000,0.00000000,0.03322000,438.700,438.700,0,1,0.000,0.000,0,,0
TX_N270206_N270209_1,,N270206,N270209,,345.000,0.00000000,0.02628000,417.900,417.900,0,1,0.000,0.000,0,,0
TX_N270206_N270210_1,,N270206,N270210,,345.000,0.00000000,0.02694000,417.700,417.700,0,1,0.000,0.000,0,,0
TX_N270211_N270212_1,,N270211,N270212,,345.000,0.00000000,0.00838000,483.000,483.000,0,1,0.000,0.000,0,,0
TX_N270211_N270213_1,,N270211,N270213,,345.000,0.00000000,0.02856000,494.800,494.800,0,1,0.000,0.000,0,,0
TX_N270211_N270214_1,,N270211,N270214,,345.000,0.00000000,0.01660000,482.300,482.300,0,1,0.000,0.000,0,,0
TX_N270211_N270215_1,,N270211,N270215,,345.000,0.00000000,0.02550000,487.900,487.900,0,1,0.000,0.000,0,,0
TX_N270216_N270217_1,,N270216,N270217,,345.000,0.00000000,0.02896000,466.800,466.800,0,1,0.000,0.000,0,,0
TX_N270216_N270218_1,,N270216,N270218,,345.000,0.00000000,0.01273000,466.800,466.800,0,1,0.000,0.000,0,,0
TX_N270216_N270219_1,,N270216,N270219,,345.000,0.00000000,0.03625000,402.400,402.400,0,1,0.000,0.000,0,,0
TX_N270216_N270220_1,,N270216,N270220,,345.000,0.00000000,0.04343000,402.300,402.300,0,1,0.000,0.000,0,,0
TX_N270216_N270221_1,,N270216,N270221,,345.000,0.00000000,0.03587000,401.800,401.800,0,1,0.000,0.000,0,,0
TX_N270216_N270222_1,,N270216,N270222,,345.000,0.00000000,0.03413000,401.800,401.800,0,1,0.000,0.000,0,,0
TX_N270223_N270224_1,,N270223,N270224,,138.000,0.00000000,0.07146000,204.800,204.800,0,0,0.000,0.000,0,,0
